codigo,producto,P001,P002,P003,P004,P005,P006,P007,P008,P009,P010,P011,P012,P013,P014,P015,P016,P017,P018,P019,P020,P021,P022,P023,P024,P025,P026,P027,P028,P029,P030,P031,P032,P033,P034,P035,P036,P037,P038,P039,P040,P041,P042,P043,P044,P045,P046,P047,P048,P049,P050,P051,P052,P053,P054,P055,P056,P057,P058,P059,P060,P061,P062,P063,P064,P065,P066,P067,P068,P069,P070,P071,P072,P073,P074,P075,P076,P077,P078,P079,P080,P081,P082,P083,P084,P085,P086,P087,P088,P089,P090,P091,P092,P093,P094,P095,P096,P097,P098,P099,P100,P101,P102,P103,P104,P105,P106,P107,P108,P109,P110,P111,P112,P113,P114,P115,P116,P117,P118,P119,P120,P121,P122,P123,P124,P125,P126,P127,P128,P129,P130,P131,P132,P133,P134,P135,P136,P137,P138,P139,P140,P141,P142,P143,P144,P145,P146,P147,P148,P149,P150,P151,P152
P001,Maíz,0.011300909498151,0,0,0,0,0,0,0,0,0,0,0,0,0,0,0,0,0,1.61982087253082e-05,0,0,0,0.00141680753097787,0,0,0,0,0,0,0,0,0,0,0,0,0,3.43139782821894e-07,0,0,0,0,0,0,0,0,0,0,0,0.0696529026235103,0,0.153331870923446,0,0.0014226188885315,0.0721700654893592,2.59285471883504e-05,0,0,0,0,0,0,0,0,0,0,0,0,0,0,0,0,0,0,0,0,0,0,0,0,0,0,0,0,0,0,0,0,0,0,0,0,0,0,0,0,0,0,0,0,0,0,0,0,0,0,0,0,0,0,0,0.000451636751965283,0,0,0,0,0,0,0,0,0,0,0,0,0,0,0,0,0,0,0,0,0,0,0,0,0,0,0,0,0,0,0,1.1082270250745e-08,0,5.75028811968004e-06,0,0,0,0,0,0,0
P002,Frijoles,0,0.0451168147660086,0,0,0,0,0,0,0,0,0,0,0,0,0,0,0,0,0.000915718570131943,0,0,0,0,0,0,0,0,0,0,0,0,0,0,0,0,0,3.93167853437106e-08,0,0,0.0456601588734014,0,0,0,0,0,0,0,0,0,0,0,0,0.000522859929088007,0,0,0,0,0,0,0,0,0,0,0,0,0,0,0,0,0,0,0,0,0,0,0,0,0,0,0,0,0,0,0,0,0,0,0,0,0,0,0,0,0,0,0,0,0,0,0,0,0,0,0,0,0,0,0,0,0,0.00178039609550003,0,0,0,0,0,0,0,0,0,0,0,0,0,0,0,0,0,0,0,0,0,0,0,0,0,0,0,0,0,0,0,0,0,1.67266163524256e-05,0,0,0.000252565680954505,0,0,0,0
P003,Leguminosas (legumbres secas) y semillas oleaginosas,0,0,0.14409002274307,0,0,0,0.00836255859917686,0,0,0,0,0,0,0,0,0,0,0,3.33102100980088e-05,0,0,0,0,0,0,0,0,0,0,0,0,0,0,0,0,0,0,0,0,0.000644188651814587,0.0266230899114652,0,0,0.000554263392738828,0,0,0,0,0.000125926712340525,0.000865942579536375,0,0,0.000542021029835096,0.00795377452340553,0,0,0,0,0,0,0,0,0,0,0,0,0,0,0,0,0,0,0,0,0,0,0,0,0,0,0,0,0,0,0,0,0,0,0,0,0,0,0,0,0,0,0,0,0,0,0,0,0,0,0,0,0,0,0,0,0.00032908731065707,0,0,0,0,0,0,0,0,0,0,0,0,0,0,0,0,0,0,0,0,0,0,0,0,0,0,0,0,0,0,0,1.4280363065629e-07,0,3.24277129685767e-07,4.49693169918864e-06,0,0,0,0,0,0
P004,Arroz,0,0,0,0.0231091182113992,0,0,0,0,0,0,0,0,0,0,0,0,0,0,0.000287072402148403,0,0,0,0,0,0,0,0,0,0,0,0,0,0,0,0,0,0,0,0,0,0,0,0,0,0,0,0,0.156586804538943,0.0236538102539278,0,0,0,0,0,0,0,0,0,0,0,0,0,0,0,0,0,0,0,0,0,0,0,0,0,0,0,0,0,0,0,0,0,0,0,0,0,0,0,0,0,0,0,0,0,0,0,0,0,0,0,0,0,0,0,0,0,0,0,0,0,0,0,0,0,0,0,0,0,0,0,0,0,0,0,0,0,0,0,0,0,0,0,0,0,0,0,0,0,0,0,0,0,0,0,0,0,0,0,0,0,0,0
P005,Otros cereales,0,0,0,0,0.00825733562487017,0,0,0,0,0,0,0,0,0,0,0,0,0,0.000184300176813127,0,0,0,0,0,0,0,0,0,0,0,0,0,0,0,0,0,0,0,0,0,0,0,0,0,0,0,0.00076912713784128,0,0.000362703990947565,0,0,0,7.08047837847784e-05,0.000642893863456137,0,0,0,0,0,0,0,0,0,0,0,0,0,0,0,0,0,0,0,0,0,0,0,0,0,0,0,0,0,0,0,0,0,0,0,0,0,0,0,0,0,0,0,0,0,0,0,0,0,0,0,0,0,0,0,0,6.47388523856928e-07,0,0,0,0,0,0,0,0,0,0,0,0,0,0,0,0,0,0,0,0,0,0,0,0,0,0,0,0,0,0,0,0,0,0,0,0,0,0,0,0,0
P006,Hortalizas,0,0,0,0,0,0.00757835593015316,0.00795861732464564,0.00767728775337542,0.009981853503603,0,0,0,0,0,0,0,0,0,0.0336368374899775,0,0,0,0,0,0,0,0,0,0,0,0,0,0,0,0,0,3.35808086912685e-05,0,0,0.0527798848642171,0,0,0,0,0,0,0,0,0,9.63712458909275e-05,0,0,0.00593820136525426,1.89145579346377e-08,0,0,0,0,0,0,0,0,0,0,0,0,0,0,0,0,0,0,0,0,0,0,0,0,0,0,0,0,0,0,0,0,0,0,0,0,0,0,0,0,0,0,0,0,0,0,0,0,0,0,0,0,0,0,0,0,0.0241529346064154,0,0,0,0,0,0,0,0,0,0,0,0,0,0,0,0,0,0,0,0,0,0,0,0,0,0,0,0,0,0,0,3.07951543304547e-05,0,0.00076507147026718,0.00156843536631785,0,0,0,0,0,0
P007,Sandías y melones,0,0,0,0,0,0,0,0,0,0,0,0,0,0,0,0,0,0,0,0,0,0,0,0,0,0,0,0,0,0,0,0,0,0,0,0,0,0,0,0,0.000476901040017704,0.000863316787300152,0,0,0,0,0,0,0,0,0,0,0.000199008472973812,0,0,0,0,0,0,0,0,0,0,0,0,0,0,0,0,0,0,0,0,0,0,0,0,0,0,0,0,0,0,0,0,0,0,0,0,0,0,0,0,0,0,0,0,0,0,0,0,0,0,0,0,0,0,0,0,0,0.000426289718749448,0,0,0,0,0,0,0,0,0,0,0,0,0,0,0,0,0,0,0,0,0,0,0,0,0,0,0,0,0,0,0,6.95985672846707e-07,0,1.08641596175522e-05,3.80775324704089e-05,0,0,0,0,0,0
P008,Ejotes y arvejas,0,0,0,0,0,0,0,0,0,0,0,0,0,0,0,0,0,0,0,0,0,0,0,0,0,0,0,0,0,0,0,0,0,0,0,0,0,0,0,0.041231512753491,0,0,0,0,0,0,0,0,0,0,0,0,0,0,0,0,0,0,0,0,0,0,0,0,0,0,0,0,0,0,0,0,0,0,0,0,0,0,0,0,0,0,0,0,0,0,0,0,0,0,0,0,0,0,0,0,0,0,0,0,0,0,0,0,0,0,0,0,0,0,0.000294958607009514,0,0,0,0,0,0,0,0,0,0,0,0,0,0,0,0,0,0,0,0,0,0,0,0,0,0,0,0,0,0,0,3.00673222073221e-07,0,3.06476591134643e-06,9.35045849860124e-05,0,0,0,0,0,0
P009,Raíces y tubérculos,0,0,0,0,0,0,0,0,0.0493707122126066,0,0,0,0,0,0,0,0,0,0,0,0,0,0,0,0,0,0,0,0,0,0,0,0,0,0,0,0,0,0,0.00089043516717507,0,0,0,0,0,0,0,0,0.00553241229364436,0,0,0,0.00149974277780551,0,0,0,0,0,0,0,0,0,0,0,0,0,0,0,0,0,0,0,0,0,0,0,0,0,0,0,0,0,0,0,0,0,0,0,0,0,0,0,0,0,0,0,0,0,0,0,0,0,0,0,0,0,0,0,0,0,0.00776889617539137,0,0,0,0,0,0,0,0,0,0,0,0,0,0,0,0,0,0,0,0,0,0,0,0,0,0,0,0,0,0,0,1.27875019768583e-05,0,5.55065465681539e-05,2.42981571640186e-05,0,6.87212587880115e-06,0,0,0,0
P010,Caña de azúcar y otras plantas azucareras,0,0,0,0,0,0,0,0,0,0,0,0,0,0,0,0,0,0,0,0,0,0,0,0,0,0,0,0,0,0,0,0,0,0,0,0,0,0,0,0,0,0,0,0,0,0,0,0,0,0,0,0.467697268719009,0,0,0.000442514547782772,0,0,0,0,0,0,0,0,0,0,0,0,0,0,0,0,0,0,0,0,0,0,0,0,0,0,0,0,0,0,0,0,0,0,0,0,0,0,0,0,0,0,0,0,0,0,0,0,0,0,0,0,0,0,0,0,0,0,0,0,0,0,0,0,0,0,0,0,0,0,0,0,0,0,0,0,0,0,0,0,0,0,0,0,0,0,0,0,0,0,1.21751230248271e-05,0,0,0,0,0,0
P011,Tabaco y otras plantas no perennes,0,0,0,0,0,0,0.00281582160868253,0,0,0,0.00524746772599308,0,0,0,0.000242350470976244,0,0,0,0.00118214785255696,0,0.00975974078119945,0.00177923572169055,0,0.115456303460324,0,0,0,0,0,0,0,0,0,0,0,0,0,0,0,0,0,0,0,0,0.00391297534205614,0.0034524059533756,0,0,0,0,0,0,6.18228559134052e-05,1.33947985476318e-08,0.268295237760737,0,0,0,0.021614784361909,0.00194944633380844,0,0,0,0,0,0,0,0,0,0,0,0,0,0,0.00026291433288243,0,0,0,0,0,0,0,0,0,0,0,0,0,0,0,0,0,0.0014220454416901,0,0,0,0,0,0,0,0,2.1770710530293e-05,0,0,0,0,0,0,0,0,0.00024637013840645,0,0,0,0,0,0,0,5.15692775603317e-06,0,0,0,0,0,0,0,0,0,0,0,2.23117995197878e-05,0,0,0,0,0,4.34550075504218e-07,0,2.36710025904764e-09,0,0,0,3.03306407934049e-07,0,0.0010207259103901,5.43952563953787e-05,0,0,0.000165376784783757,0,0,0
P012,"Bananos, plátanos y otros",0,0,0,0,0,0,0,0,0,0,0,0,0,0,0,0,0,0,0,0,0,0,0,0,0,0,0,0,0,0,0,0,0,0,0,0,0,0,0,0,0.0428900241657366,0,0,0,0,0,0,0,0,0,0,0,0.00214671762359526,0,0,0,0,0,0,0,0,0,0,0,0,0,0,0,0,0,0,0,0,0,0,0,0,0,0,0,0,0,0,0,0,0,0,0,0,0,0,0,0,0,0,0,0,0,0,0,0,0,0,0,0,0,0,0,0,0,0.00154395239557926,0,0,0,0,0,0,0,0,0,0,0,0,0,0,0,0,0,0,0,0,0,0,0,0,0,0,0,0,0,0,0,1.59950064172678e-06,0,2.81112795789314e-05,0.000157739202964666,0,0,0,0,0,0
P013,Frutas tropicales y subtropicales,0,0,0,0,0,0,0,0,0,0,0,0,0,0,0,0,0,0,0,0,0,0,0,0,0,0,0,0,0,0,0,0,0,0,0,0,0,0,0,0,0.0412501374632651,0.0900828127109542,0,0,0,0.000763694102362119,0,0,0,1.63908040494976e-05,0,0,0.000576522544650184,0,0,0,0,0,0,0,0,0,0,0,0,0,0,0,0,0,0,0,0,0,0,0,0,0,0,0,0,0,0,0,0,0,0,0,0,0,0,0,0,0,0,0,0,0,0,0,0,0,0,0,0,0,0,0,0,0,0.0019822683049455,0,0,0,0,0,0,0,0,0,0,0,0,0,0,0,0,0,0,0,0,0,0,0,0,0,0,0,0,0,0,0,5.86359575937384e-07,0,3.8568474270168e-05,0.000194878363046953,0,0,0,0,0,0
P014,"Berries, otras frutas y semillas de frutas",0,0,0,0,0,0,0.00997387630148933,0,0,0,0,0,0.00348364606249407,0.00572954332763418,0,0,0,0,0.000115131624057403,0,0,0,0,0,0,0,0,0,0,0,0,0,0,0,0,0,0,0,0,0,0.0432940817951099,0.067951072790106,1.46840204178592e-05,0,0.00211280034393769,0.0019619429457771,0,0,0,2.05546294527432e-05,0,0,0.00108574143324791,0,0.000113926112117249,0,0,0,0,0,0,0,0,0,0,0,0,0,0,0,0,0,0,0,1.68200130407214e-06,0,0,0,0,0,0,0,0,0,0,0,0,0,0,0,0,0,0,0,0,0,0,0,0,0,0,0,0,0,0,0,0,0,0,0,0.00333381568503757,0,0,0,0,0,0,0,0,0,0,0,0,0,0,0,0,0,0,0,0,0,0,0,0,0,0,0,0,0,0,0,3.0579181552027e-06,0,9.28688142247418e-05,4.64204998174641e-05,0,0,0,0,0,0
P015,Palma africana,0,0,0,0,0,0,0,0,0,0,0,0,0,0,0.00738827142040709,0,0,0,0.000790585653344816,0,0,0,0,0,0,0,0,0,0,0,0,0,0,0,0,0,0,0,0,0,0,0,0.324721513519572,0.279120609403855,0,0,0,0,0,0,0,0,0,0,0,0,0,0,0,0,0,0,0,0,0,0,0,0,0,0,0,0,0,0,0,0,0,0,0,0,0,0,0,0,0,0,0,0,0,0,0,0,0,0,0,0,0,0,0,0,0,0,0,0,0,0,0,0,0,0,0,0,0,0,0,0,0,0,0,0,0,0,0,0,0,0,0,0,0,0,0,0,0,0,0,0,0,0,0,0,0,0,0,0,0,0,0,0,0,0,0,0
P016,Café en grano,0,0,0,0,0,0,0,0,0,0,0,0,0,0,0,0.390537042915311,0,0,1.91809110110119e-05,0,0,0,0,0,0,0,0,0,0,0,0,0,0,0,0,0,0,0,0,0,0,0,0,0,0,0,0,0,0,0,0,0,0.053334348069242,0,0,0,0,0,0,0,0,0,0,0,0,0,0,0,0,0,0,0,0,0,0,0,0,0,0,0,0,0,0,0,0,0,0,0,0,0,0,0,0,0,0,0,0,0,0,0,0,0,0,0,0,0,0,0,0,0,2.09474819707902e-06,0,0,0,0,0,0,0,0,0,0,0,0,0,0,0,0,0,0,0,0,0,0,0,0,0,0,0,0,0,0,0,0,0,0,0,0,0,0,0,0,0
P017,Cardamomo,0,0,0,0,0,0,0,0,0,0,0,0,0,0,0,0,0.307178645778995,0,0,0,0,0,0,0,0,0,0,0,0,0,0,0,0,0,0,0,0,0,0,0,0,0,0,0,0,0,0,0,0,0,0,0,0.00101937911100132,0,0,0,0,0,0,0,0,0,0,0,0,0,0,0,0,0,0,0,0,0,0,0,0,0,0,0,0,0,0,0,0,0,0,0,0,0,0,0,0,0,0,0,0,0,0,0,0,0,0,0,0,0,0,0,0,0,0,0,0,0,0,0,0,0,0,0,0,0,0,0,0,0,0,0,0,0,0,0,0,0,0,0,0,0,0,0,0,0,0,0,0,0,0,0,0,0,0,0
P018,Caucho natural,0,0,0,0,0,0,0,0,0,0,0,0,0,0,0,0,0,0.352784411138618,0,0,0,0,0,0,0,0,0,0,0,0,0,0,0,0,0,0,0,0,0,0,0,0,0,0,0,0,0,0,0,0,0,0,0,0,0,0,0,0,0,0,0,0,0,0,0,0,0,0,0,0,0,0,0,0,0,0.0041747740533921,0,0,0,0,0,0,0,0,0,0,0,0,0,0,0,0,0.00120704219331539,0,0,0,0,0,0,0,0,0,0.000227502005399841,0,0,0,0,0,0,0,0,0,0,0,0,0,0,0,0,0,0,0,0,0,0,0,0,0,0,0,0,0,0,0,0,0,0,0,0,0,0,0,0,0,0,0,0,0,0,0,0,0
P019,Propagación de plantas,0,0,0,0,0,0.0159577192814368,0.0104818013895607,0.010111279655599,0.0131464803063785,0.00297517194962995,0.0133532749120366,0.00351833409276289,0.0140701640473623,0.0039965958190152,0.00365136009134172,0.00182503346605548,0.0030507353763382,0.0019684904046277,0.0134641199745133,0.0904237285207802,0,0,0,0,0,0,0,0,0,0,0,0,0,0,0,0,0,0,0,0,0,0,0,0,0,0,0,0,0,0,0,0,0,0,0,0,0,0,0,0,0,0,0,0,0,0,0,0,0,0,0,0,0,0,0,0,0,0,0,0,0,0,0,0,0,0,0,0,0,0,0,0,0,0,0,0,0,0,0,0,0,0,0,0,0,0,0,0,0,0,0,0,0,0,0,0,0,0,0,0,0,0,0,0,0,0,0,0,6.89122659709893e-08,0,0.000208376023918615,0,0,0,0,0,0,0,7.37421299413197e-07,0,0,3.69686960194803e-06,0,0,0,0,0,0,0,0,0,0
P020,"Otros frutos oleaginosos, otras plantas bebestibles y especias aromáticas",0,0,0,0,0,0,0,0,0,0,0,0,0,0,0,0,0,0,0,0,0,0,0,0,0,0,0,0,0,0,0,0,0,0,0,0,1.03542210677297e-05,0,0,0.000649779926452367,0.0060645873388651,0.000326027240922777,0,0,0,0,0,0,0,0,0,0,0.00599181121019544,0,6.22118072863914e-05,0.000231697466693248,0,0,0,0,0,0,0,0,0,0,0,0,0,0,0,0,0,0,0,0,0,0,0,0,0,0,0,0,0,0,0,0,0,0,0,0,0.000361896204460009,0,0,0,0,0,0,0,0,1.06924953660558e-07,0,0,0,0,0,0,0,0,0.00036197842193336,0,0,0,0,0,0,0,0,0,0,0,0,0,0,0,0,0,0,0,0,0,0,0,0,0,0,0,0,0,0,0,2.30931358260638e-07,0,0.000596011653461855,0,0,0,0,0,0,0
P021,Ganado bovino,0,0,0,0,0,0,0,0,0,0,0,0,0,0,0,0,0,0,0,0,0,0,0,0,0,0,0,0,0,0,0,0,0,0.61531636670407,0,0,0.000378625239808747,0,0,0,0,0,0,0,0,0,0,0,0,0,0,0,0,0,0,0,0,0,0,0,0,0,0,0,0,0,0,0,0,0,0,0,0,0,0,0,0,0,0,0,0,0,0,0,0,0,0,0,0,0,0,0,0,0,0,0,0,0,0,0,0,0,0,0,0,0,0,0,0,0,0,0,0,0,0,0,0,0,0,0,0,0,0,0,0,0,0,0,0,0,0,0,0,0,0,0,0,0,0,0,0,0,0,0,0,0,0,0,0,0,0,0
P022,Ganado porcino y otro tipo de animales vivos n.c.p.,0,0,0,0,0,0,0.000198403663076636,0,0,0,0,0,0,0,0,0,0,0,0,0,0,0,0,0,0,0,0,0,0,0,0,0,0,0,0.669318457515959,0,0.130846732521315,0,0,0,0,0,0,0,0,0,0,0,0,0,0,0,0,0,0,0,0,0,0,0,0,0,0,0,0,0,0,0,0,0,0,0,0,0,0,0,0,0,0,0,0,0,0,0,0,0,0,0,0,0,0,0,0,0,0,0,0,0,0,0,0,0,0,0,0,0,0,0,0,0,0,0,0,0,0,0,0,0,0,0,0,0,0,0,0,0,0,0,0,0,0,0,0,0,0,0,0,0,0,0,0,0,0,0,0,0,0,0,0,0,0,0
P023,Aves de corral,0,0,0,0,0,0,0,0,0,0,0,0,0,0,0,0,0,0,0,0,0,0,0.124543113627145,0,0,0,0,0,0,0,0,0,0,0,0,0.603779221227246,0.0623485562217041,0,0,0,0,0,0,0,0,0,0,0,0,0,0,0,0,0,0,0,0,0,0,0,0,0,0,0,0,0,0,0,0,0,0,0,0,0,0,0,0,0,0,0,0,0,0,0,0,0,0,0,0,0,0,0,0,0,0,0,0,0,0,0,0,0,0,0,0,0,0,0,0,0,6.57448653901369e-06,0,0,0,0,0,0,0,0,0,0,0,0,0,0,0,0,0,0,0,0,0,0,0,0,0,0,0,0,0,0,0,0,0,0,0,0,0,0,0,0,0
P024,Leche cruda,0,0,0,0,0,0,0,0,0,0,0,0,0,0,0,0,0,0,0,0,0,0,0,0,0,0,0,0,0,0,0,0,0,0,0,0,0,0,0,0,0,0,0,0,0.371651838011517,0.344607405667599,0,0,0,0,0,0,0.000341459219173712,0,0,0,0,0,0,0,0,0,0,0,0,0,0,0,0,0,0,0,0,0,0,0,0,0,0,0,0,0,0,0,0,0,0,0,0,0,0,0,0,0,0,0,0,0,0,0,0,0,0,0,0,0,0,0,0,0,0,0,0,0,0,0,0,0,0,0,0,0,0,0,0,0,0,0,0,0,0,0,0,0,0,0,0,0,0,0,0,0,0,0,0,0,0,0,0,0,0,0
P025,Huevos,0,0,0,0,0,0,0,0,0,0,0,0,0,0,0,0,0,0,0,0,0,0,0.00566069559399513,0,0,0,0,0,9.58078123686939e-05,0,0,0,0,0,0,0,0,0,0,0,0,0,0.00107987858283816,0,0,0,0,0,0,0.020231373331811,0,0,0.0012411171407114,0,0.000510613592075754,0,0,0,0,0,0,0,0,0,0,0,0,0,0,0,0,0,0,1.01488659398076e-06,0,0,0,0,0,0,0,0,0,0,0,0,0,0,0,0,0,0,0,0,0,0,0,0,0,0,0,0,0,0,0,0,0,0,0,0,0.00643606860956543,0,0,0,0,0,0,0,0,0,0,0,0,0,0,0,0,0,0,0,0,0,0,0,0,0,0,0,0,0,0,0,0,0,9.64653167554385e-05,0,0,0,0,0,0,0
P026,Otros productos de animales vivos,0,0,0,0,0,0,0,0,0,0,0,0,0,0,0,0,0,0,0,0,0.0100937410530012,0,0,0,0,0,0,0,0,0,0,0,0,0,0,0,0,0,0,0,0,0,0,0,0,0,0,0,0.0005797478647411,0,0,0,0,0,5.9847103462315e-05,0,0,0,0,0,0,0,0,0,0,0,0,0,0,0,0,0,0,0,0,0,0,0,0,0,0,0,0,0,0,0,0,0,0,0,0,0,0,0,0,0,0,0,0,0,0,0,0,0,0,0,0,0,0,0,0.000119443435503455,0,0,0,0,0,0,0,0,0,0,0,0,0,0,0,0,0,0,0,0,0,0,0,0,0,0,0,0,0,0,0,9.62171068470856e-08,0,0,0,0,0,0,0,0,0
P027,Troncos de madera y leña,0,0,0,0,0,0,0,0,0,0,0,0,0,0,0,0.000567113917983081,0,0,0,0,0,0,0,0,0,0,0.0256069046795061,0,0,0,0,0,0,0,0.00364349482396318,0.00332467626801578,0.000864404685540809,0,0,0,0.00245213048736908,0,0,0,0.00180545550844501,0.001723369720076,0,0,0.000974677666897844,0.0110398666327667,0.0588046861172323,0.000449609690809586,0.000119649060790569,0,0,0,0,0,0,0,0,0.00230088583605414,0.256170715554599,0,0,0,0,0,0,0,0,0,0.000231351940656976,0.00185720350820605,0,0,0,0.0365006694501401,0.000759349896763858,0,0,0,0,0,0,0,0,0,0,0,0,0,0.00314398666326499,0,0.002817658180228,0,0,0,0,0,0,1.32199690629002e-07,0,0,0,0,0,0,0,0,0.000407831092157691,0,0,0,0,0,0,0,0,0,0,0,0,0,0,0,0,0,0,0,0,0,0,0,0,0,0,0,0,0,0,0,0,0,0,0,0,0,0,0,0,0
P028,Productos forestales no madereros,0,0,0,0,0,0,0,0,0,0,0,0,0.00135886516943722,0,0,0,0,0,0.00294847752544875,0,0,0,0,0,0,0,0,0,0,0,0,0,0,0,0,0,1.07621555639766e-08,0,0,0,0,0,0,0,0,0,0,0,0,7.9777008325601e-07,0,0,3.12251975329945e-05,0,0,0,0,0,0,0,0,0,0,0,0,0,0,0,0,0,0,0,7.12448245596569e-05,0,0.000353106129550817,2.67879096394612e-14,0,0,0,0,0,0,0,0,0,0,0,0,0,0,0,0,0,0,0,0,0,7.47287468569481e-05,0,0,0.000110306143940772,0,0,0,0,0,0,0,0,0,0,0,0,0,0,0,0,0,0,0,0,0,0,0,0,0,0,0,0,0,0.00024384286994137,0,3.70221034063205e-05,0,0,0,0,0,0,0,0,0,0,0,0,0,0,0,0,0,0,0
P029,"Peces vivos, frescos o refrigerados",0,0,0,0,0,0,0,0,0,0,0,0,0,0,0,0,0,0,0,0,0,0,0,0,0,0,0,0,0.00523161013717189,0,0,0,0,0,0,0,0,0.0169726848718563,0.00835393202173685,0,0,0,0,0,0,0,0,0,0,0,0,0,0,0,0,0,0,0,0,0,0,0,0,0,0,0,0,0,0,0,0,0,0,0,0,0,0,0,0,0,0,0,0,0,0,0,0,0,0,0,0,0,0,0,0,0,0,0,0,0,0,0,0,0,0,0,0,0,0,0,0.000329878574556337,0,0,0,0,0,0,0,0,0,0,0,0,0,0,0,0,0,0,0,0,0,0,0,0,0,0,0,0,0,0,0,0,0,0,7.67168265021451e-05,0,0,0,0,0,0
P030,Crustáceos sin congelar y otros productos de la pesca,0,0,0,0,0,0,0,0,0,0,0,0,0,0,0,0,0,0,0,0,0,0,0,0,0,0,0,0,0,0.0417453464851932,0,0,0,0,0,0,0,0,0.00472866544619601,0,0,0,0,0,0,0,0,0,0,0,0,0,0.000573461891834618,0,0,0,0,0,0,0,0,0,0,0,0,0,0,0,0,0,0,0,0,0,0,0,0,0,0,0,0,0,0,0,0,0,0,0,0,0,0,0,0,0,0,0,0,0,0,0,0,0,0,0,0,0,0,0,0,0,0.00843184830921206,0,0,0,0,0,0,0,0,0,0,0,0,0,0,0,0,0,0,0,0,0,0,0,0,0,0,0,0,0,0,0,0,0,0,0,0,0,0,0,0,0
P031,Petróleo crudo y gas natural,0,0,0,0,0,0,0,0,0,0,0,0,0,0,0,0,0,0,0,0,0,0,0,0,0,0,0,0,0,0,0.101462662280231,0,0,0,0,0,0,0,0,0,0,0,0,0,0,0,0,0,0,0,0,0,0,0,0,0,0,0,0,0,0,0,0,0,0,0,0,0.0567242907413283,0,0.117428696528368,0,0,0,0,0,0,0,0,0,0,0,0,0,0,0,0,0,0,0,0,0,0,0,0,0,0,0,0,0,0,0,0,0,0,0,0,0,0,0,0,0,0,0,0,0,0,0,0,0,0,0,0,0,0,0,0,0,0,0,0,0,0,0,0,0,0,0,0,0,0,0,0,0,0,0,0,0,0,0,0,0,0
P032,Minerales metálicos,0,0,0,0,0,0,0,0,0,0,0,0,0,0,0,0,0,0,0,0,0,0,0,0,0,0,0,0,0,0,0,0,0,0,0,0,0,0,0,0,0,0,0,0,0,0,0,0,0,0,0,0,0,0,0,0,0,0,0,0,0,0,0,0,0,0,0,0,0,0,0,0,0,0,0,0,0,4.93544827019404e-22,0,0,0,0,0,0,0,0,0,2.75612640109376e-21,0,0,0,0,0,0,0,0,0,0,0,0,0,0,0,0,0,0,0,0,0,0,0,0,0,0,0,0,0,0,1.98859879480554e-26,0,0,0,0,0,0,0,0,0,0,0,0,0,0,0,0,0,4.21714062675556e-23,2.31155967092846e-25,0,0,0,0,1.05796566608795e-24,0,0,0,0,0,0,0,0,0
P033,Minerales no metálicos,0,0,0,0,0,0,0,0,0,0,8.04320125469304e-15,0,0,0,0,0,0,0,0.045468579466407,0,0.00167763239699106,0.000380989592894247,0,0.0031789242104081,0,0,0,0.115721600528793,0,0,0,0.000157686099951439,0.0283730356994625,5.14458496226734e-05,0,0,1.72511707593162e-05,0.00137941192476663,0.0015583446156481,0.00156421619202742,0.00170418050113206,0,0,0,0.000302758109416082,0.000288993085586758,0,0,0,0.000538030507031619,1.82417107392699e-06,0,0.00229148088487852,7.00991426003078e-05,0.000148616428625116,0,1.36120467788841e-05,0.00129231078522813,0,0,0.00277404426946207,0.000302088224104056,0,0,0,0,0,1.48016402648796e-05,0,1.9574015350837e-06,0.00983224685708565,0.00145018213908213,0.000673914763833984,0.000557405426808688,0.000242345928969601,0.00047492771939245,0.0440333408590455,0.127959940137589,0.0205558693253033,0.103698259851381,0.0101515517048094,3.98720187998801e-05,0,0,0,0,0,0.00131773220911042,0,0.0292643718018244,0,0,0.00120521976740158,0,1.62118074455665e-18,0.000390834239101644,0,0.0229929627637715,0.0123955672608613,0.011466760972204,0.0242981665496494,1.34745373795364e-06,5.81665667044816e-07,0,0,6.96218276380299e-06,0,2.96524250158832e-05,0,3.22607148702634e-05,0.000219971867500796,0,1.80325170645975e-05,0,0,0,0,2.22096789329549e-10,7.14103514755956e-09,0,0,0.000122828992174114,0,0,0,0,0,2.83157519057797e-07,0,0,0.000248960970031347,0.000204014676660441,0,0,0.00233981016136464,0,0.00888303936536722,9.35574235877854e-05,0.000949130071805132,0.000543062396026994,2.06065662107764e-05,5.35228769417405e-05,4.74811932998739e-05,0,3.18116703938325e-05,9.56779979506105e-05,0,5.9231029996253e-06,4.84223455282601e-05,0,0,0
P034,Carne y despojos comestibles de ganado bovino; cueros y pieles de bovino y de otros animales,0,0,0,0,0,0,0,0,0,0,0,0,0,0,0,0,0,0,0,0,0,0,0,0,0,0,0,0,0,0,0,0,0,0.000301197932806079,0,0,0.0438573905398342,0,0,0,0,0,0,0,0,0,0,0,0,5.0563514183098e-05,0,0,3.55815470117696e-10,0,0,0,0,0,0,0,0.208874343551084,0.00535183341319923,0,0,0,0,0,0,0,0,0,0,0,0,0.00024784844929412,0,0,0,0,0,0,0,0,0,0,0,0,0,0,0,0,0,0,0,0,0,0,0,0,0,0,0,0,0,0,0,0,0,0,0,0.0402516340784426,0,0,0,0,0,0,0,0,0,0,0,0,0,0,0,0,0,0,0,0,0,0,0,0,0,0,0,0,0,0,0,0.000318761300398987,0,0.00137816975810549,0,0,0,0,0,0,0
P035,Carne y despojos comestibles de ganado porcino,0,0,0,0,0,0,0,0,0,0,0,0,0,0,0,0,0,0,0,0,0,0,0,0,0,0,0,0,0,0,0,0,0,0,0,0,0.0453954613333018,0,0,0,0,0,0,0.0320239671698219,0,0,0,0,0,0,0,0,0,0,0,0,0,0,0,0,0,0,0,0,0,0,0,0,0,0,0,0,0,0,0,0,0,0,0,0,0,0,0,0,0,0,0,0,0,0,0,0,0,0,0,0,0,0,0,0,0,0,0,0,0,0,0,0,0,0,0.0184148433722978,0,0,0,0,0,0,0,0,0,0,0,0,0,0,0,0,0,0,0,0,0,0,0,0,0,0,0,0,0,0,0,0,0,0.000421352802873278,2.89335844420176e-09,0,0,0,0,0,0
P036,Carne y despojos comestibles de aves,0,0,0,0,0,0,0,0,0,0,0,0,0,0,0,0,0,0,0,0,0,0,0,0,0,0,0,0,0,0,0,0,0,0,0,0,0.0564522677940227,0,0,0,0,0,0,0,0,0,0,0,0,0,0,0,0,0,0,0,0,0,0,0,0,0,0,0,0,0,0,0,0,0,0,0,0,0,0,0,0,0,0,0,0,0,0,0,0,0,0,0,0,0,0,0,0,0,0,0,0,0,0,0,0,0,0,0,0,0,0,0,0,0,0.0527063976125533,0,0,0,0,0,0,0,0,0,0,0,0,0,0,0,0,0,0,0,0,0,0,0,0,0,0,0,0,0,0,0,0.000444060714987777,0,0.00118778796204687,0,0,4.30950503291983e-06,0,0,0,0
P037,Carne y despojos de otros animales y conservas y preparados de carne,0,0,0,0,0,0,0,0,0,0,0,0,0,0,0,0,0,0,0,0,0,0,0,0,0,0,0,0,0,0,0,0,0,0,0,0,0.00172665344126694,0,0,0,0,0,0,0,0,0,0,0,0,0,0,0,0.00224743430381379,0.00446667012479152,0,0,0,0,0,0,0,0,0,0,0,0,0,0,0,0,0,0,0,0,0,0,0,0,0,0,0,0,0,0,0,0,0,0,0,0,0,0,0,0,0,0,0,0,0,0,0,0,0,0,0,0,0,0,0,0,0.0303386797088414,0,0,0,0,0,0,0,0,0,0,0,0,0,0,0,0,0,0,0,0,0,0,0,0,0,0,0,0,0,0,0,2.56616889383428e-05,0,0.00056663413152414,0.000696139060665054,0,0,0,0,0,0
P038,"Pescado congelado, preparado o en conserva y sus productos",0,0,0,0,0,0,0,0,0,0,0,0,0,0,0,0,0,0,0,0,0,0,0,0,0,0,0,0,0,1.16005304543849e-07,0,0,0,0,0,0,2.73141654076165e-08,0.00716029759866938,0,0,0,0,0,0,0,0,0,0,0,0,0,0,3.44682619692047e-06,9.80097363178734e-07,0,0,0,0,0,0,0,0,0,0,0,0,0,0,0,0,0,0,0,0,0,0,0,0,0,0,0,0,0,0,0,0,0,0,0,0,0,0,0,0,0,0,0,0,0,0,0,0,0,0,0,0,0,0,0,0,3.51897427115513e-05,0,0,0,0,0,0,0,0,0,0,0,0,0,0,0,0,0,0,0,0,0,0,0,0,0,0,0,0,0,0,0,1.76076772851396e-07,0,2.12244759865681e-05,1.24983918510222e-10,0,8.07809891064155e-08,0,0,0,0
P039,"Crustáceos, moluscos y demás invertebrados acuáticos congelados, preparados o en conserva y sus productos",0,0,0,0,0,0,0,0,0,0,0,0,0,0,0,0,0,0,0,0,0,0,0,0,0,0,0,0,0,0.0015835774687517,0,0,0,0,0,0,1.41172966581415e-08,0,0.142531834048084,0,0,0,0,0,0,0,0,0,0,0,0,0,4.59933219751968e-05,0.00249637345858753,0,0,0,0,0,0,0,0,0,0,0,0,0,0,0,0,0,0,0,0,0,0,0,0,0,0,0,0,0,0,0,0,0,0,0,0,0,0,0,0,0,0,0,0,0,0,0,0,0,0,0,0,0,0,0,0,0.000402756206985905,0,0,0,0,0,0,0,0,0,0,0,0,0,0,0,0,0,0,0,0,0,0,0,0,0,0,0,0,0,0,0,0,0,4.20718438489576e-06,0,0,0,0,0,0,0
P040,"Vegetales preparados o en conserva, legumbres y papas",0,0,0,0,0,0,0,0,0,0,0,0,0,0,0,0,0,0,0,0,0,0,0,0,0,0,0,0,0,0,0,0,0,0,0,0,7.19131266159118e-05,0,0,0.013522762397727,0,1.84817867402712e-05,0,0,0,0,0,0,0,0,0,0,0.00806431277660577,0,0,0,2.12665246456465e-05,0,7.18837145693228e-06,0,0,0,0,0,0,0,0,0,0,0,2.04728371633804e-07,0,0,0,2.27905277633671e-10,0,0,0,0,0,0,0,0,0,0,0,0,0,0,0,0,0,5.69886270614257e-07,0,0,0,0,0,0,0,0,0,0,0,0,0,0,0,0,0,0.000451396085950173,0,0,0,0,0,0,0,0,0,0,0,0,0,0,0,0,0,0,0,0,0,0,0,0,0.000219544125074907,0,0,0,0,0,0,2.17136117787057e-06,0,3.25966263670812e-05,5.17992766771132e-09,0,6.3850096499744e-05,0,0,0,0
P041,Preparaciones y conservas de frutas y nueces,0,0,0,0,0,0,0,0,0,0,0,0,0,0,0,0,0,0,0,0,0,0,0,0,0,0,0,0,0,0,0,0,0,0,0,0,0,0,0,0,0.0302726103206805,0.015016397231766,0,0,2.52220656989429e-05,2.51038127958931e-05,0,0,0,0.0014868276106284,0,0,0.00501122710877364,0,6.78544356794916e-05,0,0.000376557968386321,0,0,0,0,0,0,0,0,0,0,0,0,0,0,0,0,0,0,0,0,0,0,0,0,0,0,0,0,0,0,0,0,0,0,0,0,0,0,0,0,0,0,0,0,0,0,0,0,0,0,0,0,0,0.000827907622165399,0,0,0,0,0,0,0,0,0,0,0,0,0,0,0,0,0,0,0,0,0,0,0,0,0,0,0,0,0,0,0,2.78267693077066e-07,0,1.89835703354399e-05,0,0,3.56650225603816e-06,0,0,0,0
P042,Jugos de frutas,0,0,0,0,0,0,0,0,0,0,0,0,0,0,0,0,0,0,0,0,0,0,0,0,0,0,0,0,0,0,0,0,0,0,0,0,0,0,0,0,0,0.0120412682603783,0,0,0,2.93877801542154e-08,0,0,0,0,0,0,1.4634313124701e-05,0,0.00126620905381872,0,0.000423019187001407,0,0,0,0,0,0,0,0,0,0,0,0,0,0,0,0,0,0,0,0,0,0,0,0,0,0,0,0,0,0,0,0,0,0,0,0,0,0,0,0,0,0,0,0,0,0,0,0,0,0,0,0,0,0.00115727938667438,0,0,0,0,0,0,0,0,0,0,0,0,0,0,0,0,0,0,0,0,0,0,0,0,0,0,0,0,0,0,0,1.59657498730789e-06,0,8.3592133554093e-05,1.68171386740933e-08,0,1.65745158688095e-06,0,0,0,0
P043,Aceites de origen vegetal,0,0,0,0,0,0,0,0,0,0,0,0,0,0,0,0,0,0,0,0,0,0,0,0,0,0,0,0,7.77487351434606e-05,0,0,0,0,0,0,0.000803778985240802,0.00518128632001946,0,0.00351778092782316,0,0.00783175367782077,0,0.117270489192908,0.123226259863876,0.00221261224726815,0.00211311935089297,0,0,0,0.00157002568051179,0.000170837624933272,0,0.00310720042228362,5.99627513414033e-05,0,0,0,0,0,0,0,0,0,0,0,0,1.33868091750889e-07,0,0,0,0,0.000686278207090428,0.0147544609280485,0,0.000488009066858716,0,0,0,0,0,0,0,0,0,0,0,0,0,0,0,0,0,0,0,0,0,0,0,0,0,0,0,0,0,0,0,0,0,0,0,0.00862721592180352,0,0,0,0,0,0,0,0,0,0,0,0,0,0,0,0,0,0,0,0,0,0,0,0,0,0,0,0,0,0,0.00140710478661308,0.000119901509088115,0,0.000101583391354698,0,0,1.61710158810646e-05,0,0,0,0
P044,"Margarina, grasas y otros aceites de origen animal y vegetal",0,0,0,0,0,0,0,0,0,0,0,0,0,0,0,0,0,0,0,0,0,0,0,0,0,0,0,0,0,0,0,0,0,3.54328022278434e-07,0,0,0.00130839135049194,0,0,0.000398387943960384,0,0,0.00047139065672511,0.000792547166335596,0.000632445456603237,0.000658769764212872,0.000281529799375393,0,0.00101704749367324,0.0137587720809148,0.00079250822456184,0,0.00262423603328091,0.0517234048357438,0,0,0,0,0,0,7.67175601669545e-05,0,0,0,0,0,0,0,0,0,0,0,0.0128417719829401,2.52034622477397e-06,8.05581441212947e-05,0,0,0,0,0,0,0,0,0,0,0,0,0,0,0,0,0,0.000709860054687735,0.000505290132235992,0,0,0,0,0,0,0,0,0,0,0,0,0,0,0,0,0.000169900253456129,0,0,0,0,0,0,0,0,0,0,0,0,0,0,0,0,0,0,0,0,0,0,0,0,0,0,0,0,0,0,0,5.52779384468276e-08,0,1.31773179047849e-06,0,0,9.28225506508959e-07,0,0,0,0
P045,Leche líquida y crema procesada,0,0,0,0,0,0,0,0,0,0,0,0,0,0,0,0,0,0,0,0,0,0,0,0,0,0,0,0,0,0,0,0,0,0,0,0,0.000207598133582609,0,0,0,0,0,0,0,0.00900279931982524,0.00834768188945393,0,0,0,0.00199524798857301,0,0,3.87000541196295e-05,0,0,0,0,0,0,0,0,0,0,0,0,0,0,0,0,0,0,0,0,0,0,0,0,0,0,0,0,0,0,0,0,0,0,0,0,0,0,0,0,0,0,0,0,0,0,0,0,0,0,0,0,0,0,0,0,0,0.0040745029107184,0,0,0,0,0,0,0,0,0,0,0,0,0,0,0,0,0,0,0,0,0,0,0,0,0,0,0,0,0,0,0,3.06203078161577e-06,0,8.8020728320258e-05,4.96820148539672e-09,0,0,0,0,0,0
P046,Otros productos lácteos n.c.p.,0,0,0,0,0,0,0,0,0,0,0,0,0,0,0,0,0,0,0,0,0,0,0,0,0,0,0,0,0,0,0,0,0,0,0,0,0.000515399994428162,0,0.00255133097242594,0,0,0,3.77853567279118e-16,1.54418931988119e-15,0.00183108897034866,0.00174783774593606,0,0,0,0.00119209416318363,0,0,0.00056325887151768,0,0,0,0,0,8.02456442469392e-07,0,0,0,0,0,0,0,0,0,0,0,1.24240778307558e-07,0,9.12771689500548e-05,0,0,8.20010219798652e-05,0,0,0,0,0,0,0,0,0,0,0,0,0,0,0,0,3.45839285697794e-07,0,0,0,0,0,0,0,0,0,0,0,0,0,0,0,0,0,0.00561020019517761,0,0,0,0,0,0,0,0,0,0,0,0,0,0,0,0,0,0,0,0,0,0,0,0,0,0,0,0,0,0,6.13423164430766e-14,0.000101965786399652,0,0.000183452452434272,0,0,0,0,0,0,0
P047,Harina de trigo,0,0,0,0,0,0,0,0,0,0,0,0,0,0,0,0,0,0,0,0,0,0,0,0,0,0,0,0,0,0,0,0,0,0,0,0,0.000260126423674466,0,0,0,1.39993366118374e-05,0,0,0,0,0,0,0,0,0.226557768442741,2.95157497679882e-08,0,0.0138034124639271,0,0,0,0,0,0,0,0,0,0,0,0,0,0,0,0,0,0,0,0,0,0,0,0,0,0,0,0,0,0,0,0,0,0,0,0,0,0,0,0,0,0,0,0,0,0,0,0,0,0,0,0,0,0,0,0,0,0.00993571688119263,0,0,0,0,0,0,0,0,0,0,0,0,0,0,0,0,0,0,0,0,0,0,0,0,0,0,0,0,0,0,0,1.36597843391313e-05,0,0.000130195367426377,0,0,1.12900493912939e-05,0,0,0,0
P048,Arroz sin cáscara,0,0,0,0,0,0,0,0,0,0,0,0,0,0,0,0,0,0,0,0,0,0,0,0,0,0,0,0,0,0,0,0,0,0,0,0,0,0,0,0,0,0,0,0,0,0,0,0,0,0,0,0,0,0,0,0,0,0,0,0,0,0,0,0,0,0,0,0,0,0,0,0,0,0,0,0,0,0,0,0,0,0,0,0,0,0,0,0,0,0,0,0,0,0,0,0,0,0,0,0,0,0,0,0,0,0,0,0,0,0,0.00281790865264422,0,0,0,0,0,0,0,0,0,0,0,0,0,0,0,0,0,0,0,0,0,0,0,0,0,0,0,0,0,0,0.00115765875260045,4.45762727294049e-05,0,9.72950781755309e-05,1.35855907002946e-10,0,0.00147709727695749,0,0,0,0
P049,"Otros productos de molinería, almidones y productos de almidón",0,0,0,0,0,0,0,0,0,0,0,0,0,0,0,0,0,0,0,0,0,0,0,0,0,0,0,0,0,0,0,0,0,0,0,0.00303400992588293,6.12816313873679e-05,0,0,0.00253748381060134,0,0,0,0,1.16118272288701e-05,1.02450789872483e-05,0,0,0.0241792738469692,0.00644664804594483,0.00371024806391291,0,0.00658271818799511,1.63103808400523e-07,0.000235185565882832,0.0079562611926487,1.77941467490886e-06,0,2.86465918215997e-07,0,0,0,0,4.27557039477637e-05,2.84732724670691e-05,0,0,0,0,0,4.43522498594712e-08,0,0.000113700451355803,0.000987263554464386,0.000185076064558251,8.03314482677444e-05,0,0,0,0,0,0,0,0,0,0,0,0,0,0,0,0,3.63620578686824e-08,0,0,0,0,0,0,0,0,0,0,0,0,0,0,0,0,0,0.00111729647852898,0,0,0,0,0,0,0,0,0,0,0,0,0,0,0,0,0,0,0,0,0,0,0,0,0,3.94547320660452e-05,0,0,0,0,0.00147287111975579,2.46683588260785e-05,0,5.52887617195343e-05,0,0,9.23832114533597e-05,0,0,0,0
P050,Pan y otros productos de panadería y repostería n.c.p.,0,0,0,0,0,0,0,0,0,0,0,0,0,0,0,0,0,0,0,0,0,0,0,0,0,0,0,0,0,0,0,0,0,0,0,0,0,0,0.00249267411350154,0,0,0,0,0,0,0.00149955366767076,0,0,0,0.000160758213255637,0,0,3.29455930792583e-08,0,0,0,0,0,0,0,0,0,0,0,0,0,0,0,0,0,0,0,0,0,0,0,0,0,0,0,0,0,0,0,0,0,0,0,0,0,0,0,0,0,0,0,0,0,0,0,0,0,0,0,0,0,0,0,0,0,0.0176976080669568,0,0,0,0,0,0,0,5.17027745477109e-11,0,0,0,0,0,0,0,0,0,0,0,0,0,0,0,0,0,0.000428353257322843,0,2.92734697521687e-06,0,0,0.00227164937858765,0.000219978479865527,0,0.000472231883518944,0.00047049944036738,0,0.000327267935850808,0,0,0,0
P051,"Tortillas de maíz, incluso tostadas, horneadas o fritas",0,0,0,0,0,0,0,0,0,0,0,0,0,0,0,0,0,0,0,0,0,0,0,0,0,0,0,0,0,0,0,0,0,0,0,0,0,0,0,0,0,0,0,0,0,0,0,0,0,0,0,0,0,0,0,0,0,0,0,0,0,0,0,0,0,0,0,0,0,0,0,0,0,0,0,0,0,0,0,0,0,0,0,0,0,0,0,0,0,0,0,0,0,0,0,0,0,0,0,0,0,0,0,0,0,0,0,0,0,0,0.0115486077450476,0,0,0,0,0,0,0,0,0,0,0,0,0,0,0,0,0,0,0,0,0,0,0,0,0,0,0,0,0,0,0,0.000200665630579231,0,0.00024645096154804,0,0,0,0,0,0,0
P052,"Azúcar de caña sin refinar y refinada, melaza y los demás azúcares n.c.p.",0,0,0,0,0,0,0,0,0,0.00196515269721848,0,0.000200541336282751,0,0,0,0,0,0,0,0,0.00763985716237161,0,0,0.0124852779053454,0,0.141196936790336,0,0,0,0,0,0,0,0,0,0,2.53850781554114e-13,0,0,0,0.00756069837939055,0.0206547062158003,0,0,0.00441674796224081,0.0052779172598341,0,0,0.0275811353485206,0.0384213288440673,0,0,0.0276173963172426,0.0402054180101662,0.00304595697863789,0.00631449182224375,0.125641704773748,0,0,0,0,0,0,0,0,0,0,0,0,0,0,0,0,0.189939612497727,0,0,0,0,0,0,0,0,0,0,0,0,0,0,0,0,0,0,0,0,0,0,0,0,0,0,0,0,0,0,0,0,0,0,0,0,0.00194327074414844,0,0,0,0,0,0,0,0,0,0,0,0,0,0,0,0,0,0,0,0,0,0,0,0,0,0,0,0,0,0,0.00200113010580804,5.88742802086908e-05,0,0.000108865684490972,0,0,0,0,0,0,0
P053,Productos alimenticios n.c.p.,0,0,0,0,0,0,0,0,0,0,0,0,0,0,0,0,0,0,0,0,0,0,0,0,0,0,0,0,0,0,0,0,0,0,0,0.000908968767345636,0.00820307558098953,0,0.00215329963756584,0.000515817889454947,0,0.0113564641170121,6.49104899199805e-05,8.52749745507093e-05,0.00245839637932335,0.00231307777101519,0.000758525063049466,0,0.006192800888439,0.024422131492224,0,0,0.00693018652785427,2.87159028533078e-05,0.000355017175658689,0.00502618045579765,0.0445060499576423,0,6.14100390807635e-07,0,0,0,0,0,0,0,0,0,0,0,9.50784447291997e-08,0,0.000597080726863615,0.000316372348238219,0.000632012919996341,1.71192365808863e-06,0,0,0,0,0,0,0,0,0,0,0,0,0,0,0,0,2.64662390708825e-07,0,0,0,0,0,0,0,0,8.87128053067277e-06,0,0,0,0,0.000108621535048226,2.79805018760353e-06,0,0,0.0254772243511182,0,0,0,0,0,0,0,0,0,0,0,3.24899218275733e-05,0,0,3.98975655673519e-08,0.000237459367234819,7.88849125215202e-09,0,0,0,0,0,0,0,0,5.6142915456962e-05,1.27220014829406e-06,5.94366891558667e-07,3.51834896347207e-07,0,3.80060501007574e-14,1.07383202921387e-05,1.37164886752594e-05,0.0025920789938975,6.88816728794449e-07,0,0.00226377764299901,4.8219630572428e-05,0,0,0
P054,Preparados para alimentación animal,0,0,0,0,0,0,0,0,0,0,0,0,0,0,0,0,0,0,0,0,0.0756009796451821,0.477247712854572,0.410098440102451,0.298291742073307,0.255328097097814,0.00798695330097295,0.00127380138767143,0.00083030776966573,0.0436445747856949,0.26369306989623,0,0,0,0,0,0,0,0,0,0,0,0,0,0,0,0,0,0,0,0,0,0,0,0.0353131274054881,0,0,0,0,0,0,0,0,0,0,0,0,0,0,0,0,0,0,0,0,0.000847279001103048,0,0,0,0,0,0,0,0,0,0,0,0,0,0,0,0,0,0,0,0,0,0,0,0,0,0,3.5037832661708e-05,0,0,0,0,0,1.53812415986226e-05,0,0,5.92039049598174e-07,0,0,0,0,0,0,0,9.66179845963176e-09,0,0,0,0.000269171367422545,0,0,0,0,6.67356089700674e-10,0,0,0,0,0,0,0,0,8.37323286083524e-05,0.000113420868444941,0.000190013761716711,0.000190801480482373,0,0.000152831391775951,1.12733901843491e-07,0,1.1354910448644e-05,0.000280149445148199,0,1.70747350763506e-05,1.66977403952008e-09,0,0,0
P055,"Aguardientes, licores, vinos, demás bebidas espirituosas y productos del tabaco",0,0,0,0,0,0,0,0,0,0,0,0,0,0,0,0,0,0,0,0,0,0,0,0,0,0,0,0,0,0,0,0,0,0,0,0,0,0,0.00197878507726544,0,0,0,0,0,0,0,0,0,0,0,0,0,0,0,0.0557732675309868,0,0,0,0,0,0,0,0,0,0,0,0,0,0,0,0,0,0,0,0,0,0,0,0,0,0,0,0,0,0,0,0,0,0,0,0,0,0,0,0,0,0,0,0,0,0,0,0,0,0,0,0,0,0,0.000234110471327498,0.00672906660726708,0,0,0,0,0,0,0,0,0,0,0,0,0,0,0,0,0,0,0,0,0,0,0,0,0,0,0,0,0,0,8.64486494996903e-11,0,0,0,3.07691482981548e-08,0,3.52310314755549e-06,0,0,0,0
P056,Malta y cerveza de malta,0,0,0,0,0,0,0,0,0,0,0,0,0,0,0,0,0,0,0,0,0,0,0,0,0,0,0,0,0,0,0,0,0,0,0,0,0,0,0,0,0,0,0,0,0,0,0,0,0,0,0,0,0,0,0,0,0,0,0,0,0,0,0,0,0,0,0,0,0,0,0,0,0,0,0,0,0,0,0,0,0,0,0,0,0,0,0,0,0,0,0,0,0,0,0,0,0,0,0,0,0,0,0,0,0,0,0,0,0,9.53949720777153e-05,0.00393120727385357,0,0,0,0,0,0,0,0,0,0,0,0,0,0,0,0,0,0,0,0,0,0,0,0,0,0,0,0,0,0,0,0,0,0,1.39317351008267e-08,0,0,0,0,0,0
P057,Bebidas no alcohólicas,0,0,0,0,0,0,0,0,0,0,0,0,0,0,0,0,0,0,0,0,0,0,0,0,0,0,0,0,0,0,0,0,0,0,0,0,0,0,0,0,0,0.00429472926191338,0,0,0.00105230294062901,0.000928443606054833,0,0,0,0,0,0,0.00156352745736273,0,0,0,0,0,0,0,0,0,0,0,0,0,0,0,0,0,0,0,0,0,0,0,0,0,0,0,0,0,0,0,0,0,0,0,0,0,0,0,0,0,0,0,0,0,0,0,0,0,0,0,0,0,0,0,0,0.000104183914629993,0.0126829280033654,0,0,0,0,0,0,0,3.89618981901557e-10,0,0,0,0,0,0,0,0,0,0,0,0,0,0,0,0,0,1.25241731656431e-07,0,1.44056627877173e-05,0,0,0,8.70932066907036e-10,0,0.000295404692308191,4.73683544829714e-08,0,7.56382623751234e-05,2.63436336151113e-15,0,0,0
P058,Aguas minerales y otras aguas embotelladas,0,0,0,0,0,0,0,0,0,0,0,0,0,0,0,0,0,0,0,0,0,0,0,0,0,0,0,0,0.0229157362054896,0.0013472410583331,0,0,0,0,0,0,0,0,0,0,0,0,0,0,0,0,0,0,0,0.000105036907118708,0,0,0,0,7.47836916545699e-05,0,0,0,0,0,0,0,0,0,0,0,0,0,0,0,0,0,0,0,0,0,0,0,0,0,0,0,0,0,0,0,0,0,0,0,0,0,0,0,0,0.000113308512502809,0,0,0,0,0,2.51250233640997e-06,0,0,0,0,0,0,0,0.000455633210770455,0.00786969856349087,0,0,0,0,0,0,0,0,0,0,0,0,0,0,0,6.38033756036439e-05,0,0,0,0,0,0,0,0,0,0,0,0,0,0,8.26451786341199e-08,1.70295060767197e-05,0.00116533873331498,0.000946218911197418,2.87203468675052e-06,0,1.94312838726441e-05,1.28169304141769e-05,0,0,0
P059,"Hilados, tejidos, telas y otros productos textiles excepto prendas de vestir",0.000512724586346127,0,0,0,0.000671354217432722,0.000866438336950163,0.00119691420635647,0.00114900247819306,0.00144546222261284,0,0,0.00218900083279133,0,0,0,0.000163015440483189,0,0,0,0,0,0,0,0,0,0.0145650838722066,0,0,0.00268107248416826,0.0118697550835898,0.000120262859158674,0.000432329875341898,0,0.000954746797911541,0,0,3.22925453982653e-06,0,0,0,0,0,0,0,0,0,0.002173836847518,0,0.000322854233113842,8.78644665363824e-16,1.03621076994258e-05,0.000346736838404346,2.03593967437142e-05,0.000140983015784678,9.96632491963331e-05,4.09330536274055e-06,4.7275672522333e-05,5.02113806641875e-05,0.134671116983134,0.125067336352779,0.00452025380976199,0.0252828129380243,2.08646130397197e-06,0.00162577596324982,0.00175573124184393,7.32986696419321e-05,0.0013415967387046,7.21986932492252e-05,0,0.000131322971457033,0.0031055972862575,0.000910462136810367,0,0.0024866154765008,0.000358840852597571,0.00173419773659748,0.000240535333135713,0.000843767974625104,0.000814408307827687,0,4.070508381051e-05,8.03047551330253e-05,2.61448655771842e-05,3.24485166046053e-06,0.000206302795493129,0,0,0.000504710021092799,0,0,0,0.0209550527957863,0.0088912802846152,1.64143150068769e-05,3.44290542525092e-05,0.000147432329751384,0,3.60877080699464e-07,1.22663031219682e-08,0.000449993292395182,0.000151882644532612,7.36560761443074e-05,0.000417309059804986,0,2.73652191894735e-05,0.000362326174311729,0,4.4626845385019e-05,9.25160690178052e-05,0.0161113265626338,0.000122009573448338,1.3152530525609e-06,3.0783623981266e-05,1.09580378290395e-05,8.6325960268072e-06,0,1.03454048820905e-05,0,6.05237906656045e-07,0,1.71539011815458e-06,7.30682162881485e-09,0.000349585064521536,0.000826551604277181,6.15717129038977e-05,0,0.000364790063505538,4.31806644212101e-07,0.00112947712423457,0,4.51643354110085e-05,7.17636420566875e-05,5.98376559489614e-05,0,0.000337570532181533,0.0169402844826716,0.000281406987075183,0.000421146271909039,0.000601787231306993,0.000659476195060434,0.000164849232750796,7.60213372085883e-05,0.00389328899982882,0.000777163356444555,0.00167740630574587,0.0018671653648408,0,0.000369325503180326,0.00194523312153421,0,0,0
P060,"Prendas de vestir, adobo y teñido de pieles",0,0,0,0,0,0.00082671404251259,0.000868196316181149,0.000837506400150979,0.00108890879998102,0,0.00141642712101231,0,0,0,0,0,0,0,0.00197883747379869,0,0.000197402562475245,0,0.00146796313223001,0.000342219496655586,0.0005951820951001,0,0,0,0,0,5.86558799475195e-05,0.000182883621916935,5.46300615194353e-05,0.000842892707118165,0,0.000579790080838149,0.000358275057385838,9.14538867252122e-05,0.000103316978343823,0.0002406706025703,7.25318866977043e-05,0.000202519747918439,0.00016415370470387,0.000178020956661297,0.000103356387448409,0.000103686990843247,0.000754630742179244,6.85317859808716e-05,0.000583480387102239,0.000282593454336738,1.77100414866631e-05,0,0.000287225318682162,0.000139184450783697,3.19920454220174e-06,0.00044665873670661,0.000526425476941532,0.000566876415107154,0.000401188402080443,0.00521438529921277,0.00335719914544825,0.000443901469109857,7.14774899742623e-05,0,1.2944188904259e-05,0.000296884707879594,0.000125258682238223,3.05245563489085e-05,0,8.0058877855686e-06,0.00132827586777345,0.000472191632988492,0.00206790852180815,0.000218399461110127,0.000248375943236572,0.00108456795392102,0.000507459416485326,0,9.67045765918471e-07,4.10382170285228e-08,1.58136865686689e-06,0.000192296652271744,1.94302133218776e-06,0,2.89148883864638e-05,0,0,0.000275864205571537,0,0,0.000759009685892826,0.00218411899851003,0.000445606843810092,0.000986683715072656,0.000304716737638351,0.000519289716094174,0,0,0,1.31556233105725e-06,0.000250348706456248,0.000575844144974496,0.00140010155538707,0.000151312305578967,0.00021037922877357,0.000706861829735496,0.000533030438757499,0.000951686057076548,0.00110338723297828,0.000452168017474511,0.000348750611641356,1.46751643696942e-05,0.000347504802579422,0.00300473213917688,0.0014754394937849,1.67168771754058e-05,0.00056270367945965,0,0.000183603315859134,8.03475528427192e-05,6.10463411275433e-06,0.000429097959483386,0.000223469630112216,0.000435031409474118,0.000124572817385736,0.00132500359054257,0.00293523396728876,0.00278296106700651,0.00642941595300979,0.000137991072492579,0.000291824027413171,0.000850389394686193,0.000611368201896022,0,0.00084859228641789,0.00299941753051925,0.00144581810578278,0.00351244428318059,0.000493571103304021,0.00446727029558549,0.000213838711745857,0.00187768207730934,0.00198053821410573,0.00240096106640403,0.0019978652129306,0.00274569849740655,0.000222766331307761,0.00130447447606176,0.00290623757000163,0,0,0
P061,Cuero de piel curtida o adobada y cuero artificial o regenerado y artículos de cuero,1.92838990979833e-10,0,0,0,0,0,0,0,0,0,0,0,0,0,0,0,0,0,0,0,0,0,0,0,0,0,0,0,0,0,1.55183814567403e-05,2.60881889244365e-05,0,0,0,0,0,0,0,0,0,0,0,0,0,0,0,0,0,0,0,0,4.62187564781891e-09,0,0,0,0,0,0.0016039035343225,0.0177644188329269,0.0596703278221153,0.20182384484448,0,0,6.20607340240563e-06,0,2.49477579448349e-08,5.05255144656562e-06,0,1.92791526047059e-06,0,0,8.56167814925171e-06,0,1.59892123271718e-08,0,0,0,0,0,0,0,0,0,0,0,0,0,0,0,0,0.00900536590075148,0.00276639657368283,0,0,0.000103707709774061,0,0,0,0,0,7.72920401450279e-05,0.00223630742245736,2.73177689666122e-05,1.34896101615688e-06,1.01305378160582e-06,0,2.96396585248375e-05,0.000104952149619183,1.91782580941935e-05,1.7277766736852e-06,5.2222907702948e-05,0,0,0,0,0,0,3.00157726808432e-05,0,2.7830177838719e-06,6.60575712166201e-10,4.07648676620089e-05,7.59966531698387e-05,4.07657843151813e-05,4.61368035200951e-07,0.000571272032041283,4.13986496894154e-05,0,5.91291986443892e-06,1.37113911281368e-14,2.87201475756204e-10,0.000126873425044338,0,4.62766926419111e-08,0,7.20408206711806e-06,1.23044156628766e-06,9.85861990715729e-07,3.85198829345899e-06,9.41741352039886e-06,7.81611842753559e-06,3.80989149185919e-06,4.47636629707889e-07,0.000598794742992281,3.24049876561102e-05,0,0.000193191031936703,5.19106954886946e-06,0,0,0
P062,"Calzado y sus partes, de cualquier material y de cualquier uso",0,0,0,0,0,0,0,0,0,0,0,0,0,0,0,0,0,0,0,0,0,0,0,0,0,0,0,0,0,0,6.70163501375514e-05,5.0691163841173e-06,0,0.000643780102278871,0,0.000234105153450935,1.00779169842962e-09,0,0,0,0,0,0,0,0,0,0,0,0,0,0,0,0,0,0,0,0,0,0,2.87055336098785e-19,2.57852496864129e-17,0.0336500283764702,0,0,0,0,6.37271120027895e-10,4.02383354532688e-05,0,1.85234243252239e-06,0,0,0,0,1.06892711836996e-06,0,0,0,0,0,0,0,0,0,0,0,0,0,0,0,0,0,0,0,2.73020926924072e-06,0,0,0,0,0,4.68736700957554e-09,2.90551226056344e-07,0,0,0,1.89267297761307e-05,0,0,0,3.81000271912979e-05,0,0,1.35199831125008e-06,0,0,0,0,0,0,0,0,2.87665970575839e-10,0,0,2.82740399642895e-05,0,2.69278034497943e-05,3.97005669501149e-05,2.75900068688461e-09,0,0,0,0,0,3.37982262181632e-19,0,3.56181477224756e-05,0,0,1.06405809951681e-07,0,0,1.20349216764957e-06,0,4.55134227610174e-05,5.5180343892858e-05,0,0.000375341860319191,0.00103116913368875,0,0,0
P063,"Madera aserrada y acepillada, productos de madera, corcho, paja y materiales trenzables",0,0,0,0,0,0.000113720997463552,0.000119427209401488,0.00011520557086198,0.000149787941794632,0,0.00337560396400646,0,0,0.00187940427565341,0,0,0,0,0,0,0,0,0.00100760390516849,0,0.00101783450582788,0.0587525007222137,0,0,2.32911056838798e-13,0.0010250167623959,0,0,0,0,0,0,0,0,0,0,0,0,0,0,0.000977271457251132,0.000932507069031914,0,0,0,0.000113501867159963,0,0,1.71921831575404e-05,0,0.00233591898752299,0,0.00237022632464482,0.00252027772860096,6.55664877935381e-06,1.26747947076369e-16,0.00513761297669897,5.59096123133949e-05,0.0846109238700615,0.000101865723544039,0.000124822898794087,2.36464268914493e-06,1.5871219414339e-07,0,0,0,6.41146170639973e-07,0.00172379548613359,9.35293069372158e-05,0.000558729918360978,0,0.000182796903181944,0,0,5.09632796697939e-05,2.51174142562049e-05,0.000290942646332589,0,0,2.04406283693968e-06,0,0,0,0,0,0,0,0.327802618974326,0.00777964989953603,0,0.00057874179101055,0.000288499101855146,0,0.0236654985998139,0.0194632464986189,0.0027358324986558,0.0187627020135565,5.97413388600883e-05,0,0,0,0,0,0.0034221227011231,5.44451263093033e-10,1.57066797871787e-05,7.48793471768803e-06,0,0.000339525626779672,0,0,0,0,0,6.26877208927921e-06,0,0,0.000109782034433382,3.38216032887767e-09,0.000202545220392323,3.95012893166873e-05,0,1.89171073051425e-06,1.17323948447317e-06,6.34791186039923e-07,0,0.000389235121114147,0.00025325395507715,0,0,7.07506120840965e-08,0.0017279306267465,0.00069311375309545,0.000208160777900505,0.000168630784420076,0.000328747196952679,0.000668028398322993,3.83744623151215e-05,0.000109677954573182,1.43644133455582e-05,8.53014754164186e-06,1.51310937089764e-05,0,0.000705937700850397,0.0010414098732999,0,0,0
P064,Pasta de papel y papel,7.01527939845772e-09,0,0,0,0,0.000115683409044154,0.000121488089485164,0.000117193600790066,0.000152372737902373,0,0.000412371888231901,0.000764211699047757,0.000109190406844162,0.000342486539845797,1.05546947885035e-06,2.22025315413025e-05,0,0.000192906770410454,0.000772539081553216,0,0.000320876416301578,0.000486594198080996,0,0.000239412688565903,0.000498314496815942,0,6.11518210656366e-06,0.000560197270287903,0,0,2.15494774357496e-06,1.60445832148593e-05,0.000227323851785761,4.42170783027537e-06,3.74600494576638e-19,0.00011335233959948,0.000411396221280764,6.77181464249611e-06,7.65023173776459e-06,0.00588630380981493,0.000894642117692771,0.00569769019360141,0.000758518926945656,0.000562656801521347,0.000160527552050731,9.43174521082943e-05,1.55083816909488e-05,0.000115802404898218,0.000359631126327447,6.84751145743671e-05,2.65420160963092e-06,6.13582841696574e-05,0.00254701633462786,2.36722785060123e-06,0.00136865470925782,0.000729771432886197,0.00142012059032704,0.00136677982879681,0.000275850554110123,0.000952622160637004,7.96770139639314e-05,0.000476306334499125,0.00116623065979209,0.0724884123017104,0.0682981790686155,0.0164771196988157,0.0565199995376776,5.87931865145506e-06,0,5.43737956854657e-06,4.53508254826017e-05,0.00104269832740056,0.00253045033347524,0.00036619845270376,0.000107934295170538,0.00189628361596309,7.05614886779257e-05,0.000183266755534994,4.07783620707698e-05,0.000217741188831357,6.82053224061114e-05,8.11651802333362e-05,9.52054960375827e-05,8.30021557749648e-05,1.64156049195453e-05,0,0,0.000984769827222034,0,0.0080317378212043,5.24044563284226e-05,5.29740208887007e-05,0.0034859784491153,0.000101456744476176,3.20499749879448e-05,0.000286317814449845,5.00153638897485e-05,2.07983865096759e-05,8.89310894397178e-05,1.47361007214825e-06,0.000192088696039758,0.000410689536713048,0.000251490657873327,8.56591652174021e-05,9.06669879066345e-05,0.000142077202855408,0.000202965461418642,0.00308187976759421,0.000835972588342609,0.00263966368930836,0.000311602902758516,2.79889954886194e-05,8.6332380530892e-05,0.000457188809588391,0.000249602773260884,9.5983734583174e-05,0.000103616007161549,1.32748582126569e-10,8.65461802293132e-05,0.00125790376478147,0.000715682109150246,0.000359087636545195,0.00044566267103292,0.00179380957193217,6.96058639248455e-05,0.000710828769801365,0.000332283416276512,4.02020299563969e-05,0.000615882339091848,0.000107214777459549,0.000573831851571332,0.000138275081668328,0.000421203230971017,8.11422082032784e-06,9.84197457111062e-06,0.0026508247406359,0.000362135556953912,0.000378279222400924,0.000194016301002456,0.000286982481784547,0.000405413937842523,0.000512061630791377,0.000890176387454634,0.0004328126817362,0.000872467227985867,0.000994231486958774,0.000186470282738565,0.000334826511411083,0.00038654524490431,0,0,0
P065,Envases de papel y cartón,3.84491883954295e-09,0,0,0,0,0.00273304470188126,0.00286678392267703,0.00274727005334922,0.00349432188602838,0,0.00215885455989475,0.0339329001601541,0.00572364497717214,0.0267951582401352,8.92674382575866e-08,0,0,0.000474596421398347,0.00162493680951179,0,0.00019613379570198,0.00147999764921666,0,0.00014633957798729,0.0013028167009935,0,0,0.0045025371943904,0,0,3.33590496803113e-07,4.04476137903945e-05,0.00122388602751443,1.29952655735379e-06,1.48484007050086e-18,0.000506560005646837,0.00347816000147301,0.00128251893316675,0.00134706274040039,0.000621624637947578,0.000325519149821217,0.000462711452205657,0.000342085735868609,0.000373721463164449,0.00222725067828102,0.00209702339823175,0.000268357927235017,8.94445684769784e-06,0.000354455453232337,0.000726145583969639,3.33034340278803e-07,9.15150001563189e-05,0.00235008805571184,5.35834704487669e-05,0.0165301677921662,0.00962882799453375,0.00565820661754099,0,0.000854850905300672,0.00296269783047967,0.000167480641197736,0.00324650556843925,0.00104219509928475,0.00289308055783236,0.00239679010175415,0.00602506313791709,0.00742794884599565,2.09544695295994e-06,0,3.94135211833002e-06,0.000269634563231401,0.00360259404849526,0.00695393605284108,0.00129131537057182,0.0433378075854512,0.000769962770500556,0.000500082929077636,0.00538708413718603,0.0238354832828763,0.00395783180596791,0.000388808415163596,3.0401693036635e-05,0.000149600851443719,0.000743076075343712,1.14461599869515e-05,0,0,0.00140895199187377,0,5.66844299623432e-05,2.37829225233694e-05,0.000188049051653319,0.0137329718738787,0.000246721432678373,2.20869472213946e-05,0.000522206754238223,0.000272059205382168,0,0,0,3.49759213712426e-06,0.00590495166868169,0.000522393109216533,0.00014138405476699,0.000124321088733591,0.000480150799615699,0.000151155450209967,0.000282719156985851,0.000889871087838485,0.00132588568606051,0.00940268100528279,0.000143965727329305,0.000465088526106696,0.000174570770146209,0.000109201879345455,6.30636562985075e-05,0.00050412778653067,4.76465513353445e-11,0.000751883857342602,0.0047758733137707,0.00439527715648933,0.000987439889602237,0.00026314758749728,0.00122082226280151,8.36716460786543e-05,0.000656313095524067,0.000887625545208363,3.22966483644684e-05,0.001172687126387,0.000297286508621458,0.00109286533190344,3.05237062025204e-05,0.000744926536459683,0,4.83963607527667e-06,0.00276365884525754,0.000123766425412903,1.25361441492109e-05,2.27533044340025e-05,2.13824605317425e-05,0.000130311461606912,0.000245115240874936,0.000188530768699458,0.000765521009740254,0.00121579246258475,0.000508357214269524,0.000866375979812476,0.000408061587351155,0.000631692337582737,0,0,0
P066,Productos de la edición,0,0,0,0,0,0,0,0,0,0,0,9.81442843816626e-05,0,0,0,0,0,0.000234420538099644,0,0,0,0.00124797257105099,9.71374285489912e-05,0,9.81237032502579e-05,0,0,0,0,0,7.12503313075499e-05,4.50725992728318e-05,0.000149462511086908,1.49050791757629e-08,0,0,0.000474375042964336,0,0,8.84027728031746e-05,9.19516628786077e-05,6.93292926005669e-05,0.000226968875984524,0.00025820220094265,9.06955450847619e-05,8.75011130000557e-05,3.80176054711511e-06,1.47257915482853e-05,6.05321815699997e-08,3.56826880778073e-05,0,0,0.000222145448088856,4.29733835059149e-06,6.8303539306921e-05,0.000130012878961812,6.46873166909517e-06,4.67863539914928e-06,0.000135968890953666,0.000173488522746312,2.53023854277955e-05,2.64710992528406e-06,0.000302741771848454,6.96469043206993e-05,8.96225317104886e-05,0.000232917187495541,0.00366134803092972,5.73941285177241e-05,0,8.94696174739625e-05,0.00156972391015011,0.000677729650282917,0.000166908910806069,0.000625270673064055,0.000494690523589413,0.000153347155610198,0.00504152784353552,0,3.45476249444137e-05,5.72028390006764e-06,0,4.50666484878519e-05,6.61447818132237e-07,0,0,0,0,0.000198970604535727,0,1.67262331164026e-06,4.02005925695309e-06,5.1517553203926e-07,0.000659526459615123,1.25918782980059e-06,2.62198946722577e-05,0.000114216272311061,0,0,0,5.2689400498738e-09,1.46990742457608e-06,0.000370485891797931,1.03391868273027e-05,0,6.49563350074341e-05,0.00134393715225308,0.000673066969450078,0.000310404832998624,0.00110490042689237,0.00020929416153387,4.11279731622158e-05,0.000305097714023323,0.0662394597494299,0.000926533007422991,0.000109404137448731,0.00104785424806615,0.000725879579743646,3.19539922956913e-11,6.67332274196706e-05,0.000858836148464131,0.00423825615868259,0.00102378391549042,0.00101948377021247,0.00655211299514693,5.71815991833179e-05,1.68234212650305e-05,0.000438626475740099,0.00121067184779943,8.16271785799144e-05,0,0.000366712462377527,2.17905377408816e-05,4.29466797577676e-05,7.17829861914067e-07,0.000398669500458739,0.00145369460606344,0.000335108186087247,0.00107590266593347,0.000303029895584441,0.000116431762079877,8.18379847803817e-05,0.00424667977737459,0.000441741424933811,0.00103483091810396,0.00110351460988483,0.00034852608280707,0.00068250239984341,0.00342236687792385,3.05022371086864e-05,0,0,0
P067,Productos de la impresión,0,0,0,0,0,0,0,0,0,0,0,0,0,0,0,0,0,1.7625007404787e-07,0,0,0,0,7.9793933472236e-05,0,8.06041128137503e-05,0,0,0,0,0,2.40315403122974e-05,5.43825323757015e-05,3.73212478396843e-05,2.60816296792074e-10,0,0.000105180846071909,0.00374986479503128,5.08840479963535e-05,5.65142753779619e-05,6.00860802932206e-06,0,3.38150075133791e-06,0.000709449528994014,0.000742789222057171,6.2996742909945e-05,6.12128144650832e-05,0.000122627739055546,5.8058444108822e-05,3.35615587584116e-05,0.000145734402879317,3.07902697127894e-06,0.000104024933552688,0.00225907839391549,2.68139520397604e-05,2.30217436778662e-05,0.000464846028548035,0.00696736809792693,0.00739948734725715,8.39051542537637e-05,9.41067598055396e-05,0,5.18513844600999e-05,4.46296425645419e-07,0.000134285912996267,0.000101315786518016,0.0115456463532598,0.0010367536884154,1.22459377912512e-05,0,2.33685867408494e-05,5.62618647044143e-15,0.000172745075349911,0.00228441592948217,0.00196038603131935,0.000176681090321018,8.92745662808683e-05,0.000168337466261089,0.000205868548075623,0.000176405482128924,4.81812717196382e-06,0,6.06170394040139e-05,7.60770861599918e-05,2.82785697392888e-05,3.18123297245668e-06,0,0,0.000238303105673593,0,2.80271625681419e-05,0.000122762018034753,1.3163094965091e-07,0.000289754353858179,2.33271069236904e-06,0.000159353361746237,0.000617639156817207,2.62914532727913e-08,0,0,6.16602412843469e-07,1.50088510136864e-05,0.00555682691138428,0.00171711042613258,0.0011149336697541,0.00104882434968039,0.0001208181404358,0.000343377062441142,0.000813273879234112,0.00101931737609566,0.00153551063257482,0.00301865656643582,0.0015073252136714,6.84248221461976e-06,0.00936038896458288,0.00542740702598003,0.000356408203944556,0.000488089274942663,1.31554439864215e-10,0.000131481864257278,0.00448368065061262,0.000625296048038282,0.000779058749616618,0.00473338892708177,0.0154123621772334,0.000919482645255255,0.000363718063272234,0.00169040145877569,0.000569113851447466,0.000160374286861978,0.000559189727230293,0.00208991152588959,6.84074149032359e-05,0.00187849448831941,1.1233138646983e-06,3.06264111761481e-05,1.29402403803159e-05,0.0039730718515001,0.00584406063182556,0.00225917308436084,0.00308551676641255,0.00337276617026398,0.00674932409492852,0.0023015230312186,0.00128627300418759,0.00293457521515965,0.00213244258332527,3.75486498724757e-05,0.00190630758498794,0.0013669900810586,0,0,0
P068,"Gasolinas, diésel oil y fuel oils",0.000104331376714598,9.66103981881072e-06,0.000267323158297483,0.000132753846791855,8.27325889854896e-05,0.000150439397548899,0.000106847365065408,0.000103464661768395,0.00013391909086861,0.000264134727425613,2.60728242751605e-05,0.000244624066457126,0.00015457334331794,0.00017262091853659,0.000184490052751993,8.58484928572705e-06,9.133547006784e-05,0.000420431125649667,0.000433460462284795,0.000367031552091807,6.43113473726583e-05,0.000152993348026256,8.30098221362662e-05,0.000139896005142756,8.38526536663218e-05,0,0.000306956194666823,0.000262109558462629,0.00166796454113722,0.000231338821963975,0.000753441011206855,0.000201658161376628,0.000767489336273755,0.000163300359586792,7.38022844739004e-05,0.000126091488471778,0.000162346614148035,1.86008981570932e-05,7.59830573718531e-05,0.000352903080154866,0.000108555741493187,0.000249557581333359,3.4744695935679e-05,6.83406524977509e-05,0.00012863994176914,0.000125294221833995,0.000199840918612372,0.000139341728962624,0.000275624334788343,3.87918032162362e-05,3.47952752544556e-06,2.06942552534258e-05,0.000385166763787316,2.20879009137478e-05,5.61344248486149e-05,0.000351907809255062,0.000113064288507299,0.000114725904425916,4.07302865641444e-05,8.32455468793618e-05,0.000182436282528615,9.2982750783868e-06,0.000198898654694848,3.13734260065995e-05,3.80630252048918e-05,9.08023265285907e-05,0.000113828716758268,0.000380513287164616,0,0.000787725659316348,1.20000027045569e-05,5.50436201307891e-05,0.000112137064215371,2.50362925989244e-05,1.14392868704454e-05,3.41340334238198e-05,5.15645308938629e-05,9.50702043334201e-05,0.000184726710127056,0.000220435305412969,0.000161314806430178,3.39979719614841e-05,5.05431463640898e-05,0.00013318721959244,8.76958265321199e-06,0,0,1.57713840327695e-05,0,0,0.000185449239485262,0.000126113528671061,8.48983273576849e-05,0.000625570398452857,3.21927139926115e-05,0.0006575861578301,0.000723906156379916,3.24657709735229e-06,7.83743276363986e-06,0.000323744757910236,0.000201316224922153,9.22095102976166e-05,0.000148851044805902,0.00269328564506367,0.00291368073156467,0.000194343796732257,0,0.000231868555359411,0.000666617448440888,0.000105619877514545,1.48094456940295e-05,8.81441619179843e-05,1.61824535787252e-05,1.45472507997121e-06,3.78047771981418e-07,4.00464309564495e-06,4.16748769274773e-06,2.95608900748782e-13,1.63900536563213e-05,4.83543466983542e-06,0.000114521561409689,0.000148436599741129,2.21871940459667e-05,5.97510022973104e-05,0.000161683866321912,3.64962966456674e-05,0.000111823357191339,0.000110481199935708,2.98569186285019e-05,2.15666995171626e-05,0.00017963719528706,0.000117203857595772,2.8664416362623e-05,0.00014547317402311,5.87835936718896e-05,0.00018924946543785,0.00036812317709943,1.72975010976004e-05,3.18608648386824e-05,5.06377618758537e-05,5.92218812008609e-05,2.1455816717477e-05,7.71786943004486e-05,5.06833230721186e-05,2.10878490092628e-05,0.00014334540246188,0.000120884836785301,3.9422652325947e-05,4.0302693962493e-05,0,0,0
P069,"Aceites, grasas lubricantes y otros aceites preparados",0,0,0,0,0,0,0,0,0,0,0,0,0,0,0,0,0,0,0,0,0,0,0,0,0,0,0,0,0,0,0,0,0,0,0,0,0,0,0,0,0,0,0,0,0,0,0,0,0,0,0,0,0,0,0,0,0,0,0,0,0,0,0,0,0,0,0,0,0,0,0,0,0,0,0,0,0,0,0,0,0,0,0,0,0,0,0,0,0,0,0,0,0,0,0,0,0,0,0,0,0,0,0,0,0,0,0,0,0,0,0,0,0,0,0,0,0,0,0,0,0,0,0,0,0,0,0,0,0,0,0,0,0,0,0,0,0,0,0,0,0,0,0,0,0,0,0,0,0,0,0,0
P070,"Gases de petróleo, otros productos de la refinación de petróleo n.c.p.",0,0,0,0,0,0,0,0,0,0,0,0,4.36067105625772e-16,0,1.67345009451567e-16,0,0,0,0,0,0,0,6.69719231579748e-17,0,6.75598641223553e-17,0,0,0,0,0,0.00153136430766629,0,0.000455765037344396,0,0,1.1976394586232e-15,8.15357238566322e-16,0.000602815819390272,0.000667250632769587,9.80290802672375e-17,4.094713075935e-17,8.45984275557593e-17,9.5760403576487e-05,0.000100258041245569,6.20082286094548e-05,6.29485516952833e-05,0,0,3.08413281943919e-16,3.10502409762932e-08,7.59619519311566e-15,0,0.000353888922228049,0,1.92531083981167e-07,0,2.28468130074731e-16,0,1.20065658727126e-05,2.38348728577497e-17,4.24139317149372e-18,5.51133165603864e-06,0.000868645781493634,0.000181376534138079,0.000157902387206438,0,0,0.00090162789166773,0,0.00186651938152876,3.40521462874092e-05,0.00270845906936131,0.000442775445417344,0.000621710015092169,0.00109701262573863,0.000795865020159211,0.000366924551135955,3.69343152598363e-15,0.00958440289048287,0,0.0753516541734147,0.000474331284725437,0,8.58136411621396e-05,0,0,0,1.40092526904396e-16,0,0,0,8.38347143813468e-21,0.00388231999859932,1.13066925556666e-08,0.000709160505957807,9.82227615174889e-05,0,0,0,1.70765886884642e-05,0.000221615914194243,1.94445947744741e-05,1.44393842751612e-16,0,8.01987588667423e-17,0.0263188247796069,0,9.16016196386742e-07,0,5.78710678051107e-16,7.20125988023413e-16,0,4.0930815151617e-07,0,0,0,0,0,1.3980517696678e-19,0,0,4.25072155259892e-21,0,0,1.34375265582232e-07,0,0,9.11840385022635e-09,0,0,0,2.49375642582221e-21,0,0,3.61607625074552e-17,0.00066855427697601,0,0,0,0,0,2.19038341956734e-17,3.90880565404533e-17,1.2559856841358e-17,7.4255907218245e-17,5.09898512198667e-17,1.05381743392718e-17,2.58345452197113e-17,5.72024356316093e-18,0,0,0
P071,"Abonos, fertilizantes y pesticidas",0.0976992213998967,0.106173503153017,0.0686269777582917,0.137548271132105,0.0970156341906613,0.0383591210710296,0.035393789252988,0.0341426523846105,0.0443915827145835,0.0681174327578284,0.0351691127544548,0.0665948946492087,0.0421435138287792,0.085894749127645,0.104041538527501,0.03425165210625,0.0272712455424594,0.0229706368501487,0.0337944928200709,0.0787865774676835,0.00509679745153537,0,7.15240241583785e-05,0.00453745138226783,7.22502358423189e-05,0.0106302973885696,0.000890689701939574,0.0121928068209609,0,0,0,0,0,0,0,0,0,0,0,0,0,0,0,0,0,0,0,0,0,0,0,3.67658734785313e-05,0,4.8345352065577e-05,0,0,0,0,5.43345385830643e-08,0,0.00232765614732616,0,0.000522942900521762,2.83424827664304e-08,1.87171197159438e-06,0,0,0,0,0,0.0804631160147138,0,0.000357419446611085,0.00174688849685563,0.00758057642024924,1.86162977988391e-05,0,0,0,0,0,0,0,1.38779597087205e-07,0,0,0,0,0,0,0,0,2.34168697735926e-08,0,0,6.74479292779273e-05,0,0,0,0,0,3.74769660242885e-05,0,0,0,0,0,0.000103145847343028,0,3.34910817457149e-06,3.46256786716462e-07,0,5.31283701232249e-06,0,0,0,0,0,0.00021128429156965,0,0,1.81567477126374e-05,0,0,5.78906845086696e-05,0,0,2.55534015710741e-09,0.00627449182288416,0,0.000142786923876019,0,0,0,8.14681496467408e-06,0,0.00128882661964672,0.000125884509548517,0.00292005055467847,1.49416707526899e-05,1.31947718992672e-05,8.17973176953126e-05,0.000665151441636786,0.000229661181889885,3.54225283394845e-07,0.00150056640293833,0.000922034224192727,3.31476598602131e-07,2.07695945344426e-05,0,0,0
P072,"Pinturas, barnices, tintas y productos relacionados",0,0,0,0,0,0,0,0,0,0,0,0,0,0,0,5.4214519749874e-05,0,0.000236306707473993,0,0,0,0.001106381407011,4.61027049500739e-05,0,4.65708039334569e-05,0,5.9707918587219e-08,0,0,0,2.85110718753226e-05,4.17578097079849e-05,2.10331882516996e-05,5.22455723738407e-10,1.61427994942685e-16,0,4.24104038982362e-05,4.3822643357756e-05,4.95071697539364e-05,0.000527271838615606,0.000164872237695012,0.000401198653773907,0.000332739935705653,0.000346048300623736,5.29265028963846e-05,4.94383950656572e-05,0.00105204974337992,0.000107447674736216,1.58685445493307e-05,8.46004314095633e-05,4.64299256020505e-06,6.66922996847745e-05,0.000110747463497079,1.60405704483984e-05,5.88404641726868e-05,8.20052925056102e-05,4.35788798283316e-05,0,0.00331789346271391,0.000853048261417447,0.00120052162837967,0.00154061775304623,0.00183930694126753,0.00409174942650366,0.00355130891898703,0.00670960991147967,0.0189660898576277,2.25420290256619e-05,0,2.12857992163413e-05,4.24732819264419e-05,0.0286235618980087,0.000544984721899565,0.000284574559523227,0.000193045309995754,0.00315703181022263,0.0038286521478983,0.0191632685800918,3.78143716309408e-07,0.000551247533830577,0.00103180584382958,3.5621218620899e-05,0.00371093554761829,0.00383125974100227,0.00034663837438981,0,0,3.38021268290733e-05,0,0.003557348383067,0.00122377928963333,0.00163978102729118,0.00941688453220955,2.36358530604237e-06,0.000101698391730704,0.00086947663222767,1.91903414405017e-08,0.00249687705368268,0.000495564825769116,0.000430497724201925,0.0105049070601507,0.000395905739700639,0.00557254543188198,8.10795887423468e-05,8.78399757183572e-05,0.000162688752535242,0.000850302280071035,0.000861030076404096,0.000759322049644749,0.000753685985095881,0.00012264845554621,4.37623506533322e-05,0.00035329226055907,0.000778364217351986,0.000566453117561041,0.000302218643241345,0.000590649185483747,1.26813562585244e-10,0.000154241069498122,0.000401848090698657,0.000483231798402403,0.000559961815562916,0.000558402799291021,0.00213947359776859,0.000102286823217447,0.00111298562041538,0.0017749386710494,0.000277793600108796,0.00125261838875244,0.000159249177870806,0.000300737638551633,0.00227863167301573,0.00171251632176545,0,0,0.0023464245988582,0.00185441412012707,0.00199048390905439,0.00111867090434343,0.00103238624408281,0.000829818100440739,0.00079699960876828,0.000944907533712659,0.000110645785121748,0.00153702085981592,0.000978781299786837,2.9801831027542e-05,0.00181512407295949,0.000686197454209239,0,0,0
P073,"Jabón, preparados de limpieza, perfumes y preparados de toilet",1.76160723968801e-09,0,0,0,0,0,0,0,0,0,0,0,0,0,0,9.13810392889286e-05,0.000250192291612052,0,0,0,0.000231474308219812,0.000514034369596479,0.000985348886541225,0.000172707882690739,0.0009953535232012,0,8.49536753634061e-09,0,0.0018744940790654,0.0017162257555707,8.04365361986006e-07,6.79105361293628e-06,2.02226845205575e-07,0.00034056660133754,0.0038359467607176,0.000892133710758973,0.00272238307701621,0.000530313557141834,0.000572078379417539,0.00089233894573246,0.000276696112682168,0.000455269002919304,0.000453638124576818,0.000772741293477922,0.00036672476585289,0.000348697031158966,0.000131686198432613,0.00154331930107153,0.000567610101648868,0.00025003293812115,5.0661732554854e-05,0.000181434630214344,0.000145131083328191,1.09477561946985e-05,6.41794957846572e-05,0.00091456325144696,0.0013893372440166,0.00140402425859968,0.000521670201959044,0.000403907359449084,0.0011411903711667,0.000148108577906416,4.22908668489431e-05,0.000193755528927168,0.000167167760307972,1.12440046872073e-05,0.000153874490740689,7.09540562929711e-07,0,9.12944259230394e-07,0.00143265250363707,0.000126776289116317,0.00266968802817308,0.00208376771018586,0.0022229184130624,0.00133177553833206,0,0.000193474108018988,6.93274818942404e-05,0.000120433456233873,2.98971766025986e-05,0.000109478272593527,0.000243414243041911,0.000235272297508421,0.000328402799620468,0,0,0.00102133408214827,0,0.0136642118866298,0.000891441872778813,0.000129858030980636,0.00179756452714343,0.00188868287824546,0.000141864664751394,0.000172354432357475,0.000369697971461502,0,0,6.0857864286333e-06,3.24389256311804e-06,0.000358160176561007,0.00332230854182007,0.000157920855964482,0.000111663866047912,3.47698849966086e-05,0.000203233844442206,0.000206928291850623,0.000682383196685133,0.0123859504336509,0.00103333011606506,0.000111116287001816,0.000544400243671054,0.000149185725313598,0.000148288658397185,1.02223112239403e-05,9.92566666209819e-05,1.79317862976559e-10,0.000253125230483206,0.000825373913267174,0.000853395793347586,8.20860753582487e-05,0.000229122382900082,0.00021148555541258,0.000120870730937279,7.20483121311726e-05,6.76391093573114e-05,1.21567456062049e-05,0.00281348774352166,6.20872245380218e-05,0.000217190198012829,0.000693332688312606,0.000651913129725089,1.17369530177871e-06,2.32220624687403e-05,0.00114441947322609,0.00157103756903701,0.000803968790968413,0.000270922018880135,0.000292570610824899,0.000183663657008192,0.00054327274301828,0.00100927780819407,0.000980996606789296,0.00290558774980763,0.00187006171964157,0.00050991444083069,0.0012313737751529,0.00332121760876863,0,0,0
P074,Otros productos químicos,0,0.000174260046463392,0,0,0,0.000273213507016469,0.000286922621517003,0.000276780179079276,0.000359863963553489,0,0,3.89347298619755e-05,0,0.000230742848004092,2.98350975591806e-05,0,0,0.00111872718962072,0,0,0,0.00016088389272563,8.91025957251374e-05,0,4.87157908282633e-06,0.00426220121128164,2.93315656713757e-11,0,3.47239116624041e-05,0.000162833832093404,0.000684369411004842,0.0010488515139355,0.000655536612640733,0,4.07561180129664e-09,1.51104433093824e-06,0.000911898900592255,0.000104800573524743,0.000109829372926015,0.00116902749248231,0.00036608319278864,0.000888595752782699,0.000488669812132346,0.000524217500749773,0.000387043943577504,0.000385315602811911,0.000185895782527895,0.000295210229082933,0.000204155372152312,0.000217546767579136,1.84182364250696e-08,0.000210599275206216,0.00179712443084353,0.00205927632176259,0.009107370967642,0.000932603061876155,0.00139379373604871,0.00102552173827714,0.011440229602834,0.00273979919115852,0.00236552681129443,0.00653927093336483,0.00628970906206398,0.00114385402061993,0.00113335221580081,5.93807809064582e-05,0.0040770213606873,0.000866325474823467,0,0.000773581147436428,0.00688939465784947,0.0548631171456695,0.0178760968927487,0.0402667380254778,0.0104349061448133,0.00351535010488287,0.00135101611281406,0.00139323829716505,0.000243059517060574,0.00342323291957852,7.2253558841941e-06,0.000352164490602146,0.000418842518751895,0.0011305380758144,0.000558098013404824,0,0,0.00283723089849561,0,0.00330693704338529,0.000805879970368218,0.00185551207870261,0.00236666055775817,2.94065032339351e-05,0.000102656742146341,0.000431215294178981,0.00113845410272117,0.000186230394160526,0.000661411396314613,0.000206103081973727,0.000437820767296893,8.77979703554726e-05,0.00158253460687146,2.10845776083531e-05,1.46087042497453e-05,0.00028266736906439,3.31658017454609e-05,0.000164673843196237,2.8295498223758e-05,0.00059665284150379,5.22137920403178e-05,1.89548629259219e-06,5.22543771020518e-05,4.0404285788211e-05,2.85645231397628e-05,1.55701861018454e-05,3.15374781623287e-05,1.27270846369465e-10,8.4227926569219e-06,2.44929267479194e-05,0.000727934714575576,0.000370206490405568,0.000666629656130361,1.85952664134618e-05,3.36425871827358e-05,1.65002346683991e-05,9.56268170961009e-05,1.89739258891555e-05,6.19323419391245e-05,2.40772030274e-06,8.38280803070301e-05,0.000256821421643841,0.000955729062616122,0,0.00557903702606329,0.00375068457349022,0.000429817702957336,0.000169456286382692,0.000155495956066411,0.000141874449943225,0.000286289291416983,6.44070097479429e-05,0.0038987917865844,0.00364892879526818,0.00525119552924823,0.000116767947620156,3.12332757262951e-08,7.12066615775065e-05,0.000943802265451905,0,0,0
P075,Productos farmacéuticos,0,0,0,0,0,0,0,0,0,0,0,0,0,0,0,0,0,0,0,0,0.000618509499855721,0.000350231972138099,0.000214284940689515,0.000899351942473204,0.000216460660378839,4.56893842276548e-05,0,0,0.000782693327014958,0.000682054102219077,0,0,0,0,0,0,7.15713253594278e-05,0.000100512981403792,0.000113544820899499,0.000998235068795095,0.000204625730498141,0.000525389086249435,2.1650795660306e-07,1.4119662324024e-06,0,2.51472660721451e-08,0.000166040259222303,0,3.30487950948156e-05,3.98085143622323e-09,0,8.56347404096296e-05,0.000577986542785372,0.000174920635770221,0.000393513627971614,0,8.5045767657066e-07,7.87425530635026e-07,6.81085382192953e-10,0,0,0,0,0,0,0,1.23256677363174e-08,0,0,0,0.000270380663451207,0,0.000218272719639206,0.000589874091850009,0.00504593700023241,2.39161441643284e-07,0,0,0,0,0,0,0,0,0,0,0,0,0,0.000838057603188254,0,0,0.00010118248304984,3.10556491181833e-07,0,3.77726335185612e-05,0,0,0,0,0,3.29809646252863e-05,0,0,0,0,0,1.2518870028598e-06,1.62955064878505e-07,0,0,0,0,0,0,6.31105242688041e-07,3.59302926514892e-05,0,1.60225949988254e-06,0,0,0,3.71337379676984e-05,0,1.02597202889453e-05,5.31449604920247e-06,8.85298481580342e-06,4.95375142247079e-08,0,0,1.53765041692679e-06,0,0,0,0,0,8.3249533370667e-05,4.1235654868459e-05,9.78241794056036e-06,3.01537300403823e-06,4.25341537685128e-07,1.15924240475363e-05,0.000101010432281931,0.00114776445437307,0.00101690297515122,0.000116177331241804,0,0.00131830850772268,0.000709472112024032,0,0,0
P076,Productos de caucho y plástico,0.0058488786629752,0.0020489397881795,0.00414567513296557,0.00415353457743183,0.0070586059861874,0.0357752255445966,0.0362349220809318,0.033916209880741,0.045452205044641,5.58046158946009e-05,0.0130662356436631,0.0261847553161943,0.00909023273693133,0.000921455236954677,0.00017512599040902,0.000282238584970023,0.00292246081444546,0.00539317934370797,0.0124252600495071,0.00114747352503488,0,0.000763983854437472,0.00542916429546979,0,0.0052943593713705,0.0220728960653457,0.00348091323759827,0.00504972660661089,0.00151188481965218,0.00626594334552231,0.00135676273986097,0.00352556572885922,0.00906594277952445,0.000288266282242303,0.000296215044606182,0.0005516011563414,0.00856276647055702,0.00543263881063362,0.00593173290969456,0.00930826773775627,0.00226216748930367,0.00697396915003161,0.0055111162567033,0.00626221521584143,0.00651471528106772,0.00591665862989037,0.00668693762081833,0.00498521532443498,0.0107730720428199,0.00437682618215249,0.00206108783580863,0.00837835159859889,0.0101799638541725,0.00177853546997479,0.00261597164060957,0.00512511921917487,0.0234535028660384,0.0262361939776127,0.00405844110793723,0.00738293677851842,0.00384698035621983,0.00533776712428759,0.00098507840486591,0.00547724923930396,0.00205267408248279,0.00229555639832623,0.0107189362944039,0.00128324539123735,0,0.0015058533201346,0.059100144430918,0.00383065981926463,0.00922045309872394,0.00998295737376435,0.00888649277194439,0.0271743582577207,0.000445625296955024,0.00187900354151861,0.0012113639834747,0.00329055469068069,0.000539609696197571,0.000423910863820815,0.0027398696516831,0.00312943315710742,0.00115827910466944,0,0,0.0108956796719555,0,0.0548556111915732,0.00817309084150859,0.0042550160621172,0.0554609050142861,0.00754543999876923,0.000977035329688696,0.0139435392915182,0.00806816841593225,0.0126819504755534,0.0117080476553229,0.00201836247219747,0.0135468345326686,0.00670428749757308,0.00391118831804989,0.00960491617889059,0.00980157752681947,0.00191930498953698,0.000309832250559265,0.0125870395787378,0.0119183324363004,0.000392407054570035,0.00350816980775574,0.00231302984111183,0.000770611279283559,0.000640024977566262,0.000440399060411731,0.000118815904628273,0.000459608850203474,4.4095477142287e-10,0.00018768453944629,0.000328155257296611,0.000161768764653664,0.00139416241997528,0.00143369144868039,0.00150694797256009,0.0015629775776523,0.00105440047848663,0.000802788551958385,0.00122195850428835,0.00331614368439838,6.3784254978631e-05,0.000974550961256621,0.0027265960876969,0.0109892503435464,4.55388744077869e-05,0.00385008897099404,0.0179061080728469,0.00382150339441666,0.00195979457482675,0.00179806763153508,0.00166889597759927,0.00181849370959509,0.000424132513017496,0.00614450754810278,0.00228603400847813,0.0029787673570996,0.00290954430948085,0.000909211142113481,0.000492300576942937,0.00172953970427442,0,0,0
P077,Vidrio y productos de vidrio,0,0,0,0,0,0,0,0,0,0,0,0,0,0,0,0,0,0,0,0,0,0,0,0,0,0,0,0,0,0,7.83554939805854e-06,0.000818586161325267,0,0,0,0,0,0,0,0.00722093437454142,0.00218296908185528,0.00578672587568582,2.04140959595116e-05,4.35269559438329e-05,0.000871533964067484,0.000905754710182291,0,0,0,1.88253033028102e-08,0,0,0.00117763546454557,5.2546723024182e-06,0.00348768353519529,0.00927762692137957,0.00172960878769798,0,1.23705044860724e-05,0,0,0,0.000429563977860574,4.42591078498585e-07,5.06001687114661e-07,5.92345614619915e-07,3.84933837746424e-10,6.85504041857297e-06,0,2.94348580184748e-13,1.88189912541254e-06,0,0.000926251752871945,0.000631404002729306,0.00845517795315508,0.000520975545097113,0.0804039336456063,0,0,0,5.32557795911566e-05,0,0.000166174282064531,0,0.00102055949507828,0,0,0,0,0,0.00594421981106999,0.000653720024153729,0.00879559588835469,0,0.000105884336590513,2.68556047405811e-05,0,0.000819167578097289,0,7.1098461643526e-05,0.00560052639342492,2.46791624558445e-05,0.000987836230556916,0,4.62248066139634e-05,7.57832054818601e-07,0,1.97202151627373e-06,1.73504035216306e-07,0.000124191227791005,0.000215476613338661,0,2.2254506146011e-05,4.93523101354905e-10,3.4928724044877e-10,0,1.94681956459073e-06,0,3.71198573431718e-06,0,0.000174458290924962,3.42584504254625e-06,1.61514548393329e-06,0.00014853592708484,3.63271379048033e-07,0,5.6554818677244e-06,2.04057168218386e-06,0,0,0.000171327776820478,6.5954064495612e-05,0,0,0,0,3.78713232099024e-05,5.7492534287791e-05,4.86134365389532e-05,2.47996783311528e-05,2.79617283127378e-05,1.2072573175759e-05,0.000715765804652889,0.000542702464338726,0.00512882453021814,3.15471633392822e-06,0,3.60361847736001e-05,0,0,0,0
P078,Productos de cerámica y arcilla,0,0,0,0,0,0,0,0,0,0,0,0,0,0,0,0,0,0,0,0,0,0,0,0,0,0,0,0,0,0,3.26348091463479e-06,0.000710343564149787,0,0,0,0,0,0,0,0,0,0,0,0,0,0,0,0,0,0,0.000911530349505566,0,2.98257838850868e-06,0,0,0,0,0,0,0,0,0,0,0,7.1751399495612e-07,0,2.15078690839571e-10,5.85401565416605e-06,0,1.65029268366836e-13,0,0.000128225920321832,0,0,0,0,0.000451785580316276,0.0038302271056673,0.00417549339090382,0.000944732346118577,2.65225550245008e-05,0.00288149960556247,0,0,0.00530760219361934,0,0,0,0,0.0692298468601115,0,0,0.00164697044641339,0,1.03296362624519e-05,8.62022975078864e-05,0,0.0265241653038869,0.0271170506384538,0.000231969226382441,0.0132838114724165,2.17754974603203e-06,6.41612051945094e-07,0,0,2.75352772781357e-06,0,3.85638236074084e-06,0,0.000232816540353516,0.000194677910205491,0,4.46234972873539e-05,0,0,0,0,9.4113498232691e-10,9.26226989225958e-05,0,0,7.79649532941396e-06,1.54624001496787e-05,0,1.42428158618417e-07,4.25215642061034e-07,2.17395609279238e-06,3.12599162345019e-08,7.05855320972284e-06,0,3.15162829035124e-08,0.00201385602909521,0,0,0,0,0.000128980143361985,3.19110849250592e-05,1.86851297677002e-05,0.000154071247989571,0.000201091415092341,7.00160197593222e-05,4.64476718616662e-05,7.5546629270027e-05,2.32787191544783e-05,6.44212220705109e-05,0,0.000227256993508402,7.54233719669356e-05,0,0,0
P079,"Cemento, cal y yeso",0,0,0,0,0,0,0,0,0,0.000148797305789508,0.00212000461174176,0,0,0,0,0,0,0,0.063284105384303,0,0,0,0.000517327826674272,0,3.14955926266364e-05,0,0,0,0,0,0,0.00688855286937064,0,5.95644149777057e-05,3.46642422751922e-05,0,0.000851697426846491,0,0,0,0,0,0,0,0,0,0,0,0,0,0.00346574014049866,0.000668192504505366,0,0,0,0,0,0,0,0,0.00751232246741326,0,0,0,0,2.78253867728472e-07,0,0,0,0,0.00114720059365759,0,7.91831679002757e-06,0,0,0,0,0.00705999574737579,0.0338382300184373,0.311490444438178,0.0555903904613587,0.000151350937392019,0,0,0,0,0,0,0,0.00337726503025995,0,0,0.000139791147727028,0,0,0.00155234209188845,0,0.0704899930265862,0.0553627675617154,0.0715750828082574,0.079683267130349,4.26229131410387e-06,2.61214467380695e-06,0,0,0,0,0.000284987290573392,0,0,4.80035748534598e-06,0,3.07217104670999e-05,0,0,0,0,2.16664750105958e-09,1.78931516587992e-06,0,0,0.000705002084930335,0,4.38918807835576e-07,2.39399786542047e-06,1.11786834739758e-05,0,2.03818496400413e-07,2.73279259643953e-05,0,6.01837313428767e-05,0.00100877165374625,0,0,6.1836491258598e-07,0,0.00685462870286857,0.00020500333747861,0.00233420478840818,0.000480374112728727,1.02088125564285e-06,0.00012852376448397,6.4024395571225e-05,0.00135994762938271,0.000608705821599771,0.000104050084474653,0,4.02554496598382e-05,0.000208236094370777,0,0,0
P080,"Artículos de hormigón, cemento y yeso",0,0,0,0,0,0,0,0,0,0,0,0,0,0,0,0,0,0,0,0,0,0,0,0,0,0,0,0,0,0,0,6.36792451940282e-05,0,0,0,0,0,0,0,0,0,0,0,0,0,0,0,0,0,0,0,0,5.32134627419747e-09,0,0,0,0,0,1.360344125757e-06,0,0,0,7.41511506720218e-07,0,0,1.98366461627617e-06,0,0,0,0,2.10616058399471e-07,0,0,0,0,0.00012542417421217,0,0,0,0.00359509377935524,0.00543059681003236,0,0,0,0,0,0,0,0,0,0,0,5.86275361323349e-07,0,0,0.000862631745320317,0,0.0506971629483427,0.0665376693365001,0.0439625482401799,0.0303599636709871,3.48515661870893e-07,0,0,0,0,0,2.84705727650402e-05,0,0,3.96657938036686e-06,0,0,0,0,0,0,0,0,0,0,0.00043795148318837,0,1.52193691650899e-05,6.02521026482124e-06,0,0,1.42044833124542e-07,7.27021449649703e-05,0,2.72809991165014e-06,0.000565494553721797,0,0,0.0334840028475782,0,0.00365369096352103,0.000245305534501622,0.00247414763554579,0.000512034217925027,5.13819719238817e-07,4.55854714232137e-05,0.000291876367321013,1.43075462514704e-05,0.000539665078258769,0.000364347594157439,0,0.000293938517844841,0.000598084913893275,0,0,0
P081,Piedras talladas para construcción y otros productos minerales no metálicos n.c.p.,0,0,0,0,0,0,0,0,0,0,0,0,0,0,0,0,0,0,0,0,0,0,0,0,0,0,0,0,0,0,0.000147042646507818,0.00113043388925351,0,0,2.30122294823666e-07,0,6.4922339179999e-06,0,0,0,0,0,3.23007755559397e-05,2.96035787949736e-05,0,1.02852084596368e-08,0,0,0,0,1.68152399021252e-05,0.000253023507859542,1.02157126443638e-07,0,0,0,0,0,2.88143877879478e-08,0,0,2.14760876618557e-07,0.00191784429275006,3.06708415315482e-09,1.11231828246014e-05,0,0,6.15228389048261e-05,0,0.000106478519183534,4.33309437003688e-14,0.000422170164679216,0,0.00012696804422021,0,0.00010185931844033,0.000429383507839954,0.00136463106290225,0.000214174158332064,0.000260593533096397,0.0092078268595451,0.000625088164961701,2.77261742350548e-05,0.000452798458678431,0,0,0,0.0359554980446786,0,0,0,0.00116705781794151,0.000125445337070017,0,6.04018473257299e-05,1.6339200662845e-05,0,0.00123112195524506,0.00411450719859131,0.0252239920376413,0.0066223573872271,0,0.00321532868207176,0,1.24537463957445e-06,2.40497330773039e-05,0,1.92595879567018e-10,0,0,2.90337475252948e-06,0,3.63310097077856e-06,0,0,0,0,0,0,0,9.56245858653829e-06,0.000208795058878997,0,0,0.000156174653476207,0,0,3.14925380794145e-05,8.28693011689451e-08,0,0,0.00217352152949574,0,0,0.000617276388452538,0,0.00315474695694761,1.18642374383359e-05,8.73492313564507e-06,1.69738289764952e-06,0,0,4.12780015770046e-06,9.29069453864331e-07,1.32468179948754e-05,1.60293666750902e-06,0,2.54200554396444e-05,5.42553579023763e-06,0,0,0
P082,"Métales básicos de hierro y acero, productos primarios de metales preciosos y otros metales no ferrosos",0,0,0,0,0,0,0,0,0,0,0,2.00386268874208e-05,0,0,0,0,0,0,0,0,0,0,0,0,0,0,0,0,0,0,0.000586661621566788,0.00467411223983421,4.34960481589445e-05,0,0,5.86545526940127e-06,0.000123547745051939,0,1.1428223894897e-05,6.9888772591054e-06,2.25270788822857e-06,4.87195885204226e-06,1.30830316778395e-05,1.28980928594199e-05,1.03772407459638e-05,1.04095387716787e-05,1.56431304624712e-06,0,2.19708441252259e-06,8.47677286649626e-08,0,0.000165515541170793,2.40544557432778e-06,4.27699979789809e-08,1.40799472523331e-05,0,2.37185104869609e-07,0,1.97905406703926e-05,0,0,8.75950752710277e-06,0.00195968667411756,0.000790676495865162,0.000514721916052135,5.65505222668107e-05,8.22718086554902e-07,0.00292851491117088,0,0.000642467820936528,3.06405837174675e-06,7.69283053138621e-07,2.52074256253623e-06,0.00031611366783209,1.32950092494559e-05,0.000168274307171305,6.29022515785453e-06,4.84232361888339e-07,7.18057652855116e-05,0.000412472504751495,0.0380735354712507,0.0329449929455451,0.0364653509244443,0.0111001750612636,0.0494256070868062,0,0,0.0372305793117474,0,0.0385542749814253,0.0808482857467845,0.00638801612812431,0.00134337652706364,1.96633200657349e-07,4.76092186601557e-05,0.000583427342415243,0,0.0713041311901467,0.0881280429133465,0.0423526524857603,0.0387638808345936,3.75145120651378e-06,0.000112182999211928,0,2.18498243056764e-05,0.000352068266477455,0,0.000428781701638446,0,1.07131774517968e-08,8.43615989625283e-10,3.29050023966318e-05,8.39044014388015e-06,2.87077456224901e-05,2.18024711558379e-05,0,5.27251150595895e-06,7.98088411923403e-10,0,0,7.38509075519707e-09,0.00285538798470434,0.000755653035961261,0.00125026589273543,0.000124349785069344,0,0,0.000101550720417561,5.11251074659554e-05,0,7.02837477596501e-06,0.0171653313372536,3.61568937343391e-06,1.23247605288009e-06,0.00142067573249309,2.3351093358541e-06,0.000976294654757342,8.19013607729256e-05,0.00169901420105777,0.000131692747185394,0.00135806016379062,7.21283242194296e-05,2.84401657152085e-05,3.98201805180425e-05,0.000378640564796004,0.000351341859618987,0,1.65155043437276e-05,0.000207233476726637,0,0,0
P083,Productos metálicos estructurales y sus partes de hierro o de acero,0,0,0,0,0,0,0,0,0,0,0,0,0,0,0,0,0,0,0,0,0,0,0,0,0,0,0,0,0,0,0.000252222070780179,0.00158876854693751,0,0,0,0,0,0,0,0,0,0,0,0,0,0,0,0,0,0,0,0.000285599792877585,0,8.83865062857686e-05,0,0,0,0,2.5173601867229e-07,2.26038146669738e-06,0,0,0.000204552525400366,1.07943339238859e-07,0,0.000126513528191051,1.50534056013026e-05,0.000164903713583967,0,0.000281237139266841,4.01934252637525e-08,0,0,4.83650034621455e-05,6.45014254577186e-09,3.05580496266312e-06,7.64304573920287e-05,0,0.00107054671476258,5.94095237455823e-05,0.0262033504354576,0.0026649735063117,0.00155624676917349,0.00133269814382674,0,0,0,0.0311158275528456,0,0,0,0.000422108048163914,1.11883277554437e-07,0,0.000642886045092022,0.000472813778255825,0,0.0133384312741246,0.00442062156863744,0.0288327914744069,0.00549640004109723,1.59033476739325e-05,0.000544194046973636,0,0,7.75650381887415e-05,0,0.000240753671400587,0,0.00011429544712406,1.27546793329772e-05,5.50334706914495e-05,0,0,0,0,0,0,0.000203615062386569,0,0,3.04656101147769e-10,3.98645788775096e-05,0.000614482291252489,0.00110680097044869,0,0,7.46847476502757e-05,1.71388554130964e-05,0,1.7984259817806e-05,0.0209386871315576,0,0,0.0145118611470269,0.000688441455013891,0.0025833997297091,0.000388301173798717,0.00151293157668898,0.000402673701982717,4.7242098861248e-06,0.000247291019608993,0.000134285604309828,2.33888874603961e-05,5.73017524162408e-06,4.24978346214728e-05,0,0.000317763125153141,0.000104257887306003,0,0,0
P084,Otros productos elaborados de metal,0.00741460205195813,0.00817045773025017,0.00808332601437119,0.0148037526295161,0.00970362696617543,0.00193993368767817,0.0019661179116535,0.00189661750893414,0.00246594353822747,0.00235899521155409,0.00230419281293597,0.00102715622465252,0.001307591949408,0.000716346297406803,0.000398515154347127,5.47118931716734e-05,0.00156281325045672,8.19213545994529e-05,0.00307453215937304,0.00104056770123133,0.000429443486464456,0.000152946175365081,0.000935040454547943,0.00070180909920111,0.000944985319929887,0.00946361620143349,0.00585955115819825,0.00477925449063857,0,0,0.012094555274747,0.00665389616823783,0.000137714412014326,0.00167611580152793,0.00108447353439931,0.000298968687545984,0.00121132563518869,0.000557180585746059,0.000582771024960905,0.0117433121003854,0.00375694012130351,0.00944285072338861,0.000184216669640135,0.000162823865922104,0.000170151988162483,0.000189749741971572,2.2938133299242e-05,0,0.000676288849642425,0.000160726316138584,1.81568221388825e-09,0.000552361101106274,0.000948609347060459,0.00017081557361129,0.00323253900699147,0.0530471017931503,0.00989390143519421,0,0.00058338285499972,0.00191185840619025,0.00725895192138895,0.00152164792050195,0.00356596762942652,0.000413946645697485,0.00040707970508129,0.00137187851327482,0.000172293017188553,0.0187826373876315,0,0.00880263288946216,0.00011111069955283,0.0102476805048498,0.000958809502716889,0.00408607986667487,0.00367718558154643,0.00089610906801289,0.000379533873939399,0.00127024264536875,0.00153886356107566,0.0028902545246488,0.00115839681302559,0.000844729069181135,0.00399158861341755,0.00358567139475845,0.0339839239580068,0,0,0.00945019456100273,0,5.44180266983451e-05,0.0709945308465219,0.00225317935738987,0.0171943763430117,0.000457804273738962,0.000764336635157308,0.00132078960080453,7.13661923625837e-05,0.0015527127553378,0.00203111038646776,0.00293838370754165,0.00508480544781417,0.000588713999460654,0.000845755610065611,0.000289813691161384,0.000175466636679448,0.00490212250307429,0.000210864027298351,0.000459667843076171,0.000323241651118074,0.00222118212496533,0.000229647510690278,0.000118523866722813,0.00023489671345844,0.000108457217465028,6.22743686587237e-05,5.26286181350813e-05,0.000235009076103671,3.21747330446549e-10,9.12266981737258e-05,0.000101311613685276,7.93213869466048e-05,0.000235573766786901,0.000238569469633866,0.000183920429871344,0.00135800150288764,6.35108513550238e-05,0.000425523140214725,0.000308600779306817,0.00122880080240842,0.0002813615682888,1.15999709748897e-05,0.0240578684953067,0.0153218208562248,0.001062878161027,0.0582421009550693,0.00288258096796463,0.00144325016882437,0.000598936031310353,0.000804534366658727,0.00120007845654785,0.000401807196208509,0.000274746335698719,0.00093880836753908,0.000407231188102644,0.000451358490673529,0.00106530217086704,0.000136275151284465,0.000187329535403449,0.00171606744998157,0,0,0
P085,"Maquinaria para usos generales y especiales, sus partes y piezas, excepto electrodomésticos",1.35861143042997e-05,0.000270482062274287,0.000267597576853943,0,1.13765269769182e-05,0.000101768389427575,0.000103866637222917,0.000100195050146011,0.000130271567833826,0.000552411812906413,0.00132132496988707,4.39795155973988e-05,0.000390870531097215,8.68129382855271e-05,0.00030320816755489,0.00068576370447719,0.000781223426891823,4.7188573866911e-07,0.00233893996288375,0.000282058385885541,0,0,0,0,0,0,0.000142886251342504,0.00188174249861226,0.000151267880874982,0.000468601508736019,0.00104706946255969,0.000971866010682013,0.00138007210517651,3.32778725846451e-06,0,0.000314642240749656,0.000258542559940697,1.91962858803337e-05,1.32153972430977e-05,8.91173880952887e-05,3.13142948807971e-05,6.19851354506743e-05,0.000345381854263507,0.000350722512931742,0.000206201630501654,0.000206965896504465,3.66294926374152e-05,7.03364572520967e-05,1.82283668396295e-05,8.43304444953095e-05,2.07900494383527e-07,0.000299598657108979,0.000300942284086593,0.000141331030410336,0.000103752516230014,0.00186373469336193,0.000307208328358262,0.000259888457895513,0.000609292757336569,0.000230021323229701,1.74739323358957e-06,5.88212280925814e-05,0.000738984846163737,0.000241184541193821,0.000800270020912295,0.000226668028176515,0.000693222995478364,0.00659342893168745,0,0.00104462761968823,2.85894276286103e-05,0.00108949262875601,0.000208299731075864,0.00143040142870935,0.000966312663804502,0.000845696767293243,0.00309184618097807,0.000199508257199541,0.000452971944868856,0.000955856817337381,0.00039541988120264,0.0010497905681388,0.000865477777295153,0.000183662110597193,0.00593547096178151,0,0,0.0014286079896152,0,0,0,1.66091505029461e-05,0.000867374576307424,1.93819084981644e-06,0.000698460780682208,0.000888180670134928,0.000625659031292192,0.00023497261812103,0.000214280613439371,0.00040625274556151,0.00268529258953894,7.83113876680759e-05,0.00206502045298579,0.000100356130648912,8.75741518498023e-05,0.000358151621410524,0,0.00119212561206638,0,1.48144954325714e-06,1.69770281158947e-05,5.93847859559346e-06,1.69700737112391e-05,9.66522152768056e-07,5.62199899272629e-07,2.97205795828665e-07,0.000247311587161133,0,1.16590225780871e-07,6.09906959018865e-06,0.00111196228151433,0.000737566296912884,2.48578889879499e-05,0.000188408114299826,0.000988176925743695,2.99913207356352e-05,0,0.000245400463623636,0.000502955851999706,0,0.000863258303026728,0.0046668006239708,0.00227845255877713,0.000741168538256511,0.0161980133062095,0.000508248684446175,5.905970755642e-05,2.64501131221671e-05,0.000177700668703148,0.0001954798511916,0.00182105721519761,0.000156495577734526,0.00131118918229589,7.99760592003308e-05,1.63500493942303e-05,0.00135790039543213,0,1.62052595838255e-05,3.26343641711479e-05,0,0,0
P086,Electrodomésticos y sus partes,0,0,0,0,0,0,0,0,0,0,0,0,0,0,0,0,0,0,0,0,0,0,0,0,0,0,0,0,0,0,7.21925636115283e-17,0,0,3.36319753577461e-28,1.28095580013426e-27,0,1.04261180575754e-16,0,0,0,0,0,0,0,2.88653028025086e-17,2.54655976503256e-17,0,0,0,8.67410557753928e-16,0,7.59960911592272e-17,7.36647495236418e-16,7.2565831167406e-17,0,0,0,0,0,0,0,0,0,0,0,7.19239499443093e-16,3.76136893466754e-17,7.310551532867e-15,0,5.47059305354712e-18,0,0,8.4410105279316e-16,2.9130873734652e-14,0,1.70370621105783e-18,0,0,0,0,0,0,0,0,1.71161377951436e-15,0,0,0,0,0,0,0,0,1.08205299414293e-13,1.3016576135851e-16,0,0,0,0,0,7.91453402097692e-13,5.64301575126695e-19,0,0,0,3.4386318620856e-15,0,8.70044942718209e-16,0,1.06572538284824e-14,0,0,1.5042317837788e-15,5.60017701166624e-17,3.79572866514719e-17,0,0,0,0,0,0,0,0,0,1.69090942402175e-15,0,0,0,7.26891007686024e-16,0,4.18890043441953e-12,0,3.74986756596309e-12,0,0,1.15338146083712e-15,9.66353557480409e-18,0,3.41539871843124e-20,0,0,1.78609277636242e-13,1.36970303284258e-13,1.0662675745584e-16,8.90002255893542e-16,1.97008122215775e-12,7.63585111350618e-16,1.85525410106073e-15,9.73099164806738e-17,0,0,0
P087,"Maquinaria de oficina, contabilidad e informática, sus partes y piezas",0,0,0,0,0,0,0,0,0,0,0,0,0,0,0,0,0,0,0,0,0,0,0,0,0,0,0,0,0,0,0,0,0,1.1134048639496e-18,0,0,0,0,0,0,0,0,0,0,0,0,0,0,0,3.04547248611668e-14,0,0,0,0,1.413137230007e-14,0,0,0,0,0,1.56600855983173e-15,0,3.51041646314501e-15,0,0,0,0,5.34716417184936e-14,0,0,0,0,0,2.39333217341772e-14,0,0,0,0,1.35807033004543e-15,0,4.0507199569107e-15,0,0,0,0,0,0,0,0,0,0,1.17174295005115e-15,0,0,0,0,0,0,0,0,0,0,0,0,0,0,0,0,0,0,0,0,0,0,0,0,0,3.84523373958518e-18,0,0,0,0,0,0,0,0,0,0,0,0,0,2.65450996231622e-13,0,5.53340755807718e-15,0,1.92183887720933e-13,0,0,0,0,0,0,0,0,0,8.68930418965791e-12,0,0,0,0,0,0
P088,"Maquinaria y aparatos eléctricos, sus partes y piezas",0,0,0,0,0,1.4613144798589e-05,1.53463928632415e-05,1.48039124362219e-05,1.92477460745904e-05,3.75231051645947e-06,0,3.71927727010887e-06,0,0,0,0,0,0,0,0,0,0,0,0,0,0,0,0,0,0,0.000669985900725785,0.000447541210401424,0.00010178834839209,4.00838074523524e-19,0,4.58782707011186e-07,5.36803963368507e-06,5.63232928899883e-06,6.48503914436568e-06,1.44327105909087e-06,3.27435923392484e-08,0,3.14439142345578e-05,3.17708494815355e-05,4.4700336285319e-07,1.10638231235655e-06,1.60809025684367e-05,0,2.65572536802986e-05,7.08369564384251e-06,5.69480863375579e-07,9.51343189168299e-06,2.35205141886043e-06,2.84281536477271e-06,6.80336708875923e-06,1.77128020989514e-05,8.94441164332915e-06,1.76979872971396e-05,1.98704552014595e-06,1.76964248832969e-06,0,8.37936961217036e-07,0.000115496674279158,2.1818637801873e-05,2.10168596680056e-05,3.65301776632011e-07,2.43412685774193e-05,0.000753541646223078,0,0.000878163757574431,3.56521256227408e-08,7.17588467984212e-06,2.20006296343626e-05,4.60718817608577e-05,8.68381569888876e-06,2.53524053649092e-05,1.3975771620476e-05,8.67105321922224e-06,5.72211996769117e-05,7.91869026648288e-05,0.000251182928859456,0.000109861531705202,3.57109189284565e-05,3.13887830041733e-05,0,0,0,0.00338119626570695,0,0,0,3.53638304607583e-06,5.08997746826349e-08,0,0.000189487878834111,3.17465287264742e-05,1.01279027894113e-06,0.000128426822070222,0.000449514088610766,0.000243247757660347,0.000285439699380423,2.17909858573123e-05,9.59313366105599e-05,0.000152666315388662,9.84264422336928e-05,0.000187532010065491,0,5.90646160413395e-05,0,4.25553364303081e-06,3.95334687551575e-06,0.00022366409757581,2.25878434356122e-05,0,0,1.36815605191945e-08,3.60704189513707e-07,1.7694363360454e-11,4.33925612043325e-08,4.48611661607002e-08,0.000194925729956276,3.18481443551993e-05,3.11197393711259e-05,9.78899744993025e-05,0.000104237595019365,1.29239919447732e-08,0,5.9535222613171e-05,5.60252815023641e-06,0,4.07681857139927e-06,0.000913186311328385,0.000471075248027505,7.40754678560308e-10,3.43058936495253e-05,0.000276365872267397,0.000109549582126623,1.2731580341687e-05,1.65191310201648e-05,2.19354543254338e-05,5.08494216097725e-05,6.04850621495452e-06,2.06256657100844e-05,4.38706127082805e-06,7.07915188048756e-05,6.8301285689096e-05,0,8.82079312833998e-07,2.84127759240182e-06,0,0,0
P089,"Equipo y aparatos de radio, televisión y comunicaciones",0,0,0,0,0,0,0,0,0,0,0,0,0,0,0,0,0,0,0,0,0,0,0,0,0,0,0,0,0,0,0,0,0,0,0,0,0,0,0,0,0,0,0,0,0,0,0,0,0,0,0,0,0,0,0,0,0,0,0,0,0,0,0,0,0,0,0,0,0,0,0,0,0,0,0,0,0,0,0,0,0,0,0,0,0,0,0,0,0,0,0,0,0,0,0,0,0,0,0,0,0,0,0,0,0,0,0,0,0,0,0,0,0,0,0,0,0,0,0,0,0,0,0,0,0,0,0,0,0,0,0,0,0,0,0,0,0,0,0,0,0,0,0,0,0,0,0,0,0,0,0,0
P090,"Aparatos médicos, instrumentos ópticos y de precisión, relojes",0,0,0,0,0,0,0,0,0,0,0,0,0,0,0,0,0,0,0,0,0,0,0,0,0,0,0,0,2.35323471482613e-05,1.58412903665201e-05,5.32696712450088e-05,0.000119394721005174,0,0,2.67881927364142e-06,0,1.76783930950244e-06,0,0,0,0,0,1.14863622497079e-07,1.45017076227492e-07,0,2.24518223324493e-07,0,0,0,0,0,1.36407354901458e-06,1.82737803613943e-07,8.5658567101525e-11,3.42101987297312e-07,0,0,0,5.05269261090987e-06,2.83888325609235e-06,0,2.58193423469701e-08,0,3.10814290719744e-05,2.1500551046311e-05,0.00010434946496451,6.4863453134231e-05,2.25766233354962e-05,0,0,4.84676914991608e-07,4.37591223473293e-05,1.99480773698795e-06,2.90552419612012e-06,4.27937086830531e-09,1.28175439557277e-05,0.000169000298846465,1.10773894299679e-06,4.1657192739447e-06,0,0,0,0,1.51799353567871e-07,0,0,0,0,0,0.00283823569683993,0,2.08557844742211e-09,9.51733234238925e-08,6.76459019145219e-06,5.87441227918009e-06,5.08696861724488e-06,0,3.83757607679324e-22,6.69249113171818e-21,0,4.61426664230536e-07,1.36729431426552e-09,0,0,0,1.06192675297087e-05,0,1.44167754272366e-05,0,8.68868272579655e-05,1.94596316017743e-06,9.50234280213845e-06,1.43030841803308e-06,2.42005118376849e-07,1.64027981880174e-07,0,0,0,5.96644874411676e-09,0,7.03131993919783e-06,2.57707984202162e-05,2.98513280547274e-05,0,7.42684237126246e-09,0,0,1.27655179447926e-06,6.72557119706733e-18,0,7.92548160110408e-21,3.08516477599611e-05,8.08304917566742e-05,6.35027358091334e-18,0.000181661021139855,5.12439837808489e-05,1.6411986568466e-06,4.45540066633327e-05,3.02517937609822e-05,6.71242911019631e-06,1.53080495611818e-07,6.32567110726426e-06,0.000163891032964308,0.000214662057199567,0.000446258303670464,0.000698852833497031,0,4.9067863974047e-06,1.31502748899032e-05,0,0,0
P091,Equipo de transporte,0,0,0,0,0,8.72410573594766e-06,9.16185775543928e-06,8.83799477657814e-06,1.14909811849406e-05,5.33202996430237e-05,0,8.84917629416712e-05,0,0,4.22359899243023e-05,1.21498238892502e-05,0,9.56802758088419e-06,0,0.0002033131082543,4.93264755519812e-05,9.07742758064725e-05,0,7.10437739220803e-05,0,0,1.17567849827387e-05,8.93741568987715e-05,0,0,0.00025741103180153,0.000742972431655959,0.00160928882217062,0.000130000863093309,7.22139496405383e-05,0.000111480676518021,2.27499889555289e-05,3.905156103672e-05,4.18488520629942e-05,0.00019806735903521,4.23325552218602e-05,0.000126044457010739,7.21134768780316e-05,0.000106041416651587,0.000274858184776726,0.000305752301440511,3.89348124237953e-05,0.00011777226976253,4.22882160525335e-05,0.000109301569055983,8.72502191129469e-06,1.73302354925807e-06,0.000221728813465944,2.32119400212511e-05,9.20420195372502e-05,7.58288979113118e-06,0.000132231055606117,0.00016879085169356,0.000127668737760876,9.61922676073636e-05,0.000274537131800444,0.000264867479045629,0.000117914195540839,6.84729553980261e-05,5.2104322528999e-05,0.000618191440344001,0.000165487956086215,0.000165247854154303,0,0.000145755196027732,1.68236241142513e-05,0,1.99737019196432e-05,4.07701697441258e-05,4.70195766209596e-05,0.000174392574886256,0.000355255955576419,0.000239135405407513,0.000314426280500156,0.000394439926894111,4.58331086313253e-05,6.59842282467619e-05,0.0001468308044669,0.000304663462046133,2.06762181510275e-05,0,0,0.000404825150620765,0,3.59722852326002e-05,0.000127880689767442,2.40031445997944e-05,0.000232412128374893,1.22487191129653e-05,0.000192399979629004,2.56979045757511e-05,0.000266069603762263,1.04283615033076e-05,0,2.38925817165522e-05,0.000289807788143562,7.9008627250271e-05,0.000397274674029417,0.00173444317970391,0.00147909932164096,0.00169965607971324,0,0.000334149754270741,0.000553542023909088,0.000612027871267044,4.61378534589324e-05,2.68538458460873e-05,2.32487170717584e-07,3.7189944393373e-07,9.10272073118382e-07,1.53230569413644e-07,0.000116952352092963,9.08538617681627e-11,5.44416505453127e-05,7.35526616358396e-05,3.15099000184795e-05,0.000452962635990187,0.000101745588291194,0.000197073566859367,0.000138989584586658,6.21682859050511e-05,0.000100534951682344,0.000135244946363835,5.88145946329552e-05,7.11589226502586e-05,0.000272717494746688,0.00055905413249008,4.3857410008339e-05,5.48443062887678e-16,0.000686537532646599,0.000263345527339408,1.69733631695656e-05,0,0,0,0,3.6032104720954e-05,1.9879098545939e-05,0.000120719304405729,0.00017993700956118,0.000238703041720961,0.000144239382416202,0.000159471150118761,5.20908279424347e-05,0,0,0
P092,Muebles,0,0,0,0,0,0,0,0,0,0,0,0,0,0,0,0,0,0,0,0,0,0,0,0,0,0,0,0,0,0,0,0,0,0,0,0,0,0,0,0,0,0,0,0,0,0,0,0,0,0,0,0,0,0,0,0,0,0,0,0,0,0,0,0,0,0,0,0,0,0,0,0,0,0,0,0,0,0,0,0,0,0,0,0,0,0,0,0,0,0,0,0.00119194818803215,0,0,0,0,0,0.00385971762183673,0.00725642922302282,3.37935863844088e-05,0.00052273103257516,0,0,0,0,0,0,0,0,0,0,0,0,0,0,0,0,0,5.83346136883955e-24,0,0,0,0,0,0,0,0,0,0,0,0,1.37160130992447e-18,0,0,0,0,0,0,0,0,0,0,0,0,0,4.00320574542745e-05,0,4.92412648830195e-20,0,0,0,0
P093,Otros artículos n.c.p.,1.2527873700766e-08,0,0,0,0,0.000217002497703907,0.000229442003045237,0.000218727307475961,0.000282578358523433,0.000139543678861958,0.00277068627123668,0,0,0,4.42841448900394e-07,4.48220086438044e-05,0.000301055233302048,0.00044829893026943,0.00035053293990139,0,0.00177560003844294,0.00117903342152382,0.000198507824648018,0.000784847498370063,0.000251852315286947,0.00664430413222832,0,0,0.00011845817990409,0.000435170876047766,1.09303100056558e-05,4.82241200481891e-05,0.00571452281386279,0,9.15122669631493e-06,5.79115097968085e-05,0.00101826273333281,7.76631655806811e-05,8.77373710810249e-05,0.000302988559233951,9.85420510949936e-05,0.000267031000321203,0.00046597879713751,0.000495004051376075,0.000255476669522525,0.000224473173353456,2.05721134241316e-05,4.43734619945716e-05,6.0695481829763e-05,6.03620619112959e-05,1.5410770050908e-05,9.93303693065084e-05,0.000476769810706913,8.08325995448768e-05,9.35881055986494e-05,0.000801110980082731,0.000554821928736842,0.000677045517942489,0.00250446360951668,0.002002046347836,0.000718914712284678,7.74091708045532e-05,7.49381002872017e-05,5.05237333973461e-05,7.55157454670861e-05,0.000706251355184225,0.00110135919454092,1.49466421904746e-05,0,1.80933363691027e-05,1.00972919333772e-06,0.00108667119007836,0.00123476145469243,0.00120805776911389,0.00260787313948511,0.000381938803240701,0.00204972163503955,0.000154935616055672,0.000426179066425966,2.54615556839066e-05,9.26493057848469e-05,2.323486505465e-05,0.000510458754762053,0.000384243733716578,0.00113936204929699,0,0,1.12682457752646e-05,0,0.000107511773756526,4.68779890854711e-05,0.00017241336295218,0.0105871367200343,0.00366015927528881,8.19514313207088e-05,0.000217513387879485,0.00676531078279994,0.00265381035645962,0,0.000314936726048469,0.000903801907184426,0.000229684664145977,0.00125603978762427,0.000265392785649664,0.000399455341721894,0.000288719641304575,0.000388110635278476,0.00129030083799593,0.00196098411418184,0.00512224886484087,0.000705103271683485,0.000378352668895797,0.0367047631591589,0.000428299764638429,0.000315993526542239,0.000145536629032984,0.000397570939762658,9.4188328095133e-10,0.000587888314735547,0.00279998854740975,0.00442144534641767,5.19923116037249e-05,0.00101670785621152,0.00160982425352571,0.000178370045501945,0.000706332711383427,0.000845788245878508,0.000671550827028311,0.00857087676830566,0.000386037427254547,0.000860628432598834,0.000808742747260033,0.00295148473248512,0,0.000179413999353252,0.00574365441408656,0.00170459717588444,0.000610208557482689,0.000472928351816381,0.000291163723890279,2.64012272883806e-05,0.000593460726525557,0.00108284043633578,0.00224030594828987,0.00235580766364724,0.00535719448345973,0.000615263458725032,0.00176946889824016,0.00328551778080913,0,0,0
P094,Residuos y desechos,0,0,0,0,0,0,0,0,0,0,0,0,0,0,0,0,0,0,0,0,0.023633476752261,0,0,0.0469867320586195,0,0,0,0,0,0,0,1.04920141483119e-05,0,0,0,0,0,0,0.00119999208764261,0,0,0,0,0,0,0,8.139319344605e-05,0,0,0,0,8.57921361360185e-05,0,0.0172996407278285,0.00191957853053601,0,0,0,0.00265188937142125,0,0,3.62635355431601e-17,0,0.0114635614239459,0.00498581102068251,0,0,0,0,0,0.000222235651024198,0,0.00170604807025485,0.00166631544559332,0.000232765923064101,0.0106697002829239,0,0,0.000769719156775607,0,7.84200132644117e-05,0.0652668774976004,0,1.53076000749088e-06,0.000274217732562934,0,0,0.00088987605388788,0,0.00166236707273501,0.00160631479947347,1.6271814268578e-05,0.00081089842566924,0.023995664994229,0.000655078454503358,0,0.0211121225945463,0,0,0,2.35684184737428e-20,1.2769099113806e-05,0.00264266364345234,0,0.000885415503159381,0,0,1.28251350570504e-07,0,0,2.83015537367187e-06,0,0,0,0,0,0,0,0,0,5.70812641260602e-05,1.2829720327202e-06,5.10894980234809e-05,0,1.82571626467508e-05,0,0,0,0.000378592109133787,0,0,0.000454151391353392,0.000562924881856902,0,0.000113099107710566,6.04283513891723e-07,3.5409075988449e-06,0,2.16223530113777e-08,0,0,0,2.57621544027223e-05,0,0.000171882056373436,4.90007271381695e-06,0,0.000929580598199152,0,0,0,0
P095,"Generación y distribución de energía eléctrica, gas, vapor y aire acondicionado",0.00140346647989176,1.7126911610755e-05,0.00343255155443105,0,0.00134937818169332,0.00781919283570058,0.00751508802659137,0.00725879212182695,0.00942341185515376,0,0.0286331949138285,0.00843828257827719,0.00151041542018574,0.0123691541830833,0.000405011343385341,0.00105181088565046,0.00055495184590645,0.0308279967020724,0.0039581278043338,0,0.00329310941772743,0.00782307401198568,0.00693939416881814,0.0038295176591658,0.0164839789926271,0.00609101145939185,0.00032391325711298,0.00530647498757449,0.00308862621633212,0.0203099287792737,0.00211941884944851,0.0472442482638165,0.0398733651567825,0.00197790871000978,0.00236202120937227,0.0102232926469809,0.0123693104653817,0.021183822396858,0.0196464900122887,0.0219620305948931,0.00664093597479934,0.0143815847804569,0.00953855594523538,0.0109537917110481,0.00988898732629932,0.00946032873447171,0.0352697318078757,0.00753972426251788,0.0148433426084775,0.00530262257642545,0.00524092463268199,0.0135412632625074,0.0176956429301511,0.00523018641028828,0.0198422848086618,0.035896020827118,0.0100900105460859,0.00855158290225756,0.0357987499371962,0.0168438698187093,0.0113712300057544,0.0102123969653384,0.0246788116015847,0.0117885469059633,0.01325063732632,0.00444602554720276,0.0191577381629819,0.00130603534187656,0,0.00270370992412965,0.0020378432919152,0.0104184610208114,0.00874153677426439,0.0179397159604566,0.0130370314981376,0.0392633106411859,0.0439147238565901,0.0355137123349647,0.0752424974147292,0.0114120347981962,0.00315844649222601,0.0460851240683822,0.021273844468466,0.0253895190824144,0.00375514411037174,0,0,0.0169419945343892,0,0.00346223109846609,0.0205325387799822,0.00895113039049462,0.022195437229635,0.0157476319091268,0.0360845984207933,0.092639847708915,0.0120333539517512,0.000844094470223515,0.00455697669944281,0.000634903472289979,0.00364346564915456,0.00917022927817416,0.0108459795314726,0.00920436883829957,0.00762405731911048,0.00461625858978972,0.0376744022273326,0.0222423424024382,0.00391105182512672,0.0478497667567785,0.0131688581906712,0.0017969082442922,0.00839649070219532,0.0155855030225198,0.00968124620537881,0.00220959221253792,0.00665655371203629,4.13766492630098e-09,0.0257459849124648,0.00498437832218793,0.00606813298278039,0.00654764865676069,0.00724294112986321,0.00751735847233683,0.00599280008476371,0.00262682911753135,0.00385750877672439,0.00219031069502296,0.0175522434273751,0.0195589834485272,0.018715946474562,0.00627582894990612,0.0126103779909028,0.00140369140936455,0.000864899420463011,0.0617675624620114,0.0594568825961865,0.0121657185348966,0.0112182236985029,0.00868419625364149,0.00554823962065651,0.00568138863652716,0.0173716232594357,0.0095170815523118,0.0150721273659702,0.036445680626887,0.0283894244488602,0.0169429446791524,0.010882657359225,0,0,0
P096,Agua natural y distribución de agua natural,0.00610194645955143,0.00394667319495178,0.00390458492782611,0.0161844442951757,0.00797612241068317,0.00470263716202733,0.00461902303571349,0.00445574495394161,0.00579326903047352,0.0412217286214369,0.00494622404619025,0.0213135614705529,0.00195875197474392,0.00699206051685602,0.00552623517851314,0.00330675707834922,0.00521785614725053,0.00333897270888095,0.00362677592789737,0.00255859132814798,0.000647815219514237,0.00567850477006931,0.000678810117558557,0.000941964312867869,2.75918078750048e-05,0,7.82816796049149e-05,0.00171239357715643,0.000296214742544108,0.0019406022446237,0.000186061821523767,0.0023862055251181,0.00541582622954632,0.00192143241561893,0.00125242009088396,0.00121366163981505,0.000547066398418928,0.00101120923961192,0.000703298840288476,0.00474706734375639,0.00146242971701723,0.00381385261585891,0.00117465198187443,0.00137984929300417,0.00216684194455079,0.00221777105272883,0.000608675136369462,0.000369224008162251,0.00337344341561366,0.00159652221951818,0.00173026415815466,0.00400587873216859,0.00342068051781349,0.000189294909958395,0.00200106498196968,0.0025308752872144,0.00595108633002564,0.00603212027006965,0.00278835460263783,0.00104424171434956,0.00179251875629787,0.00358719275002057,0.000436305807408374,0.00173608654202281,0.00210181349385588,0.00191879906838437,0.00125460622682359,0.000111357248346717,0,0.00023052798636076,0.00012659574396779,0.000515045391049548,0.00242751153413411,0.000789079949505794,0.00159022297361584,0.00309715096689994,9.9567503770965e-05,0.0063161720312039,0.000500418957220697,0.00720040409093256,0.000612739759428825,0.00117986355118117,0.00240946394717517,0.00414636072337095,0.000127450437923726,0,0,0.00166855925184561,0,0.00144795763105052,0.00130707006651276,0.00335557715944051,0.00513141297722921,0.00734774304732351,0.00134541374580806,0.0156676460216753,0.00959542809520466,0.00119300657730155,0.00167853064437134,0.000165361647646789,0.000610483034886028,0.00254888292261902,0.00360893483176543,0.0040047548173893,0.00322615521887795,0.000397984470304846,0.00352059445441824,0.00254278349799145,0.00233643764900125,0.0129930607423508,0.00392804559819521,0.000261986903434915,0.000477349229128772,0.00193713250536381,0.00109065304499741,0.000274385982639447,0.000424085807220583,1.78031353542299e-08,0.00854563447843745,0.00152582786328762,0.00129336303280317,0.00121500484283383,0.00268510980357616,0.00358531715068385,0.00182585128564411,0.000882245787196038,0.00117424712317553,0.00141494315083471,0.00828630860094901,0.00342176627619402,0.00336996115404812,0.000650423853797872,0.00222584245871525,0.00171973427287585,5.44679924717036e-05,0.00934740861250643,0.00319951189919685,0.0138379842920619,0.00564458021445885,0.0089148980711425,0.00450899971384681,0.00312420242875403,0.00714070017418695,0.0047300715551598,0.00604902050581115,0.00496229807478537,0.00289282081516428,0.00222372021554631,0.00261520930888416,0,0,0
P097,"Evacuación de aguas residuales, recogida, tratamiento y eliminación de desechos",3.1426816307716e-10,0,0,0,0,0,0,0,0,0,0,0,0,0,0,0,0,8.7119466234473e-08,0,0,0,0,0,0,0,0,3.33292701327027e-08,0,0,0,5.39836473287494e-06,0.00144014260707356,0.000818423730759039,7.73814179037149e-06,1.86781997512557e-05,0.000371903870787028,0.000379481225213168,0.00134211989506057,0.00151621518885713,0.000334935142984507,0.000109423873872336,0.000215470387028256,1.67448345127328e-06,2.04728692150779e-05,0.000537320414767598,0.000511813990957477,7.59735271011067e-05,0.000329995011591756,0.000592924534847306,0.0013226652995711,0.003157981629618,3.64070508369216e-07,0.000473924955173073,6.2897076120457e-07,0.000134379291075712,6.27142964791319e-05,4.91345251469008e-07,4.23452096263772e-07,0.000407141744787238,0.00148249598228872,5.39851605088612e-05,0.000361399197996293,0.000213840275001283,3.7057464052113e-05,6.20867533180366e-05,3.29858010628578e-05,0.00086399992765582,2.84994107626054e-06,0,5.89985104078345e-06,0.000224186132546998,0.000363814619919883,0.000119897704921798,7.32007248253268e-06,0,0.000171341011449871,0,0.00192977206542238,0.000400947697311685,0.000314021579602019,6.52387758238784e-05,0,0.000149450660806117,0.00107361219519263,0.00029246771237585,0,0,1.7047530080999e-05,0,0.00577983336544255,0,0.000681281752219786,0.000254146565346446,2.93134476557917e-06,0.000231360498159613,0.00230879438958667,2.82990829992134e-06,4.42357550673976e-05,1.20380297798074e-08,0.000122742694078709,0.000253741216224006,0.000287800253822749,0.00182498364035141,0.000332849081654625,0.000182723785994857,7.58278664744568e-06,0,0.000577316835673037,0.001214747829874,0.00188827330049571,0.000889991486785323,2.91547627643749e-05,5.15714376850607e-07,8.58763196112558e-08,4.17198635394474e-09,4.82413469316171e-08,0,0,0.000133291773309829,0.000290234063684316,4.18570804351443e-05,0.000201275488458952,0.000105342072384893,0.000218646214400781,0.000482177423687422,7.02987815460079e-05,0.0001651044426953,4.19980996171618e-05,0.000853985628540917,0,0.00159133995710345,0.000213880139426905,0.000548918511962492,1.93476084262811e-07,0,0.00324935543350541,0.00031912043102629,0.000929686891986497,0.000529504888404151,0.000246894687911517,0.000590300497218159,0.00046607395044887,0.000894648829429176,0.00292278105345534,0.00763978241559443,0.000392437012748389,2.84669808990557e-06,6.77663176549411e-05,0.000971097904927433,0,0,0
P098,Edificaciones residenciales,0,0,0,0,0,0,0,0,0,0,0,0,0,0,0,0,0,0,0,0,0,0,0,0,0,0,0,0,0,0,0,0,0,0,0,0,0,0,0,0,0,0,0,0,0,0,0,0,0,0,0,0,0,0,0,0,0,0,0,0,0,0,0,0,0,0,0,0,0,0,0,0,0,0,0,0,0,0,0,0,0,0,0,0,0,0,0,0,0,0,0,0,0,0,0,0,0,0,0,0,0,0,0,0,0,0,0,0,0,0,0,0,0,0,0,0,0,0,0,0,0,0,0,0,0,0,0,0,0,0,0,0,0,0,0,0,0,0,0,0,0,0,0,0,0,0,0,0,0,0,0,0
P099,Edificaciones no residenciales,0,0,0,0,0,0,0,0,0,0,0,0,0,0,0,0,0,0,0,0,0,0,0,0,0,0,0,0,0,0,0,0,0,0,0,0,0,0,0,0,0,0,0,0,0,0,0,0,0,0,0,0,0,0,0,0,0,0,0,0,0,0,0,0,0,0,0,0,0,0,0,0,0,0,0,0,0,0,0,0,0,0,0,0,0,0,0,0,0,0,0,0,0,0,0,0,0,0,0,0,0,0,0,0,0,0,0,0,0,0,0,0,0,0,0,0,0,0,0,0,0,0,0,0,0,0,0,0,0,0,0,0,0,0,0,0,0,0,0,0,0,0,0,0,0,0,0,0,0,0,0,0
P100,Obras de ingeniería civil,0,0,0,0,0,0,0,0,0,0,0,0,0,0,0,0,0,0,0,0,0,0,0,0,0,0,0,0,0,0,0,0,0,0,0,0,0,0,0,0,0,0,0,0,0,0,0,0,0,0,0,0,0,0,0,0,0,0,0,0,0,0,0,0,0,0,0,0,0,0,0,0,0,0,0,0,0,0,0,0,0,0,0,0,0,0,0,0,0,0,0,0,0,0,0,0,0,0,0,0,0,0,0,0,0,0,0,0,0,0,0,0,0,0,0,0,0,0,0,0,0,0,0,0,0,0,0,0,0,0,0,0,0,0,0,0,0,0,0,0,0,0,0,0,0,0,0,0,0,0,0,0
P101,Servicios generales y especializados de construcción,0,0,0,0,0,0.00061624454217304,0.000650919544470994,0.000627910156168034,0.000816396023392262,0.00697048616503819,0.00992860604904634,0.000564147362051199,0,0,0,0,0,0.000872772543766435,0.00718737674967367,0,0.00277530562517248,0.0013979232502829,0,0.00399877110491383,0,0,0.000232982449154695,0.000159107422473529,0.000469648259349701,0.00307682345061516,0.00973756715850418,0.0100089539350543,0.00293764916484014,5.70755855496483e-09,9.27736179827092e-07,0.00421072343254834,0.00487520439904108,0.00172451122453979,0.00195310563181511,0.00699927593605082,0.0021727674663501,0.00573225730362798,0.00404532778544002,0.00414363034273128,0.00245507365355102,0.00248152167828316,0.000462742268448446,6.62200203563583e-06,0.00306623659352657,0.000939883657318724,1.36437819884648e-08,0.00519636571003036,0.00242582917169473,0.00210051534755485,0.00308462918316605,0.00946639342331196,0.00183201018261747,0.00259315598361157,0.00427193314927957,0.00788403007303629,0.0102632612200117,0.00224552254935729,0.000749222851134535,0.00101201661675356,0.00126655432922102,0.00134423037355648,0.00615711540878274,0.00577223174372273,0,0.0118408083383442,0.000892590790071035,0.0043162668431937,0.00229960230668794,0.00148698037372012,0.00408176136704607,0.00417938346060547,0.0024783562736919,0,0.00481591680098041,0.00108131642532814,0.0400948695797269,0.000571881970100865,0.00561511737757199,0.00104122160448135,0.00115486079938414,0,0,0.00262246865259491,0,0.000369797152450955,0.011725533801677,4.88394165146279e-06,0.0015747947269161,1.76114816160544e-05,0.0169088896364745,0.0278984552917281,0.00475747924664711,0.00757513551909001,0.052046605969168,0.0651532828228003,0.0523150431317308,0.0102144289557034,0.00506901632207398,0.00120000303845111,0.00571820347630615,0.00465821911468011,0.00634225763416507,0.00854820259008496,0.00417787402432274,0.0436415169155096,0.00790812523167607,0.00880674655250597,0.0178424432718616,0.0133524072535273,0.00835026441514541,0.00223117475101522,0.00282194571626671,0.0448950353668203,0.0587555450645991,0.00522368288530053,0.00233591304077293,0.0019267071236373,0.00866780931607148,0.00810591924789368,0.00214589641474888,0.00148192093316716,0.00929623490036908,0.0037943512057577,0.0142835536974024,0.00656661003113812,0.00705078724996632,0.0335426027361753,0.00560213022620655,0.00239503779447528,0.00413120743474336,0.00111806097686382,0.118995558345786,0.037651993191585,0.219614934281269,0.00462948489135987,0.0110862139217123,0.0075314657783648,0.00739416378135862,0.0123209293633922,0.0107814720542202,0.0239456866798124,0.0239116152986356,0.038354192852318,0.00172963897743882,0,0,0
P102,Servicios de comercio,0.0439820413383852,0.0513584771056325,0.0561983715612629,0.0582682046711889,0.0504272312627925,0.0330520936720147,0.0353993104600763,0.0297322452752831,0.0709112373937644,0.0357388731002166,0.0277802085696934,0.0399048876965956,0.0248412994702576,0.0365826683140823,0.0394459716054028,0.0175315608477374,0.0265352397346317,0.0362401744011213,0.0612703487341212,0.053043569479125,0.0248280300247317,0.0328107282229863,0.036346287033387,0.0703063323501419,0.0217212499654534,0.0462558501121996,0.0161361305228771,0.0304372343389926,0.0684599157973306,0.0430717642092561,0.035173559907484,0.0370432308396353,0.0436048111253064,0.0208775508751551,0.0356992680833726,0.0561347536742342,0.0473417626807236,0.0581916629461075,0.083008170308694,0.0870985429270692,0.0525578959932723,0.0631441851605893,0.0229612630389626,0.0280078702083395,0.0621617890090923,0.0587534053474481,0.014186890775615,0.052479585584026,0.0528055339911306,0.0607991222429701,0.06767449108814,0.00874888262747909,0.0481491491670758,0.0439933599951056,0.0451885796562141,0.0497327865511022,0.0608534212561852,0.0273164156956394,0.0503493978732334,0.0422728529856264,0.0482145396560309,0.0503338948947595,0.0601353414386804,0.125410009404193,0.112865627883024,0.0452278044983621,0.0827604039290811,0.0171550616542926,0,0.0386384257721626,0.0676737259335829,0.0637786423598296,0.0552393809705,0.0383080285234892,0.0660092585091702,0.0456874482675752,0.0711462446829974,0.0704337904126006,0.0349176305695252,0.0511203861876037,0.0493452272487832,0.0812335570680642,0.0655717108369458,0.0685854492709627,0.0863442162553743,0,0,0.0817252866153506,0,0.083470830976405,0.0613802423534696,0.0462719395033224,0.0516074837269429,0.0375435169399236,0.0250677312855229,0.033249721007704,0.0460970338986761,0.052471553062067,0.0618822272194387,0.0466216148290404,0.0558464886091161,0.00926148473180912,0.0357942747243739,0.0814846034961094,0.0851485208055141,0.0351737893230949,0.00653794141460994,0.0193021932914154,0.0285933517889878,0.0374363712323464,0.0544708005620521,0.0132389348969282,0.0165756048179879,0.00645614656527258,0.0038563387928013,0.00111880917205983,0.00586476377746544,2.48403855166261e-09,0.00532908877516189,0.00862624858146978,0.0253926530448725,0.0140248946738743,0.00765129273506086,0.0199205473216027,0.0150643843504243,0.00454826471207203,0.0102658265642875,0.0091179402269616,0.0167821611416278,0.00387674693085385,0.0141114403359228,0.0954807329860242,0.0367720989561848,0.00783111766089462,0.0689112413730377,0.0375416850678116,0.0289975036839321,0.0093885574873995,0.00938854852672071,0.0106811093802274,0.00619072553957122,0.00769057298954757,0.0221628252249695,0.0291966653053995,0.0282517990707739,0.0260505856986516,0.00874962145669432,0.0149688567088283,0.0121626622436949,0,0,0
P103,Mantenimiento y reparación de vehículos automotores y motocicletas,0.000144099304464971,0,0,0,0.0001885782073352,0.000190766805855961,0.000200527327776642,0.000193438877000567,0.000251505296420888,0.0190422127462523,0.00199139271915718,0.0005180538762461,0,0,0.000353898152687259,0.000541324178784583,0,0.0167162014772613,0.00741477999099919,0,0.000513473434611557,0,0,0.000745516838453391,0,0,0.00508967655006074,0.00360134343982284,0.00104673774064057,0.00685753042395232,0.000263212495772517,0.00156284009815978,0.00804420597682316,0.0031032924292232,2.56313430495503e-05,0.00540919331717361,0.00557042909653071,0,0.0073756123804302,0.00418476015359802,0.00122241285435112,0.00313187967104962,0.00144436994699392,0.00211959490946217,0.00167494085210936,0.00152614780381506,0.000464950690675063,0.000658720846720476,0.0011202975491199,0.000788252710136031,8.29246342529235e-05,0.000269565393554158,0.00485826814103914,0.00150567568088451,0.000719033404532411,0.000123737049746655,0.003142717440815,0.00342292448932678,0.00124596846958417,0.000738606639155706,0.00683136985589145,0.00137797421305976,0.00291084178510881,0.000551834018643225,0.000614170742937878,0.00314014836200115,0.0053365002647817,0.000121942643455096,0,0.000252067553398082,0.000297330828448071,0.00423291894702967,0.00182958395462981,0.00281500426575795,0.00166325214955027,0.00277828479318573,0.000502600077267623,0.000384889807056901,0.00525656215383533,0.00984761185452365,0.000194676028127939,0.000387599359468367,0.000977054734035761,0.00201569058351594,0.00203395954485063,0,0,0.00121550039977209,0,0.000432701370791009,0.000544231473572397,0.00297555398574366,0.00124412924130993,0.0384998683097258,0.000650833723555053,0.00359454903122971,0.0404913344864395,4.30742586708734e-05,0.000103983856244141,0.000880862128685842,0.00511628674503542,0.00419840458658443,0.0037596096127084,0.0403164607275055,0.0345548143277276,0.00204476748389663,0.00535684532121539,0.00186457584718341,0.01529319078008,0.00520651326179949,0.000821053104643982,0.000785990426563736,0.00146780029704513,0.00120708634282918,0.000775401457140297,0.000245819584317884,0.00343961237222755,1.01679496466942e-09,0.002494531732154,0.00205721693550275,0.00571792077923153,0.00429073012587483,0.00138466973306108,0.00201486801576481,0.0317123601266643,0.00156680198269006,0.00548260797157926,0.00819561014045325,0.00260703577222309,0.00138349124751299,0.00554627685060285,0.00616271606423805,0.00347961465049659,0.00335732397795516,0.00347938333625729,0.000183983956981684,0.00528422309029684,0.00293095479085391,0.00310953532218482,0.00707809777240258,0.00120193944898935,0.0013802481941653,0.00168113627763362,0.00181220193199,0.00474959763200323,0.0034463836326359,0.00336819286353542,0.0138727196455843,0.00176857830066364,0,0,0
P104,Servicio de transporte de pasajeros por vía terrestre,0,0,0,0,0,0,0,0,0,0,0,0,0,0,0,0,0,0,0.00700087931043724,0,0,0,0,0,0,0,0,0,0,0,6.46597856456121e-10,0,1.97350159470938e-06,0,0,1.97281704719499e-07,1.58641680485932e-07,0,0,0,0,0,1.55070979710386e-06,1.92661738454495e-06,0,5.37565518582586e-08,1.85375017397652e-05,0,0.000151277197901199,0.000162154891922912,1.25518389405829e-10,0,2.12896458726798e-05,8.03086094327335e-10,4.30773306491549e-05,1.22316731376974e-05,0,0,1.95663542995336e-05,1.84732879664691e-07,0,0.000219106214302591,1.50317803192484e-07,8.12176028662556e-05,2.24358144558946e-05,0.000504420016528352,3.6187923877086e-07,0,0,0,3.64393317493792e-08,3.08445689173787e-06,0,1.96642814164529e-05,3.66731941485922e-08,2.54229516293216e-05,0,0,9.27959773219101e-10,0,0,0.000391387568304798,2.82278259304392e-07,1.90406404470163e-06,1.42174843426811e-06,0,0,9.09638448281694e-07,0,0,0,8.22383380487197e-08,1.01433302617548e-07,0,4.56749821067398e-05,0.00010182934462045,0,8.52269298298195e-07,2.0574294469625e-06,0,2.32977848733817e-06,0.000575133583338107,0.000618133669932639,0.00398453941341134,3.77742549989635e-05,0.000211355499398293,5.63408319200659e-05,0.000895339333760278,2.92196268673147e-05,1.91446362368032e-05,7.8410775046658e-06,2.54034708210058e-05,0.000122038499297165,0.00175342072018975,0.000795713710934395,7.17703425224017e-05,0.000234775966883735,0,4.22446729786475e-05,0.00020029096307004,8.97622026956098e-05,0.000517609663335201,0.000312625995299326,0.000194498178359272,0.000283549412406396,0.000210527638418639,0.00180927995306028,0.00046391003691951,0.000191780509711096,5.8632097504905e-06,0.000557119932166633,1.03213254599159e-06,6.81963418807711e-05,0.0022439403739154,0.000133694211517062,4.40411664223291e-06,0.00297240647804233,0.0143241652332477,0.00394841420956455,0.00199766018936369,5.02257206954507e-05,0.00146303238341795,0.000149060910827098,0.000601475628081995,0.000682750013464839,0.00492991195847254,0.000387239784089121,0.00117412491673732,0.00147244046496355,0,0,0
P105,Servicio de transporte de carga por vía terrestre,0.00352566389117917,0.00514809792508209,0.0074902139761213,0.0211189455204457,0.00429668748802801,0.0101508185361247,0.0113866099202589,0.0100372724668384,0.0143231302695557,0.0251146502991307,0.00521872731511432,0.0375099223968806,0.0141154340139234,0.00430860281346001,0.0537866258026127,0.00745089032264473,0.00946899780970724,0.0118158634279332,0.0192803919007484,0.0018012119662346,0.00239104053455313,0.00536745418898146,0.00637604384148571,0.00376113749588159,0.00205403232603798,0.00330797958060379,0.0440018812172487,0.031005122915017,0.00135884775626189,0.00596693870266823,0.00203544511971885,0.0046996384885243,0.00523700166637522,0.033799074482052,0.0143082365678126,0.0198678694985811,0.00673680272014077,0.0165923296327918,0.0124318057256077,0.0145045663388216,0.00980662966507618,0.014979573116558,0.0100840290737033,0.0119202151046808,0.0239762016495562,0.0225687575356741,0.0464218915947821,0.0115268292055223,0.0202011642804183,0.00930141256445604,0.00485504569292469,0.0442560491618143,0.0133532387539814,0.0066460300568731,0.00859780878360969,0.0151745815411311,0.0364883685730429,0.0349800821972206,0.00360301374774211,0.00841604795067612,0.00698312439995433,0.00404643784963737,0.027388859451499,0.0205818106598537,0.013256418297362,0.0112743007094432,0.0102393308358127,0.001091838205883,0,0.00221683518758508,0.00778000220415586,0.00678091679230631,0.00432899693058022,0.0296336383696284,0.0137689061892778,0.0095375714062437,0.0527561308247236,0.0228861065044991,0.0405517486841564,0.0135564890264075,0.00778224386407188,0.021256917627835,0.00623660632585436,0.00622214659597587,0.00386298083719032,0,0,0.0026442743369588,0,0.00713595661609445,0.000785083710929754,0.00564825684158305,0.00512414161391904,0.000990672100448822,0.00171899311607787,0.00280674470791946,0.00139053679851028,0.00354942235870869,0.00497394858129484,0.0202671876890589,0.0104705023598016,0.0154977322206988,0.0045263778102095,0.000725262653369213,0.00763095704986939,0.00220288601514411,0.0175834216385518,0.0423325112359981,0.0508191419271677,0.00283394780681004,0.00653120639724217,0.00127472512560353,0.000548773591628571,0.00996596145334237,0.00650866908167495,0.000819168397986817,0.00115960474509368,1.13665375359505e-09,0.00220632811590206,0.00106387450993519,0.00357468190117386,0.00632733151390668,0.000375559601853856,0.00477671152481564,0.00217330662264384,0.000822464785827615,0.00212528862100916,0.00187764602123137,0.000837626155356398,7.98697123232235e-05,0.00262415730372758,0.0175680572312353,0.00127909712636122,0.0053248870061467,0.00156146445950019,0.00296838610771718,0.00345662171009424,0.000728259478618523,0.00321587737378677,0.0015487669555762,0.000117514211697054,0.000583270326069557,0.001915093605799,0.00116133150525173,0.00161651517133828,0.00260067487046088,0.00141593783500483,0.0071409291365883,0.000604469443834537,0,0,0
P106,Otros tipos de transporte,0,0,0,0,0,0,0,0,0,0,0.000544956690973868,0.00018148057866113,0,0,0,0,0,0,0,0,0,0,0,0,0,0,0,0,0,0,0.000886679074296924,0.00066021135812479,0.000439917182217349,0,0,2.23190567274967e-05,1.41869311073501e-05,0,0.000292185533537654,7.5238977469946e-05,2.37974514951972e-05,6.16481792578143e-05,8.86449927916337e-06,9.19150395527782e-06,0.000379451536066515,0.000344652206993202,0,2.39374714808351e-07,2.13950661612251e-08,0,0,3.45018963520351e-05,0.000104569534545551,0.000144087017740178,0,0,6.87904278668652e-05,6.94872323050003e-05,0.000373591416906995,6.86583016595312e-06,0,9.93260343650301e-05,6.98457688070439e-05,2.67234521306406e-05,3.30402692417011e-05,7.72364779564466e-06,3.51194789287642e-07,0.00143181696876818,0,0.00108173520125018,9.73407401783815e-05,0,0.000166625579523875,1.08553106784818e-05,0.000308957377593752,2.8984502065532e-05,0.00134709401406027,0,0.000442960202076486,4.94070422180968e-06,0,0.000273162780011752,0,0,7.72096970973455e-05,0,0,0,0,0,0,0.000210778772525386,1.44985862111972e-06,2.10519011070264e-07,0.000106925872990329,4.20411286741191e-19,0.00105557872410807,0,0,2.43149130008466e-09,2.7836157579731e-06,0.000142150791351845,0.000114041766449366,0.000127373946678881,0.000348457526819353,0.00118393237062463,0.000169999767449045,0.000115159752894725,0.00995113432338202,0.000501447827360658,3.35026145992544e-05,0.000129054062569409,0.000410986057942479,0.000278412711429049,0.000221454983617312,0.000108669617842787,0.000891405896002715,0,0.000272335875305008,0.000139848669694059,0.000274375522185612,0.000571394363081137,0.000267605774325466,0.000782333729939537,0.000340955837716443,0.000214695897378171,0.00129302918470348,0.000179769632434002,6.30002409502289e-08,9.61619706036761e-05,0.000423302436311531,2.75895091928215e-05,6.72586774591448e-05,7.29124702750316e-06,0.00186440250321559,7.46301411832373e-05,0.000128078916226641,0.00169643586277276,0.000335367403296918,0.000110119643596887,5.37413199810579e-05,0.000175986615991282,0.000206640146017106,0.000391634921962968,0.000715150799178988,0.00193575720974254,0.00706160395311939,0.00224982544030424,1.040053734817e-05,0,0,0
P107,Servicios de almacenamiento y depósito,0,0,0,0,0,0,0,0,0,0,0,0,0,0,0,0.000980449398758571,0,0,0,0,0,0,0,0,0,0,0,0,0.000149256684080957,0.000977830656451768,0,0.000677002252444653,0,0,0,0.00165317420502971,0.00166444474681036,0,0.000652702610042625,0.00368358373072932,0.00112941377919304,0.0033282004600254,0.00117377463376146,0.00128334269769392,0.0022469707997721,0.0022414329248633,0,0,0,0.000486607991807012,0,0.000535597249470157,0.000356198493116883,4.42944709739914e-05,6.30127443349811e-05,0.00471516055836221,0.000603315065503533,0.000738308558865806,0.000150696703273102,0.000140579027728579,0,0.00391296994248757,0.000449629480536752,0.00175052872780744,0.00142369070202211,6.45996638113935e-08,0.000154309484634017,0,0,0,4.06843182038966e-05,0,0.000797026308805107,0.00312017718180956,0.000362338392417539,0.000337619077668791,0,0,0,0,0,0,1.29887899674124e-05,0,0.000105295199193447,0,0,1.15252053370709e-06,0,0,0,8.95151953994617e-07,1.66904654878101e-06,0,0,5.50854903639788e-06,0.000511841668782462,0,0,0,3.20324900297765e-06,0.000763674278578717,1.00353698470339e-06,0,0.000977000833499348,0,0,0.00692240469768336,0.00241917697543341,0,2.76900075889014e-05,1.4150479204408e-05,3.45991664228175e-07,0,0,0.00020912221223718,3.53268934462492e-05,0,1.68209096016195e-07,0,3.67563541525525e-10,0,0.000115094590899386,4.70506279540578e-06,0.000630479210839186,7.98736568998766e-05,0.000656641312998793,2.25059300090881e-05,0.00185137347342259,0,0,5.21502829363979e-05,0,8.12813123656421e-07,0,0.000312327269412478,0,7.03616131166386e-06,0.000124348722988712,3.80689115817861e-06,0.000503164122495813,8.14927323722237e-05,6.26436444219809e-06,4.6794908554417e-05,1.90240187349872e-05,2.38240378529115e-05,0,2.54582997267114e-05,0,0,0,0
P108,Otros servicios de apoyo al transporte,0,0.000685549685997413,0.000678238820139789,0,0,0.00381943454966591,0.00420680413069464,0.00405809759610085,0.00527625601760108,0,0.00153778341421381,0.0127742051080795,0,0,0,0,0,0.00149804035801675,0.00788518348983171,0,0,0,0,0,0,0,0,0,0,0,0.00435436462993148,0.000253612278504443,0.00425743652862706,0,3.90971679399167e-08,0.000292047415377537,0.00461581351176445,0.000949508476147927,0.000962648230293406,0.0134955103755514,0.00458365850300694,0.0118329989247229,0.0010391911742797,0.00123340832286489,0.00157776857375138,0.00152947879205992,0.00696204246685187,0.00317030336737235,0.00335372684067657,0.00159496456782644,7.22265115406161e-07,0.00663921999448085,0.00272668405347643,0.00312385336297051,0.000653289843955635,0.00367735260606443,1.97898418853148e-05,2.00115770004561e-05,0.00098398529535443,0.0031310251225912,0.00216881577978131,0.00195603060407218,0.00482576882450798,0.00230533685809754,0.0016241811111871,0.00121360019431405,0.000447958690357516,0.00251897551295566,0,0.0048320835697931,0.000535514715725042,0.00175265766541048,0.00516506797092972,0.00565401856040769,0.000671939029037709,0.00199916142282069,0.000986124072657378,8.94894184929283e-05,0.0162452319444144,7.82011646094051e-05,5.399866783225e-06,0.000175432424170344,0.00140755177267874,0.00108372648209535,3.43095493533291e-05,0,0,0.000768917446742806,0,0,0.0126288588321055,0.00260752078958401,0.00250466430654951,9.69539688611004e-05,0.00151605659805815,0.000211292323638359,0.000112204496612364,0,0,9.21781623825754e-08,0.000257788590010636,0.00701519564113161,0.00254751931239595,0.0071770293046176,0.0118805076022723,0.0593011414244696,0.000109191444354086,0.0914110777192891,0.0471532813010251,0.00101387544220905,0.000388318528714586,0.000378461664923156,3.04629613262906e-05,0.00161330721554896,0.00112425982096163,3.93412771499576e-05,0.00331767871341931,1.63920084983532e-08,0.000668083726569354,0.00470456525472767,0.0044361831422373,0.000439338952752789,0.00250354979736137,0.00265259456782218,0.0017756262509822,0.00146930918907597,0.0121287523145758,0.00251555412412156,0.000411019493673554,0.00220464813539396,0.00163134485267188,0.000817500324824797,0.000278978031313372,0.00235326640341069,0.0112504046190937,0.00543774594019959,2.28986778870311e-05,1.5497083401612e-06,1.29435996362264e-05,2.85016504158855e-06,0.000503996211161389,0.000114160231848507,0.000114879900241074,0.000865067007408677,0.00151592175678505,0.00120369401019045,0.00142309316813257,0.00121243346730664,9.30159077096336e-05,0,0,0
P109,Servicios postales y de mensajería,0,0,0,0,0,0,0,0,0,0,0,0,0,0,0,0,0,0,0,0,0,0,0,0,0,0,0,0,0,0,1.23273267376004e-05,0.00436707836797293,0.00144832085578886,0,0,3.04841140541573e-05,1.47788047178514e-05,0.000155028171000035,0.000186639707598383,0.00105734555206806,0.000383928528681006,0.000969444302561712,3.67279335281562e-05,5.26635707945554e-05,8.67299584623778e-05,8.33616253299132e-05,0,0,3.09377147499562e-05,2.03680468225568e-05,4.59236797095923e-06,4.71210655526979e-05,0.000322699942769649,0.000220366331509505,3.68621056845068e-05,5.77368239240925e-05,2.8514659179325e-05,7.18461663079077e-05,8.64769003609773e-05,0.000300161579959598,0,0.00120601402976003,5.30547087133632e-07,0.000174126939168563,0.000208855047895765,0.000152328664298574,0.000455357913192873,1.43777974186161e-05,0,2.64324218212319e-05,3.82626846298773e-07,0.00125477516211114,8.57236007560953e-05,1.86426528748387e-05,0.000211482240227794,0.000391499046536848,0,0,6.17710281290738e-06,3.84918897846948e-06,0,0,3.69775289039439e-06,0,0.000687874593077823,0,0,0.000957068690438342,0,0,0,4.0206082849642e-08,0.000364967904457987,2.15997639679822e-05,0.000115082296020046,4.69526745288379e-05,0,0,0,0,3.21077310308879e-06,0.00348506735154032,0.00020981419745075,0,0.000827723155346822,0.00163197167397671,0.000305104569726456,0.00785178234713435,0.0322495825691803,0.000279610408200141,2.13327176708933e-05,0.00254974970226773,0.000187881053325904,0.00841112096178255,0.0024924116866856,9.36126802709286e-05,0.00613930925930304,1.43782143699174e-08,0.000175749718743947,0.00308568437726251,0.000163437413922233,0.00162463047730046,0.00155076791467533,0.00298095766473798,0.000345415604204651,0.000415967040276146,0.000687683808933572,0.00251860093806148,0.000530724004242454,0.000508378870076027,0.000333334484619893,0.000900441126631723,0.0025940517718868,4.37181377485717e-06,0.00049118240068056,0.000184618601345904,0.000191920289463039,0.000186222246523118,0.000297295901592152,0.00150797647758159,0.00043586227748422,0.000314915211754072,9.56834443249102e-05,0.000751284023024531,0.00165029764907759,0.000311622402947431,0.000921623860750892,0.00180470757096064,7.32410659455434e-06,0,0,0
P110,Servicio de alojamiento,0,0.000610555826338184,0.000604044712940976,0,0,0,0,0,0,0.000925596025196158,0.00140000650113173,0.00114683543930972,0,0,0,0,0,0,0.0195004030208179,0,0.000164189658505965,0.00128927216508095,0.000223433293423516,0.000215911050115061,0.000225701899953625,0,0,0,0,0,0.00232506947187272,4.7255724653137e-05,0.000995350191114808,0,0,0.000931356493686845,0.000532888116888765,0.000122637508349781,0.000136255517760471,0.00100933444785667,0.000314458976982983,0.000877937292991355,0.000569509539254464,0.000587789921634205,0.000455851067430686,0.000456831754710341,0.000131825623176184,0.000338266990670493,4.13056336534308e-05,0.000434223511269991,1.66996229287913e-05,0.00264130290074636,0.000448044058365988,0.000460054463567967,0.000244193154885019,0.000278388510138364,0.000682040757581523,0.000851410073437236,0.0001228079233516,0.00019910238726907,0.000522267246219303,0.00122660297059504,3.8112265874369e-06,0.00177765343130732,0.00137306099326802,0.00807650172432306,0.00116557547263033,0.00135147459532795,0,0.00279777672045773,0.000361727619529965,0.00333136611253537,0.00156955660373793,0.00210358640880686,0.00334572964422907,0.000508831624231883,0.000131732680259259,0,0.00505372621394508,0.00219699565459462,4.00594656322587e-06,0.000899247492265888,0.00165283935218998,0.000693793692047954,0.000973114946426647,0,0,0.000762297865935788,0,0.000176008775218079,0,1.08667513001724e-06,0.000107476763153066,0.00139913799686199,0.000631571176184096,0.000212825202361289,0.00185122894419505,0,0,0.000127188607163072,0.00129777059224424,0.00164982932343898,0.00191385876740752,0.00228699478600932,0.00501156760318685,0.00591565413659415,0.00115262693157232,0.00204042879386787,0.00406887458926979,0.00069436706370942,0.000295115197492279,0.00278181204842395,0.00205168001979488,0.00316679125687144,0.00169604658651143,0.000854423530593516,0.00173908721858632,0,0.00158663788513395,0.0047785607867416,0.00778914413249802,0.00724019716083842,0.00151052513115602,0.00591202927577457,0.00160891848342856,0.00431927244370388,0.0241992524678875,0.00182357728065939,0.00110202406145091,0.00106687973268716,0.00157696540565182,0.00226817074139018,0.000279209132461889,0.00628091570585257,0.000922782649042408,1.00269570330073e-05,0.00204725272256426,0.00686589719862943,0.0024374130158905,0.0023383141581163,0.00549910004686701,0.00143476202284135,0.00131512380093738,0.00139717320735275,0.00252609535698443,0.00759569137035037,0.00715634242128719,0.0226580341159872,1.63313215757477e-05,0,0,0
P111,Servicio de suministro de comidas y bebidas,0,0,0,0,0,0,0,0,0,0.00035244329995892,0.00202574689554468,0.000208512865010148,0,0,0.000638275409027644,0,0,0,0.0368566670642917,0,0.000322458058690703,0,0.000502194807801607,0.000197284005203689,0.000503120117361427,0,0,0,0,0,5.38099585211531e-05,0.0068129471292933,0.000279234668229297,0,7.42667447416691e-08,1.4581333126137e-06,2.8807684067817e-06,0,0.000513798244003313,0.00253687451951484,0.000770353633023391,0.00220765389948776,0.000413715136719604,0.000481984788775568,0.000601777214898053,0.000598177464865349,0.000604231347143736,0,0.000156995298155488,0.000982082151634361,6.20536324469285e-05,5.94196068390359e-05,0.00117917875682955,0.000238062005068019,0.000454087573690063,0.00529348963001629,0.00502075601837303,0.00519519159058484,0.000180433073658293,0.000473328639574045,0.000631249656997384,0.00345942877838787,0.000320761751665959,0.00224167465870185,0.00181604093334383,0.00535384451845723,0.00138824642073543,7.10847074984039e-05,0,0.000145946432461859,0.00138301569044855,0.00344320968236272,0.00216094779603688,0.000156835034844983,0.00443128803100951,0.00195613359189304,0.000608018139539268,0,0.00209506592021845,3.37909281946585e-07,1.00483601472611e-05,0.000558346925542669,7.69101039282722e-06,0.000825096242768018,0.000184261490384535,0,0,0.000145080112540133,0,0.000230778961571071,0,0.000692902522954584,0.000583132556082609,3.80682602045956e-05,0.000506832842482538,0.000434725071829156,0,4.56880067047644e-06,1.10293601511987e-05,0.000176956052061008,7.16854220788448e-05,0.00413080915063862,0.00180135235951419,0.000418542989254409,0.000698146346646724,0.0130757185261209,0.001601636838277,0.0026143021951256,0.00127747149902797,0.00715846563767927,0.00119867901960471,0.00118712607005373,0.00548171154852213,0.00330856383562578,0.00222453483911671,0.00114741775948443,0.00343911871607551,0,0.00393013230164982,0.00466427375495751,0.00449121824192062,0.00696084660532416,0.00518199827991707,0.0113698615190284,0.0011735340948931,0.00407805951619276,0.0160889821211202,0.00105233392268149,0.00200862280496611,0.000275413328475973,0.00454129777272299,0.000265663154498819,0.00250374763365849,0.011725394236276,0.00376263463188362,0.000268297845387637,0.0189721931481231,0.0370184108134302,0.00797050054473429,0.00628320804227002,0.00622128180565021,0.00432274246102028,0.00302913642926744,0.0031643085670568,0.0048808390643052,0.0126245272469823,0.0218156836057866,0.0588959085843008,0.000477254562397614,0,0,0
P112,"Servicios de información, telecomunicaciones y radiodifusión",0.00081520335312486,0.000685574306437058,0.000678263178021175,0,0.00106728528545996,0.000381952372819336,0.000457578510991574,0.000441403544779656,0.000573903917828848,0.000568071376517123,0.00101321736808652,0.000322091048610311,0,0.000623628826249155,0.00082279225528277,0.000447694025895541,0.000503013020396743,0.00389953047459711,0.0049020878844077,0,0.00206886036269602,0.00335172376333901,0.000847450296920599,0.00124324187316477,0.00027673496208033,0.00182178767227338,9.91244195969921e-07,0,0.00225257620351463,0.00111904917982742,0.000889468470501601,0.000702708395593201,0.00666222291438731,0.000228799359161451,6.13034638992213e-05,0.000700489710696281,0.000939088992131616,0.000623546787774951,0.000412938610484326,0.00453841660678077,0.00141899719499082,0.00374053193779263,0.00136649000462548,0.00171419400089351,0.00415257972821935,0.00408650611461071,0.00163119928881971,0.00116664101233239,0.000415546711898312,0.00178176182306901,0.000970168565489058,0.000894900961954233,0.00191647747179377,0.000362897186173236,0.000833035508004377,0.00208886487343927,0.00106694087598712,0.00145122169417466,0.00319895582869207,0.00327960708383892,0.00573873239122643,0.00374310419155812,0.00255763162044164,0.00229616726191245,0.00186369184997895,0.0256471982456832,0.0125502598028266,0.00048020357966281,0,0.000800655412469464,0.00057620341421384,0.00376164184047041,0.00294534367515448,0.00132427660212552,0.00224479132800725,0.00206711237603281,0.00331623828267915,0.00109756481799645,0.00187973838204271,0.00376444384813371,0.000588994470207767,0.000938731832208756,0.00233189853840203,0.00230774541353939,0.00233018532757555,0,0,0.00261477684869584,0,0.00176079778487818,0.00717016114644189,0.00344499561145296,0.0042213498799272,0.000142570357091906,0.00145392776784414,0.00189222024467626,0.00865064356808198,0.00278961822085423,5.24144221457168e-09,1.68390120182333e-05,0.00104682316231043,0.0175321085282293,0.00748174848985988,0.00987286765359395,0.0117764799270688,0.00532520264358695,0.00734604669896535,0.00871690381201516,0.00742074160952751,0.0224096177541669,0.00448470142117263,0.100453940130698,0.00452936769419609,0.00886737473004143,0.00642878260122617,0.0021636460495614,0.0201065358116444,2.06595916675832e-08,0.00732649516332133,0.00931264755450765,0.0400871678219987,0.0080621421628062,0.00761665089391664,0.0256724175300079,0.00433718507506968,0.00389283206927946,0.0121247349649306,0.0117083912068749,0.00403033174530763,0.0258819716612648,0.0169676715442889,0.00446392606539525,0.0122037714627974,0.00130020485053828,0.0021848029740292,0.00500477015646401,0.00697368061871551,0.0100878829739502,0.00699345263372491,0.00852110835361963,0.00687653580699272,0.00366588185568907,0.00427527077733023,0.0120268884872135,0.0106314474769109,0.00722448279109435,0.00856556806885453,0.0171368434202782,0.00481439231480771,0,0,0
P113,Servicios de banco central,0,0,0,0,0,0,0,0,0,0,0,0,0,0,0,0,0,0,0,0,0,0,0,0,0,0,0,0,0,0,0,0,0,0,0,0,0,0,0,0,0,0,0,0,0,0,0,0,0,0,0,0,0,0,0,0,0,0,0,0,0,0,0,0,0,0,0,0,0,0,0,0,0,0,0,0,0,0,0,0,0,0,0,0,0,0,0,0,0,0,0,0,0,0,0,0,0,0,0,0,0,0,0,0,0,0,0,0,0,0,0,0,0,0,0,0,0,0,0,0,0,0,0,0,0,0,0,0,0,0,0,0,0,0,0,0,0,0,0,0,0,0,0,0,0,0,0,0,0,0,0,0
P114,Otros servicios financieros y servicios de banca de inversión,0.00118140452868107,0.0101191870010998,0.010011273570076,0,0.00154577107927575,0.00239192272817921,0.0028093373446641,0.00271002993503651,0.00352352584283686,0.00152311949409105,0,0.00016032672268002,0.000381480949566717,0,0.000787613558832552,0.000121812774168672,0.0020151922256861,0.000366541087500578,0.000643473150243763,0.00125069408963389,0.000143104520650795,0,0.000601919166395809,0.000161471423552409,0.000479913642257022,0,2.57874400749439e-06,0.000234588560588701,0,0,0.000657641253843438,0,0.000712303435351745,9.38812330352176e-11,6.98104889046756e-05,2.85408562135693e-05,0.000104786437550264,0.000188198496891607,0.000267064744252994,0.00554609475599966,0.00228562307967105,0.00608420722443869,0.000638159469974665,0.000740688416825165,0.00211083860363912,0.00211491648276838,3.83217690560139e-05,4.58513712836654e-05,8.26856357760337e-06,0.000865082951151266,0,0.00266575018693844,0.000214056666272598,0.00447113023688434,0.00712938665538927,0.000484824126386137,0.000437641841856515,0.00069582754535674,0.0013401237807814,0.000170764066168339,0.00210694154289867,0.00269795278015118,0.000740415425124556,0.00193850481940493,0.00229532925690849,0.00099346163946274,0.00418337775647509,4.89288995768698e-05,0,7.99481115300043e-05,0.00154544167356684,0.000286288977299966,0.00032375508450181,0.000911101694035765,0.00174385249868576,0.00154802327161077,0.000845981156557716,0.000349516493656628,0.00480523211834092,0.000734688086173807,0.00517462769881821,0.00102451900326584,7.08353494445293e-05,0.00211840598433826,0.000467670908310388,0,0,0.0055121350270386,0,0,0.00946173036157819,0.000647862478911837,0.000690186164538738,0.00109989402479708,0.004443684802773,0.00138356301172862,0.00236972200452167,2.73269769284321e-05,2.15162712371411e-05,0.00591841388725949,0.000554658551858394,0.00314866251839459,0.000783680393453452,0.00418517065775779,0.000429225138092149,0.00855260437617548,6.2498937204686e-05,0.000553497492411297,0.00156696974342611,0.00124444875007803,0.000621814409186549,0.000179881803236273,8.76736073675359e-05,0.0272323394856064,0.00392391851773763,0.0013820888348875,0.00242653510730543,0.0012943416229671,0.00249984009716077,0.000121032799608425,3.30116054662046e-05,0.000292098348661102,0.0027837059512984,0.00023634812159421,0.00188541100679116,0.00271673775882478,0.00593815122099095,0.000242544768238782,0.000335802009731566,0.00355662296280556,0.00068191792841723,0.0019834545728922,0.000184727139936043,0.000168745688167536,0.000312978317522696,0.000184687129735182,0.0336371154609273,0.000181112167937049,0.0148634433186331,0.000767473385546652,0.000293807700264405,0.000734376909379364,0.00467436538457902,0.000358651194517441,0.000627664436467338,0.00169150407189437,0.000463060038129277,0.00137226963403307,0.000662682117755445,0,0,0
P115,Servicios de Intermediación Financiera Medidos Indirectamente (SIFMI),0.00299128032527389,0.00253321322998441,0.00250619843807151,0.00406873018752316,0.00391268575288643,0.0045289367381698,0.00465826534587912,0.00449360008567609,0.00584248750338631,0.00575030163010053,0.00564398062116815,0.00672784230121203,0.00370100274937711,0.00461572563620194,0.00612013462237628,0.00143707852483648,0.00177346271312431,0.00393785790444854,0.0054790348788866,0.00515157835773334,0.00421799378796337,0.00638586511928387,0.0096583700895591,0.00314713447865699,0.00975643533811567,0.00544877563457341,0.00368467660886703,0.00233126405042993,0.00303627151118141,0.00682481119709328,0.000904484995452349,0.00111171131286522,0.00429507554758581,0.000894723091218396,0.000599049485567792,0.00128430594208797,0.00285332607941434,0.00275352253776961,0.00305455675700495,0.0142635989957006,0.00444093418601388,0.0108058026916704,0.00750468514510211,0.00819238455153715,0.00354006582444388,0.00347727726703361,0.00561819651725446,0.000637382814896848,0.00328165551518023,0.0030506050362175,0.00163385552814079,0.00561298580755147,0.00867987336683242,0.00227517926058286,0.00585535936904908,0.00515786132923483,0.00621563795868282,0.00651754631047251,0.00624958596909851,0.00214888420027331,0.00375009859456239,0.00527306941756755,0.00282601179663579,0.00564709556979391,0.00414455657240015,0.0100019784798949,0.00500285786554808,0,0,0,0.00468658178426165,0.00657799316383221,0.00311599001762819,0.0038426727729595,0.00549335295759109,0.00523598517634124,0.0106863948173978,0.00753366536276023,0.0171998105309941,0.00751311851096882,0.104676256055638,0.00378671501691197,0.00233604894050118,0.00745920311221778,0.00513545331063224,0,0,0.0228863966897397,0,0.00876107332572072,0.0146489074255047,0.00222566945378837,0.00361864937131129,0.00388152726837852,0.0309433383635236,0.00184244818706641,8.59569703435777e-18,0.00453902629087373,0.0127304970339628,0.00549044146933663,0.019105669101043,0.0109729517432301,0.0036033087040816,0.00560307048703072,0.00486234095866145,0.0116710409385776,0,0.00781748611339405,0.00193961657127532,0.00577819318985887,0.00297771857478893,0.00335292486270206,0,0.0179841530610807,0.00784384596593148,0.0136712295344889,0.0310895433391796,0.00658650908969485,0.0047712324006939,0.00321801770156102,0.00411433455810693,0.00317327335085517,0.00321998968125775,0.00407517780109314,0.00312559762420913,0.00324204821408457,0.00824050695013359,0.00310694870474412,0.00488435229262769,0.00323326600505473,0.00544188457027948,0.00285469192628164,0.00198401046248959,0.0017961466691602,0,0.00169351123968553,0.0241434220599099,0,0,0,0.0583542612214165,0.00114107654546584,0.00126405332727369,0.0038765399596662,0.00344466546233944,0.00509471697848687,0.00177944119206327,0.00633463073869049,0.000504118590940629,0,0,0
P116,"Servicios de seguro, reaseguro y fondos de pensiones",5.061436100408e-05,0.000476906703030535,0.000471820855857569,0,6.62373335084283e-05,7.66739498803038e-05,9.59160620682301e-05,9.25255202795174e-05,0.000120299800977074,0.000206006339142465,0.00158146004500377,0.00101028898633593,0,0,0.000667906535007,0,0,0.00635258725619013,0.00965067379488171,0,0.000223927519587535,0,0,0.000191272122754479,0,0,5.17309694935963e-07,0,0.000109857580629117,0.000719713899878054,0.00322752309556603,0.00506267720513266,0.00224495280020796,0,4.2917240170568e-07,0.000561040543266061,0.00143162148059323,0.000885441424705799,0.00129882501056329,0.00193824975089526,0.000785534548973287,0.00218849546955598,0.00244332095494861,0.00207429950686854,0.00052364686088686,0.00050276358477858,0.00506984801530166,0.000529067897233124,0.000478353528334774,0.000379361994790496,4.89166192946622e-05,0.00158600597754656,0.00129558992754125,0.00057547269542766,0.00331767495041513,0.00288845730616268,0.00103345852729901,0.00119893338748711,0.00142622637956964,0.00104502454311425,0.000797010960258816,0.000988547546002754,0.00160992570214589,0.00356386157365414,0.00275205231284819,0.00085871641441795,0.00321325103667191,0.00176386547678981,0,0.00272721967936643,0.000253206393356077,0.00143080250798123,0.00400969621547042,0.00155764722622365,0.00302714909523564,0.00185631764958049,0.00225463652080813,0.00139347998063379,0.00528635050699562,0.000820201382095291,7.69810652507088e-07,0.00163084554392529,0.000969134925335709,0.00235600263087374,0.000730011553665122,0,0,0.000492747648112306,0,0.000117900985923351,0.000622367362746149,0.000937400668287259,0.00205767266401519,0.000197470458403124,0.0063408535123075,0.000416596844195069,5.41034513809132e-06,0,0,1.12287029003235e-06,0.00110511285494992,0.00335805528065509,0.00085003486355396,0.0049150497747853,0.0052159894324651,0.012077233205443,0.0199148770188071,0.0131730668838808,0.00765767504554631,0.00577326224178697,0.000441082156683887,0.000604939696057511,0.00145296272164494,0.0177668334090514,0.0106456104690579,0.0988037853187048,0.00838161931825496,4.72995930397385e-10,0.0049122539643146,0.00292094712253537,0.00130159910455569,0.00299554465936663,0.00304078179075384,0.00109993841594364,0.00673398336702945,0.00070536356168576,0.00324585698640675,0.00233922059689156,0.00418845005133779,0.000839384602487828,0.00236202001300765,0.0032560206459504,0.000120188953616223,0.00235702309615187,0.000949401553154734,0.000509957228190165,0.00149274472717535,0.00535270019397517,0.00329989039562271,0.00702121439055608,0.00306760050501325,0.000636659339853357,0.00144129026666801,0.00299913702753255,0.00354942181649339,0.00124987222743042,0.0114298475839851,0.00286287666124918,0.000159125348298196,0,0,0
P117,Servicios auxiliares de la intermediación financiera,0,0,0,0,0,0,0,0,0,0,0,0,0,0,0,0,0,0,0,0,0,0,0,0,0,0,0,0,0,0,0,0,0,0,0,0,0,0,0,0,0,0,0,0,0,0,0,0,0,0,0,0,1.08633030946365e-05,0,0,0,0,0,0,0.000435325284742714,0,0,0,0,0,0,0,0,0,0,0,0,0,0,0,0,0,0,0,0,0,0,0,0,0,0,0,0,0,0,0,0,0,0,7.44793022012092e-07,0,0,0,0,0,0,0.000352215614914543,0,0.000223981053057633,0.000116291143277796,0,0.00106639269571347,1.87798882295337e-09,0,0.0058505642410452,0.00123751239885222,0,0.297354790510677,0.0609162639633782,0.0423167113207885,0.242229349758781,0.105898824473674,0,0.000687827322570695,2.9119990628484e-09,0,0.000199209728192327,5.16416606892461e-05,0,8.61143581359941e-07,0,0,0,0,0,0,0,0,0,0,0,0,0,0,0,0,0,0.000144726580824045,0.00044091211535905,0,0.0008957678927458,0.000595662498506648,0,4.4682279675802e-06,0,0,0
P118,Servicios de alquiler de vivienda,0,0,0,0,0,0,0,0,0,0,0,0,0,0,0,0,0,0,0,0,0,0,0,0,0,0,0,0,0,0,0,0,0,0,0,0,0,0,0,0,0,0,0,0,0,0,0,0,0,0,0,0,0,0,0,0,0,0,0,0,0,0,0,0,0,0,0,0,0,0,0,0,0,0,0,0,0,0,0,0,0,0,0,0,0,0,0,0,0,0,0,0,0,0,0,0,0,0,0,0,0,0,0,0,0,0,0,0,0,0,0,0,0,0,0,0,0,0,0,0,0,0,0,0,0,0,0,0,0,0,0,0,0,0,0,0,0,0,0,0,0,0,0,0,0,0,0,0,0,0,0,0
P119,"Otros servicios inmobiliarios, excepto alquiler de vivienda",0.000659600125425513,0.000508586468018187,0.000503162780252545,0,0.000863426413390458,0.00135122495935613,0.00137083116845886,0.00132237358730188,0.0017193232622651,0.00277480096616931,0.00425486511017846,0.00173688717969562,0,0,0.00333775779334638,0,0,0.00425125534631264,0.00673665159281864,0,0.00048119677724584,0.00119713873613561,0,0.000428388022639438,0,0,0.00013445513558554,0.00148345927746544,0,0,0.000879239125166327,0.000154136426528182,0.0107563167472459,0.0449340156832763,0.0150197563870786,3.02251180308872e-05,0.0058507426948008,0,0.00113278065995397,0.00670906901129541,0.00210051787959332,0.00551608787547918,2.97897125511678e-05,0.000475642799734153,0.00489456125487578,0.00474020517772359,0.00575644248928047,0,0.000834000108114287,0.0144644208216189,0.000330337909102015,0.000396171371536579,0.00432563996014261,0.000530884667200969,0.00290417885584654,0.0112598838858435,0.00734233831596956,0.00577625389517433,0.00470405062791855,0.0328291503797761,0.014458586664215,0.00916197779495304,0.00518426658147144,0.00194828384206057,0.00167915931938995,0.00396143212174712,0.0205076441484197,0.000488689636333953,0,0.00101166865643694,0.00146476187573933,0.00141307273201007,0.000157435162399833,0.00357923585245506,0.00477593034130462,0.00561232283890081,0,0.0120053790325555,0.00425727127815695,0.0107910195025756,0.00629051950123961,0.0022247127219997,0.00401877039867227,0.00951442013568577,0.00921213425330551,0,0,0.00960596806347279,0,0,0,0.00632769503520647,0.0174651731278535,0.00533170294562128,0.00364295537111385,0.00769831528188288,0.00470143599090155,4.90153164368227e-05,0.000118325927721052,0.000469556695780292,0.00297317562277721,0.0456062409510034,0.0256723755165313,0.0117670476255742,0.0118505903707684,0.00172325139721477,0.0910273411303771,0.0290491964562894,0.0266818196197087,0.00319275665749476,0.027021254164456,0.0111764585179207,5.16441384291968e-05,0.0379512985089416,0.0225117942142811,0.0043173558840703,0.0274674657743472,2.4145319419642e-07,0.0390638089177281,0.0144778893461635,0.0193419132597617,0.0265808531350986,0.0396514041307544,0.0273681078963074,0.0225523542682875,0.00264105992813018,0.0216223848932227,0.0110806752649256,0.0140405829004798,0.0582011389587338,0.0232645709446378,0.0244732576683263,0.0160341089528176,0.00218470692500931,0.00563842376317752,0.00432074903856787,0.00690376048789051,0.012643896871185,0.0072452198802413,0.0105260466739039,0.00548824796619775,0.00528004811829729,0.0108198628473637,0.0130299858863851,0.032303791223784,0.0296921012732895,0.0289746998136201,0.0181884427379465,0.0293062794938187,0,0,0
P120,"Servicios jurídicos, de contabilidad, auditoría, teneduría de libros y consultoría fiscal",0.000214147193266876,0.00103426589233669,0.00102323623343022,0,0.000280264469159841,0.000813640286170893,0.000804376025087874,0.000775942095795,0.00100886414269141,0.00272337466039061,0.00323299548685896,0.0026250232464479,0,0,0.00177125000915313,0.000152447844801705,0.000520897487545634,0.0273610864861557,0.00891436738607025,0.00233223547493422,0.00416681156695449,0.00304142279856444,0.00059454670496974,0.00310577288138319,0.000240609361582943,0.00492655129091963,0.000270526069939415,0.00242331241575199,0.000876260652020437,0.00574067777174554,0.00112228780951447,0.000931109954501203,0.0113596361247598,2.53099429339918e-06,0.000105253271328968,2.03797367637099e-05,0.00133841739550381,0.000988001652497394,0.00112507091100984,0.00592291222113809,0.00185190963607385,0.00497471455769203,0.00355502752669304,0.0038251536441005,0.00419930268356611,0.00418924097044558,0.00285516125126921,0.00356383341678151,0.000657025047840214,0.00155069370974569,0.00028635811895016,0.00433231697795423,0.00575185629836768,0.00164427350289808,0.00324907740661165,0.00822539981583988,0.00147631852485615,0.00248933983367977,0.00322413601729228,0.00340188139067021,0.00637613936682411,0.000763291144800471,0.00205311293863182,0.00342104731766773,0.00240677997776709,0.00219748622106445,0.00923002306592124,0.000180602473481492,0,0.00029115589582919,0.00415074180967481,0.00664162165884102,0.00526649129418137,0.00405717843300752,0.00880050677085568,0.00303321225446499,0.0078133917304018,0.00138056128418172,0.00702568279848266,0.00498739834681633,0.000830155457580161,0.00539315318155768,0.0013617557950389,0.00193000467881992,0.000884117643587966,0,0,0.00395502892127847,0,0.00165693717543192,0.00510588428953453,0.00176748576331088,0.00421304737158979,0.00481984994443254,0.00321597987494918,0.00682185916752832,0.0057613934794162,0.00111851378719148,0.00269963740771841,1.82270699423196e-05,0.00350224261915618,0.0102358235769684,0.00431249688054225,0.00377197523209158,0.00422666786580972,0.00598452907262442,0.033324401687448,0.00692046390245537,0.00324178281901992,0.00852060884482065,0.00438039423080226,0.0024260576387237,0.00252856617663262,0.00669672377137913,0.0051801838916128,0.00491454887550371,0.0228473787002059,2.34422775009208e-08,0.0104792053787927,0.0428168419576161,0.0135304883579271,0.0283537543825909,0.0282753438835694,0.0128520048029194,0.00762762796936244,0.00931088546183808,0.0174409436493231,0.00472950123060692,0.00784915005356679,0.012546930607125,0.0143383773327377,0.003491795044126,0.00901991387152655,0.00290299505137275,0.00321407286186336,0.00110337336116879,0.00504450493360972,0.00105341986771839,0.0102011557177481,0.00239668094441776,0.00314918576357069,0.0023542493708095,0.0025124500331012,0.00680500337288605,0.010547410609499,0.0101491919269132,0.0163708919222407,0.013062268863093,0.00177951778025185,0,0,0
P121,Servicios de tecnología de la información,0,0,0,0,0,0,0,0,0,0.00122703032857286,0,0,0,0,0,0,0,0,0,0,0,0,0,0,0,0,0,0,0,0,7.36194980181368e-05,0,6.55359220863419e-05,0,0,3.13030679183366e-05,9.49888630517292e-09,0.000164862911985608,0.000199500193306964,7.61548671167594e-06,5.46365952972454e-06,6.0067866889276e-06,0,0,1.41149528769369e-05,1.24535789480203e-05,0,0,0,3.37381657790336e-05,0,0.00107361141044208,0.000686236249624804,0.000264891007799114,0.00032820936720758,0.00118336413253999,0,0,2.59254844447087e-06,4.13252435569059e-05,0,0.00032880930502319,0,0.000766580642766696,0.000585843357424753,0.0046330626928849,0.000222092281733875,0.000103825123739384,0,0.000200658147116812,0.00129805875323237,0.00370326214538834,2.59835037918214e-06,9.67164411200203e-06,0.00222875342972288,0.000218397255326031,0,0,0.00089066300351789,0,0,0,3.74643667344246e-07,0,0,0,0,0.00236354442508647,0,0,0.00159563624119807,7.64211452692281e-05,7.69972671850871e-07,5.90773170642235e-06,0.00350977297646517,0.000476866336013911,0,0,0,1.39477212269144e-07,9.83680719280948e-05,0.00326514249027066,0.00240473876895672,0.00421806031791306,0.000180174183484763,4.88357691453415e-05,0.00169566422083673,0.00242403315439679,0.0054099642751222,0.00573712933719163,0.000679530619405412,0.00979542649951966,0.0127324976199688,0.0255880486838602,0.0107596959308815,0.00609804600643939,0.00932776600251271,0,0.0029870416340536,0.00338370121995757,0.0581882992594938,0.00254432767579316,0.00678421268166619,0.0146742543973408,0.0105326028474028,0.00202308652111009,8.18512246904249e-05,0.00524411978646089,0.00134779973719355,0.00241172941661609,0.00692607976831319,0.00135000708065362,0.00060350187671238,0,0.000441455747641449,1.42184297011565e-06,0.00201935580496207,0.000384065921327926,0.00445932460995857,0.000512259650191304,0.011890721986456,0.000872903853586026,0.00143715769495759,0.00444881802277535,0.00232053561100583,0.00339353563373468,0.000185917722159858,0.000520601180089901,2.82943816247153e-06,0,0,0
P122,"Servicios de arquitectura e ingeniería, ensayos y análisis técnicos",0,0,0,0,0,0.000203720463353543,0.000215366801276294,0.000207753789191736,0.000270117254315311,0,0,0.00509928770377524,0,0,0,0,0,0.00471405908213373,0.00600668705125403,0,0,0,0,0,0,0,0.000184641405785566,0.000122357419814748,0,0,0.00284562346324692,0.0100914055795788,0.0026978955860349,0,0,0.0011392353831894,0.000154623801822492,0,0.000237337694601219,0.00161433695964865,0.000511666612820764,0.00122913567723077,3.10955033635291e-06,4.03095753079358e-06,0.0031513161176717,0.00280443053515492,0,0,0.000450080612643962,0.00013551741182607,2.04803325458781e-05,0.000717690225084901,0.000815561263597197,0.000215641198528935,0.000110300721654953,0.000577507568569534,0.000288732609117342,0.000605754637307213,2.10370337213221e-05,6.1978822328719e-05,0,0.00110625180172393,0.00275904523647891,0.0024565540890348,0.00202851492714124,0.00168645959889324,0.00651690206653156,0.00202669477357538,0,0.000715534112873293,0.000342979279093757,0,0.000451596457078208,0.00500343258971063,0.00130271576309902,0.00222143747980922,0.000508903703734408,0.00641619464108282,0.000816731648318558,0.00340516729531666,0.00847800963145886,0.00168279510423393,0.00613143477473666,0.0034333231516008,0.00602596807351383,0,0,0,0,0,0,0.000295616111547183,8.96804909279114e-06,0,0.00356859562048188,0.0114708837282732,0,0.000296860905170236,0.000767818062705906,0.0326282368670266,0.00867581817985394,0.00233593396520679,0.000358815790446994,0.000475241658016936,0.000272951091286752,0.000953287552431331,0,0.00672671110626813,0,0.00916772582534058,6.79191718822332e-05,0.00374354556649899,0.000101064028067388,1.20837523900012e-05,4.41683286328178e-07,0.000223403882533391,0.0011938363401052,5.24836667932572e-08,0.0101462093213748,0.000470572474727868,0.00817914893041081,0.0958814173516977,0.0130408004017687,0.00763976123013072,0.000952918388477802,3.79855241530638e-05,0.000422460214676129,0.00225758524567494,0.00169983618235594,0,0.000969177838789974,0.00623779856100681,9.68444400032058e-05,0.00197933503260234,0.0626669384244837,0,0.0170915296394348,0.00110975294920429,0.023614516884449,0.00170422948150448,0.00377181911183643,0.000898088489105952,0.00143684193167896,0.00734877767449897,0.00316802287479597,0.000218415152703823,0,0.00361853869291065,0.00031685976522506,0,0,0
P123,"Otros servicios profesionales, científicos y técnicos",0.000184108331996435,0,0,0,0.000240902008543114,0.000765214221537188,0.000835808497992006,0.000806263460605179,0.00104828736496564,0.00104899801310904,0,0.00334158383426185,0,0.00174175160496314,0.00148772003038139,0,0,0.0041647817029323,0.00547921839310521,0,0.0106973729927537,0.0193322843511161,0,0.00402953101217898,0,0.00684617638408629,0.000421375064973144,0.000595508861689368,0.00174176896613935,0.0114109133673609,0.00288439696543178,0.00498505450889607,0.00454167457345289,1.19846856517863e-08,2.79125888313501e-05,0.000112838950875948,0.00263732478438478,0.00170910286388087,0.00205590695014582,0.00233024401656456,0.000730839275320496,0.00192798140119696,0.000813583880518124,0.000604510134347563,0.00284877556223108,0.00189079856909423,0.00533053034426285,0.00171563562310638,0.00280960926769028,0.0010801855649129,1.95769032030919e-08,0.0164508660438425,0.00655698210426735,0.000904845194394785,0.00606275984110826,0.0242870045318697,0.0175301925752843,0.0179189170953162,0.00167467471694354,0.00462330197816277,0.000221704203808985,0.00288643459639277,0.00202119193590184,0.000284272289334421,0.000907377660274537,0.0143967935398777,0.0171914211773931,0.000108259678160856,0,0.000209621396535579,0.00821910980959664,0.00327352753438205,0.00327301469065542,0.00472180075230488,0.00640709936215392,0.00466196718284683,0,0.00428552113533396,0.0055307611381451,0.00489798876354414,0,0.00509663762973759,0.0005896966075056,0.00187233878404294,0.00355564266822411,0,0,0.0128060883973674,0,0,0,0.000480387166422844,0.00392880860679896,0.0025108600569457,0.0120375994517697,0.0110817845607199,2.06610929589092e-05,0,0,0.00230047697406237,0.0014648968870852,0.0133556793586887,0.00556086691468632,0.00268779982489417,0.00207624696325744,0.0128183236898096,0.00231739669073422,0.0173933488021047,0.0200991421921966,0.0252076737640698,0.00449579087559247,0.0194117070895592,0.0143974314087178,0.0150123340744867,0.0108390324020697,0.0160348848014242,0.0221762899648472,1.24653094760767e-08,0.0157297194946659,0.0098360700937362,0.0096305435506953,0.0191124427668363,0.0356198678424516,0.0312227418555831,0.017690504669039,0.0177004227433373,0.0140251535218263,0.0130642026154446,0.00892722833297889,0.00303964422847314,0.0228656076000402,0.0135874418330373,0.00792530636098107,0.00169354963337689,0.00251539820316628,0.000157128451560568,0.0365281473314516,0.0239300392270264,0.0491715084017128,0.0242604854494109,0.00569955359629346,0.00348433902860909,0.00481425988783469,0.00826740624581326,0.0296276810746219,0.021863696363423,0.0477238949341692,0.0982534632732276,0.000897373161616862,0,0,0
P124,Servicios de publicidad y estudios de mercado,1.42029247262872e-07,0,0,0,0,0,0,0,0,0.00206068967110429,0,0.000963640923057447,0,0,0.00080612419875593,0,0.000670178939503298,0.000824090938110322,0.000792268263608464,0,0,0.00218722553296573,0,0,0,0,0.000152346044997339,9.62573071067363e-05,0,0,0.00280881795732669,0.00194051496928227,0.00438040333540611,5.37602239719267e-10,1.76537714534279e-06,0.000869456755485465,0.0100852500616712,0.00030462623458942,0.000311304736748807,0.00718396320607317,0.00196159405748148,0.00465456472749561,0.00025422223558851,0.00207675284009753,0.00606559022860197,0.0101111588870168,0.00932738383326887,0.00206775610843395,0.00517723804183646,0.00539294352566035,1.00650080586259e-05,0.00236423537854453,0.0138454113081191,0.00145997291862043,0.0046028449356364,0.0235594036687357,0.0200769616705692,0.021740158481159,0.000845905425850404,0.00342886514779467,1.35402069662461e-05,0.00345434598271971,0.00074348227219745,0.00448558473891642,0.00231386045134109,0.00581606996943927,0.00139615740627009,0.00117039358751202,0,0.0023483311925607,0.00144387631987194,0.0108332732765177,0.00959611087197737,0.00275581752066013,0.0195086611027544,0.00285310863029227,0,0.00526756654018559,0.0154698092033987,0.00357740791575868,8.08469929727798e-05,0.00206180567259542,0.00042639480275492,0.00157076857325962,0.00162680278207443,0,0,0.00546551403076195,0,0.000600724338976619,0,0.00256866239650296,0.0010565809809013,0.000126539480721229,0.00483592083868727,0.000764519914319696,0,0.000151483758981302,0.000365690923147221,2.83166887620987e-05,0.00082552759981086,0.0138289787641938,0.00499503360687228,0.000793261721287749,0.00173344767329669,0.0194254753022467,0.00314276314662564,0.00554110464587636,0.00607889126995443,0.0104912068937113,0.00572957243720562,0.00997131661034436,0.00695349949808753,0.0207167904581525,0.0157243585966617,0.0065205503814916,0.0328770243277454,3.06998488547234e-09,0.00645215162530044,0.00298955464552052,0.00693922466802436,0.00398311953802918,0.011223830815756,0.0446762937990353,0.0052145673605196,0.00315599395778891,0.0740066949708415,0.00088640613412461,0.00197142544724135,0.012132217177891,0.00636921173063427,0.00334332952770968,0.00241167204118783,0.000296296117440057,0.00179128394310077,6.70578974438369e-05,0.016308422340936,0.00415140334450362,0.0148581294234854,0.000712065719167072,0.0029379051631625,0.00476699691523773,0.00351605009675338,0.00230006097009741,0.00875394587856724,0.0134032147742849,0.0708075123803499,0.0238716516463899,0.00228340872163932,0,0,0
P125,Servicios de arrendamiento o alquiler sin operador,6.0251292532144e-08,0,0,0,0,0.000652371887433642,0.000685106143508389,0.000660888291365788,0.000859273524528161,0.00551483280513051,0,0,0,0,0.000867049270895751,0.000335394591682692,0.0070124400882872,0.0044959897667045,0.00982851097930154,0,0.00106582984804103,0,0,0.00248935300230083,0,0,0.00646626294570621,0.0040911110683042,0,0,0.0055509253806649,0.00351374610275562,0.0319335419373897,0,6.07828122409018e-08,3.68867689144648e-05,0.00293370087170192,0.00148211219062782,0.00166143061440342,0.00700177368046865,0.00223942041105717,0.00473447626393085,0.000835380087280493,0.000653282182328373,0.0049037757738585,0.00448334841339936,0.00551721276327104,0,0.00403571759929429,0.00214700645644152,1.86051819630201e-07,0.00607468559680301,0.00163540581247188,0.00209996839392664,0.005441698975887,0.000108270550013473,0.000349029032754907,0.000614753700239745,0.00174184008599548,0.000329356054100676,0,0.000774789647959805,0.0007576543600648,0.00194129580763917,0.00155299889608585,0.00563990316664979,0.00198271750962923,0.00286877697873569,0,0.00593884448515595,0.00176046334005105,0.00393753594160436,0.00530024969941574,0.00290498016947478,0.000789300376968642,0.00209463739306265,0.00166278234030545,0.00364384075075331,0.00685473269001412,0.01255211748983,0.0261651022115058,0.000426154888005202,0.00110497393785436,0.00179629966426352,0.00115904734814425,0,0,0.000378980275607497,0,0,0,0.00368699081156542,0.00134783338594199,3.45358105045026e-05,0.00457091673524374,0.0251598941879743,0,0.0176371254922874,0.0201019355229047,0.0426560650785754,0.0235295735373037,0.00471570529921396,0.00449836214511584,0.000259543757085245,0.01556967428971,0.00291237933068779,0.0205667312562301,0.0158915418629115,0.00467411529324298,0.00417007317902193,0.00494291168579761,0.0081534426198957,0.000758530545800349,0.00703249377232787,0.00453173367589673,0.00118378792200165,0.00374897451696013,0,0.0120148132189087,0.00229864429085552,0.00554532695132011,0.0257801046820554,0.00324540607019212,0.0222301199346451,0.0330772751381093,0.00230436560040391,0.0228553408090907,0.00920003964486567,0.00614690705628917,0.00371318239966761,0.0024757160617866,0.0120368822613669,6.4546655246923e-05,0.0031910052045006,0.0121201495313719,0.000260174148136326,0.0253345451735311,0.00578883502812417,0.0123311020684061,0.00830174551688561,0.0149728662513324,0.00222209574661918,0.00552359827875989,0.0195500850155922,0.0123817669190018,0.0173126844182825,0.0112072643848068,0.0118525541617972,0.000237978540594282,0,0,0
P126,Servicios  de agencias de empleo y de dotación de recursos humanos,9.72702704267612e-08,0.0010999062322273,0.00108817656903289,0,0,0,0.00140505713750629,0,0,0.193316085622386,0.0241443509917932,0,0,0,0.0190930507525366,0,0,0.00330178070437529,0,0,0.000246927946767535,0.000922263850424557,0,0.000421869800424246,0,0,7.65758331831218e-07,0,0.00045576336058853,0.00298585881640797,0.00362819156130412,0.00396369700905993,0.00435464873121094,1.20265309865825e-09,9.3723538458063e-05,0,0.0212647492578333,0,0.00606461498683112,0.0118941217849041,0.00336460285959679,0.00854661979163745,0.000972078851603041,0.00110183833487994,0.00918002013945203,0.00826337016365411,0,0.00527682033037315,0.000193347416168465,0.00227742819171323,0,0.0148532607914436,0.014314787968035,0.000167153740908535,0.0365868152138841,0.0137785927490521,0.0301730195013741,0.0313802103592791,0.00256447166393266,0.00103735987255821,0.000609980772976575,0,7.1356489324246e-05,0.00159167601072008,0.00127990000587225,0.00419873692223079,0.00563219162723149,0.00226634459617409,0,0.00469170946581678,0.000257514619315472,0.0025249794863556,0.00222360843061793,0.0089097194084672,0.00164760653876871,0.00433803197804226,0.00339847777419725,0.00560665238309352,0.0111273015916825,0.0101231625154573,0,0.00326804074543386,1.39362005471563e-05,0.01590719042361,0.000522424903673663,0,0,0.000240691893569386,0,0,0.00613028316414572,0.000960378158573111,0.00082902129182193,1.10568747550195e-06,0.00997102503146798,0.00847964967828224,0,0.000236156958163056,0.000605474222011998,0,0.000617266920948603,0.0067886999444782,0.00145898371939051,0.00486897898255273,0.00635814758754324,0.00203200985683534,0.0246470374555687,0.0237059031285479,0.0202716573242503,0.0144046743816915,0.00123771624937054,0.0136485495692467,0,0.107735018521105,0.0643340144833877,0.0296392492016857,0.00444118291199441,1.99333300473265e-09,0.00493875306698463,0.000370705731444582,0.0278751315616146,0.0200503724118433,0.0200263330842048,0.0127092828540876,0.00253445591930212,0.00287502738485556,0.00467100740357193,0.0181517137800293,0.0286200606001315,0.00700956039156832,0.0160595518168804,0.00493067012653927,0.00566986143289498,0,1.15882121794126e-05,0.000354738148168822,0,0,0,0,0,0.000519971506437548,0.00134266239300507,0.00743739060525124,0.00936745505910315,0.018092324051031,0.00154646225292514,0.00320373547350396,0.00350977425722516,0,0,0
P127,"Servicios de agencias de viajes, operadores turísticos y actividades conexas",0,0,0,0,0,0,0,0,0,0,0,0,0,0,0,0,0,0,0,0,0,0,0,0,0,0,0,0,0,0,0,0,0,0,0,0.00038557825628087,0,0,0,0,0,0,0,0,0,0,0,0,0,0,0,0,0,0,0,0,0.000167011251442495,0.000177584196521558,0,0,0,0,0,1.50694178771223e-05,4.80483168048041e-06,2.2776071258589e-05,6.52900250246577e-09,0,0,0,0,0,0,0,6.65716792358054e-05,0,0,0,2.76015475527504e-05,0,0,1.49315805477316e-05,0,0,0,0,0,0,0,2.28015661962945e-05,0,0,0,0,1.70723381844684e-05,0,0,0,0,0,4.04810717966628e-07,0.000250557556713354,1.61422212261817e-05,3.53093783229764e-05,0,0.000209475856842806,0,6.7115222942693e-06,2.7203485135175e-05,0.00152688072149389,8.60918098078351e-07,3.87609427205001e-05,0,0,5.64540498437827e-05,2.06178838525559e-05,2.86550227448517e-06,0,9.00815748725378e-10,8.48714989466716e-06,0,0.000232097572907339,0.000943725143257006,3.81645789758885e-05,9.06484315364454e-05,0,0,0,0,6.53174772953168e-05,2.06157546587099e-05,0,0,0,0,0,0,0,0,0,0,6.18024908662053e-05,0,3.37341627488977e-05,0,0,0.000209479002692817,0.000263105900599864,0,0,0,0
P128,"Servicios de seguridad, sistemas de seguridad e investigación privada",0.000964809424042898,0.000582177575539984,0.000575969094598304,0,0.00126266191313112,0.000799924670748282,0.000824289844925023,0.000795151980995187,0.00103384044500664,0.00652387425245133,0.00342975948956892,0.00717504215328126,0.000635785824138512,0,0.0013077925616099,0.000915015412163441,0.000556079588608219,0.00147502285581277,0.00810897560823055,0.000776140412365276,0.00315401110058776,0.000748772459030567,0.000889009728437715,0.00235327446641864,0.000360446840331835,0,0.000148426027500271,0.00152434300102442,0.000201936929049251,0.00132295663078633,0.00236178903700791,0,0.0051956596365551,9.5768922493188e-07,5.88211063478063e-08,0.00247239386807297,0.000543204114631601,0.000941477814263372,0.00101480734099689,0.000777615774534537,0.000229864016909716,0.000630373005057803,0.0038433127551929,0.00378266123334561,0.00160470123061644,0.00160654083021533,0.0015067878466855,0.00321928091106524,0.000330604834706189,0.00202859877799566,5.59073003868637e-05,0.00240655167629484,0.00781319036409568,0.000279339441711461,0.000813928977171389,0.00331825708734634,0.00123982845184779,0.00183353489103608,0.000873228565728774,0.00199879124506931,0.00176809740750612,0.00261553120662365,0.0011500717931476,0.00469074446489755,0.00417796164803666,0.000563869367801359,0.00285947532959702,0.00137142634425694,0,0.00283908015218994,0.00360162924548986,0.00377328139458972,0.00164268003210501,0.00473014911770497,0.00544033589324688,0.00242814046122326,0.00362419798023749,0.00270769184056881,0.00547046732306033,0.00401733114291148,0.000121993148750471,0.00277914060872618,0.000260318815479778,0.00130591480091726,0.000865132883076932,0,0,0.00347390717669684,0,0.00591702857498564,0.00830430531111148,0.000432887954102785,0.000813577633919664,0.000372372659365022,0.00512895091759621,0.0064318942670761,4.44672066045213e-05,0.000106796532509144,0.000257813265427428,3.76242778926177e-05,0.000662347479164831,0.00859924668704927,0.00326782050436936,0.00254533736088271,0.0061909511334946,0.003965451830664,0.0200405110066768,0.00916894458084631,0.0255492540938865,0.00909408590081044,0.0027954866969611,0.00170986090664912,0.0017867583501037,0.0380613021666451,0.0209920276664272,2.21781507472537e-05,0.00212391944960948,0,0.012780602657896,0.00966609088419379,0.0044995361848535,0.00596049567300096,0.0103037864313975,0.00709573178999756,0.012451965670907,0.0045482856028937,0.0109899337709013,0.0182115231058556,0.0160187594525835,0.00515466451049335,0.00384607074456507,0.00616022637504667,0.00961171293287568,0.00284045407071746,0.00138563709744449,0.00158153721513942,0.00290118931283933,0.0107852599041655,0.00527588785504665,0.000437339917760693,0.0110511825343694,0.00396171862466593,0.00230485188936131,0.00724788158678734,0.00250468404643967,0.0136873339778785,0.00576931940662071,0.00300138460507715,0.011182007806794,0,0,0
P129,Servicios de limpieza,0,0,0,0,0,0,0,0,0,0,0,0.00231678208864631,0,0.0017892325441579,0,0,0,1.39030087844056e-07,0.000790050953134057,0,0,0.00123825719753101,0,0,0,0,0,0,0,0,9.29479251176523e-06,0,4.74061452160816e-05,7.73765970457647e-10,0.00010256495357809,0.00060085179335451,0.00196975704316359,0,0.000188012076280779,0.00206148621349296,0.000651025966934411,0.00155736772714661,0,0,0.00260491489397518,0.00235067883889114,0.00150158063920459,0.00176930827156616,0.000867617532496826,0.000461735953294291,2.30100835034208e-05,0.000381296449610161,0.000943916884500813,0.000989555066397516,0.00502266047389717,0.000431030364537263,0.00105659204525394,0.0010904853512795,0.000155059765877754,0.000129452651737928,0.000303123919643676,5.50689237172448e-05,0.000143196860586451,0.000221610448482519,0.000235279917770758,7.54298504560091e-05,0.000512496717505292,0,0,0,0.000396190768487806,0.000601161658604304,0.000852328530831452,0.00442712166845734,0.000337518756471729,0.00105027873703998,0.00189718015761975,0,0,0,0,2.15675518165262e-05,4.90234197891441e-07,2.07991564849126e-13,0.000314393147877696,0,0,0.00234725720918051,0,0.0006292907508421,0.000360285071287471,6.19291496695264e-05,0.000216978036706606,0.000601473980675055,0.000705265528390201,0.000186413691055802,0.000774897560128155,9.69183765400405e-23,2.3396680162414e-22,0,2.16843632545613e-05,0.00241632792342155,0.000675932042778317,0.000347676654132608,0.000604482892598294,0.000533440038957889,0.0120830695800015,0.00234003716962311,0.000637462138921023,0.00450186527276872,0.000929851720576919,6.45558743946943e-05,7.84032995956618e-05,0.00678745822094406,0.00366819715626888,0.00131491785808848,0.0126924178363015,7.04884094870154e-10,0.00668796728499316,0.00249714942356322,0.00671738452274104,0.00461358361830413,0.00820461949807927,0.00118588054017803,0.0059964794894912,0.000314939369535118,0.00225454912052606,0.000599554554556556,0.0154075988794607,0.00636683050472731,0.00493911423431153,0.00119335086006512,0.00136604064699043,0.000262975619098846,8.68928727495885e-05,7.45221343060788e-05,0.000965453286274949,0,0.00218058878152243,0.00177769764012549,0.00373471369143065,0.00253054067908682,0.00521055779617308,0.00276373831222922,0.00814288126817686,0.000414411387080184,0.000703038073159909,0.00095539487033107,4.57484587758813e-05,0,0,0
P130,Servicios telefónicos de centros de llamadas,0,0,0,0,0,0,0,0,0,0,0,0,0,0,0,0,0,0,0,0,0,0,0,0,0,0,0,0,0,0,0,0,0,0,0,0,0,0,0,0,0,0,0,0,0,0,0,0,0,0,0,0,0,0,0,0,0,0,0,0,0,0.000263220646134196,0,0,0,0.00110427782992757,2.60086896789036e-05,0,0,0,0,0,0,0,0,0,0,0,0,0,0,0,0,0,0,0,0,0,0,0,0,0,0,0,0.000220477354592144,0,0,0,0,0,0,0.000502703798159635,0,0.000380908987588396,0,0,0,0.00386932209094497,0.000117009237037336,0,0,0.0065117747061761,0,0.00419291174645316,0.00181081861942,0,0,0,4.29288646538322e-09,0,6.90356069427397e-05,0,1.77585659704307e-10,0.0013614373970806,0,0,0,0,0,0.00266137288863509,0,0,0,0,0,0,0,0,0,0,0,0,0,0,0,0,0,0,0,0,0,0
P131,"Servicios administrativos, de apoyo de oficina y otros servicios de apoyo a las empresas",0,0,0,0,0,0.000300517501832149,0.000315596656911338,0.000304440614528419,0.000395827499553272,0.000451852915417307,0.000757878271353879,0,0,0,0,0,0,0,0.00049978581185809,0,0,0,0,0,0,0,0,0,0,0,0.00381803427399531,0,0.000133878504557543,0,0,8.48803747562745e-05,1.05224966351699e-07,7.14853322711876e-05,9.27755405568793e-05,0.000893545286241718,0.000294205378717661,0.000676299612021594,1.54482547524954e-05,1.59087560166338e-05,6.96559219849376e-05,6.21172880677797e-05,0.000119778003245819,0,1.87526331387995e-05,3.29329874080227e-05,5.22001135525848e-11,0.00361658188282963,0.00169961078454449,3.91954282642524e-05,0.00141545388135821,0.000476827988572924,0.000264979472796322,0.000330473244936776,0.000113353567318098,0.000255831711904705,3.00179495053985e-05,0.00100498963422786,0.000129425996402843,0.000750880000106987,0.000575946772364439,0.00585892335980215,2.89164917924855e-06,0.00234065062462261,0,0.00484553527749072,2.65601277843369e-05,0.000790679582807195,2.35974428527422e-05,0.000197192729269457,0.00259245087730486,0.0034211201450847,0.000217272115812321,0,2.1554474942526e-08,4.98957099748182e-10,0,0.000747663145668838,0.000511553240035169,0.000957890168197963,0.000233521695582105,0,0,0.000241385909594275,0,0,0,0.000880375880843618,0.000475868788258689,0.00123421745845154,0.015023065423655,0.00239533690663459,0.00163948733170021,0.0027117909903639,0,9.82349535067631e-05,0.00424690269486079,0.0040477193509969,0.00170790581491737,0.00202198671901881,0.00329442460639676,0.00415163177862168,0.0216376295962795,0.00297174884484084,0.00826655108849202,0.00321949101840386,0.000672554710258007,0.00541094904551728,0,0.00586531883868174,0.00526794180543808,0.00708154155236813,0.0224278799507512,0,0.0115161915173714,0.00547178399453034,0.0030165423238403,0.00238167655928934,0.00847504105790895,0.00889614002270608,0.00268424206649703,0.00484797070016682,0.016580197887661,0.000330104033491197,0.0111599097093934,0.00585654043876656,0.0184398438600593,0.00167936659588121,9.32026853202294e-05,0.000163032841551439,0.000651134677712047,0.000513447043230511,0.0010886561247569,7.81275768387365e-06,7.85092917458266e-05,5.99645711325945e-05,0.00100867272340282,0.00162473161390413,0.000651714132894433,0.00439481343798536,0.0121921031060542,0.022425285268028,0.0044636360311817,0.00727019296657427,0.00244882388410493,0,0,0
P132,"Servicios de mantenimiento, reparación e instalación de productos metálicos elaborados, maquinaria y equipo",0.00283732253578755,0.000525349510146385,0.000519747057289214,0,0.00371352057346177,0.00145189097904709,0.00147311010525724,0.00142103706072695,0.00184760350517415,0.0149904574111753,0.00146706137229656,0.000937608705111966,0,0.0070432175183967,0.00266419134133602,0.000170356338898746,0.000597576422470359,0.0126644514994675,0.0140607674438502,0,0.00122844263991626,0,0,0.00387007819564172,0,0,0.00305237544725133,0.00341464075027656,0.000699025381336988,0.00457954999950586,0.000294471524452222,0.000125002365688075,0.0184845142731486,2.9005431419278e-09,9.65839332597177e-06,0.00502676752001703,0.00944155516943488,0,0.00955480985187409,0.0125019472521108,0.0039271122812969,0.0101037079331048,0.0142129822554251,0.0142307605234597,0.0041907729361495,0.00427831026220904,0.012939864017697,0.000594779554192658,0.00786425823720621,0.00334389057444085,0.000153517525824989,0.00677330257842005,0.00744476767852914,0.00506306456222988,0.00600902573920572,0.013754968917427,0.0191861042675836,0.0204642974118964,0.0102002159864224,0.00292025483788919,0.00198260094782478,0.00420949886539755,0.00729734542402425,0.0059673331110104,0.00627518811028208,0.00919845558588193,0.0185501666002006,0.000192178474276638,0,0.000397777735886262,0.00236855094066512,0.00157216998189349,0.0090854901984248,0.0106305425083171,0.00480629968235166,0.00471668099424663,0.00626907085658535,0.0115530056675909,0.0217076493770942,0.0102980820642866,0,0.0014467053049913,0.00201497953692892,0.00334841252223265,0.000846562664498187,0,0,0.0140129890613319,0,0.00540927713515786,0.00783176742043654,0.00359615387354252,0.00959525960341682,0.00596288600867357,0.00383530617197451,0.023476990499361,0.00598078348094199,0,0,0.000177705251926037,0.00275814402544135,0.00250797532652088,0.0204235023111883,0.00599218653040853,0.0155340948146864,0.0374088622499673,0.0135244387022696,0.0115115592366627,0.00505586454899805,0.00729675762654831,0.00206037214265476,0.00221181968176014,0.0109069753595116,0.0227767324843965,0.0159117787237856,0.00040630349360659,0.019586074430027,5.72613597933616e-10,0.00226924575477672,0.00275947457467284,0.00475849168681343,0.00876204807733919,0.00688771121052172,0.0118152832736866,0.0396182962982293,0.00188537908695138,0.016253982295724,0.00135506045342548,0.0152774376537995,0.00563794313165531,0.0166798189681042,0.0182468809723214,0.00301610301697759,0.00455376044044968,0.00561691949844881,0.0151423952018087,0.00152334868208384,0.000672287233446883,0.00105737331889787,0.000592223162693095,0.000316912648267093,0.00280951305545792,0.00891213617146684,0.00601395224479885,0.0151338917231447,0.0124094616618786,0.00504412061707425,0.00827195796273938,0.000576802936076284,0,0,0
P133,Servicios de reparación de otros bienes,0,0,0,0,0,0,0,0,0,0,0,0,0,0,0,0,0,0,0,0,0,0,0,0,0,0,0,0,0,0,0.00263343750541431,0,0.000217650836225041,4.11155213056411e-10,0,0.000402180402130531,8.24084378614021e-05,0,0.00246677636889655,0.000593958877514452,0.000194539365660143,0.000509523988968637,5.6371211668807e-05,5.80515965828567e-05,0.000910835371506311,0.000875782659569811,0,0,3.12676797977747e-10,0.000247809075997039,0,0,0.00105664413353816,0.000423906028539074,0.000149154576773315,0.000324995367136765,0.00119277134062462,0.00122657918428777,0.000137991033856559,0.000104279512121223,0.000336686385024799,0.000309621237510095,0,0.000184740841793487,0.000187750379489902,0.00626661903001215,0.00191985704024422,0.00155050022647051,0,0.00320979280977973,0,0,0.00032467881810428,0.000580122951356164,0.00296564961454868,5.62200822785795e-06,0.00140238431493029,0,1.66117161648857e-07,0,0,0,0,1.08644900139464e-06,0.000477658461011075,0,0,0.000386331344283915,0,0,0.000730466824520175,0,0.000744518462790112,0,0.00229176301115443,0.00022217772129521,0,0,0,0,3.75411347653324e-06,0.000702018357367232,0.000726076524692659,0.000284155051423415,0.000197148290225162,0.00146629841532404,0.00267123001668659,0.00112708309997381,0.00329724458323587,0.00227308855063411,0.000236259436241875,0.000933830672602655,0.00066721170463273,0.0078828673238545,0.00511794641211838,0.00158327662520646,0.00293219312681642,2.87065007966158e-08,0.000714285647784663,0.00333483038166539,0.00216853459460398,0.00381907421902389,0.00081130202461613,0.00830097002532198,0.00783030362713093,0.000981871228863712,0.00123957974108324,0.000843095923682122,0.00560660350632916,0.00560473730553853,0.00269620742263361,0.00134967543898375,0.00365881147970597,0,0,0,0.000748700307703325,0.00034789833950731,0.00044847669784058,0.000468780432475875,0.000278712696738479,0.000983995334587701,0.000790804838056023,0.00089285508520974,0.000805631684907506,0.00311224433769162,5.83616884709299e-06,0.000409534162250095,0.00072892924643192,0,0,0
P134,"Servicios de apoyo a la agricultura, caza, silvicultura y pesca",0.0126417527180487,0.0295712884048961,0.0292559331109165,0.0505046678381817,0.0165535192458544,0.00385894257335106,0.00357305561753389,0.00344675149157816,0.00448139623751001,0.105062613258253,0.0507086434655438,0.0322573246728081,0.0179660818983101,0.00748942177233214,0.0377532848090135,0.156016736517949,0.118357712662391,0.00257047319195999,0,0.00880892799355606,0.000741643982411691,0.0010068274153782,0.000321306981321345,0.000553356279138403,0.000324569338084863,0,0.00328447308595937,0.00624348679391259,0.00293688962780272,0.0192405501325693,0,0,0,0.00349050449443907,0,0,0,0,0.000681641469164015,0,0,0,0,0,0,0,0,0,0,0,0,0,0,0,0,0,0,0,0,0,0,0,0,0,0,0,0,0,0,0,0,0,0,0,0,0,0,0,0,0,0,0,0,0,0,0,0,0,0,0,0,0.000706430519350985,0,0,0,0,0,0,0,0,0,0,0,0,0,0,0,0,0,0,0,0,0,0,0,0,0,0,0,0,0,0,0,0,0,0,0,0,0,0,0,0,0,0.000272368568746747,0,0,0,0,0,0,0,0,0,0,0,0,0.000951252808613564,0,0,0,0,0
P135,"Servicios de apoyo a la explotación de minas y canteras y los relacionados con la distribución de electricidad, gas y agua",0,0,0,0,0,0,0,0,0,0,0,0,0,0,0,0,0,0,0,0,0,0,0,0,0,0,0,0,0,0,0.038479952211706,0.0669591448304246,0,0,0,0,0,0,0,0,0,0,0,0,0,0,0,0,0,0,0,0,0,0,0,0,0,0,0,0,0,0,0,0,0,0,0,0,0,0,0,0,0,0,0,0,0,0,0,0,0,0,0,0,0,0,0,0,0,0,0,0,0,0,0.00106109943166726,0,0,0,0,0,0,0,0,0,0,0,0,0,0,0,0,0,0,0,0,0,0,0,0,0,0,0,0,0,0,0,0,0,0,0,0,0,0,0,0,0,0,0,0,0,0,0,0,0,0,0,0,0,0,0,0,0
P136,Servicios de manufactura,0,0,0,0,0,0,0,0,0,0,0,0,0,0,0,0,0,0,0,0,0,0,0,0,0,0,0,0,0,0,0,0,0,0.0192780444009234,0.00301346169294121,0.00205528089920476,0.000275978852445559,0,0,0.0595142249784082,0.0181725742667848,0.0222821045174487,0.000851802134913252,0.00124634847679895,0.00181081806158404,0.00160356993010425,0.0144368200301358,0.000831924289095085,0.0112915947614255,0,0.0510273772027963,0,0.00456960961185793,0,0.0349261331169841,0,0.0131882769615196,0.00869256303629782,0.0067503880161171,0.0918124097098175,0,0,0.0020990471295077,0.00727072337605846,0.0210276576289495,0.070958535906374,0.0147926924194211,0,0,0,0.000244636072686769,6.39993531835528e-15,1.05492544289807e-06,2.80025672909277e-06,0.0047654240831315,0.00089349837940565,0,0,0,0.00269138085848563,0,0.00183592132752996,1.44999758366707e-05,0,0,0,0,0,0,0,0,3.59144263255645e-06,0.003788857208094,0,0,0,0,0,0,0,0,0.000283041861734795,0,0,0,0,0,0,0,0,0,0,0,0,0,0,0,0,0,0,0,0,0,0,0,0,0,0,0,0,0,0.0357749031281706,0,0,0,0.0545666521972393,0,0,0,0,0,0,0,0,0,0,0,0,0,0,0,0
P137,Servicios públicos del gobierno general,0,0,0,0,0,0,0,0,0,0,0,0,0,0,0,0,0,0,0,0,0,0,0,0,0,0,0,0,0,0,0,0,0,0,0,0,0,0,0,0,0,0,0,0,0,0,0,0,0,0,0,0,0,0,0,0,0,0,0,0,0,0,0,0,0,0,0,0,0,0,0,0,0,0,0,0,0,0,0,0,0,0,0,0,0,0,0,0,0,0,0,0,0,0,0,0,0,0,0,0,0,0,0,0,0,0,0,0,0,0,0,0,0,0,0,0,0,0,0,0,0,0,0,0,0,0,0,0,0,0,0,0,0,0,0,0,0,0,0,0,0,0,0,0,0,0,0,0,0,0,0,0
P138,"Servicios públicos administrativos relacionados con la provisión de servicios educativos, de salud, servicios sociales, culturales y otros, sin contar los servicios de seguridad social",0,0,0,0,0,0,0,0,0,0,0,0,0,0,0,0,0,0,0,0,0,0,0,0,0,0,0,0,0,0,0,0,0,0,0,0,0,0,0,0,0,0,0,0,0,0,0,0,0,0,0,0,0,0,0,0,0,0,0,0,0,0,0,0,0,0,0,0,0,0,0,0,0,0,0,0,0,0,0,0,0,0,0,0,0,0,0,0,0,0,0,0,0,0,0,0,0,0,0,0,0,0,0,0,0,0,0,0,0,0,0,0,0,0,0,0,0,0,0,0,0,0,0,0,0,0,0,0,0,0,0,0,0,0,0,0,0,0,0,0,0,0,0,0,0,0,0,0,0,0,0,0
P139,Otros servicios administrativos,0,0,0,0,0,0,0,0,0,0,0,0,0,0,0,0,0,0,0,0,0,0,0,0,0,0,0,0,0,0,0,0,0,0,0,0,0,0,0,0,0,0,0,0,0,0,0,0,0,0,0,0,0,0,0,0,0,0,0,0,0,0,0,0,0,0,0,0,0,0,0,0,0,0,0,0,0,0,0,0,0,0,0,0,0,0,0,0,0,0,0,0,0,0,0,0,0,0,0,0,0,0,0,0,0,0,0,0,0,0,0,0,0,0,0,0,0,0,0,0,0,0,0,0,0,0,0,0,0,0,0,0,0,0,0,0,0,0,0,0,0,0,0,0,0,0,0,0,0,0,0,0
P140,Servicios públicos administrativos prestados a la comunidad en su conjunto,0,0,0,0,0,0,0,0,0,0,0,0,0,0,0,0,0,0,0,0,0,0,0,0,0,0,0,0,0,0,0,0,0,0,0,0,0,0,0,0,0,0,0,0,0,0,0,0,0,0,0,0,0,0,0,0,0,0,0,0,0,0,0,0,0,0,0,0,0,0,0,0,0,0,0,0,0,0,0,0,0,0,0,0,0,0,0,0,0,0,0,0,0,0,0,0,0,0,0,0,0,0,0,0,0,0,0,0,0,0,0,0,0,0,0,0,0,0,0,0,0,0,0,0,0,0,0,0,0,0,0,0,0,0,0,0,0,0,0,0,0,0,0,0,0,0,0,0,0,0,0,0
P141,Servicios administrativos relacionados con los sistemas de seguridad social de afiliación obligatoria,0,0,0,0,0,0,0,0,0,0,0,0,0,0,0,0,0,0,0,0,0,0,0,0,0,0,0,0,0,0,0,0,0,0,0,0,0,0,0,0,0,0,0,0,0,0,0,0,0,0,0,0,0,0,0,0,0,0,0,0,0,0,0,0,0,0,0,0,0,0,0,0,0,0,0,0,0,0,0,0,0,0,0,0,0,0,0,0,0,0,0,0,0,0,0,0,0,0,0,0,0,0,0,0,0,0,0,0,0,0,0,0,0,0,0,0,0,0,0,0,0,0,0,0,0,0,0,0,0,0,0,0,0,0,0,0,0,0,0,0,0,0,0,0,0,0,0,0,0,0,0,0
P142,Servicios de enseñanza,0,0,0,0,0,0,0,0,0,0,0,0,0,0,0,0,0,0,0,0,0,0,0,0,0,0,0,0,0,0,0,0,0,0,0,0,0,0,0,0,0,0,0,0,0,0,0,0,0,0,0,0,0,0,0,0,0,0,0,0,0,0,0,0,0,1.17540508330188e-05,0,0,0,0,3.3689315018559e-25,0,3.08500473354128e-21,0,4.87286767517722e-07,1.48404575323006e-23,0,0,0,0,0,0,0,0,0,0,0,0,0,0,0,0,0,0,0,0,0,0,0,0,4.73038908025357e-06,9.31864477632826e-26,0,0,0,0,0,0.000227672150360838,0,0,9.47311511758649e-06,0,3.65418618599426e-05,4.57541105515846e-05,3.6554042702771e-05,1.61134162443595e-05,0.000275002219390147,0,1.83202916003875e-05,0,0,1.35815515021854e-06,2.09598476257678e-06,1.94602224176549e-06,1.6081012037552e-07,7.80751584463989e-18,0,1.00528094401278e-05,5.42957562060601e-06,3.39076153666294e-07,0.000169010596886755,1.72549982929797e-08,0,5.43940688581021e-06,0,0,0.00138700060026072,0.00316054054355586,0.0024306939741564,0.00109681722868061,0,0.0102625601460731,8.53726410468543e-05,3.22631527226309e-06,0.000766687537010914,2.03950005650729e-05,1.41675051267259e-17,0.005683691893391,6.74585396075036e-07,0,0,0
P143,Servicios de hospitalización,0,0,0,0,0,0,0,0,0,0,0,0,0,0,0,0,0,0,0,0,0,0,0,0,0,0,0,0,0,0,0,0,0,0,0,0,0,0,0,0,0,0,0,0,0,0,0,0,0,0,0,0,0,0,0,0,0,0,0,0,0,0,0,0,0,0,0,0,0,0,0,0,0,0,0,0,0,0,0,0,0,0,0,0,0,0,0,0,0,0,0,0,0,0,0,0,0,0,0,0,0,0,0,0,0,0,0,0,0,0,0,0,0,0,0,0,0,0,0,0,0,0,0,0,0,0,0,0,0,0,0,0,0,0,0,0,0,0,0,0,0,0,0,0,0,0,0,0,0,0,0,0
P144,Servicios médicos y dentales,0,0,0,0,0,0,0,0,0,0,0,0,0,0,0,0,0,0,0,0,0,0,0,0,0,0,0,0,0,0,0,0,0,0,0,0,0,0,0,0,0,0,0,0,0,0,0,0,0,0,0,0,0,0,0,0,0,0,0,0,0,0,0,0,0,0,0,0,0,0,0,0,0,0,0,0,0,0,0,0,0,0,0,0,0,0,0,0,0,0,0,0,0,0,0,0,0,0,0,0,1.49240929670546e-06,0,0,0,0,0,0,6.18348868046931e-07,0,0,0,0,0,1.30461934010167e-05,1.99867791028631e-06,0.000182792754776401,0,0,8.27807661532906e-07,0,0,0,1.1934117710842e-05,0,2.47424351771805e-07,0,0,0,8.28507615665033e-07,0.000437662796931331,7.36338887506544e-05,0,0,0,0,0,0.000336583292251414,0.00678618296441218,0.00115886297833963,0.000355648178155336,0,0.000683221755226081,0.00878861860290707,0.0178568961563356,0.0167783596561707,0.000293172288309766,0,0.0371594063755004,4.94588061171645e-06,0,0,0
P145,Otros servicios de atención de la salud humana,0,0,0,0,0,0,0,0,0,0,0,0,0,0,0,0,0,0,0,0,0,0,0,0,0,0,0,0,0,0,0,0,0,0,0,0,0,0,0,0,0,0,0,0,0,0,0,0,0,0,0,0,0,0,0,0,0,0,0,0,0,0,0,0,0,0,0,0,0,0,0,0,0,0,0,0,0,0,0,0,0,0,0,0,0,0,0,0,0,0,0,0,0,0,0,0,0,0,0,0,0,3.42642278100338e-13,0,0,0,0,0,0,0,0,1.17760844053815e-08,0,0.0312456216917989,0,0,0.000281177462364476,0,0,9.61139409583271e-07,0,0,0,0,0,0.00101719349396993,0,0,1.26338564430917e-08,0,0.000516920634156138,0,0,0,0,0,0,0,2.69167403682375e-07,0,0,0,0.000226291015302962,0.0368020058493346,0.0271202333163774,0.00940066235010825,0,0,0.00199003492294103,0,0,0,0
P146,"Servicios audiovisuales, recreativos, culturales y deportivos",0,0,0,0,0,0,0,0,0,0,0,0,0,0,0,0,0,0,0,0,0,0,0,0,0,0,0,0,0,0,0,0,0,0,0,0,0,0,0,0,0,0,0,0,0,0,0,0,0,0,0,0,0,0,0,0,0,0,0,0,0,0,0,0,0,0.00355454889751566,1.30364165403105e-07,0,0,0,0,0,0,0,0,0,0,0,0,0,0,0,0,0,0,0,0,0,0,0,0,0,0,0,0,0.000150674883709399,0,0,0,0,0,2.43632428339131e-06,0,0,0,0,0,3.497914890076e-05,0,0.00178294643150944,6.23005615802823e-05,0,0.000135028240463751,6.98654327495184e-06,3.01731028610573e-06,1.1900496302035e-19,0,0,1.2294644848571e-06,0,0,0,0,0.0251100842756801,0,0,0,1.58502487663675e-07,0,0,3.58700548509814e-07,0,0,0,0,0,0.000489286963620941,9.63755104660255e-05,2.35397438548608e-05,7.97185526966344e-06,0,2.63900375882039e-05,3.94474220754793e-05,0,1.33478090952469e-05,0.0331672432950779,0,0,0,0,0,0
P147,Servicios de asociaciones que sirven a las empresas,0,0,0,0.0215941891880167,0,0.000426394571905741,0,0,0,1.31343042093103e-05,0.00147196716944117,0,0,0.000626237425468571,0,0.000481401980116811,0,2.21835883710788e-05,0,0,0.00370931090366189,0,0.000540732285086747,0.00274618705408674,0.000541997324255992,0,0,9.82125833552359e-19,0.000367391501866705,0.00240690509545465,1.33425249215904e-06,0,0.000265348893269246,0,0,3.97972773231731e-06,7.56844517433432e-06,0,4.31574841741384e-06,4.57182957951462e-06,3.9384815084005e-06,2.38851571082451e-06,1.25675077687751e-05,1.63708486413358e-05,0.000153972263151569,0.000136150382200283,0,0,4.41237713645515e-09,0,0,0.00180172083470992,1.03631030852064e-05,1.02624573291074e-06,0.00237921488675594,0.00020049417801453,1.25925250863607e-06,1.29697664683893e-06,0.00217455546892053,0.00238183507568367,9.10452037329392e-08,0,2.92089695631991e-25,5.04379205267468e-20,1.78910351146798e-07,1.09701255426684e-07,4.00074341867686e-07,0,0,0,0.00225243886737232,3.20971922858159e-06,9.65444746742287e-10,2.24071265544495e-07,0.00771455484613573,1.01186613127246e-08,0,0,2.98482276269161e-06,0,0,0,8.0375818337615e-08,8.41782035612836e-08,0,0,0,0,0,0,0,1.22535719235956e-24,3.47861672715146e-38,0,0.00401735501814935,0.000113328325582881,0,0.000123069300103309,0.000297096707056341,0.000347644091290098,0.00114696704989601,0.000308723328042147,4.56081958114286e-05,0.000195022545917642,0.000218225403877509,0.000602587169090612,0,3.21822254354392e-05,2.75293961914468e-05,0.000469548168666515,0.000206985826091972,0,5.37024048639865e-06,6.96160643573022e-06,7.81949388293552e-06,0.000188551838813934,0.00021591420625598,0,7.24780427224778e-05,1.94244183083634e-07,0,4.24290639608569e-07,8.4258314777489e-05,0.00090271082222076,3.51216061523626e-05,2.24690302346055e-07,5.2403533970462e-05,0,3.69576063930839e-07,6.0790853031482e-05,0,5.0778059674193e-05,0,0,0.000350231816816284,0.000454842075483142,0,0,0,0,0,0.000581375001266257,0,2.69116541186117e-06,0.000400480732095919,4.21436510443076e-05,0.00070647322793081,0,2.05669422627293e-07,0,0,0
P148,Servicios de asociaciones que sirven a los hogares,0,0,0,0,0,0,0,0,0,0,0,0,0,0,0,0,0,0,0,0,0,0,0,0,0,0,0,0,0,0,0,0,0,0,0,0,0,0,0,0,0,0,0,0,0,0,0,0,0,0,0,0,0,0,0,0,0,0,0,0,0,0,0,0,0,0,0,0,0,0,0,0,0,0,0,0,0,0,0,0,0,0,0,0,0,0,0,0,0,0,0,0,0,0,0,0,0,0,0,0,0,0,0,0,0,0,0,0,0,0,0,0,0,0,0,0,0,0,5.26140753040279e-22,0,0,0,0,0,0,0,0,0,0,0,0,0,0,0,0,0,0,0,0,0,0,0,0,0,0,0,0,0,0,0,0,0
P149,Otros servicios,0,0,0,0,0,0,0,0,0,0,0,0,0,0,0,0,0,0,0,0,0,0,0,0,0,0,0,0,0,0,0,0,0,0,0,0,0,0,0,0,0,0,0,0,0,0,0,0,0,0,0,0,0,0,0,0,0,0,0,0,0,0,0,0,0,4.24526782542045e-06,0,0,0,0,0,0,0,0,0,0,0,0,0,0,0,0,0,0,0,0,0,0,0,0,0,0,0,0,0,0,0,0,0,0,0,6.44771448729565e-07,0,0,0,0,0,0,0,0.00314487161151207,0.000327834767471043,0,0.000541053196015548,0,0,8.89431795420417e-08,0,0,2.77425994545963e-08,0,0,0,0,1.30157258144982e-06,0.00117490643774252,0,0,0,2.96459243982339e-09,0,0,0,0,0,0,0,8.50377023029134e-05,0.000140069531349956,0.000250062543226503,6.08647173623106e-05,0.000282301586692932,1.88419696490731e-05,0.000383655687433409,0.00115550070185074,0.00106632380929236,0.001079638811958,0,1.8295403599961e-06,0.000721662072671331,0,0,0
P150,Servicios domésticos,0,0,0,0,0,0,0,0,0,0,0,0,0,0,0,0,0,0,0,0,0,0,0,0,0,0,0,0,0,0,0,0,0,0,0,0,0,0,0,0,0,0,0,0,0,0,0,0,0,0,0,0,0,0,0,0,0,0,0,0,0,0,0,0,0,0,0,0,0,0,0,0,0,0,0,0,0,0,0,0,0,0,0,0,0,0,0,0,0,0,0,0,0,0,0,0,0,0,0,0,0,0,0,0,0,0,0,0,0,0,0,0,0,0,0,0,0,0,0,0,0,0,0,0,0,0,0,0,0,0,0,0,0,0,0,0,0,0,0,0,0,0,0,0,0,0,0,0,0,0,0,0
P151,Compras directas en el exterior por residentes,0,0,0,0,0,0,0,0,0,0,0,0,0,0,0,0,0,0,0,0,0,0,0,0,0,0,0,0,0,0,0,0,0,0,0,0,0,0,0,0,0,0,0,0,0,0,0,0,0,0,0,0,0,0,0,0,0,0,0,0,0,0,0,0,0,0,0,0,0,0,0,0,0,0,0,0,0,0,0,0,0,0,0,0,0,0,0,0,0,0,0,0,0,0,0,0,0,0,0,0,0,0,0,0,0,0,0,0,0,0,0,0,0,0,0,0,0,0,0,0,0,0,0,0,0,0,0,0,0,0,0,0,0,0,0,0,0,0,0,0,0,0,0,0,0,0,0,0,0,0,0,0
P152,Compras directas en el territorio nacional por no residentes,0,0,0,0,0,0,0,0,0,0,0,0,0,0,0,0,0,0,0,0,0,0,0,0,0,0,0,0,0,0,0,0,0,0,0,0,0,0,0,0,0,0,0,0,0,0,0,0,0,0,0,0,0,0,0,0,0,0,0,0,0,0,0,0,0,0,0,0,0,0,0,0,0,0,0,0,0,0,0,0,0,0,0,0,0,0,0,0,0,0,0,0,0,0,0,0,0,0,0,0,0,0,0,0,0,0,0,0,0,0,0,0,0,0,0,0,0,0,0,0,0,0,0,0,0,0,0,0,0,0,0,0,0,0,0,0,0,0,0,0,0,0,0,0,0,0,0,0,0,0,0,0
