codigo,producto,P001,P002,P003,P004,P005,P006,P007,P008,P009,P010,P011,P012,P013,P014,P015,P016,P017,P018,P019,P020,P021,P022,P023,P024,P025,P026,P027,P028,P029,P030,P031,P032,P033,P034,P035,P036,P037,P038,P039,P040,P041,P042,P043,P044,P045,P046,P047,P048,P049,P050,P051,P052,P053,P054,P055,P056,P057,P058,P059,P060,P061,P062,P063,P064,P065,P066,P067,P068,P069,P070,P071,P072,P073,P074,P075,P076,P077,P078,P079,P080,P081,P082,P083,P084,P085,P086,P087,P088,P089,P090,P091,P092,P093,P094,P095,P096,P097,P098,P099,P100,P101,P102,P103,P104,P105,P106,P107,P108,P109,P110,P111,P112,P113,P114,P115,P116,P117,P118,P119,P120,P121,P122,P123,P124,P125,P126,P127,P128,P129,P130,P131,P132,P133,P134,P135,P136,P137,P138,P139,P140,P141,P142,P143,P144,P145,P146,P147,P148,P149,P150,P151,P152
P001,Maíz,0.00994032694894704,0,0,0,0,0,0,0,0,0,0,0,0,0,0,0,0,0,1.68072665251522e-05,0,0,0,0.00214078966405239,0,0,0,0,0,0,0,0,0,0,0,0,0,1.8127820312363e-07,0,0,0,0,0,0,0,0,0,0,0,0.092505192434724,0,0.0945511127374719,0,0.00152883662067186,0.14279399543348,1.36978590658624e-05,0,0,0,0,0,0,0,0,0,0,0,0,0,0,0,0,0,0,0,0,0,0,0,0,0,0,0,0,0,0,0,0,0,0,0,0,0,0,0,0,0,0,0,0,0,0,0,0,0,0,0,0,0,0,0,0.000252481305300656,0,0,0,0,0,0,0,0,0,0,0,0,0,0,0,0,0,0,0,0,0,0,0,0,0,0,0,0,0,0,0,1.19054726484431e-08,0,3.03783496843269e-06,0,0,0,0,0,0,0
P002,Frijoles,0,0.0134218661957407,0,0,0,0,0,0,0,0,0,0,0,0,0,0,0,0,0.000268885805217587,0,0,0,0,0,0,0,0,0,0,0,0,0,0,0,0,0,1.1544732007515e-08,0,0,0.0136066068740021,0,0,0,0,0,0,0,0,0,0,0,0,0.000224074883548825,0,0,0,0,0,0,0,0,0,0,0,0,0,0,0,0,0,0,0,0,0,0,0,0,0,0,0,0,0,0,0,0,0,0,0,0,0,0,0,0,0,0,0,0,0,0,0,0,0,0,0,0,0,0,0,0,0,0.000524711204976772,0,0,0,0,0,0,0,0,0,0,0,0,0,0,0,0,0,0,0,0,0,0,0,0,0,0,0,0,0,0,0,0,0,4.91149775590739e-06,0,0,7.41617880356024e-05,0,0,0,0
P003,Leguminosas (legumbres secas) y semillas oleaginosas,0,0,0.120009840729106,0,0,0,0.0156842497439096,0,0,0,0,0,0,0,0,0,0,0,0.000104702621605581,0,0,0,0,0,0,0,0,0,0,0,0,0,0,0,0,0,0,0,0,0.00153046230045457,0.0180526103148316,0,0,0.000483844033583847,0,0,0,0,0.000109927679209918,0.000515641790456362,0,0,0.00057554524543928,0.00765989720696504,0,0,0,0,0,0,0,0,0,0,0,0,0,0,0,0,0,0,0,0,0,0,0,0,0,0,0,0,0,0,0,0,0,0,0,0,0,0,0,0,0,0,0,0,0,0,0,0,0,0,0,0,0,0,0,0,0.000194817845972967,0,0,0,0,0,0,0,0,0,0,0,0,0,0,0,0,0,0,0,0,0,0,0,0,0,0,0,0,0,0,0,1.2467707804881e-07,0,7.70417000698377e-07,3.92612079766739e-06,0,0,0,0,0,0
P004,Arroz,0,0,0,0.05434087164762,0,0,0,0,0,0,0,0,0,0,0,0,0,0,0.000761933767293313,0,0,0,0,0,0,0,0,0,0,0,0,0,0,0,0,0,0,0,0,0,0,0,0,0,0,0,0,0.36826136712319,0.0556080710599767,0,0,0,0,0,0,0,0,0,0,0,0,0,0,0,0,0,0,0,0,0,0,0,0,0,0,0,0,0,0,0,0,0,0,0,0,0,0,0,0,0,0,0,0,0,0,0,0,0,0,0,0,0,0,0,0,0,0,0,0,0,0,0,0,0,0,0,0,0,0,0,0,0,0,0,0,0,0,0,0,0,0,0,0,0,0,0,0,0,0,0,0,0,0,0,0,0,0,0,0,0,0,0
P005,Otros cereales,0,0,0,0,0.0150004068329962,0,0,0,0,0,0,0,0,0,0,0,0,0,0.000295969211856468,0,0,0,0,0,0,0,0,0,0,0,0,0,0,0,0,0,0,0,0,0,0,0,0,0,0,0,0.510429979948123,0,0.00118956917594297,0,0,0,0.0232811338367026,0.00795092942938704,0,0,0,0,0,0,0,0,0,0,0,0,0,0,0,0,0,0,0,0,0,0,0,0,0,0,0,0,0,0,0,0,0,0,0,0,0,0,0,0,0,0,0,0,0,0,0,0,0,0,0,0,0,0,0,0,5.87893596069703e-07,0,0,0,0,0,0,0,0,0,0,0,0,0,0,0,0,0,0,0,0,0,0,0,0,0,0,0,0,0,0,0,0,0,0,0,0,0,0,0,0,0
P006,Hortalizas,0,0,0,0,0,0.002079612268402,0.00218396158485991,0.00210676061498332,0.00273916733376031,0,0,0,0,0,0,0,0,0,0.0111689474616904,0,0,0,0,0,0,0,0,0,0,0,0,0,0,0,0,0,0,0,0,0.000731893835035352,0,0,0,0,0,0,0,0,0,7.79318227830762e-06,0,0,0.000233451264058065,8.28230791855424e-10,0,0,0,0,0,0,0,0,0,0,0,0,0,0,0,0,0,0,0,0,0,0,0,0,0,0,0,0,0,0,0,0,0,0,0,0,0,0,0,0,0,0,0,0,0,0,0,0,0,0,0,0,0,0,0,0,0.000746760018564419,0,0,0,0,0,0,0,0,0,0,0,0,0,0,0,0,0,0,0,0,0,0,0,0,0,0,0,0,0,0,0,1.43928686827957e-06,0,2.21923902602958e-05,7.7071970149236e-05,0,0,0,0,0,0
P007,Sandías y melones,0,0,0,0,0,0,0,0,0,0,0,0,0,0,0,0,0,0,0,0,0,0,0,0,0,0,0,0,0,0,0,0,0,0,0,0,0,0,0,0,3.06465583190274e-07,5.54783614412065e-07,0,0,0,0,0,0,0,0,0,0,1.27886589933861e-07,0,0,0,0,0,0,0,0,0,0,0,0,0,0,0,0,0,0,0,0,0,0,0,0,0,0,0,0,0,0,0,0,0,0,0,0,0,0,0,0,0,0,0,0,0,0,0,0,0,0,0,0,0,0,0,0,0,3.11565714725012e-07,0,0,0,0,0,0,0,0,0,0,0,0,0,0,0,0,0,0,0,0,0,0,0,0,0,0,0,0,0,0,0,4.96461099463088e-10,0,6.98151336842684e-09,2.71614982500714e-08,0,0,0,0,0,0
P008,Ejotes y arvejas,0,0,0,0,0,0,0,0,0,0,0,0,0,0,0,0,0,0,0,0,0,0,0,0,0,0,0,0,0,0,0,0,0,0,0,0,0,0,0,1.05867988875816e-05,0,0,0,0,0,0,0,0,0,0,0,0,0,0,0,0,0,0,0,0,0,0,0,0,0,0,0,0,0,0,0,0,0,0,0,0,0,0,0,0,0,0,0,0,0,0,0,0,0,0,0,0,0,0,0,0,0,0,0,0,0,0,0,0,0,0,0,0,0,0,1.76104756016262e-06,0,0,0,0,0,0,0,0,0,0,0,0,0,0,0,0,0,0,0,0,0,0,0,0,0,0,0,0,0,0,0,1.5912407381392e-09,0,0,4.72932420854194e-07,0,0,0,0,0,0
P009,Raíces y tubérculos,0,0,0,0,0,0,0,0,0.00245513051321992,0,0,0,0,0,0,0,0,0,0,0,0,0,0,0,0,0,0,0,0,0,0,0,0,0,0,0,0,0,0,4.40134842440855e-05,0,0,0,0,0,0,0,0,0.000282969744105143,0,0,0,0.000521981705804899,0,0,0,0,0,0,0,0,0,0,0,0,0,0,0,0,0,0,0,0,0,0,0,0,0,0,0,0,0,0,0,0,0,0,0,0,0,0,0,0,0,0,0,0,0,0,0,0,0,0,0,0,0,0,0,0,0,0.000387713700882702,0,0,0,0,0,0,0,0,0,0,0,0,0,0,0,0,0,0,0,0,0,0,0,0,0,0,0,0,0,0,0,7.66655257670031e-07,0,2.74364331722355e-06,1.45675910550782e-06,0,3.39683577905866e-07,0,0,0,0
P010,Caña de azúcar y otras plantas azucareras,0,0,0,0,0,0,0,0,0,0,0,0,0,0,0,0,0,0,0,0,0,0,0,0,0,0,0,0,0,0,0,0,0,0,0,0,0,0,0,0,0,0,0,0,0,0,0,0,0,0,0,1.20795922701829e-05,0,0,1.14291779498327e-08,0,0,0,0,0,0,0,0,0,0,0,0,0,0,0,0,0,0,0,0,0,0,0,0,0,0,0,0,0,0,0,0,0,0,0,0,0,0,0,0,0,0,0,0,0,0,0,0,0,0,0,0,0,0,0,0,0,0,0,0,0,0,0,0,0,0,0,0,0,0,0,0,0,0,0,0,0,0,0,0,0,0,0,0,0,0,0,0,0,0,3.14456662066988e-10,0,0,0,0,0,0
P011,Tabaco y otras plantas no perennes,0,0,0,0,0,0,0.00561437563821544,0,0,0,0.0179346473184649,0,0,0,0.00020952676110496,0,0,0,0.00140163986056724,0,0.00510456101049361,0.00110833575837935,0,0.060505639853144,0,0,0,0,0,0,0,0,0,0,0,0,0,0,0,0,0,0,0,0,0.00241468159537375,0.00213046604862945,0,0,0,0,0,0,1.77926510067885e-06,6.98849895815912e-09,0.011574978543412,0,0,0,0.0568597762114999,0.00272406524843119,0,0,0,0,0,0,0,0,0,0,0,0,0,0,0.00130781692761489,0,0,0,0,0,0,0,0,0,0,0,0,0,0,0,0,0,0.0035256226681451,0,0,0,0,0,0,0,0,1.13584827322424e-05,0,0,0,0,0,0,0,0,0.000481553210767932,0,0,0,0,0,0,0,2.69053575511854e-06,0,0,0,0,0,0,0,0,0,0,0,2.67591208060982e-05,0,0,0,0,0,2.26718796912391e-07,0,1.23499258924207e-09,0,0,0,3.63763254683979e-07,0,0.00122776110421759,6.52376441385542e-05,0,0,9.64983545274682e-05,0,0,0
P012,"Bananos, plátanos y otros",0,0,0,0,0,0,0,0,0,0,0,0,0,0,0,0,0,0,0,0,0,0,0,0,0,0,0,0,0,0,0,0,0,0,0,0,0,0,0,0,3.42326253293741e-05,0,0,0,0,0,0,0,0,0,0,0,1.64923154974146e-06,0,0,0,0,0,0,0,0,0,0,0,0,0,0,0,0,0,0,0,0,0,0,0,0,0,0,0,0,0,0,0,0,0,0,0,0,0,0,0,0,0,0,0,0,0,0,0,0,0,0,0,0,0,0,0,0,0,3.3479317663732e-06,0,0,0,0,0,0,0,0,0,0,0,0,0,0,0,0,0,0,0,0,0,0,0,0,0,0,0,0,0,0,0,2.19580087844131e-09,0,1.19101415910306e-08,2.16545008735052e-07,0,0,0,0,0,0
P013,Frutas tropicales y subtropicales,0,0,0,0,0,0,0,0,0,0,0,0,0,0,0,0,0,0,0,0,0,0,0,0,0,0,0,0,0,0,0,0,0,0,0,0,0,0,0,0,0.000344960239225435,0.000753330547080204,0,0,0,3.31389612269454e-08,0,0,0,7.11245796182931e-10,0,0,2.68513857761618e-06,0,0,0,0,0,0,0,0,0,0,0,0,0,0,0,0,0,0,0,0,0,0,0,0,0,0,0,0,0,0,0,0,0,0,0,0,0,0,0,0,0,0,0,0,0,0,0,0,0,0,0,0,0,0,0,0,0,8.6016522502466e-08,0,0,0,0,0,0,0,0,0,0,0,0,0,0,0,0,0,0,0,0,0,0,0,0,0,0,0,0,0,0,0,3.51346605865892e-09,0,1.67359548836916e-09,1.1677109784327e-06,0,0,0,0,0,0
P014,"Berries, otras frutas y semillas de frutas",0,0,0,0,0,0,0.0114375456385988,0,0,0,0,0,0.00269382196310149,0.00108228163276285,0,0,0,0,0.00032829128118765,0,0,0,0,0,0,0,0,0,0,0,0,0,0,0,0,0,0,0,0,0,0.0110591848264616,0.0173354513665606,5.77197355947376e-06,0,0.000567049157688151,0.000540465808393432,0,0,0,1.00966441033926e-05,0,0,0.000477004245140042,0,5.68226858300797e-05,0,0,0,0,0,0,0,0,0,0,0,0,0,0,0,0,0,0,0,1.00891265468939e-06,0,0,0,0,0,0,0,0,0,0,0,0,0,0,0,0,0,0,0,0,0,0,0,0,0,0,0,0,0,0,0,0,0,0,0,0.00177695353283128,0,0,0,0,0,0,0,0,0,0,0,0,0,0,0,0,0,0,0,0,0,0,0,0,0,0,0,0,0,0,0,1.72627958903281e-06,0,3.51000338406292e-05,2.07214729222398e-05,0,0,0,0,0,0
P015,Palma africana,0,0,0,0,0,0,0,0,0,0,0,0,0,0,0.00159931172922208,0,0,0,0.000257045221689557,0,0,0,0,0,0,0,0,0,0,0,0,0,0,0,0,0,0,0,0,0,0,0,0.00332836050239633,0.00285634205155575,0,0,0,0,0,0,0,0,0,0,0,0,0,0,0,0,0,0,0,0,0,0,0,0,0,0,0,0,0,0,0,0,0,0,0,0,0,0,0,0,0,0,0,0,0,0,0,0,0,0,0,0,0,0,0,0,0,0,0,0,0,0,0,0,0,0,0,0,0,0,0,0,0,0,0,0,0,0,0,0,0,0,0,0,0,0,0,0,0,0,0,0,0,0,0,0,0,0,0,0,0,0,0,0,0,0,0,0
P016,Café en grano,0,0,0,0,0,0,0,0,0,0,0,0,0,0,0,6.615909020925e-06,0,0,2.48165959678372e-05,0,0,0,0,0,0,0,0,0,0,0,0,0,0,0,0,0,0,0,0,0,0,0,0,0,0,0,0,0,0,0,0,0,3.95454787844759e-07,0,0,0,0,0,0,0,0,0,0,0,0,0,0,0,0,0,0,0,0,0,0,0,0,0,0,0,0,0,0,0,0,0,0,0,0,0,0,0,0,0,0,0,0,0,0,0,0,0,0,0,0,0,0,0,0,0,1.55317958099507e-11,0,0,0,0,0,0,0,0,0,0,0,0,0,0,0,0,0,0,0,0,0,0,0,0,0,0,0,0,0,0,0,0,0,0,0,0,0,0,0,0,0
P017,Cardamomo,0,0,0,0,0,0,0,0,0,0,0,0,0,0,0,0,0.000274061639864368,0,0,0,0,0,0,0,0,0,0,0,0,0,0,0,0,0,0,0,0,0,0,0,0,0,0,0,0,0,0,0,0,0,0,0,9.09479596460953e-07,0,0,0,0,0,0,0,0,0,0,0,0,0,0,0,0,0,0,0,0,0,0,0,0,0,0,0,0,0,0,0,0,0,0,0,0,0,0,0,0,0,0,0,0,0,0,0,0,0,0,0,0,0,0,0,0,0,0,0,0,0,0,0,0,0,0,0,0,0,0,0,0,0,0,0,0,0,0,0,0,0,0,0,0,0,0,0,0,0,0,0,0,0,0,0,0,0,0,0
P018,Caucho natural,0,0,0,0,0,0,0,0,0,0,0,0,0,0,0,0,0,0.0124821345093586,0,0,0,0,0,0,0,0,0,0,0,0,0,0,0,0,0,0,0,0,0,0,0,0,0,0,0,0,0,0,0,0,0,0,0,0,0,0,0,0,0,0,0,0,0,0,0,0,0,0,0,0,0,0,0,0,0,0.000147710867133937,0,0,0,0,0,0,0,0,0,0,0,0,0,0,0,0,4.27072811035122e-05,0,0,0,0,0,0,0,0,0,8.049422091482e-06,0,0,0,0,0,0,0,0,0,0,0,0,0,0,0,0,0,0,0,0,0,0,0,0,0,0,0,0,0,0,0,0,0,0,0,0,0,0,0,0,0,0,0,0,0,0,0,0,0
P019,Propagación de plantas,0,0,0,0,0,0.000675697270774196,0.00044383593723631,0.000428146757967652,0.000556667713047057,8.40027417879921e-05,0.00350789136147932,0.00132835000315237,0.000397265225990371,0.000112842219485634,0.000262966509311121,7.03813085131185e-05,0.000201134384241925,0.000131142292771059,0.00588147462822331,0.00255307634187976,0,0,0,0,0,0,0,0,0,0,0,0,0,0,0,0,0,0,0,0,0,0,0,0,0,0,0,0,0,0,0,0,0,0,0,0,0,0,0,0,0,0,0,0,0,0,0,0,0,0,0,0,0,0,0,0,0,0,0,0,0,0,0,0,0,0,0,0,0,0,0,0,0,0,0,0,0,0,0,0,0,0,0,0,0,0,0,0,0,0,0,0,0,0,0,0,0,0,0,0,0,0,0,0,0,0,0,0,1.94570914928427e-09,0,1.87216216468857e-05,0,0,0,0,0,0,0,2.07051010646674e-07,0,0,3.32146629182211e-07,0,0,0,0,0,0,0,0,0,0
P020,"Otros frutos oleaginosos, otras plantas bebestibles y especias aromáticas",0,0,0,0,0,0,0,0,0,0,0,0,0,0,0,0,0,0,0,0,0,0,0,0,0,0,0,0,0,0,0,0,0,0,0,0,4.71045198901381e-07,0,0,0,0.00165557088748825,0,0,0,0,0,0,0,0,0,0,0,0.00317837351209205,0,2.12675221561842e-05,0.00110051276536741,0,0,0,0,0,0,0,0,0,0,0,0,0,0,0,0,0,0,0,0,0,0,0,0,0,0,0,0,0,0,0,0,0,0,0,0,5.05575856630518e-05,0,0,0,0,0,0,0,0,0,0,0,0,0,0,0,0,0,0.00040029076166663,0,0,0,0,0,0,0,0,0,0,0,0,0,0,0,0,0,0,0,0,0,0,0,0,0,0,0,0,0,0,0,5.7341680897095e-07,0,0.00254654364689894,0,0,0,0,0,0,0
P021,Ganado bovino,0,0,0,0,0,0,0,0,0,0,0,0,0,0,0,0,0,0,0,0,0,0,0,0,0,0,0,0,0,0,0,0,0,0.00126796532169035,0,0,7.80222500119317e-07,0,0,0,0,0,0,0,0,0,0,0,0,0,0,0,0,0,0,0,0,0,0,0,0,0,0,0,0,0,0,0,0,0,0,0,0,0,0,0,0,0,0,0,0,0,0,0,0,0,0,0,0,0,0,0,0,0,0,0,0,0,0,0,0,0,0,0,0,0,0,0,0,0,0,0,0,0,0,0,0,0,0,0,0,0,0,0,0,0,0,0,0,0,0,0,0,0,0,0,0,0,0,0,0,0,0,0,0,0,0,0,0,0,0,0
P022,Ganado porcino y otro tipo de animales vivos n.c.p.,0,0,0,0,0,0,4.30701346773867e-05,0,0,0,0,0,0,0,0,0,0,0,0,0,0,0,0,0,0,0,0,0,0,0,0,0,0,0,0,0,0.00248836274080065,0,0,0,0,0,0,0,0,0,0,0,0,0,0,0,0,0,0,0,0,0,0,0,0,0,0,0,0,0,0,0,0,0,0,0,0,0,0,0,0,0,0,0,0,0,0,0,0,0,0,0,0,0,0,0,0,0,0,0,0,0,0,0,0,0,0,0,0,0,0,0,0,0,0,0,0,0,0,0,0,0,0,0,0,0,0,0,0,0,0,0,0,0,0,0,0,0,0,0,0,0,0,0,0,0,0,0,0,0,0,0,0,0,0,0
P023,Aves de corral,0,0,0,0,0,0,0,0,0,0,0,0,0,0,0,0,0,0,0,0,0,0,0.0122257516406034,0,0,0,0,0,0,0,0,0,0,0,0,0.00362537294570138,0.0012450474646552,0,0,0,0,0,0,0,0,0,0,0,0,0,0,0,0,0,0,0,0,0,0,0,0,0,0,0,0,0,0,0,0,0,0,0,0,0,0,0,0,0,0,0,0,0,0,0,0,0,0,0,0,0,0,0,0,0,0,0,0,0,0,0,0,0,0,0,0,0,0,0,0,0,2.26673531638978e-08,0,0,0,0,0,0,0,0,0,0,0,0,0,0,0,0,0,0,0,0,0,0,0,0,0,0,0,0,0,0,0,0,0,0,0,0,0,0,0,0,0
P024,Leche cruda,0,0,0,0,0,0,0,0,0,0,0,0,0,0,0,0,0,0,0,0,0,0,0,0,0,0,0,0,0,0,0,0,0,0,0,0,0,0,0,0,0,0,0,0,0,0,0,0,0,0,0,0,0,0,0,0,0,0,0,0,0,0,0,0,0,0,0,0,0,0,0,0,0,0,0,0,0,0,0,0,0,0,0,0,0,0,0,0,0,0,0,0,0,0,0,0,0,0,0,0,0,0,0,0,0,0,0,0,0,0,0,0,0,0,0,0,0,0,0,0,0,0,0,0,0,0,0,0,0,0,0,0,0,0,0,0,0,0,0,0,0,0,0,0,0,0,0,0,0,0,0,0
P025,Huevos,0,0,0,0,0,0,0,0,0,0,0,0,0,0,0,0,0,0,0,0,0,0,8.7074026174278e-05,0,0,0,0,0,6.76151492167188e-06,0,0,0,0,0,0,0,0,0,0,0,0,0,1.27703297008201e-05,0,0,0,0,0,0,0.0031124561700928,0,0,8.74607827827438e-05,0,6.03836775890705e-06,0,0,0,0,0,0,0,0,0,0,0,0,0,0,0,0,0,0,1.20017533638029e-08,0,0,0,0,0,0,0,0,0,0,0,0,0,0,0,0,0,0,0,0,0,0,0,0,0,0,0,0,0,0,0,0,0,0,0,0,7.61110737622285e-05,0,0,0,0,0,0,0,0,0,0,0,0,0,0,0,0,0,0,0,0,0,0,0,0,0,0,0,0,0,0,0,0,0,1.14077069568085e-06,0,0,0,0,0,0,0
P026,Otros productos de animales vivos,0,0,0,0,0,0,0,0,0,0,0,0,0,0,0,0,0,0,0,0,0.000414369990224483,0,0,0,0,0,0,0,0,0,0,0,0,0,0,0,0,0,0,0,0,0,0,0,0,0,0,0,0,0,0,0,0,0,0,0,0,0,0,0,0,0,0,0,0,0,0,0,0,0,0,0,0,0,0,0,0,0,0,0,0,0,0,0,0,0,0,0,0,0,0,0,0,0,0,0,0,0,0,0,0,0,0,0,0,0,0,0,0,0,0,0,0,0,0,0,0,0,0,0,0,0,0,0,0,0,0,0,0,0,0,0,0,0,0,0,0,0,0,0,0,0,0,0,0,0,0,0,0,0,0,0
P027,Troncos de madera y leña,0,0,0,0,0,0,0,0,0,0,0,0,0,0,0,0,0,0,0,0,0,0,0,0,0,0,1.47835369646788e-06,0,0,0,0,0,0,0,0,0,0,0,0,0,0,0,0,0,0,0,0,0,0,0,0,0,0,0,0,0,0,0,0,0,0,0,0.00010931984490295,0,0,0,0,0,0,0,0,0,0,7.34356886604056e-08,0,0,0,0,2.02456614149377e-09,0,0,0,0,0,0,0,0,0,0,0,0,0,0,0,0,0,0,0,0,0,0,0,0,0,0,0,0,0,0,0,0,0,0,0,0,0,0,0,0,0,0,0,0,0,0,0,0,0,0,0,0,0,0,0,0,0,0,0,0,0,0,0,0,0,0,0,0,0,0,0,0,0
P028,Productos forestales no madereros,0,0,0,0,0,0,0,0,0,0,0,0,0.000326185998615401,0,0,0,0,0,0.000476922521711787,0,0,0,0,0,0,0,0,0,0,0,0,0,0,0,0,0,1.55087144062779e-09,0,0,0,0,0,0,0,0,0,0,0,0,1.14961992176024e-07,0,0,4.4997291850094e-06,0,0,0,0,0,0,0,0,0,0,0,0,0,0,0,0,0,0,0,2.85875468037862e-05,0,6.72426433894041e-05,5.55427064250558e-15,0,0,0,0,0,0,0,0,0,0,0,0,0,0,0,0,0,0,0,0,0,1.38266527122628e-05,0,0,2.28711454243448e-05,0,0,0,0,0,0,0,0,0,0,0,0,0,0,0,0,0,0,0,0,0,0,0,0,0,0,0,0,0,5.05589764982917e-05,0,7.67625338673007e-06,0,0,0,0,0,0,0,0,0,0,0,0,0,0,0,0,0,0,0
P029,"Peces vivos, frescos o refrigerados",0,0,0,0,0,0,0,0,0,0,0,0,0,0,0,0,0,0,0,0,0,0,0,0,0,0,0,0,4.84179149958745e-05,0,0,0,0,0,0,0,0,0.000157080132469799,7.73146239693663e-05,0,0,0,0,0,0,0,0,0,0,0,0,0,0,0,0,0,0,0,0,0,0,0,0,0,0,0,0,0,0,0,0,0,0,0,0,0,0,0,0,0,0,0,0,0,0,0,0,0,0,0,0,0,0,0,0,0,0,0,0,0,0,0,0,0,0,0,0,0,0,0,3.05298605267692e-06,0,0,0,0,0,0,0,0,0,0,0,0,0,0,0,0,0,0,0,0,0,0,0,0,0,0,0,0,0,0,0,0,0,0,7.10004890835021e-07,0,0,0,0,0,0
P030,Crustáceos sin congelar y otros productos de la pesca,0,0,0,0,0,0,0,0,0,0,0,0,0,0,0,0,0,0,0,0,0,0,0,0,0,0,0,0,0,0.00176353289181283,0,0,0,0,0,0,0,0,0.00338819058243215,0,0,0,0,0,0,0,0,0,0,0,0,0,0.000328274431392746,0,0,0,0,0,0,0,0,0,0,0,0,0,0,0,0,0,0,0,0,0,0,0,0,0,0,0,0,0,0,0,0,0,0,0,0,0,0,0,0,0,0,0,0,0,0,0,0,0,0,0,0,0,0,0,0,0,0.000350690845418847,0,0,0,0,0,0,0,0,0,0,0,0,0,0,0,0,0,0,0,0,0,0,0,0,0,0,0,0,0,0,0,0,0,0,0,0,0,0,0,0,0
P031,Petróleo crudo y gas natural,0,0,0,0,0,0,0,0,0,0,0,0,0,0,0,0,0,0,0,0,0,0,0,0,0,0,0,0,0,0,0,0,0,0,0,0,0,0,0,0,0,0,0,0,0,0,0,0,0,0,0,0,0,0,0,0,0,0,0,0,0,0,0,0,0,0,0,0,0,0,0,0,0,0,0,0,0,0,0,0,0,0,0,0,0,0,0,0,0,0,0,0,0,0,0,0,0,0,0,0,0,0,0,0,0,0,0,0,0,0,0,0,0,0,0,0,0,0,0,0,0,0,0,0,0,0,0,0,0,0,0,0,0,0,0,0,0,0,0,0,0,0,0,0,0,0,0,0,0,0,0,0
P032,Minerales metálicos,0,0,0,0,0,0,0,0,0,0,0,0,0,0,0,0,0,0,0,0,0,0,0,0,0,0,0,0,0,0,0,0.000478371841772439,0.00236714753351255,0,0,0,0,0,0,0,0,0,0,0,0,0,0,0,0,0,0,0,0,0,0,0,0,0,0,0,0,0,0,0,0,0,0,0,0,0,0,0,0,0,0,0,0,0.000818567408748711,0,0,0,0,0,0,0,0,0,0.00740102930563333,0,0,0,0,0,0,0,0,0,0,0,0,0,0,0,0,0,0,0,0,0,0,0,0,0,0,0,0,0,0,3.07303160390748e-08,0,0,0,0,0,0,0,0,0,0,0,0,0,0,0,0,0,4.86467553345406e-05,5.26611220330777e-07,2.0819212647207e-08,0,0,0,1.53995002835325e-06,0,0,2.05686441521819e-08,0,0,0,0,0,0
P033,Minerales no metálicos,0,0,0,0,0,0,0,0,0,0,0.00622971291791687,0,0,0,0,0,0,0,0.00152884689554576,0,0.00134075156299195,0.000333745761569892,0,0.00254057301908454,0,0,0,0.00202215891422152,0,0,0,0.000361552135158534,0.00551263785620864,1.24399830330548e-05,0,0,3.85918376504732e-06,0.000354767311475276,0.000400786537885685,0.0012425257636968,0.00135370557435666,0,0,0,8.12064957311966e-05,7.7514408503569e-05,0,0,0,0.000240767332358947,2.26616660158604e-06,0,0.00267946641435136,2.23414962177217e-05,0.00246194898635386,0,2.75190827236761e-05,4.26245674486216e-05,0,0,0.000775750602274313,0.000100921594609866,0,0,0,0,0,2.47132118117618e-07,0,1.14604998354368e-05,0.009828664593399,0.00347039440766378,0.000361154385092764,0.000350507877397835,8.48199253371446e-05,0.000163010043111189,0.0356929928327204,0.0103220556576589,0.00315600485102399,0.00234540899188922,0.000169493009830561,0.000969931897444437,0,0,0,0,0,0.00116684517709216,0,0.00081320141585221,0,0,0.00171704727335272,0,0.0583252496276026,4.53917670143352e-05,0,0.000776578136182257,0.000525493603907092,0.000815128080175865,0.0010609161300259,2.24974462929041e-08,1.81022496361479e-06,0,0,1.16242453022121e-07,0,4.95084782722474e-07,0,7.79786789969896e-06,5.2314423034949e-05,0,3.01075542514926e-07,0,0,0,0,3.7081870926775e-12,3.72962587771652e-09,0,0,0.000364242701494372,0,0,0,0,0,1.43478052284515e-08,0,0,1.26150402764583e-05,0.000257575338764495,0,0,0.00478718040004393,0,0.000241892757672684,2.52939512094727e-06,2.691234669471e-05,1.66909753497145e-05,3.44052715744778e-07,1.28718244218873e-06,2.45201192103827e-06,0,9.77062098189425e-07,3.80083981265783e-05,0,1.24219310095449e-05,1.60621635767144e-06,0,0,0
P034,Carne y despojos comestibles de ganado bovino; cueros y pieles de bovino y de otros animales,0,0,0,0,0,0,0,0,0,0,0,0,0,0,0,0,0,0,0,0,0,0,0,0,0,0,0,0,0,0,0,0,0,6.57924276738279e-06,0,0,0.00864376924769493,0,0,0,0,0,0,0,0,0,0,0,0,1.10448843610138e-06,0,0,7.77228556449141e-12,0,0,0,0,0,0,0,0.0108532577000486,0.000237003904177602,0,0,0,0,0,0,0,0,0,0,0,0,6.14291444721204e-05,0,0,0,0,0,0,0,0,0,0,0,0,0,0,0,0,0,0,0,0,0,0,0,0,0,0,0,0,0,0,0,0,0,0,0,0.00186557354650602,0,0,0,0,0,0,0,0,0,0,0,0,0,0,0,0,0,0,0,0,0,0,0,0,0,0,0,0,0,0,0,9.29399061992423e-06,0,3.01041686924758e-05,0,0,0,0,0,0,0
P035,Carne y despojos comestibles de ganado porcino,0,0,0,0,0,0,0,0,0,0,0,0,0,0,0,0,0,0,0,0,0,0,0,0,0,0,0,0,0,0,0,0,0,0,0,0,0.0270580051245431,0,0,0,0,0,0,0.00195707711799548,0,0,0,0,0,0,0,0,0,0,0,0,0,0,0,0,0,0,0,0,0,0,0,0,0,0,0,0,0,0,0,0,0,0,0,0,0,0,0,0,0,0,0,0,0,0,0,0,0,0,0,0,0,0,0,0,0,0,0,0,0,0,0,0,0,0,0.00282117495524425,0,0,0,0,0,0,0,0,0,0,0,0,0,0,0,0,0,0,0,0,0,0,0,0,0,0,0,0,0,0,0,0,0,2.57500865504882e-05,2.19365309661432e-10,0,0,0,0,0,0
P036,Carne y despojos comestibles de aves,0,0,0,0,0,0,0,0,0,0,0,0,0,0,0,0,0,0,0,0,0,0,0,0,0,0,0,0,0,0,0,0,0,0,0,0,0.00644501909284677,0,0,0,0,0,0,0,0,0,0,0,0,0,0,0,0,0,0,0,0,0,0,0,0,0,0,0,0,0,0,0,0,0,0,0,0,0,0,0,0,0,0,0,0,0,0,0,0,0,0,0,0,0,0,0,0,0,0,0,0,0,0,0,0,0,0,0,0,0,0,0,0,0,0.00867946171027162,0,0,0,0,0,0,0,0,0,0,0,0,0,0,0,0,0,0,0,0,0,0,0,0,0,0,0,0,0,0,0,1.52368029612989e-05,0,9.36297473306486e-14,0,0,0,0,0,0,0
P037,Carne y despojos de otros animales y conservas y preparados de carne,0,0,0,0,0,0,0,0,0,0,0,0,0,0,0,0,0,0,0,0,0,0,0,0,0,0,0,0,0,0,0,0,0,0,0,0,4.67234502819823e-05,0,0,0,0,0,0,0,0,0,0,0,0,0,0,0,0.0124821947709187,0.00061443735088825,0,0,0,0,0,0,0,0,0,0,0,0,0,0,0,0,0,0,0,0,0,0,0,0,0,0,0,0,0,0,0,0,0,0,0,0,0,0,0,0,0,0,0,0,0,0,0,0,0,0,0,0,0,0,0,0,0.00229750518956247,0,0,0,0,0,0,0,0,0,0,0,0,0,0,0,0,0,0,0,0,0,0,0,0,0,0,0,0,0,0,0,4.54318041336005e-06,0,1.5333187957047e-05,4.32208395693232e-05,0,0,0,0,0,0
P038,"Pescado congelado, preparado o en conserva y sus productos",0,0,0,0,0,0,0,0,0,0,0,0,0,0,0,0,0,0,0,0,0,0,0,0,0,0,0,0,0,1.15772473954781e-05,0,0,0,0,0,0,6.36217928256713e-08,0.544450060265114,0,0,0,0,0,0,0,0,0,0,0,0,0,0,0.000682066149097378,2.28290158086823e-06,0,0,0,0,0,0,0,0,0,0,0,0,0,0,0,0,0,0,0,0,0,0,0,0,0,0,0,0,0,0,0,0,0,0,0,0,0,0,0,0,0,0,0,0,0,0,0,0,0,0,0,0,0,0,0,0,0.0038304262732439,0,0,0,0,0,0,0,0,0,0,0,0,0,0,0,0,0,0,0,0,0,0,0,0,0,0,0,0,0,0,0,2.66651019994752e-05,0,4.94373220144892e-05,2.79967796420729e-09,0,2.43778603729535e-05,0,0,0,0
P039,"Crustáceos, moluscos y demás invertebrados acuáticos congelados, preparados o en conserva y sus productos",0,0,0,0,0,0,0,0,0,0,0,0,0,0,0,0,0,0,0,0,0,0,0,0,0,0,0,0,0,0.00360340831744596,0,0,0,0,0,0,3.19414318369648e-08,0,0.328677317819914,0,0,0,0,0,0,0,0,0,0,0,0,0,0.000165585427443699,0.00576003834174373,0,0,0,0,0,0,0,0,0,0,0,0,0,0,0,0,0,0,0,0,0,0,0,0,0,0,0,0,0,0,0,0,0,0,0,0,0,0,0,0,0,0,0,0,0,0,0,0,0,0,0,0,0,0,0,0,0.000920665946750654,0,0,0,0,0,0,0,0,0,0,0,0,0,0,0,0,0,0,0,0,0,0,0,0,0,0,0,0,0,0,0,0,0,9.51906700282927e-06,0,0,0,0,0,0,0
P040,"Vegetales preparados o en conserva, legumbres y papas",0,0,0,0,0,0,0,0,0,0,0,0,0,0,0,0,0,0,0,0,0,0,0,0,0,0,0,0,0,0,0,0,0,0,0,0,0.00109042453796983,0,0,0.0603994929165266,0,8.25490025226285e-05,0,0,0,0,0,0,0,0,0,0,0.0138052680508925,0,0,0,1.15714218745441e-07,0,3.91129417527055e-08,0,0,0,0,0,0,0,0,0,0,0,8.93124065210489e-07,0,0,0,9.9423292638305e-10,0,0,0,0,0,0,0,0,0,0,0,0,0,0,0,0,0,2.48611923524238e-06,0,0,0,0,0,0,0,0,0,0,0,0,0,0,0,0,0,0.00768409818315457,0,0,0,0,0,0,0,0,0,0,0,0,0,0,0,0,0,0,0,0,0,0,0,0,6.32316653873532e-05,0,0,0,0,0,0,9.47252648347543e-06,0,1.7736225715627e-07,1.22100908292753e-09,0,0.000292097586522209,0,0,0,0
P041,Preparaciones y conservas de frutas y nueces,0,0,0,0,0,0,0,0,0,0,0,0,0,0,0,0,0,0,0,0,0,0,0,0,0,0,0,0,0,0,0,0,0,0,0,0,0,0,0,0,0.0788573045292856,0.029439567220651,0,0,5.8565706357779e-05,5.82911228007641e-05,0,0,0,0.00238760308947221,0,0,0.00281655577054325,0,4.95740020018955e-05,0,0.000717916025145972,0,0,0,0,0,0,0,0,0,0,0,0,0,0,0,0,0,0,0,0,0,0,0,0,0,0,0,0,0,0,0,0,0,0,0,0,0,0,0,0,0,0,0,0,0,0,0,0,0,0,0,0,0,0.000711563589370758,0,0,0,0,0,0,0,0,0,0,0,0,0,0,0,0,0,0,0,0,0,0,0,0,0,0,0,0,0,0,0,5.00059648238986e-07,0,1.11583120119833e-05,0,0,6.91231463389862e-06,0,0,0,0
P042,Jugos de frutas,0,0,0,0,0,0,0,0,0,0,0,0,0,0,0,0,0,0,0,0,0,0,0,0,0,0,0,0,0,0,0,0,0,0,0,0,0,0,0,0,0,0.028149884693125,0,0,0,2.60394385821399e-18,0,0,0,0,0,0,6.14073430958619e-16,0,0.000555852916796963,0,0.00124708168501046,0,0,0,0,0,0,0,0,0,0,0,0,0,0,0,0,0,0,0,0,0,0,0,0,0,0,0,0,0,0,0,0,0,0,0,0,0,0,0,0,0,0,0,0,0,0,0,0,0,0,0,0,0,0.00260513455231008,0,0,0,0,0,0,0,0,0,0,0,0,0,0,0,0,0,0,0,0,0,0,0,0,0,0,0,0,0,0,0,3.56638564546452e-06,0,1.11885295653628e-12,9.135514803421e-10,0,0,0,0,0,0
P043,Aceites de origen vegetal,0,0,0,0,0,0,0,0,0,0,0,0,0,0,0,0,0,0,0,0,0,0,0,0,0,0,0,0,4.0380415007957e-05,0,0,0,0,0,0,0.000678292819954156,0.0012653352976099,0,0.000859086354860018,0,0.00202637389344394,0,0.0590110924882654,0.0573119677746999,0.000540347744293099,0.000516050327429575,0,0,0,0.000458889190037706,0.000109038328402736,0,0.0119237841937952,1.4643658161778e-05,0,0,0,0,0,0,0,0,0,0,0,0,3.26922719944303e-08,0,0,0,0,0.000262702149378154,0.0121000358462196,0,0.000221813457933391,0,0,0,0,0,0,0,0,0,0,0,0,0,0,0,0,0,0,0,0,0,0,0,0,0,0,0,0,0,0,0,0,0,0,0,0.00231219661166405,0,0,0,0,0,0,0,0,0,0,0,0,0,0,0,0,0,0,0,0,0,0,0,0,0,0,0,0,0,0,0.000344104627242111,4.00274872113071e-05,0,2.48079421101813e-05,0,0,1.89267504153436e-05,0,0,0,0
P044,"Margarina, grasas y otros aceites de origen animal y vegetal",0,0,0,0,0,0,0,0,0,0,0,0,0,0,0,0,0,0,0,0,0,0,0,0,0,0,0,0,0,0,0,0,0,4.49075491752755e-07,0,0,0.00394014640702491,0,0,0.000504917055874082,0,0,0.00358858155116799,0.0131178968130856,0.00224429189098849,0.00233770616013987,0.00110954222478943,0,0.0139697929324133,0.0245259048209366,0.000162909322900485,0,0.0101219931055845,0.154268899925448,0,0,0,0,0,0,0.000220314910677119,0,0,0,0,0,0,0,0,0,0,0,0.0556887022545932,1.96187912429963e-05,0.000108752142072947,0,0,0,0,0,0,0,0,0,0,0,0,0,0,0,0,0,0.00149147970526391,0.00173559165203318,0,0,0,0,0,0,0,0,0,0,0,0,0,0,0,0,0.000320793850974007,0,0,0,0,0,0,0,0,0,0,0,0,0,0,0,0,0,0,0,0,0,0,0,0,0,0,0,0,0,0,0,6.84096648055133e-08,0,0,0,0,3.63418268171094e-17,0,0,0,0
P045,Leche líquida y crema procesada,0,0,0,0,0,0,0,0,0,0,0,0,0,0,0,0,0,0,0,0,0,0,0,0,0,0,0,0,0,0,0,0,0,0,0,0,0.00010856255972209,0,0,0,0,0,0,0,0.00739335877139815,0.00685535742003342,0,0,0,0.00125170200834096,0,0,3.00909157167617e-05,0,0,0,0,0,0,0,0,0,0,0,0,0,0,0,0,0,0,0,0,0,0,0,0,0,0,0,0,0,0,0,0,0,0,0,0,0,0,0,0,0,0,0,0,0,0,0,0,0,0,0,0,0,0,0,0,0,0.00179473304712926,0,0,0,0,0,0,0,0,0,0,0,0,0,0,0,0,0,0,0,0,0,0,0,0,0,0,0,0,0,0,0,1.60127595495824e-06,0,3.27541873569418e-05,2.2223954068647e-09,0,0,0,0,0,0
P046,Otros productos lácteos n.c.p.,0,0,0,0,0,0,0,0,0,0,0,0,0,0,0,0,0,0,0,0,0,0,0,0,0,0,0,0,0,0,0,0,0,0,0,0,0.0002288471425251,0,0.00102972776756956,0,0,0,0.000930314046672664,0.00760390341353894,0.0196944576427683,0.0247187621092512,0,0,0,0.00397728644984068,0,0,0.00573952295673792,0,0,0,0,0,2.60018656096602e-07,0,0,0,0,0,0,0,0,0,0,0,4.02575373543212e-08,0,5.07783462661359e-05,0,0,0.000114413668408739,0,0,0,0,0,0,0,0,0,0,0,0,0,0,0,0,1.1206174133991e-07,0,0,0,0,0,0,0,0,0,0,0,0,0,0,0,0,0,0.00693618264890569,0,0,0,0,0,0,0,0,0,0,0,0,0,0,0,0,0,0,0,0,0,0,0,0,0,0,0,0,0,0,0.0024244235003662,0.000630311658111318,0,9.88643919275437e-05,0,0,0,0,0,0,0
P047,Harina de trigo,0,0,0,0,0,0,0,0,0,0,0,0,0,0,0,0,0,0,0,0,0,0,0,0,0,0,0,0,0,0,0,0,0,0,0,0,1.85990596260799e-05,0,0,0,6.2145526326168e-07,0,0,0,0,0,0,0,0,0.0212857397899747,1.3102560888291e-09,0,0.004997962639095,0,0,0,0,0,0,0,0,0,0,0,0,0,0,0,0,0,0,0,0,0,0,0,0,0,0,0,0,0,0,0,0,0,0,0,0,0,0,0,0,0,0,0,0,0,0,0,0,0,0,0,0,0,0,0,0,0,0.000657206017544296,0,0,0,0,0,0,0,0,0,0,0,0,0,0,0,0,0,0,0,0,0,0,0,0,0,0,0,0,0,0,0,1.40637190743519e-06,0,5.77960151212367e-06,0,0,5.0118515808393e-07,0,0,0,0
P048,Arroz sin cáscara,0,0,0,0,0,0,0,0,0,0,0,0,0,0,0,0,0,0,0,0,0,0,0,0,0,0,0,0,0,0,0,0,0,0,0,0,0,0,0,0,0,0,0,0,0,0,0,0,0,0,0,0,0,0,0,0,0,0,0,0,0,0,0,0,0,0,0,0,0,0,0,0,0,0,0,0,0,0,0,0,0,0,0,0,0,0,0,0,0,0,0,0,0,0,0,0,0,0,0,0,0,0,0,0,0,0,0,0,0,0,0.00109684819054236,0,0,0,0,0,0,0,0,0,0,0,0,0,0,0,0,0,0,0,0,0,0,0,0,0,0,0,0,0,0,0.000112911305318225,9.22033760022989e-06,0,9.47452206862787e-06,1.3229546696986e-11,0,0.000143838628927762,0,0,0,0
P049,"Otros productos de molinería, almidones y productos de almidón",0,0,0,0,0,0,0,0,0,0,0,0,0,0,0,0,0,0,0,0,0,0,0,0,0,0,0,0,0,0,0,0,0,0,0,0.00574927598007328,0.00518735736295938,0,0,0.00491565628560156,0,0,0,0,3.82713321618744e-05,3.3766677131638e-05,0,0,0.0775628484973919,0.00702668378325602,0.00400149780233136,0,0.0268062919308261,9.69474720053739e-08,4.42490275984465e-05,0.0339734312173986,4.24808964252442e-08,0,6.8389488173836e-09,0,0,0,0,0.00972997360733153,0.00647970124635529,0,0,0,0,0,1.05884416761936e-09,0,1.14452720563652e-05,0.000280104797019679,0.000441373997341086,0.000207728430259363,0,0,0,0,0,0,0,0,0,0,0,0,0,0,0,0,9.18439859295909e-08,0,0,0,0,0,0,0,0,0,0,0,0,0,0,0,0,0,0.00206719775891037,0,0,0,0,0,0,0,0,0,0,0,0,0,0,0,0,0,0,0,0,0,0,0,0,0,7.44811906576122e-05,0,0,0,0,0.000880003379681294,0.000282705889676388,0,0.000127846712909405,0,0,0.000180839805549974,0,0,0,0
P050,Pan y otros productos de panadería y repostería n.c.p.,0,0,0,0,0,0,0,0,0,0,0,0,0,0,0,0,0,0,0,0,0,0,0,0,0,0,0,0,0,0,0,0,0,0,0,0,0,0,0,0,0,0,0,0,0,0.0021933286702379,0,0,0,3.76200916364094e-05,0,0,0,0,0,0,0,0,0,0,0,0,0,0,0,0,0,0,0,0,0,0,0,0,0,0,0,0,0,0,0,0,0,0,0,0,0,0,0,0,0,0,0,0,0,0,0,0,0,0,0,0,0,0,0,0,0,0,0,0,0.00705484880045054,0,0,0,0,0,0,0,5.287623045975e-20,0,0,0,0,0,0,0,0,0,0,0,0,0,0,0,0,0,1.63192073736529e-05,0,1.11609135947821e-07,0,0,1.27844948884217e-08,1.43067503628227e-05,0,5.01626344875929e-13,5.01387568221444e-05,0,1.47825407140676e-05,0,0,0,0
P051,"Tortillas de maíz, incluso tostadas, horneadas o fritas",0,0,0,0,0,0,0,0,0,0,0,0,0,0,0,0,0,0,0,0,0,0,0,0,0,0,0,0,0,0,0,0,0,0,0,0,0,0,0,0,0,0,0,0,0,0,0,0,0,0,0,0,0,0,0,0,0,0,0,0,0,0,0,0,0,0,0,0,0,0,0,0,0,0,0,0,0,0,0,0,0,0,0,0,0,0,0,0,0,0,0,0,0,0,0,0,0,0,0,0,0,0,0,0,0,0,0,0,0,0,0,0,0,0,0,0,0,0,0,0,0,0,0,0,0,0,0,0,0,0,0,0,0,0,0,0,0,0,0,0,0,0,0,0,0,0,0,0,0,0,0,0
P052,"Azúcar de caña sin refinar y refinada, melaza y los demás azúcares n.c.p.",0,0,0,0,0,0,0,0,0,9.42872275468626e-06,0,0,0,0,0,0,0,0,0,0,4.26194648319362e-06,0,0,6.96499752933384e-06,0,5.06208866096677e-14,0,0,0,0,0,0,0,0,0,0,2.38808456049237e-14,0,0,0,1.07674461715541e-06,2.93485962082577e-06,0,0,0,0,0,0,7.09845417513544e-06,9.72371927244211e-05,0,0,6.53844872028719e-05,0.000138231253683343,0,5.51193114839551e-06,6.69756245290179e-05,0,0,0,0,0,0,0,0,0,0,0,0,0,0,0,0,0.00108233065251823,0,0,0,0,0,0,0,0,0,0,0,0,0,0,0,0,0,0,0,0,0,0,0,0,0,0,0,0,0,0,0,0,0,0,0,0,6.04404511813751e-05,0,0,0,0,0,0,0,0,0,0,0,0,0,0,0,0,0,0,0,0,0,0,0,0,0,0,0,0,0,0,4.34632444626462e-06,1.27871107722874e-07,0,0,0,0,0,0,0,0,0
P053,Productos alimenticios n.c.p.,0,0,0,0,0,0,0,0,0,0,0,0,0,0,0,0,0,0,0,0,0,0,0,0,0,0,0,0,0,0,0,0,0,0,0,0.000507284611573602,0.0192201334387361,0,0.00425281000902617,0.001094422527494,0,0.0240952677610563,0.000129169495497172,0.000167552024935287,0.0040914565343794,0.00383372223386683,0.00117915751522005,0,0.0240892512468058,0.0141561637973968,0,0,0.0361804898903906,5.68430649522657e-05,0.000702755699706142,0.009843031809177,0.0969522607328022,0,1.86811964749922e-07,0,0,0,0,0,0,0,0,0,0,0,2.89232694378671e-08,0,0.000706804408024675,0.000183271078599827,0.00127942438505213,3.07490643187755e-06,0,0,0,0,0,0,0,0,0,0,0,0,0,0,0,0,8.05114309383577e-08,0,0,0,0,0,0,0,0,2.69868146769592e-06,0,0,0,0,3.30431406667776e-05,8.51178827992126e-07,0,0,0.0202902894771695,0,0,0,0,0,0,0,0,0,0,0,1.0766429414384e-05,0,0,1.21368555438815e-08,0.00047005028352259,2.39971275646552e-09,0,0,0,0,0,0,0,0,1.96017927258326e-05,4.25085265702966e-07,2.0814014531236e-07,1.23208354118832e-07,0,5.22620918746529e-14,1.84817443683823e-05,4.17261449100195e-06,0.00151852395572178,9.23681707961838e-07,0,0.00195108829119455,2.84864210806189e-05,0,0,0
P054,Preparados para alimentación animal,0,0,0,0,0,0,0,0,0,0,0,0,0,0,0,0,0,0,0,0,0.00140767527661618,0.00428521003483357,0.00864854079503416,0.00555413319385639,0.00538459854243437,0.000593008048263166,7.21574863436003e-05,2.28218417753921e-05,0.00337655030870807,0.0415434067290143,0,0,0,0,0,0,0,0,0,0,0,0,0,0,0,0,0,0,0,0,0,0,0,0.0139150859089927,0,0,0,0,0,0,0,0,0,0,0,0,0,0,0,0,0,0,0,0,0.000965713237841649,0,0,0,0,0,0,0,0,0,0,0,0,0,0,0,0,0,0,0,0,0,0,0,0,0,0,1.4424007223087e-18,0,0,0,0,0,6.33185128661469e-19,0,0,0,0,0,0,0,0,0,0,6.26257486855341e-21,0,0,0,3.91151642440623e-05,0,0,0,0,2.71392220137898e-11,0,0,0,0,0,0,0,0,7.87681501408924e-06,1.0672434672427e-05,1.78739782360073e-05,1.79480763852484e-05,0,9.08807332948771e-06,4.58452457065847e-09,0,3.77072212228895e-14,8.41280291022741e-06,0,0,7.52471114119243e-20,0,0,0
P055,"Aguardientes, licores, vinos, demás bebidas espirituosas y productos del tabaco",0,0,0,0,0,0,0,0,0,0,0,0,0,0,0,0,0,0,0,0,0,0,0,0,0,0,0,0,0,0,0,0,0,0,0,0,0,0,0.00228532150119112,0,0,0,0,0,0,0,0,0,0,0,0,0,0,0,0.00738373271735963,0,0,0,0,0,0,0,0,0,0,0,0,0,0,0,0,0,0,0,0,0,0,0,0,0,0,0,0,0,0,0,0,0,0,0,0,0,0,0,0,0,0,0,0,0,0,0,0,0,0,0,0,0,0,9.06049131704813e-05,0.000970099670110519,0,0,0,0,0,0,0,0,0,0,0,0,0,0,0,0,0,0,0,0,0,0,0,0,0,0,0,0,0,0,1.03238930171972e-11,0,0,0,1.13983327171747e-08,0,4.72677971647002e-14,0,0,0,0
P056,Malta y cerveza de malta,0,0,0,0,0,0,0,0,0,0,0,0,0,0,0,0,0,0,0,0,0,0,0,0,0,0,0,0,0,0,0,0,0,0,0,0,0,0,0,0,0,0,0,0,0,0,0,0,0,0,0,0,0,0,0,0.112870189775908,0,0,0,0,0,0,0,0,0,0,0,0,0,0,0,0,0,0,0,0,0,0,0,0,0,0,0,0,0,0,0,0,0,0,0,0,0,0,0,0,0,0,0,0,0,0,0,0,0,0,0,0,0,1.00944447794722e-05,0.000246117546607174,0,0,0,0,0,0,0,0,0,0,0,0,0,0,0,0,0,0,0,0,0,0,0,0,0,0,0,0,0,0,0,0,0,0,7.3830403695898e-10,0,0,0,0,0,0
P057,Bebidas no alcohólicas,0,0,0,0,0,0,0,0,0,0,0,0,0,0,0,0,0,0,0,0,0,0,0,0,0,0,0,0,0,0,0,0,0,0,0,0,0,0,0,0,0,0.00174048197195907,0,0,9.31568262491629e-05,8.21919775684526e-05,0,0,0,0,0,0,0.000104471346744396,0,0,0,0,0,0,0,0,0,0,0,0,0,0,0,0,0,0,0,0,0,0,0,0,0,0,0,0,0,0,0,0,0,0,0,0,0,0,0,0,0,0,0,0,0,0,0,0,0,0,0,0,0,0,0,0,2.06565179394212e-05,0.00119804988537361,0,0,0,0,0,0,0,2.60334537622846e-11,0,0,0,0,0,0,0,0,0,0,0,0,0,0,0,0,0,8.49772656561876e-09,0,9.77447401956487e-07,0,0,0,8.54751274977471e-11,0,6.17998087076919e-05,4.26232959917059e-09,0,3.65189444825063e-05,2.58545800608246e-16,0,0,0
P058,Aguas minerales y otras aguas embotelladas,0,0,0,0,0,0,0,0,0,0,0,0,0,0,0,0,0,0,0,0,0,0,0,0,0,0,0,0,8.40502890901614e-05,2.18272292364331e-08,0,0,0,0,0,0,0,0,0,0,0,0,0,0,0,0,0,0,0,5.74275948876286e-07,0,0,0,0,0,0,0,0,0,0,0,0,0,0,0,0,0,0,0,0,0,0,0,0,0,0,0,0,0,0,0,0,0,0,0,0,0,0,0,0,0,0,0,0,0,0,0,0,0,0,0,0,0,0,0,0,0,0,0,1.53794790015088e-06,5.31543609071404e-05,0,0,0,0,0,0,0,0,0,0,0,0,0,0,0,4.00838407172714e-07,0,0,0,0,0,0,0,0,0,0,0,0,0,0,2.08756439240533e-07,1.06986190403702e-07,0,3.23113984842768e-06,1.47338771854283e-08,0,1.97918544752753e-06,5.60743265572499e-16,0,0,0
P059,"Hilados, tejidos, telas y otros productos textiles excepto prendas de vestir",0.000244417784352515,0,0,0,0.000320037140231565,0.00104574960000758,0.000841888535560349,0.00081713194537114,0.00110568911751193,0,0,0.0016568102855515,0,0,0,0.000104102427011091,0,0,0,0,0,0,0,0,0,0.00639306678827985,0,0,0.00126713566575703,0.00560414246367584,8.93985231536383e-05,0.000350705350556464,0,0.000390157495011547,0,0,1.31793505751557e-06,0,0,0,0,0,0,0,0,0,0.00181045907115755,0,0.000179607018193564,4.88798758732809e-16,4.73197810406808e-06,0.00026742203870614,1.79197243373434e-05,8.77084183321176e-05,0.000240164439517256,1.67057465382523e-06,3.26430417757379e-05,3.46700979435398e-05,0.123140084713295,0.146996020988851,0.0033899331788276,0.0190826944438117,8.51534135475619e-07,0.00103720169060458,0.00110841979130437,5.3715080241005e-05,0.000730914157523032,2.94659915649476e-05,0,7.73476714795586e-05,0.00261257453247776,0.000494425081779191,0,0.00223118099989076,0.000353836845608365,0.00226122351272211,0.000355874321206575,0.000695019894096576,0.000787538976455961,0,2.23546865573392e-05,3.27742668010637e-05,1.88831064293197e-05,1.32430068113427e-06,0.000161549797967288,0,0,0.000281904787705297,0,0,0,0.017422714763512,0.00472983374867279,9.37275719377336e-06,2.55371158319729e-05,9.33532435661983e-05,0,1.47282476141913e-07,5.0061685641247e-09,0.000373959968468194,6.46308096258964e-05,3.03444146932489e-05,0.000228572545447334,0,2.10541981021559e-05,0.00017015086148953,0,2.05809278303559e-05,4.81842315944256e-05,0.00776163396674566,6.01910900662e-05,1.05668989011148e-06,1.51959989915525e-05,5.24079536043777e-06,4.12862867521191e-06,0,4.2222040181128e-06,0,4.43612477094472e-07,0,7.00091123980155e-07,3.03579622479447e-09,0.000197477976711404,0.000594474973252454,4.35030784443103e-05,0,0.00020278572348343,2.40445318978892e-07,0.000578204807263444,0,1.87547673248468e-05,0.00110260646291962,2.80749604230661e-05,0,0.000188793567808183,0.0108840683924112,0.000172863106545036,0.000222778365726279,0.000424628170909179,0.000334850948428387,0.000105269989158426,3.64629857026481e-05,0.00190779977647722,0.000463037141023395,0.00118138478547282,0.000987441888202883,0,0.000208001660319618,0.000832064789153144,0,0,0
P060,"Prendas de vestir, adobo y teñido de pieles",0,0,0,0,0,0.000603807336519624,0.000634104754839102,0.000611689753395715,0.000795306585371452,0,0.000467166619450078,0,0,0,0,0,0,0,0.000929266023467811,0,4.71709618646517e-05,0,0.000486808599807831,8.17761564169426e-05,0.000197375367258864,0,0,0,0,0,4.19640203221455e-05,0.000104507485133166,2.23404906012762e-05,0.000164235726369598,0,0.000199350482347104,0.000230292971062791,5.99528801460083e-05,6.77297667873456e-05,0.000126458240706738,3.8111238717353e-05,0.000106412211374415,5.54631271694908e-05,6.02612131883445e-05,7.03813478424933e-05,7.06064748371156e-05,0.000237249357966061,2.34481182956107e-05,0.000196766460384119,0.000105951482299357,3.43271394066813e-06,0,0.000101821276214283,4.81713535029298e-05,6.20097537178183e-07,0.000199146871219117,0.00018318068696718,0.000197256431712157,0.000162724024735638,0.00395162717862023,0.0011799865729027,0.000158027403137349,2.31865215757922e-05,0,5.38353140391523e-06,6.16908748589963e-05,8.69972340670541e-05,5.91653439602635e-06,0,6.00458385416052e-05,0.000644051452819684,0.000157104619494726,0.000716416642751285,0.000108271720349315,0.000100918738071568,0.000703150882350328,0.000175924890728718,0,1.87441322956524e-07,7.95438847126061e-09,3.06514597244999e-07,0.000144923434995865,3.76613257071531e-07,0,1.10354191816762e-05,0,0,0.000105284070441965,0,0,0.000289677412370744,0.000804547305283087,0.000306681725478482,0.000191247600463714,0.00010723698203458,0.000191935455292963,0,0,0,7.70332130096895e-07,5.52527185904556e-05,0.000151069590651876,0.000531053330981541,0.000115783314292734,0.000161097185083586,0.000262727007995906,0.000103316585478513,0.000184464050679197,0.000213868089203416,0.000282333513912449,0.00045879962183322,4.98146335716501e-06,8.67539610397859e-05,0.000750126078840797,0.000368340867263813,8.17397124746262e-06,0.000193928223537272,0,0.00012893261491978,6.05304436007936e-05,9.86076748072199e-06,0.000226357425781316,9.74423057729956e-05,0.000174564277715628,8.66903841740963e-05,0.000513701816328786,0.00236823335619421,0.00328699242135123,0.00217484179485011,5.57712705809847e-05,0.00026930418117493,0.000330242271054536,0.000233897663694855,0,0.000315677421092285,0.000713208757658625,0.000482542682512594,0.00116801895674128,0.000164842640274695,0.00148686534435028,7.27928125952697e-05,0.000710082625126395,0.000509178945567328,0.000666149801192085,0.000808840340418378,0.00103931730026806,4.31785025796007e-05,0.00121894274107409,0.000622817222074693,0,0,0
P061,Cuero de piel curtida o adobada y cuero artificial o regenerado y artículos de cuero,4.36734201308274e-11,0,0,0,0,0,0,0,0,0,0,0,0,0,0,0,0,0,0,0,0,0,0,0,0,0,0,0,0,0,8.3215424745253e-06,2.68444266828616e-05,0,0,0,0,0,0,0,0,0,0,0,0,0,0,0,0,0,0,0,0,1.04674431193772e-09,0,0,0,0,0,0.000149024604507014,0.0113875229700842,0.0259249439831562,0.0274063279345963,0,0,1.40552722064291e-06,0,5.65007053536859e-09,1.14428209603393e-06,0,8.94759127939994e-06,0,0,3.96889973417137e-06,0,3.62117424452036e-09,0,0,0,0,0,0,0,0,0,0,0,0,0,0,0,0,0.00104237517267759,0.000290201024415092,0,0,0.000148027156042927,0,0,0,0,0,2.63415385611726e-05,0.000236424498289395,2.52366994905936e-05,1.25228973986314e-06,1.58961163799555e-06,0,1.44877335458102e-05,2.37691518255696e-05,1.09312208191543e-05,2.1341178761686e-06,1.62723110748234e-05,0,0,0,0,0,0,6.79785474611036e-06,0,6.30286977493895e-07,1.49604602242541e-10,1.26841247042863e-05,4.75163847132684e-05,1.33663463500022e-05,4.00982425463454e-07,0.000482495146212149,1.89708817039815e-05,0,2.01981556336781e-05,3.8217267902876e-15,6.62967328185003e-11,4.80520443403623e-05,0,1.04805642936211e-08,0,3.94465907505161e-06,8.24043723398624e-07,6.1114315536047e-07,2.38686426963493e-06,2.13281896520403e-06,8.66550762808438e-06,1.28546163565062e-06,1.0137899236271e-07,0.000169690658732917,1.76770356125673e-05,0,0.000201317905038074,3.22542993890803e-06,0,0,0
P062,"Calzado y sus partes, de cualquier material y de cualquier uso",0,0,0,0,0,0,0,0,0,0,0,0,0,0,0,0,0,0,0,0,0,0,0,0,0,0,0,0,0,0,8.59181798960944e-05,2.12850872468268e-05,0,0.000362633996310147,0,0.000134619503109277,9.54922202168204e-10,0,0,0,0,0,0,0,0,0,0,0,0,0,0,0,0,0,0,0,0,0,0,2.72036710875667e-19,2.44361753003109e-17,0.0343069059638987,0,0,0,0,3.54353898786217e-10,2.23744817675588e-05,0,0.000115519327068586,0,0,0,0,1.01285041286613e-06,0,0,0,0,0,0,0,0,0,0,0,0,0,0,0,0,0,0,0,3.95463262166478e-06,0,0,0,0,0,4.4414642770415e-09,1.61560685568833e-07,0,0,0,1.05241870849095e-05,0,0,0,6.21509475514915e-05,0,0,7.51777593241841e-07,0,0,0,0,0,0,0,0,1.5995634376475e-10,0,0,1.57217485560373e-05,0,4.93103433266202e-05,7.40964126893363e-05,1.53413935765634e-09,0,0,0,0,0,1.87934664487661e-19,0,4.14572946909792e-05,0,0,1.36425197670004e-07,0,0,9.95564513996533e-07,0,0.00044731600419432,5.01521264675172e-05,0,0.000477783701697878,0.000620593337254928,0,0,0
P063,"Madera aserrada y acepillada, productos de madera, corcho, paja y materiales trenzables",0,0,0,0,0,0.000188509100640779,0.000197967977228902,0.000190969997066371,0.000248295308908008,0,0.000670168344046188,0,0,0.000477932226541955,0,0,0,0,0,0,0,0,2.21503491225061e-05,0,2.23752503710782e-05,4.37567697693555e-05,0,0,6.91712928612567e-14,0.000215565354381048,0,0,0,0,0,0,0,0,0,0,0,0,0,0,7.27837287279702e-07,6.94498350952017e-07,0,0,0,3.66846216421807e-05,0,0,2.89809535878137e-05,0,0.00396453795086007,0,0.000681017103923006,0.00072413010604406,8.87344736398735e-09,3.76423493404634e-17,0.000129300239453745,6.45082210818269e-05,0.0420686282136647,0.000146219662906682,0.000179172753445643,3.98690120595325e-06,1.18203188857558e-10,0,0,0,1.09530159479941e-09,0.000870049677837982,7.4565030563172e-05,0.000299056410751955,0,0.000308204363229728,0,0,8.66900427349301e-07,4.26453297725265e-05,2.16938149177479e-06,0,0,1.52234519127878e-09,0,0,0,0,0,0,0,0.0309588960493739,0.00105450817630242,0,5.39016154531204e-05,0.000283690783373884,0,0.00396547795805386,0.00121858003527296,0.000419790087869669,0.00346864265441167,6.57575548569053e-07,0,0,0,0,0,2.20102620570418e-05,4.05487907356215e-13,2.64822185312511e-05,6.3365673837203e-06,0,7.04206595814201e-05,0,0,0,0,0,1.05847555725056e-05,0,0,6.84044602698971e-06,2.5189181485457e-12,3.10520696575911e-05,2.94191543482662e-08,0,5.61811274710515e-07,3.48435497922797e-07,4.72769864052155e-10,0,3.11028912926307e-05,1.21316427545984e-05,0,0,5.26925357380459e-11,1.28690118537963e-06,0.000141426032269307,4.2063490978951e-05,3.44709937580939e-05,6.72015054257052e-05,0.000136838768013141,5.40395880841156e-06,1.67148061107701e-05,1.06981034288731e-08,8.04477977748406e-05,1.99678885876607e-05,0,0.00016469564304078,0.000289084226847893,0,0,0
P064,Pasta de papel y papel,8.99424226435388e-09,0,0,0,0,0.000547087616120006,0.000574538992346295,0.000554229584090885,0.000720598041062837,0,0.000879079032802968,0.00303400899279348,0.000384254801939315,0.00104826278852019,1.35320968628494e-06,7.26658883578013e-05,0,0.000497271600074825,0.00343896546123967,0,0.00111794907399079,0.000874115174821631,0,0.000834125475997413,0.00221603304154606,0,1.86346953454996e-05,0.000976311391787077,0,0,1.00915703745092e-05,7.5853083625121e-05,0.000826778320956098,2.17965363659215e-05,1.49633227787256e-18,0.000367301559288323,0.00163333340655645,0.000183312609524252,0.000207091306739899,0.0373301341281359,0.0076841473411468,0.0326174971423876,0.00420058083683122,0.00494230845905591,0.000738737277444746,0.000434042735320943,5.43300168587669e-05,0.000538946728355445,0.00502484866765397,0.000318436180018321,4.18730739059437e-05,0.000206213826252827,0.00998598789029375,1.0469945850754e-05,0.00468738184772829,0.00328437564710112,0.00504184289723474,0.0061210137598956,0.00187016402223927,0.00342554513477032,0.000183255999571272,0.00197188069138757,0.00542713185057414,0.344983375779709,0.308697945158929,0.0751228954482334,0.157056861087164,7.53783479209347e-06,0,2.17327377741336e-05,8.10403028770291e-05,0.00396481250042849,0.00784444974683579,0.00231723834990015,0.00291738386758391,0.00733927446479097,0.000257019719819032,0.000288076946014874,0.000173129422508006,0.000503045578137654,0.000230320168054985,0.000187812240612524,0.000444346861488653,0.000387390948536188,6.23083548418561e-05,0,0,0.00373786943172872,0,0.0148246256953292,0.00019891045600873,0.000182471445122862,0.006818369357861,0.000325559995473596,0.000109357017867389,0.00106577554243001,0.000195080013390576,2.66654706665956e-05,0.000269598054837486,4.15865677319643e-06,0.000109606612995778,0.00162110426360296,0.000851801851343954,0.000216722265011059,0.000229387876702237,0.000406186839897387,0.000689195443065349,0.010465001446436,0.00107179480213643,0.00938771955475261,0.00122028697022356,0.000127404384359067,0.00033716612271231,0.00178552447330258,0.000974809205551014,0.000326896687362211,0.000836985998838033,1.70196059433611e-10,0.000510154418001638,0.0058372465273743,0.00264167864482511,0.00138757468785727,0.00130428903112627,0.00785352688994106,0.00032382583320187,0.00213133232920735,0.000484469987531422,0.000412510381525603,0.00148628191777515,0.000353720940106378,0.00243921753788323,0.000523750673142464,0.00133751484646795,0.000131174900590965,0.000268569769441364,0.00430336704858899,0.00106791976319548,0.0010994851689903,0.000573656566375825,0.000848533779171743,0.00137058580347478,0.0015938745378628,0.00167971550550032,0.0023914465152301,0.00344186636035867,0.00260116044234227,0.000692384489769219,0.001561789014448,0.00150930803300058,0,0,0
P065,Envases de papel y cartón,2.79060877172259e-10,0,0,0,0,0.000723050850789189,0.000762418976779008,0.000751984633993659,0.00104825147094621,0,0.00401254916641681,0.00592812634317968,0.00154485677944651,0.00319501715700934,6.47894958125585e-09,0,0,4.87060656479466e-05,0.000610779575056329,0,2.10159035280046e-05,0.000120907779551266,0,1.56804106212417e-05,0.000487673739674214,0,0,0.004865567982106,0,0,2.42117064589494e-08,4.42982908217013e-06,0.000133414958410967,9.43185110709839e-08,2.54374012535213e-19,0.000258794105996764,0.00180584183588444,0.000316418617626288,0.000332342641617715,0.000288194855996536,0.000150915743642228,0.00021452023007346,0.000151086755955969,0.000163491411784327,0.000645088445684345,0.000607370143706182,7.68643952098553e-05,6.49180874309131e-07,0.000231152663756875,0.00024726807560786,2.41713397835498e-08,2.23887774444536e-05,0.00592908427857791,1.6947722025354e-05,0.00674651687796487,0.00145633681570656,0.00242210770580943,0,0.000353968020660003,0.00110322459191903,1.86866682165368e-05,0.000751536535984704,0.000353051177259644,0.00139001318198094,0.00118055947900597,0.000454686321670613,0.00205114576648673,1.52085706911818e-07,0,6.75209117178246e-07,6.61996896727465e-05,0.00162223303644489,0.000623605562330756,0.000464570795258475,0.00509337371920647,0.000306996427336864,0.000462411344567197,0.000486546664223606,0.00178232255864831,0.00149807910317677,3.76735986764672e-05,3.42465426443732e-06,4.11483270887642e-05,0.000204386118789289,3.43107539088097e-06,0,0,0.00042234430689085,0,4.90161349779666e-06,7.12911581580075e-06,9.23195114711252e-05,0.00123720295757739,3.4683799783733e-05,2.37951939300555e-06,5.72983360700739e-05,2.96321707400666e-05,0,0,0,5.99186783686273e-07,0.000471229498936956,5.27092979929536e-05,1.56278263613994e-05,1.37321713090573e-05,4.73938045919546e-05,1.09707315538376e-05,2.05195113510173e-05,6.45860720015202e-05,0.000138982205331519,0.00131840752716774,1.71456420226206e-05,4.97826658813921e-05,1.86859013607054e-05,1.16888729086312e-05,7.72628120027628e-06,5.7841076452266e-05,3.45814540726048e-12,0.000158551010259042,0.000471886172688129,0.000518086403440437,0.000117449291675556,0.000121473645167954,0.000116012470093859,2.56074148862277e-05,6.95181345830235e-05,0.000125339836186865,2.95000990696967e-05,0.000119755529836544,3.03276711411043e-05,0.000133710494605516,8.63285248442377e-06,7.94617281011273e-05,0,3.51255852368965e-07,0.000502747813092397,1.36635250542873e-05,1.380915971848e-06,2.51236392876867e-06,2.3609987157729e-06,3.56362347056379e-05,2.9614697671271e-05,0.000188078608944446,7.13441626559871e-05,0.000192960960107582,4.69994485527481e-05,0.000122957539400478,5.46730693772187e-05,5.89846827073429e-05,0,0,0
P066,Productos de la edición,0,0,0,0,0,0,0,0,0,0,0,0.000174794862124511,0,0,0,0,0,9.08526896678499e-05,0,0,0,0.000182091797067339,2.54580362852615e-05,0,2.57165217888119e-05,0,0,0,0,0,4.00388756279168e-05,6.01817958372198e-05,6.67598385375285e-05,2.17480151857147e-09,0,0,0.000115449212679975,0,0,1.2898857084266e-05,1.34166759767915e-05,1.01158437508235e-05,0.000108037694424651,0.000122481147050708,0.000159733108205154,0.000154107070338904,4.20806819602015e-06,2.14864081964522e-06,4.89190287478425e-08,5.9561896303676e-05,0,0,9.9780373052788e-05,3.73594491427455e-06,9.96617597342264e-06,0.000231388968892669,1.47405206001799e-06,1.06613668560311e-06,0.000186238182349642,0.000232912365913811,3.69187297649018e-06,3.86240061711889e-07,0.00012984722186492,5.84572322078641e-05,7.5223517804181e-05,6.58915706707124e-05,0.00612911407094215,8.37438256791367e-06,0,4.40003100979315e-05,0.00255692234078022,0.000820544510827299,0.000279955591171913,0.000293423491884208,0.000645721852769518,9.01134809043996e-05,0.00108201227197306,0,4.90209638943064e-05,8.34647182738085e-07,0,7.86433965251516e-05,9.65119139518445e-08,0,0,0,0,0.000284319711102311,0,2.43452074729578e-06,5.74447712624726e-06,7.51693109991538e-08,0.00095008846206443,2.10184844546388e-06,1.05811467949812e-05,5.15016204135974e-05,0,0,0,7.68831923793597e-10,1.18790437903434e-06,0.000224783715256415,5.56567132639415e-06,0,0.000112204344242724,0.00102971358986116,9.82072663755357e-05,4.52911990883697e-05,0.00016121612850381,9.75871922932491e-05,1.9382948722612e-05,0.000444032806045095,0.0384406461304107,0.000537693507785617,6.34903386712286e-05,0.000417545612834536,0.00026542602363923,4.66241021359608e-12,8.56143274077166e-05,0.00143357242828571,0.00358265083817131,0.00171328403416842,0.00017418973549364,0.0109257996761485,4.24314913333463e-05,2.4064381888881e-05,0.000747514564402335,0.00202010151158518,3.05301554042365e-05,0,0.000347248250561936,2.59634625880298e-05,1.38782520096521e-05,5.80113565053428e-07,0.00016212700332687,0.000229488605559021,0.000410228979950128,0.00131556737366781,0.0003710488584435,0.000142566370631458,3.69018240492405e-05,0.00267540075110316,0.000168155543822291,0.00021034626147479,0.000352668129275596,0.000161987279338014,0.000329795651864733,0.00557468946798215,1.83942784335304e-05,0,0,0
P067,Productos de la impresión,0,0,0,0,0,0,0,0,0,0,0,0,0,0,0,0,0,2.25156518826371e-09,0,0,0,0,1.76319139972194e-06,0,1.78109377882558e-06,0,0,0,0,0,2.19530071406602e-06,5.9787469097194e-06,4.03343502337838e-06,3.33188329925096e-12,0,1.24158112578964e-05,5.95553760302272e-05,7.02950459114505e-06,7.8073064914782e-06,2.13993580007247e-07,0,1.20430463966204e-07,8.18857319611952e-05,8.55233320297702e-05,8.70284299893392e-06,8.4563977363142e-06,1.28361609385332e-05,5.30368602229403e-06,6.30597798047861e-06,3.48597508247742e-05,6.84894988582157e-07,1.10998541679125e-05,0.000247144255609996,3.86857216298851e-06,6.69933985786061e-07,0.000130128047744296,0.000548847198086481,0.000582886943927413,1.4451010144012e-05,6.50168693899366e-06,0,1.23553100490891e-05,5.70136009743764e-09,0.000207068132029669,0.000128190820861272,0.00313912270151228,0.000308400262065117,1.56439752971947e-07,0,2.15964194675935e-06,4.28800425798854e-16,2.20678881471823e-06,0.000828265949923855,0.000830949127210611,5.1907270310321e-05,2.07141870716311e-05,1.91720206254814e-05,7.28071182887665e-05,2.01135836108568e-05,6.15507446152692e-08,0,2.8426791008845e-05,2.53051948513735e-05,9.40617934033264e-06,1.25782791711402e-06,0,0,9.42226808430644e-05,0,1.08989036315068e-05,4.8538882496909e-05,1.68156274799245e-09,0.000113470400184912,1.00530902297346e-06,1.92117916253029e-05,8.62662033422271e-05,3.35868790450698e-10,0,0,7.87699734566318e-09,1.14390124451658e-06,0.000117178494328467,3.17234305709869e-05,3.31619586232629e-05,3.11955541797267e-05,1.42760602982172e-05,4.38658285568651e-06,1.03894337989054e-05,1.30216040266838e-05,0.000142870145915227,0.000196094215256545,0.000231427606385304,9.19726865193624e-07,0.00125816932063047,0.000729520646686344,4.34158328485817e-05,1.16051697289028e-05,1.68058529946628e-12,2.77178890628542e-05,9.39010509565899e-05,0.000105399466486913,7.19648640798911e-05,0.00138647091126156,0.00349004848888064,2.41198829008731e-05,5.81899346454783e-05,0.000230783593652547,7.1081509063568e-05,2.04179537282111e-05,2.90288777116877e-05,0.000128650535824218,2.38418216878089e-05,5.83174456684937e-05,1.43501412842464e-08,3.91247361596494e-07,2.56600560050208e-07,0.000487636382498223,0.000718318610525966,0.000277204032160618,0.000378597680217466,0.000709556962847767,0.0002617113142199,0.000216043238899978,3.30319088692853e-05,0.000123137117924733,0.000319352551621133,1.36064047722666e-05,0.000143095001483362,2.30600111037593e-05,0,0,0
P068,"Gasolinas, diésel oil y fuel oils",0.00688362808622987,0.000607601959734482,0.0168124837398669,0.00834915278125321,0.00562454993359783,0.0109181958753709,0.00824970293657081,0.00798287890965072,0.0103412178570286,0.0175707447940102,0.00163977164182213,0.0168900222506313,0.010295683470286,0.012315609620215,0.0138773649443241,0.000639054070343612,0.00694777202586119,0.0264499582126154,0.0679996969723911,0.0491133016841875,0.0051107470839808,0.0123060515427242,0.00522065238867993,0.00959376130486938,0.00527365973561073,0,0.0295332554215659,0.0234297853719753,0.203961993686041,0.020485621733403,0.0506981052837878,0.0181745788975622,0.0595902824360747,0.0107594173599572,0.00469952912044123,0.00988830365374802,0.0147139319755322,0.00355102006732566,0.00729367524665154,0.0322636838772006,0.010559324745499,0.025095718659874,0.0134306004330905,0.0168699055440058,0.0115323385265886,0.0119489868069161,0.0167121673588998,0.0189980931063857,0.028013302355026,0.00299254210405679,0.000284409388749415,0.00134865601449849,0.0298912674882037,0.00245277247993034,0.00386884601568924,0.045121825144109,0.0402008028357025,0.0417746154737843,0.0155933658414056,0.0148772314658553,0.0195730353452918,0.00122235434669504,0.0204479530089358,0.00594953910208493,0.00813355302310127,0.00878409282213068,0.0147813814644129,0.025791252910363,0,0.0533921741729384,0.00186862973747338,0.00870040124869457,0.0121164508792275,0.0294812973631696,0.00631339464595679,0.00400295694679281,0.0823920343306567,0.0303712298707239,0.0158674316777443,0.0171099464419158,0.010495199626542,0.0136833268864249,0.00589006717984976,0.0149420189057403,0.0013242026185133,0,0,0.00234046196712494,0,0.00551624437249946,0.0156456539558473,0.00814979316265886,0.013673888155816,0.0588313131325561,0.0967912653993762,0.0417734939008786,0.0742916196266034,0.000286318615108496,0.000691190391480736,0.021361453373727,0.0174320127356551,0.0123656344766615,0.0321357035117477,0.182708234785716,0.19663367817078,0.0425464021652301,0.00192150874707567,0.0168566388964625,0.0620152840364724,0.0207700425632804,0.00333148103605155,0.009679811193046,0.00255293366733103,0.000820452163472606,0.000476603046067301,0.000530014679395401,0.00648939252408303,7.40036163421207e-10,0.00392687538984917,0.0030124837116878,0.0171531202882435,0.0167329317403065,0.00405165852935748,0.00624285061198402,0.0206995666814637,0.00399066738543103,0.0142624587986919,0.0096087893529376,0.00660851403691138,0.001881803878094,0.0241183078858833,0.0137521426087819,0.00693583346128796,0.0224947808228713,0.00404484355688108,0.0209967899386459,0.0313519875131906,0.00147101585658554,0.00270887505226564,0.00430512947178991,0.00503728890575956,0.00319252950802188,0.0078535408821588,0.0082240073081303,0.00736739509119129,0.0147438153929887,0.0117058774440991,0.0100468908118901,0.0048027257257371,0,0,0
P069,"Aceites, grasas lubricantes y otros aceites preparados",3.77845242347109e-08,0,0,0,0,0.000104581707386401,0.00010982933447804,0.000105946971710588,0.00013775009934993,0.000757627051736907,0,0.00137218715365338,0,0.00174057384002243,0.000752911429751143,0.000123666098733874,0.000932103235406297,0.00152530357405948,0.00843534941815922,0,0.00086027521777613,0,0.00225138423349397,0.00122982165936121,0.0022742434273752,0,0.00761089606969264,0.00826880711956111,0.0153244485189686,0.00358557503929352,0.000835660190310249,0.00445610524735545,0.00493481080635433,0.000582249567832499,0,0.00107148686821227,0.0010365176583785,0.000626694750328692,0.000717172047797573,0.00306118764393842,0.00164505279452359,0.00179722496144534,0.000236275576719885,0.000341017236601109,0.0015394010101454,0.00141637941013948,0.000183682009480777,0.000682729258072874,0.00130700166770373,0.000374686765778451,3.5983813844403e-05,0.000137781586315147,0.00102397640676435,4.95256848538993e-05,0.000272430812185224,0,0.00218617842337847,0.00221660747711818,0.0014343728629835,0.00125817371252845,0.000245469665876961,0.000183710067018374,0.00677823515100925,0.00164411950322504,0.00130098154531832,4.04449314751856e-05,0.000738149327072966,0.000240994058627295,0,0.000498897699836124,0.000123142425796795,0.00223218231049877,0.00100602826632829,0.00158276815512923,0.000203357734830117,0.000288320589696131,9.17521503635332e-05,7.1103726239726e-05,0.000346144065240603,0.000122982499059971,0.00139919932211139,4.00587142907458e-05,0.00126564865339071,0.00115830974610808,0.000148861026463656,0,0,0,0,0.0013976883973382,0,0.000566802864221203,0.000706727445745623,0.00383230862701528,0.0009875674810013,0.000109275128202076,0,0.000133763511987175,0,0.00209680058222038,0.00101904629639214,0.000454544993566594,0.0178040225673411,0.0062115095461643,0.0080975400013855,0.00743513745814885,0.00250529404296086,0.00263083804274243,0.00572060014461223,0.00263672906106906,0.000192889633471039,4.73032961269853e-05,0.000338658853749825,8.70636071365647e-05,2.37731568977279e-06,6.83529528984038e-05,0.000373740461121459,0,5.14796440155158e-05,0.000494741849878446,0.000854492050736266,0.00138897308888231,0.000485334225260925,0.000549210537875672,0.00325551600867003,0.000522509358214648,0.000641205365264212,0.00131623447922093,0.000637052476833609,9.91102367025421e-05,0.000941384246891345,0.00465105154326343,0.00177334229209741,0.00284857887363221,0.00663718785133906,0.00392743535688826,0.00170896684323728,8.04183285244148e-05,0.000148125297475747,0.000235421529809207,0.000277875444931713,8.84548326477899e-05,0.000362701415023467,0.000205548969934847,0.000462247601188555,0.00278087364164318,4.05627651274212e-05,0.000675739584067904,0.000413125705081452,0,0,0
P070,"Gases de petróleo, otros productos de la refinación de petróleo n.c.p.",0,0,0,0,0,0,0,0,0,0,0,0,0.00207166321387922,0,0.00079496762362767,0,0,0,0,0,0,0,0.000318523044827876,0,0.00032175713518395,0,0,0,0,0,0.00276938805893615,0,0.000824225983185977,0,0,0.0056934950637603,0.00388327016609656,0.00109015922834283,0.00128546886820634,0.000466102177707941,0.000194935761950395,0.000401995156285239,0.000173177418891117,0.000181311149050441,0.000116214283708445,0.000115930255918286,0,0,0.00146570361895871,0.0125272331148534,0.0361413588374104,0,0.000811120077059,0,8.9119317779179e-05,0,0.00108697774090898,0,0.000608211160261147,0.000113419847610523,2.01870774205542e-05,0.000459613440577647,0.00157089808262526,0.000328009478409943,0.000285557775780625,0,0,0.00163054441342806,0,0.00337549756194598,6.16778738307303e-05,0.00489809914417902,0.000800746819587761,0.00112571203066875,0.00198388695035774,0.00150771455623832,0.00291985396679536,0.0175674547948267,0.0173328650694401,0,0.136269318962354,0.00111039313108081,0,0.00451632825411634,0,0,0,0.000666286429865133,0,0,0,3.98728485645035e-08,0.0074047712447379,2.04475311282683e-08,0.00128248037289413,0.000177630457690898,0,0,0,3.08820706898066e-05,0.000400781745396337,4.20640986176412e-05,0.000686668661908057,0,0.000381699718470366,0.0475961459366597,0,1.79113868398616e-06,0,0.00275034138508436,0.00342763920792645,0,6.52325286584303e-06,0,0,0,0,0,6.65222506684439e-07,0,0,2.02157755890221e-08,0,0,8.39332179309159e-06,0,0,1.64901314553018e-08,0,0,0,1.18557076459036e-08,0,0,0.000171909231922025,0.00136350880316125,0,0,0,0,0,0.000104147317171316,0.000185752581345573,5.97149566058821e-05,0.000353308094684305,0.000242372615578425,5.01074303103072e-05,0.000122952445781586,2.72128122476862e-05,0,0,0
P071,"Abonos, fertilizantes y pesticidas",0.126658552953665,0.061608265666834,0.0561230812341048,0.128529462061298,0.155169561579014,0.0314635567363314,0.0290312829174144,0.0280050546112375,0.0364116028302925,0.0914897340834924,0.0363797904067389,0.0724722691671577,0.0329110598119089,0.0663935053677301,0.0842813300986059,0.0228671055369412,0.021051832813373,0.0162537819096139,0.0465299354890374,0.0617541848865368,0.00282379072483893,0,9.17448341921249e-05,0.00251389490155151,9.26763557517054e-05,0.00464584883601778,0.000917527319745969,0.0102834950981304,0,0,0,0,0,0,0,0,0,0,0,0,0,0,0,0,0,0,0,0,0,0,0,2.84325839680377e-05,0,6.72137442194576e-05,0,0,0,0,2.37462833561383e-08,0,0.00180427594167475,0,0.000734028198387587,1.23867551715604e-08,8.18010126301382e-07,0,0,0,0,0,0.147218957088564,0,0.000404223658542384,0.0023565623906212,0.0176210462734344,0.000176726574382083,0,0,0,0,0,0,0,6.0652021998635e-08,0,0,0,0,0,0,0,0,1.02340728284171e-08,0,0,9.16281086886639e-05,0,0,0,0,0,1.63788756894399e-05,0,0,0,0,0,4.50787026061407e-05,0,1.46368914000052e-06,2.23880809997793e-06,0,2.32191482513842e-06,0,0,0,0,0,0.000179415921575474,0,0,0.000172278725598437,0,0,4.4202744962638e-05,0,0,2.9257894135935e-09,0.00525667873625897,0,0.000163486833294609,0,0,0,8.26020983261089e-05,0,0.00100196162947539,9.7168308923944e-05,0.00227316830398467,1.16316247707325e-05,5.76662284765353e-06,4.36278974181079e-05,0.000437235252518325,0.000100370770211542,1.59678815729817e-06,0.00108898817012483,0.000402964418921449,3.14462184457362e-06,1.0094470150306e-05,0,0,0
P072,"Pinturas, barnices, tintas y productos relacionados",0,0,0,0,0,0,0,0,0,0,0,0,0,0,0,4.84851939710667e-05,0,0.000147907149854103,0,0,0,0.000815436071976398,4.0384756395557e-05,0,4.07947987875034e-05,0,3.73718891874145e-08,0,0,0,5.08680653625766e-05,8.29333922605551e-05,3.99184049836203e-05,3.27011189654526e-10,1.97330312333994e-16,0,9.06430335430909e-05,5.05358951474054e-05,5.70912420618947e-05,0.000414695016493919,0.000129670675130519,0.000315539480949745,0.000512450660723855,0.000643578305355005,5.82078396621115e-05,5.43716666620186e-05,0.00112378820254033,0.000119442957149366,1.78073947550223e-05,0.00013301931912409,5.07439842126681e-06,9.40612626995193e-05,0.000138038455180157,2.24154296369947e-05,5.42376387446521e-05,5.96442768262411e-05,4.52012583541854e-05,0,0.00477731104343581,0.00167853383567474,0.00136297119383944,0.00289176854017623,0.00350317931893247,0.00820584408202936,0.00712201169691133,0.00978601617843459,0.0259425841270154,1.41093212279614e-05,0,5.40982091977731e-05,4.86597210602122e-05,0.0580464204237681,0.00102294658784393,0.000329285682420627,0.000362349682658479,0.00602753610739328,0.0075272610663683,0.0391073159409477,2.36684744021706e-07,0.000751516073614025,0.00115314349385906,6.39259975950779e-05,0.00719048222177954,0.00742362800460305,0.000558424357683634,0,0,5.44542449883715e-05,0,0.00343451382922653,0.00197147290720392,0.00334507077828404,0.0100612571186323,4.24548824536237e-06,0.000120893175004331,0.00102666796204774,2.38237617239227e-08,0.00221547217570939,0.000571787894126318,0.000448176997755751,0.00699978024372043,0.000278609580090596,0.00698923828095686,0.000121059500167522,0.00013115202750706,0.000178503771725687,0.000532214207494368,0.000538928861502053,0.00047526860950841,0.000855933889393069,9.27752715240658e-05,6.55440846432926e-05,0.000395528367889072,0.000871417698268613,0.000634172615953014,0.000339158677692183,0.000663633887096294,7.9374101386065e-11,0.000174421714695966,0.000538016497807948,0.000840891546945091,0.000648698110712448,0.000620070915133066,0.00251158493303971,0.000132837409739714,0.00135518364130922,0.00214112221755775,0.000551749255393097,0.00150001018358579,0.000190932142725806,0.000393703953190709,0.00388866577224474,0.00170199795047621,0,0,0.00154377333089049,0.00208286045958317,0.0022227343378448,0.00125786118338271,0.00116084058112892,0.000931757085227293,0.000896597561028912,0.00101500168322692,0.000207634249037119,0.00133289248007169,0.00100696989701732,3.68945188976803e-05,0.00204156572911896,0.000578910142963913,0,0,0
P073,"Jabón, preparados de limpieza, perfumes y preparados de toilet",4.8529370159147e-10,0,0,0,0,0,0,0,0,0,0,0,0,0,0,7.25775131274607e-05,7.51318638370623e-05,0,0,0,0.000197854420546393,0.000552213006371965,0.000515239588986954,0.000147623372616892,0.00052047102015926,0,2.34033354323009e-09,0,0.00128901931743243,0.00135947375571325,1.80189656444e-06,9.83530462191006e-06,1.87342323183374e-07,0.000766694994015041,0.0012708522767043,0.000654358155703228,0.000807385952550827,0.000426802495508097,0.000460415308402782,0.000283427046725147,8.78849482369212e-05,0.000144603740096129,0.000375428735338099,0.000698970709554124,0.000408956909900254,0.000388853095377525,0.000100928770111107,0.000425158979140591,0.000495717394117006,0.000208557721027433,3.9671455168125e-05,0.00014207520034526,0.000124540838813537,1.20892380955138e-05,1.76803912007244e-05,0.0007800915664874,0.000559363562410614,0.000565276727724566,0.000218261708218831,0.000353970534082842,0.000984450874641733,0.000164586299304188,3.94327353673207e-05,0.00017704636830115,0.000152751485459177,1.01395020819104e-05,0.000169817043624121,1.95466774209938e-07,0,8.80474170041835e-07,0.00161081375186962,0.000207050619367446,0.00294096385777233,0.00141149812899023,0.00246841960008145,0.000887875443232453,0,0.000180635458817506,2.54919816058372e-05,8.25515560478896e-05,8.23617877839081e-06,9.07009374707755e-05,0.00024143618412433,0.000233360402541347,0.000360607334851421,0,0,0.00112149032158694,0,0.00507942753793938,0.000978860345555021,0.000157415750348175,0.000798055643937242,0.00156624479234072,0.000121735057968473,0.000157385746783048,0.000337653324775085,0,0,1.67653372847103e-06,3.00513202546684e-06,0.000333412384620519,0.00255287486699998,0.000133669950129091,9.45148065799305e-05,2.8598810542894e-05,5.59875675952139e-05,5.70053268566178e-05,0.00020806484642019,0.0123609543941467,0.00180475457839215,8.99617753127782e-05,0.000207835908699507,5.69546967437625e-05,5.66122231315435e-05,8.75280797430417e-06,0.000120174113846861,4.93991101843464e-11,0.000252724781440811,0.000692695315048649,0.000784819098440551,8.76981664677459e-05,0.000161778509309459,0.000120489049629617,0.000134942095332845,9.34748112006738e-05,6.049665623438e-05,2.55890868288328e-05,0.00316150592624029,5.50105133176394e-05,0.000782358127107529,0.000613761288225632,0.000521091234335352,3.2333367201676e-07,3.3844357054705e-05,0.000560604541640254,0.00126551965148919,0.000643658929989378,0.000218489372144456,0.000235948223519381,0.000154725729591202,0.000512325882911012,0.000861643940434806,0.00148785621702394,0.00233777972513839,0.00141988575231142,0.000213949902625901,0.00200478332963387,0.00402040133985325,0,0,0
P074,Otros productos químicos,0,0.000519047055233944,0,0,0,0.00262302529556318,0.0027546416073164,0.0026572676401086,0.00345492537931343,0,0,0.000235943505684374,0,0.0017766797448209,0.000549914078467378,0,0,0.00641724878375883,0,0,0,0.000697385338180603,0.00198837225260864,0,0.000108711902227421,0.0126952966367364,1.02000072560324e-10,0,0.00010342786168755,0.000749179183485313,0.0058867601539022,0.0171893349297636,0.00534579380308024,0,1.41728779203796e-08,8.02956004310517e-06,0.00685924897679385,0.00128179096404477,0.0013939543902364,0.00859413315982094,0.00268757466567588,0.00659697959983257,0.0116905044888125,0.0147161287486852,0.00616461674459073,0.00605588180813004,0.0027260363070863,0.000931954985632651,0.0039099696964021,0.00127325401608951,6.40491451076877e-08,0.00278010282837017,0.0168100452357962,0.0418960716253866,0.00758945535761436,0.00225638342136827,0.0380045483687317,0.0117502431041975,0.0757999444109361,0.0244016419233919,0.0308053933921034,0.0922731094035755,0.0209323080543263,0.0250690804748256,0.0204540741919378,0.000342090299979871,0.0136575812475611,0.00238044013931409,0,0.00600199877569462,0.101174890298405,0.26095514464057,0.196974546408947,0.115033005683494,0.149000934204011,0.37698603431938,0.0368559743119107,0.00653195272731052,0.00155112946827968,0.00999145484643475,2.3583115869727e-05,0.00458047561446987,0.00432337832550683,0.00846393500662787,0.00129440362276582,0,0,0.023597608673865,0,0.0300625075345266,0.00503970958876591,0.0447364516951793,0.0493742461451815,0.000825933353597577,0.00106542327107596,0.00701830282584214,0.0217855157366799,0.000823106582706062,0.00425056916765699,0.00154026286252748,0.00144928702525418,0.00055662887495465,0.01027184732083,0.000134423187119646,9.31276273665288e-05,0.000952308947622884,0.00014621722859735,0.00452270569020778,0.000126470649001478,0.00349760914634766,0.00023368896335333,8.4722257952362e-06,0.000236395920636643,0.000175140877458934,0.000123818935281505,6.78025474829228e-05,0.000139476184575869,4.42582427872267e-10,5.1077937884848e-05,0.000114071002417189,0.00360674012639479,0.00336480428492772,0.00185662009982067,8.32180332340938e-05,0.000205537071384359,6.61864653597606e-05,0.000421802178107515,9.23883435722175e-05,0.000271854385115713,1.06922852658348e-05,0.000335214477486433,0.00311010435622199,0.00740407823164154,0,0.0751734326394729,0.0139817443322965,0.00300934609743262,0.00171089352093476,0.00183198143462848,0.00095221617247765,0.00132353357352473,0.000526503702527955,0.0204465027516016,0.0308908833451633,0.00917120034831375,0.000738896571211819,1.08613232836722e-07,0.00041301282951679,0.00481886725988958,0,0,0
P075,Productos farmacéuticos,0,0,0,0,0,0,0,0,0,0,0,0,0,0,0,0,0,0,0,0,0.0372273474036758,0.0189414994648729,0.0128975544140515,0.054130918293787,0.0130285083811969,0.00251418774891878,0,0,0.000971272757656687,0.00162838548655387,0,0,0,0,0,0,4.52224358991651e-05,0.000241045591450099,0.000272297947265773,0.000788078991730083,0.000161546357621691,0.000414780159971192,3.82889989916779e-06,2.49703403500574e-05,0,1.58893333863385e-08,0.00249312860247476,0,2.1638811642348e-05,2.51530620670677e-09,0,0.00231562983739156,0.0108826846641215,0.00696486497458948,0.000248642100346957,0,2.33565962432917e-06,2.16255090428661e-06,4.30344773860202e-10,0,0,0,0,0,0,0,7.7879893452914e-09,0,0,0,0.00576295463096532,0,0.00532951259028994,0.00171772536511188,0.117094747998462,1.43948403658557e-05,0,0,0,0,0,0,0,0,0,0,0,0,0,0.0023016035225707,0,0,0.00027788328301209,4.66307248061888e-06,0,0.000123855905953016,0,0,0,0,0,2.08390658101625e-05,0,0,0,0,0,7.9100589753751e-07,1.0296375302325e-07,0,0,0,0,0,0,3.98764676205506e-07,2.2702602587155e-05,0,1.01238988337728e-06,0,0,0,0.000169181290612569,0,2.47686368100705e-05,8.17542809965976e-08,1.36888671507032e-07,9.32722661247282e-07,0,0,1.50781970911828e-06,0,0,0,0,0,0.000444540775506164,0.000220192580533098,5.22367333484964e-05,1.6101666941167e-05,2.68752609046023e-07,5.97207275608785e-05,0.00560290803522469,0.0166880808765733,0.00810900486359947,0.000254576145876146,0,0.00313458792524894,0.00116140017269757,0,0,0
P076,Productos de caucho y plástico,0.00349246640795242,0.000946237669804818,0.00191454819711567,0.00115468393770254,0.00421481556661361,0.0318130327996049,0.0324449624537907,0.0321725587470888,0.0406869531199523,0.000110733911491358,0.00686605230533689,0.0108712536747588,0.00574279982969695,0.00109321512190191,9.2175712320147e-05,0.000270997183715081,0.000827701825066665,0.00365880918571659,0.0148868986582811,0.000316249895212989,0,0.000876684472028835,0.00265635114857141,0,0.00259167373872617,0.00758516399310455,0.00138647734640373,0.00211600965172809,0.000371930649281489,0.0054812440361564,0.0018434232084858,0.00791932905655883,0.00450959073937669,7.41219435950363e-05,0.00010226913308467,0.000615311709418509,0.0170100339777577,0.0046870949411915,0.00511685079666924,0.0129513030374873,0.00441076090487623,0.0125614132502416,0.0072016409653019,0.0083369682334618,0.00801122018014487,0.00727299804268073,0.00711661669816306,0.00553218163815147,0.0111171939955154,0.00540489101608263,0.00236782303480856,0.0100505894192829,0.00944768263215207,0.00153524879908458,0.00439008437880155,0.00831459729573687,0.0269074773709956,0.0325043262650609,0.00653982261943415,0.00930006301607862,0.00357602829571101,0.0100423048529672,0.00199180302489156,0.00904915181756042,0.00964951669536393,0.0024801709527795,0.0142242667539184,0.000314169670727835,0,0.00166515201277433,0.0285208014604208,0.00417806140440831,0.027135778988336,0.010991026529707,0.00921966626963804,0.0404747890504532,0.000886046825111153,0.00240737799636363,0.00260811522833452,0.00514261670774971,0.000132746440640911,0.000984453978421549,0.00371291348432236,0.00408204517626762,0.00255693469357667,0,0,0.0179243329799302,0,0.0190382042556122,0.0141108424008662,0.0051742785465656,0.02601395483633,0.0202106611439108,0.00155281481443725,0.0104949096452256,0.0206104934204607,0.00658736955318517,0.00648713273873958,0.00262648898244803,0.0136288782398899,0.00233565270650514,0.00861028957822234,0.0238637159455169,0.0250662428679655,0.00103788682320123,7.60356328159251e-05,0.00307385259364642,0.00287831199304108,0.000358829946741247,0.00321226610770602,0.00324118530295634,0.000428793503356659,0.00034208631451617,0.000239054763217535,9.32741466893374e-05,0.000197677067919133,1.06178883225854e-10,0.000455279335958312,0.000314610316121617,0.000122723454274554,0.00421459543839893,0.00211959921541531,0.00179005852673865,0.00356486833845259,0.000492372665465306,0.0013135369735148,0.00123184469186119,0.00208599089853341,4.22951891820974e-05,0.00149540277790812,0.00703996734007389,0.00504178587398967,0.000127518999138289,0.00689185248041603,0.00565512207222986,0.00303342576894138,0.00196027042066243,0.00153631395460663,0.00239100494245869,0.00142445975721997,0.000326547536620298,0.00232282996065412,0.0126028156733113,0.00445099000681825,0.00198935776979996,0.000258259460840697,0.000447156935426522,0.00100679725653714,0,0,0
P077,Vidrio y productos de vidrio,0,0,0,0,0,0,0,0,0,0,0,0,0,0,0,0,0,0,0,0,0,0,0,0,0,0,0,0,0,0,1.73534867697047e-05,0.00105890766746377,0,0,0,0,0,0,0,0.00362219450871618,0.00120564138635918,0.00290276100065746,0.000131566763576345,0.000280526785668998,0.00123672558726493,0.00128528556781987,0,0,0,8.18970841876481e-09,0,0,0.00181693350365943,1.19426296669526e-05,0.013507851259569,0.0335777934256595,0.0157835822251308,0,5.38163041031324e-06,0,0,0,0.000690564611245193,1.92543611302475e-07,2.2012958869784e-07,2.57692414999116e-07,1.67460574614346e-10,2.98219817532165e-06,0,4.50537700472605e-13,8.18696244269321e-07,0,0.00357005943270721,0.000993065276014145,0.00651174501899819,0.000591195783649436,0.0844733210193497,0,0,0,2.31682486628725e-05,0,7.22920048046546e-05,0,0.00267826849198054,0,0,0,0,0,0.016359351496677,0.000741773584746954,0.00405637339546725,0,5.26608453939184e-05,3.01807988713907e-05,0,0.000842814289483249,0,3.0930480186627e-05,0.00545162160989016,1.07363552710773e-05,0.00116373520959135,0,0.000156372293349923,3.75082824483882e-06,0,8.57902724599123e-07,7.54807199222248e-08,0.000208181724740864,0.000113857245063737,0,5.67376471610908e-05,1.25823235203473e-09,8.90504432490588e-10,0,2.47407680303697e-06,0,8.23776783411792e-06,0,8.12537154097938e-05,5.57260919096158e-06,3.1759178884789e-06,0.000191763612472921,1.58036420717413e-07,0,8.79567898841625e-06,8.87724720769759e-07,0,0,0.000391697346922956,0.000103788857736953,0,0,0,0,4.1265844872432e-05,6.21112666593685e-05,5.30564370307997e-05,2.7066232413061e-05,3.18000924336882e-05,1.53609381931665e-05,0.000350763732912362,0.000407624354775481,0.00228628535302018,4.12182562979979e-06,0,5.5157847976587e-05,0,0,0,0
P078,Productos de cerámica y arcilla,0,0,0,0,0,0,0,0,0,0,0,0,0,0,0,0,0,0,0,0,0,0,0,0,0,0,0,0,0,0,5.48843829565779e-06,7.06712169287388e-05,0,0,0,0,0,0,0,0,0,0,0,0,0,0,0,0,0,0,0.000127370333660867,0,1.75237048490904e-06,0,0,0,0,0,0,0,0,0,0,0,8.1950501440047e-16,0,2.36631411711144e-11,4.69690134577531e-14,0,9.69605426453777e-14,0,0.000181346025676553,0,0,0,0,0.000276758368410712,0.00290309609452089,0.0034194510326256,0.000589806259466124,3.09674986799871e-05,0.00262616947090449,0,0,0.00456125705482292,0,0,0,0,0.0137120966887538,0,0,0.0002972628079206,0,1.74735535361568e-05,4.46578044620951e-05,0,0.014938777255913,0.00996364403657438,0.000176691290276089,0.00461407577681192,2.48704373760715e-15,0,0,0,2.20926094104121e-14,0,2.00230076340901e-08,0,0.000240130710742882,6.72238009442776e-05,0,2.71145909251505e-05,0,0,0,0,1.03544478174349e-10,8.03546611765143e-05,0,0,7.96676283499129e-06,1.71759488663269e-06,0,1.56700513087232e-08,0,1.27727623427272e-06,1.80911201548538e-08,3.98685084860111e-07,0,1.24220112394384e-09,0.00153268959525677,0,0,0,0,7.89174699616297e-05,1.9615302009852e-05,1.28187938331529e-05,0.000103095737066092,0.000145200130712598,9.92579746450958e-05,1.76736599848789e-05,6.40684295242665e-05,2.48040011006152e-06,3.03773440873878e-05,0,0.000113095399403074,3.24696451730319e-05,0,0,0
P079,"Cemento, cal y yeso",0,0,0,0,0,0,0,0,0,1.15151751493896e-05,7.67237618104366e-05,0,0,0,0,0,0,0,0.00219896451039765,0,0,0,9.20695980251121e-06,0,1.13983730666476e-06,0,0,0,0,0,0,0.000122596593811758,0,2.15565851216373e-06,6.16924634786264e-07,0,3.08232492278615e-05,0,0,0,0,0,0,0,0,0,0,0,0,0,6.66329361598811e-05,1.18919207837488e-05,0,0,0,0,0,0,0,0,0.000137810272277707,0,0,0,0,4.95212522104831e-09,0,0,0,0,2.14750825604432e-05,0,1.40923465666574e-07,0,0,0,0,0.000941732056058256,0.00483613402257387,0.00577559302184086,0.00098935039753295,6.38148621347942e-05,0,0,0,0,0,0,0,0.000122224487775758,0,0,2.48788371936946e-06,0,0,2.8962845392032e-05,0,0.00132398081869918,0.0050122363413919,0.00131948300796309,0.00416429859908965,7.58566293599791e-08,4.64887268294849e-08,0,0,0,0,5.07196095601718e-06,0,0,8.54326713760938e-08,0,5.46758776084564e-07,0,0,0,0,3.85601458377067e-11,3.57766176302807e-08,0,0,1.94603573854614e-05,0,1.58846362314421e-08,4.26063409572364e-08,1.98948683206974e-07,0,7.37626780799262e-09,4.8635913857445e-07,0,2.17807180363655e-06,1.8000824789335e-05,0,0,4.59298523078114e-06,0,0.00012605941481041,3.76980435761793e-06,4.29276005638944e-05,8.83440396269464e-06,1.81687746338813e-08,4.65132322761661e-06,2.3170668821461e-06,2.42031890108365e-05,1.08332275078722e-05,1.85549218352766e-06,0,1.4568598172699e-06,3.70600855370682e-06,0,0,0
P080,"Artículos de hormigón, cemento y yeso",0,0,0,0,0,0,0,0,0,0,0,0,0,0,0,0,0,0,0,0,0,0,0,0,0,0,0,0,0,0,0,1.1085086928077e-05,0,0,0,0,0,0,0,0,0,0,0,0,0,0,0,0,0,0,0,0,2.90666570728145e-10,0,0,0,0,0,2.83809020341955e-08,0,0,0,1.54701777520774e-08,0,0,4.13852569099947e-08,0,0,0,0,4.39408941243999e-09,0,0,0,0,2.54664671253147e-05,0,0,0,0.000743385917916591,0.00060021014548043,0,0,0,0,0,0,0,0,0,0,0,1.22314811963637e-08,0,0,6.18847582166844e-05,0,0.00256287158070412,0.00420875508012272,0.00245807853972536,0.00139408182118443,7.27109341852843e-09,0,0,0,0,0,5.93982444609051e-07,0,0,1.63302083767231e-05,0,0,0,0,0,0,0,0,0,0,0.000181151609128128,0,5.5954836197114e-06,2.50270101587906e-06,0,0,7.75887950276061e-09,1.51678712180892e-06,0,7.07136482002198e-08,1.37716595502632e-05,0,0,0.000698577798309173,0,0.000162420000056392,1.08964226978136e-05,0.00011000075707004,2.27650730329575e-05,1.07198368674028e-08,3.78518659175649e-06,1.91159876805199e-05,2.98498784272364e-07,4.50158602763943e-05,1.15553560147024e-05,0,1.60557303705553e-05,3.68438569944943e-05,0,0,0
P081,Piedras talladas para construcción y otros productos minerales no metálicos n.c.p.,0,0,0,0,0,0,0,0,0,0,0,0,0,0,0,0,0,0,0,0,0,0,0,0,0,0,0,0,0,0,3.90163740802495e-05,0.00031942220331317,0,0,2.66023099861682e-08,0,3.99725669399295e-06,0,0,0,0,0,9.14837907744009e-06,9.7976980381772e-06,0,1.18897793738196e-09,0,0,0,0,7.2501295693546e-06,7.03808839086794e-05,2.59080272153399e-08,0,0,0,0,0,3.33096516475171e-09,0,0,2.48265202525628e-08,0.00135383314018976,3.54561157785281e-10,1.28584841137097e-06,0,0,7.11208703951264e-06,0,2.74663653983911e-05,1.09891429774592e-14,0.000469877020709258,0,0.000109651891215565,0,4.99629742756676e-05,0.000370823337927248,0.00117851998403413,0.000184964663228857,0.000236336330046715,0.00776369368282583,0.000775278011810127,4.54580075992867e-06,7.42378504973849e-05,0,0,0,0.00979745672816767,0,0,0,0.000600999892892205,7.83235289304654e-05,0,2.73498856386947e-05,8.21630858494723e-06,0,0.000287169651487996,0.00180194836181513,0.00424462950301028,0.0024885542509739,0,0.00163420299782876,0,3.27694414983103e-07,6.32818670406752e-06,0,2.22617482059843e-11,0,0,1.43056609704809e-06,0,4.19989315062105e-07,0,0,0,0,0,0,0,1.10542740829687e-06,0.00012880944791839,0,0,6.91242819803061e-05,0,0,2.06908019978827e-05,9.57975428011092e-09,0,0,0.000540106944960565,0,0,0.000548109446914493,0,0.000727074959731425,2.72283688441773e-06,2.01473877757999e-06,3.91506953317113e-07,0,0,2.19304270254293e-06,1.07401135912118e-07,5.47188745685184e-06,4.06520115160077e-07,0,1.7617788694054e-05,3.64949988397962e-06,0,0,0
P082,"Métales básicos de hierro y acero, productos primarios de metales preciosos y otros metales no ferrosos",0,0,0,0,0,0,0,0,0,0,0,0.000265290978215862,0,0,0,0,0,0,0,0,0,0,0,0,0,0,0,0,0,0,0.00629521865887046,0.00701178924762435,0.000725334605655599,0,0,3.40640879730331e-06,3.07278843845894e-05,0,0.000151297058480811,0.00670843101019597,0.00215415686377882,0.00465882134830566,0.000195793051685468,0.000275750945112416,1.42566463366713e-05,1.43034110275878e-05,3.38151097649416e-06,0,0.00208522238818905,1.10370116997832e-08,0,0.00236921218433163,0.00194915465745056,5.69915296650121e-07,0.00331376926646645,0,7.21003479391898e-05,0,2.85242103715548e-05,0,0,0.000259418511160737,0.00663383954561498,0.000893944435572112,0.000587317126148816,0.000843359773174657,2.37626933442213e-07,0.000400258594442721,0,0.0064421066283893,4.41618288988617e-06,0.000735628608470102,3.40865412728409e-05,0.00238499365098896,0.0127036154641944,0.00275423719182384,0.000102349310556611,0.000463048259153492,0.00051035057706832,0.00436106399650937,0.0058924603816523,0.351713587544727,0.453178516715878,0.350823499801263,0.0453541193602983,0,0,0.072890372298119,0,0.0160997077405875,0.0643382702471651,0.0119373355144034,0.0280538735860986,4.01767312056495e-07,0.0007368684888831,0.00150022999666245,0,0.0362105905964348,0.0611222647253786,0.0220027284360218,0.0232160462806902,0.000103680662411456,0.0048136052097382,0,8.57692607960241e-05,0.00125027251407502,0,0.000134948504377784,0,1.02445020089805e-05,3.5486716382599e-09,5.83841675361639e-06,8.04197421789329e-06,2.75154754923587e-05,2.0896986083115e-05,0,6.86496724769546e-07,1.03913490477576e-10,0,0,7.06201100640156e-06,0.00145439931604714,0.000127084617291778,0.00120041327793349,0.000290698199866045,0,0,0.000160582555917102,1.37426401241715e-05,0,2.42533212751841e-05,0.0145062485935085,0.0034575117621884,1.75979030497741e-06,0.00944061707597329,3.35270217210418e-07,0.00127660103305239,0.000111201596491986,0.00181752526825627,0.000250332033727653,0.0012008369414591,4.23596986789073e-05,0.000143252552608938,0.000563467140165024,0.000195662184945503,0.000521773443215167,0,2.41825693850554e-05,9.02008068080234e-05,0,0,0
P083,Productos metálicos estructurales y sus partes de hierro o de acero,0,0,0,0,0,0,0,0,0,0,0,0,0,0,0,0,0,0,0,0,0,0,0,0,0,0,0,0,0,0,9.88906674896887e-05,0.000944916109283468,0,0,0,0,0,0,0,0,0,0,0,0,0,0,0,0,0,0,0,0.000191083449183801,0,4.49704286926252e-05,0,0,0,0,4.15330198848709e-08,8.43540170753305e-07,0,0,0.000137048954482939,1.78091833945291e-08,0,2.08730119559848e-05,2.48360725190256e-06,2.72068707485359e-05,0,0.000116655224897417,6.63136871150463e-09,0,0,3.0170283057063e-05,1.06418582718494e-09,1.53997340926914e-05,4.15821864566045e-05,0,0.000610636860385447,2.5571528125481e-05,0.00432319657438109,0.00175283393049748,0.00888821727775605,0.00761146041241637,0,0,0,0.0183050849497012,0,0,0,0.000158244288911784,1.84592196670579e-08,0,0.000473271425441235,0.000126174155246889,0,0.00244757735357697,0.000936566936718459,0.00963890417196857,0.0015149281344003,2.62383615035374e-06,0.000143037888260276,0,0,1.27971767447906e-05,0,3.97210824176882e-05,0,7.13188869903663e-05,3.00060276632619e-05,2.48845470467584e-05,0,0,0,0,0,0,0.000136179619203142,0,0,5.02641150018773e-11,9.24954876272804e-06,0.000249002750135007,0.00047906455548693,0,0,7.67935950274703e-05,2.82767813113099e-06,0,6.71145371747775e-06,0.0125861036080893,0,0,0.00902336205753819,0.000113583480331785,0.000660588281184311,9.89916518974882e-05,0.000387441303432023,0.000103024141891879,7.7943040324846e-07,5.29267147786864e-05,3.04864276457785e-05,3.85884844751112e-06,2.14571814742401e-06,1.495326450159e-05,0,0.000118584391528569,2.84212013509822e-05,0,0,0
P084,Otros productos elaborados de metal,0.00205583606226986,0.00545752609793617,0.00539932573400713,0.0128075620054422,0.00269051059316096,0.0016979223091354,0.00172083998828445,0.00166000992743588,0.00215831116958022,0.0118001289383614,0.00227275823319751,0.00125036652995806,0.00111165435568371,0.000768970148406492,0.000870806152223042,0.000391966975857404,0.00134317019095375,0.00080675362678667,0.0054666026975781,0.00118987226074358,0.000388538296891006,0.00126821416190488,0.00150308130975007,0.000634960642647398,0.00151906772104476,0.00439695537194152,0.00175452133481097,0.00269150155219244,0,0,0.0267125305017684,0.0146092681451596,0.000281028440435227,0.000446808673357288,0.000326996021258307,0.000602021351757809,0.00131012306200706,0.00082237696939685,0.000860147466764163,0.025584972425556,0.00818518732929079,0.0205729928073805,0.000380490580018118,0.00147707292970362,0.000969342016004163,0.00105357837556953,3.93039708659278e-05,0,0.000929682253802986,0.000938170072765581,4.5790279724746e-10,0.00198899635260739,0.00182069097693747,0.000349547654272997,0.00645149152730822,0.0816531327250609,0.0216348428440962,0,0.00245788152786768,0.00641156301418976,0.00415089704718292,0.00329374895266614,0.00616492912556037,0.000851835087273688,0.000837950768155304,0.000882077978389105,0.000320540381418695,0.00473685436009817,0,0.0370502449368765,0.000168577127805537,0.00991571813813597,0.00105133696041385,0.00859568240616074,0.00331582734792326,0.00214983699525003,0.000809080679614353,0.00409677408410068,0.00335636957959846,0.00353895664446979,0.000616219757120365,0.00301577490726502,0.0184860749514332,0.0579151190784878,0.0620350691563837,0,0,0.0172506116085333,0,2.69325784365296e-05,0.129595117863111,0.00486042324730803,0.0097113901988193,0.000946772978609877,0.00156446519390844,0.00127535988476121,0.000132915292604249,0.00960487074165958,0.0169875021006286,0.00581089079347106,0.0120776951561429,0.000197291679347245,0.0068378336000283,0.000410113342786197,0.000248299533840993,0.0066237399006143,7.52861315109333e-05,0.000164120471879422,9.22867946854559e-05,0.00258189321202789,0.000304401576738374,0.000305498370891254,0.000300640059510648,0.000138812433060668,7.97038392937358e-05,4.42796266946193e-05,0.00019098776109929,8.11425049629709e-11,0.000436803711392841,0.000145521965331062,0.000122397160995604,5.94101137937167e-05,0.000496106053582339,0.000389575053886049,0.00161759037908479,0.000116787965458597,0.00054073705677602,0.000586871231390338,0.00125412120037356,0.00028614499109323,0.000164255923322859,0.0441463577310815,0.00880830754742499,0.00189589525170797,0.108782523236241,0.00124045784027099,0.00130408657978852,0.000535761467567201,0.000728339067866709,0.00108642223456409,0.000354023345512763,0.000259959585856907,0.000468059076350864,0.00047921141858148,0.000413806259519672,0.00119321766644793,7.98590451804867e-05,0.000358651185333159,0.00101262710131909,0,0,0
P085,"Maquinaria para usos generales y especiales, sus partes y piezas, excepto electrodomésticos",0.000387322569897114,0.000116350421351275,0.000115109632623118,0,0.000513147278341254,0.00158599226728175,0.00161411056784542,0.00155705329074422,0.00202444904304628,0.00022533483283512,0.0040975206809165,0.000750446113591409,0.000690364574364487,0.0004362561118294,0.000989437123840849,0.000672029699776801,0.000263846382963779,2.02986015207579e-07,0.0064726244541252,0.000121330085044944,0,0,0,0,0,0,0.00662099149106424,0.00329186197345144,6.50693118468964e-05,0.000928003661273285,0.0140600694027871,0.0229820690953669,0.00868685735533115,2.82799376389289e-05,0,0.00097380127671982,0.00249967553723244,0.00114494825111249,0.00138439723396175,0.0054085466526695,0.00170259348675884,0.00448676253664953,0.00339571480105477,0.00346946850223746,0.001692329995452,0.00168573624246709,0.00186066807439339,0.000837769527741187,0.00179908911142734,0.000825827418706731,2.7778244305176e-05,0.00575251883653405,0.00458926735756685,0.00126917626398652,0.00128900742045048,0.00624500798459912,0.00688591825724911,0.00722806740637963,0.00505999757428069,0.00131131324488581,0.000178362020043367,0.00114398307437214,0.0111959979222175,0.00731092049161882,0.0120750338255808,0.00189839103792342,0.00668680937280231,0.00224046324541179,0,0.0159265045603757,0.000597686595788892,0.000997096497082675,0.00432294099489903,0.00342892390488651,0.00371043970002809,0.0082641536149694,0.019927175113589,0.0113230083002454,0.0168462735106057,0.00443724962257599,0.000109507806177646,0.00868518372364036,0.0065372547885832,0.00503481383116395,0.222722682856331,0,0,0.0628183482468165,0,0,0,0.000138669851948575,0.00460749812959666,0.000252975322098414,0.0132271813129389,0.00747819975392267,0.00617183406570531,0.00403157167562524,0.0168829106947089,0.0121441338554364,0.00625682507194569,0.00125443080004246,0.00607139280448107,0.0101885155259407,0.00520024581008022,0.00358378602727664,0,0.00380293179389934,0,0.000114758889897351,9.06805068649237e-05,3.94927879248937e-05,0.00010792309656069,9.74926895624408e-06,5.54364197201573e-06,1.27845889402907e-07,0.000507891912937708,0,9.94065284153228e-06,2.34062170250543e-06,0.00549417278928721,0.00363529888905129,0.000101436282452864,0.000345715192347958,0.0109243656622891,1.28947176047243e-05,0,0.000480777016960561,0.00185785759794683,0,0.000159021449905055,0.149265021579936,0.0100218220149065,0.00295549281321447,0.0366107455456601,0.0110206351321379,0.00233396466827082,0.00160882501087752,0.00327629657001869,0.00682913046883882,0.000909790204170718,4.94076261132089e-05,0.00166754556871115,0.000355321149032778,0.000119332205013241,0.00499938025752008,0,0.000178670158149827,8.21199954471198e-05,0,0,0
P086,Electrodomésticos y sus partes,0,0,0,0,0,0,0,0,0,0,0,0,0,0,0,0,0,0,0,0,0,0,0,0,0,0,0,0,0,0,3.13198750542895e-05,0,0,1.45926416263997e-16,5.55696544971754e-16,0,4.52274288935812e-05,0,0,0,0,0,0,0,1.25220334359408e-05,1.10481510879887e-05,0,0,0,1.36049010525936e-07,0,3.29729815663577e-05,0.000319577051180384,3.14864290673579e-05,0,0,0,0,0,0,0,0,0,0,0,0.000312034309856968,5.89951918152021e-09,1.14662350698792e-06,0,2.37370097956595e-06,0,0,0.000366247798958038,4.56903184077621e-06,0,7.3907277308006e-07,0,0,0,0,0,0,0,0,0.000742527264916247,0,0,0,0,0,0,0,0,1.69714600553491e-05,5.64805636000444e-05,0,0,0,0,0,0.000176423569827534,8.85078835844e-11,0,0,0,5.3933228169747e-07,0,0.000377461664245777,0,0.00462352913092372,0.000539727511692806,0,2.35932238342128e-07,8.78363489032581e-09,5.95343567233238e-09,0,0,0,0,0,0,0,0,0,0.000733614442564098,0,0,0,1.14009229091139e-07,0,0.000701541115504394,0,0.00172539592055455,0,0,1.82542040618478e-07,4.19227828262904e-06,0,1.48167114651074e-08,0,0,4.41812095985128e-05,2.89897015935558e-05,4.6258752195249e-05,0.000386129982993614,0.000523429028309745,0.000331258031906391,0.000804843136928636,4.22126290789074e-05,0,0,0
P087,"Maquinaria de oficina, contabilidad e informática, sus partes y piezas",0,0,0,0,0,0.000116971346027766,0.000122840651661618,0.000118498351176896,0.00015406914783756,0,0,0,0,0,0,0,0,0.00025807667762782,0,0,0,0.00090532940027755,0,0,0,0,0,0,0,0,4.14474691645643e-05,0.00010968400644139,2.24950898521247e-05,1.4327766512824e-10,0,0.000127597136929833,0.000160836463199599,3.18038441807536e-05,3.52030395562886e-05,0,0,0,0.000462620006184031,0.000448786765614934,3.63496776647339e-05,3.9862137169043e-05,1.93718880543906e-05,0,7.1343264894031e-06,3.9190430931814e-06,6.74957737685721e-06,8.77825434837326e-05,3.06224702745579e-05,1.72661430529096e-05,2.21324672400331e-05,0.00038051321014129,3.56815655149012e-05,3.78976996537974e-05,7.43465199297103e-05,3.14739680822711e-05,2.01520622872587e-07,0.000161052511683872,4.51735281069007e-07,0.000227482052857967,0.000157092732770023,0.00627545176661928,4.61057997591839e-07,6.8809581347041e-06,0,1.42447254682883e-05,1.07127007073595e-05,0.000477979093510317,0.000169398658017831,0.000107874412095082,0.000373514367254945,0.000157996488873193,0.000226669844237227,1.22954428563598e-05,1.74761986303839e-07,0.000602539490114849,5.21263855952844e-07,3.79188461094555e-05,4.87805776378415e-05,1.62968495540371e-05,0.00100893615165931,0,0,2.58606146311799e-05,0,0.000239244362007702,0.000129918607815271,1.50784854271027e-07,0.000407953056791025,3.06186223753755e-06,0.00153810582436337,0.000354969284290468,1.66812492985609e-08,1.37983646580276e-23,6.62789992404025e-23,0,1.12968359469394e-05,0.000271322927430494,0.00309411641875973,0.000104431246431702,4.41753359575449e-05,8.2189616621604e-05,0.000457124417114048,0.000680903418708596,0.000408151120602608,0.00048077495230156,0.000127640057768143,0.000220252839045093,0.000236777796081552,0.000750429651586021,0.000486743208863171,0.000213381313597014,0.000576741097447848,4.94821008758065e-10,0.00013289369289204,0.00455550436141049,0.0153034747218587,0.00102929001693491,0.00105813563476026,0.00104638760983321,0.00128203737102549,0.000224397416742157,0.00131414797410972,0.000426842351374681,9.10150902340019e-05,0.000129416091153129,0.00128683989747254,0.000728667472708146,0.0225765324565371,7.12062393348526e-07,9.51572511895485e-05,3.05849174556587e-05,0.000137551098072646,4.52898300610609e-05,4.09878220957678e-05,4.31558193489199e-05,0.000112330384853061,0.000345825074026148,0.00010238975299947,0.000190270289021041,0.000682496973334978,0.00181826955787406,2.40812982926435e-05,0.00102387309374103,2.94057442168848e-05,0,0,0
P088,"Maquinaria y aparatos eléctricos, sus partes y piezas",0,0,0,0,0,0.000739519913830402,0.000776627022058087,0.000749173993693992,0.000974060800375076,0.000172082476175267,0,0.000194260345296993,0,0,0,0,0,0,0,0,0,0,0,0,0,0,0,0,0,0,0.0355263997210438,0.0219775885094692,0.00487234105865419,2.05881264020493e-17,0,2.9498899655019e-05,0.000286347208814362,0.00031652766994048,0.000340736184102853,4.10735867120331e-05,9.31839354442451e-07,0,0.00150702040422934,0.00151390687093528,2.68216014180967e-05,5.84459825399771e-05,0.00097968980371423,0,0.00137308867121483,0.000330254565574336,2.91983493057668e-05,0.000507243609845657,0.000122380178618731,0.000141160180582069,0.00024271376682493,0.000900097666880499,0.000442164027239459,0.000874894140541285,0.000104313933017321,9.05992629222552e-05,0,4.86657707589147e-05,0.00735519501428801,0.00136479750763949,0.00119434250546986,1.0396005745103e-05,0.00116181024449747,0.0214447992981113,0,0.0451856019665674,1.01461237410335e-06,0.000344849396188293,0.00122641044265468,0.00232816957754898,0.000443732066904916,0.00125910605771967,0.000716795123121037,0.000447432049744128,0.0033066849832075,0.00266294159155765,0.00714833416784703,0.00567638600580105,0.00185596332727839,0.00174643364149328,0,0,0,0.17415376908369,0,0,0,0.000122158338272388,2.87998361513572e-06,0,0.00996436136243491,0.00162809021592614,5.01072220565272e-05,0.00684763073394831,0.0230513493407402,0.0128767346031955,0.0150804494541475,0.00140909027548502,0.00519498443096969,0.00839467519550531,0.0051540259846937,0.0102796046604981,0,0.00352255352823907,0,0.000238481784775688,0.000183141023486484,0.0115029245815197,0.00101446935044847,0,0,3.89359129509347e-07,1.88304906482199e-05,5.03558194705967e-10,2.57468042844135e-06,2.46343204371698e-06,0.00904543584530332,0.0015493347729369,0.00145704967341489,0.00443214521152656,0.00493271975667456,4.8703045109653e-07,0,0.00309703894498018,0.000309636735024816,0,0.000127495761607523,0.0475844647683629,0.0236277817582358,2.10808991009224e-08,0.00165659650063868,0.00805329113722659,0.00583763079649028,0.000788027029888981,0.000888566190560092,0.00113778539145959,0.00245199254006662,0.000282456385437739,0.000962002856593277,0.000208971533151485,0.00325846492190593,0.00220614624498941,0,4.53053448386786e-05,0.000123244376077664,0,0,0
P089,"Equipo y aparatos de radio, televisión y comunicaciones",0,0,0,0,0,0,0,0,0,0,0,0,0,0,0,0,0,0,0,0,0,0,0,0,0,0,0,0,0,0,0.000409976239477296,0.00310651884700404,0,0,0,0.000106417010932577,9.12990700591391e-06,0,0.000319221601169921,0,0,0,0,0,1.4034313521203e-05,1.19069496892148e-05,0,0.00103547202818305,0.000479445934379073,0,0,3.36122935814373e-05,1.40899068126246e-05,9.5183665000653e-06,0.000455524400611185,0.0010799646533177,9.52964763538639e-05,0.00010120365174439,3.36398748019142e-06,6.88291170026969e-05,0,2.30500221882527e-05,3.08204363446866e-16,0.000230102802505196,0.000405531121879596,0.00887682008931095,0.00379959001788699,0.00015806613013245,0,4.22011033035007e-13,5.20831288324794e-07,0,0.00115006292935137,2.04104016813476e-06,0,0.000415153360705142,0.000232822815314007,0.000240747603677029,0.00276543620216324,0,0,0.000121862040821824,0,0,0,0,0,0,0,0,0,1.32854668258001e-18,1.449797105081e-06,1.13981108163339e-08,0.000210720196490706,4.65305987258025e-05,0,0,0,0,0.000245646648718401,7.85763220037947e-05,0,0,0,7.4348873979889e-05,0,9.1859664377435e-05,0,0.000268488821765124,0,0.0147048306186713,1.35646216953104e-05,2.49960454146987e-05,5.71008184633705e-05,5.24870588378568e-06,0.00332239465812576,0,4.07574031065668e-05,6.17015169396737e-05,0.0117282727035059,0.00013081824747771,0.000433525966591506,0.00846827160201791,0.000467068538760792,9.38233249516553e-05,0.00108404459563451,0.00204292975397221,2.32821073298048e-07,0,0.000546973541308251,0.000742251345577992,0.0121648463460347,0,0.000364991100222229,9.29753512108889e-06,5.11288379974094e-07,1.74006130130125e-07,0,1.86805220176523e-08,0,0.000204348132245609,0,4.66759741677272e-05,0,0.00490648822343296,0,0.00105214878444162,0.00027565286100011,0,0,0
P090,"Aparatos médicos, instrumentos ópticos y de precisión, relojes",0,0,0,0,0,0,0,0,0,0,0,0,0,0,0,0,0,0,0,0,0,0,0,0,0,0,0,0,3.002684216845e-05,0.000293974873191246,0.00070888432276401,0.00400110802830887,0,0,2.98882719591674e-05,0,7.84490521260434e-05,0,0,0,0,0,5.08810546781817e-06,6.3709393531601e-06,0,2.86481080349817e-07,0,0,0,0,0,6.00184514188935e-05,9.55120613416642e-06,1.09298760288512e-10,4.36515560003039e-07,0,0,0,0.000143774938575914,0.000134264227749653,0,3.29450045546629e-08,0,0.000458139971000943,0.000316917919387582,0.00456709967506617,0.00175073970644105,2.88073561128859e-05,0,0,6.18438830629012e-07,0.000650524162146434,8.70095418669975e-05,0.000143032257007687,5.46039852898774e-09,0.000749033156138377,0.00380134900329556,4.83379331248554e-05,0.000183042436506888,0,0,0,0,1.93693182426908e-07,0,0,0,0,0,0.0744959565889262,0,2.6611597464491e-09,2.60318655291061e-06,0.000298204705364456,0.000736395573483324,0.00015990110409569,0,8.05387304508022e-22,1.40454476606035e-20,0,2.00935414660628e-05,1.74464240151171e-09,0,0,0,1.35499900423705e-05,0,0.000190862703796737,0,0.00108810478968045,8.70863695517278e-05,0.000444745247241038,2.57323747063498e-05,4.35386264138142e-06,2.95099255436905e-06,0,0,0,8.02734893839487e-08,0,8.97183493082506e-06,0.000640767823713848,0.000678656773864039,0,9.47650644887223e-09,0,0,1.62885661372791e-06,2.93521501234263e-16,0,3.4122576771653e-19,0.000513551480501788,0.00156179421815309,2.77142532597188e-16,0.0025365143143772,6.64635281617139e-05,3.40708614436284e-05,0.000919499063943564,0.000628719028189717,0.000139503526313145,1.95327897202447e-07,0.000159745594661356,0.0148274678300149,0.0248913870464171,0.0204862828578728,0.00181687706127307,0,0.000213673642173448,0.000467593857875552,0,0,0
P091,Equipo de transporte,0,0,0,0,0,0.000231595339675338,0.000243216167152245,0.00023461870640752,0.000305046473676207,0.000506535003154746,0,0.000852697408441289,0,0,0.000403317427843656,8.47376011107071e-05,0,0.000342661976604739,0,0.00165741058620035,0.000467763713082005,0.000552358012506169,0,0.000680765884104517,0,0,0.000111556782207345,0.000799362100447584,0,0,0.00244310288216667,0.00670885004799872,0.0152649280255345,0.00125593142569191,0.000555919209079789,0.00104445223489594,0.0008080308125279,0.000383560137153064,0.000413653154301138,0.00187741195874954,0.000401255642550968,0.00119473179265336,0.000666068320454555,0.000978179387221843,0.00261546853784749,0.00290359703029239,0.00023691685125771,0.0011200342453501,0.0004089761000937,0.00105085212102887,5.30914261478538e-05,1.56787711820078e-05,0.00210039393003459,0.000200872989748247,0.000746378009943374,5.13531681439977e-05,0.000996432539602316,0.00127193038158386,0.00118275264124014,0.000887063050460327,0.00267485964871874,0.00253678764276623,0.00180198181820067,0.00221163158061586,0.00168293546736334,0.00453455976117895,0.00163287167951435,0.00100552690129941,0,0.00226328374722819,0.000160302740661581,0,0.000190478221083328,0.000386106012126879,0.00127969387140045,0.00162247946579454,0.00338115503956522,0.00227179240551674,0.00295679458318472,0.00293443200750223,0.000326598255996381,0.000626931595177346,0.00139206520543148,0.00288966450019304,0.000193620155171884,0,0,0.00379094029227866,0,0.000342920118403386,0.00119752455770201,0.000731534264143156,0.00221234494808653,7.45329894956696e-05,0.00190404178274485,0.000244127359162409,0.00252187033394876,6.34561827150553e-05,0,0.000227219478514624,0.00270844184595031,0.000756641503462455,0.00361044815988689,0.0164376459382136,0.0144591708085676,0.0148357207605223,0,0.00271384617667574,0.00526536860348858,0.00578301461442213,0.000386131678957229,0.000278056162703376,2.20886279340205e-06,3.53295766225618e-06,8.6397823565352e-06,1.45480871007512e-06,0.000820405468182521,5.52842290580002e-10,0.000509506215998162,0.00070574541318141,0.000267361378167564,0.00464995197744255,0.000960376284013421,0.00150968458153877,0.00130581635250141,0.000503532596037912,0.000929812683732114,0.00102181400568395,0.000557597611667829,0.00072654187036294,0.00210877278509901,0.00526440462473813,0.000397616253590459,5.21251675391733e-15,0.00651228794990232,0.00262602107748254,0.000161252695809187,0,0,0,0,0.000329700033667342,0.000134820606427576,0.00114430163991408,0.00165154186645033,0.00185017760696432,0.00107501343346556,0.00151564679503858,0.000495082003106808,0,0,0
P092,Muebles,0,0,0,0,0,0,0,0,0,0,0,0,0,0,0,0,0,0,0,0,0,0,0,0,0,0,0,0,0,0,0,0,0,0,0,0,0,0,0,0,0,0,0,0,0,0,0,0,0,0,0,0,0,0,0,0,0,0,0,0,0,0,0,0,0,0,0,0,0,0,0,0,0,0,0,0,0,0,0,0,0,0,0,0,0,0,0,0,0,0,0,0.000442021856652439,0,0,0,0,0,0.000525404039043386,0.000614553645669834,0,6.11544107997584e-05,0,0,0,0,0,0,0,0,0,0,0,0,0,0,0,0,0,2.55705672456775e-35,0,0,0,0,0,0,0,0,0,0,0,0,1.73193561401792e-19,0,0,0,0,0,0,0,0,0,0,0,0,0,5.05489062352148e-06,0,6.21774707512404e-21,0,0,0,0
P093,Otros artículos n.c.p.,1.10592571904976e-09,0,0,0,0,0.000327521412472192,0.000342801502824429,0.000332621564356592,0.00043381199149253,9.73148605819667e-05,0.00292148855274685,0,0,0,3.90928068963992e-08,2.92700840952067e-05,2.6576315586201e-05,0.000307412413165476,0.00084696778213623,0,0.000156745014723547,0.00067159271093957,0.000514452184320546,0.000521213656530861,0.000481481148926629,0.000586540622423447,0,0,1.24891320612403e-05,0.000340760889851765,2.52468279720168e-05,8.3139191546932e-05,0.00052334677783683,0,8.07844746675189e-07,1.9333248982906e-05,0.000118570500238875,7.76578466034758e-05,8.77313621439267e-05,0.000248290474599076,8.07523976940306e-05,0.000218824281564223,0.000385289230477591,0.000397898835194558,0.000727969422789874,0.000733027035128126,1.81604874506968e-06,4.98629718519236e-05,1.28334292189287e-05,7.75125284871867e-05,1.27526526835338e-05,8.09200121065698e-05,0.000336765016681387,8.36557504929419e-05,6.99608803200233e-05,0.000697810712818725,4.97911326531639e-05,6.07597887679021e-05,0.000707674611377213,0.00417624985583044,0.000594482950801737,0.000216031201999401,9.38497944410993e-05,0.000241519074883408,0.000236253376670068,0.000408201958496895,0.00317745972968351,1.31944785671285e-06,0,1.26532414846374e-05,8.9136074589509e-08,0.00383676185811901,0.00113870053945944,0.000846421459780964,0.00158433108019793,0.000378008629901974,0.000676546487558151,7.44787237066274e-05,5.0368264404853e-05,2.8036024512984e-05,6.35216167954873e-05,3.54815881015971e-05,0.000338610315317668,0.000258126074521271,0.000212538635311341,0,0,2.10199872894243e-06,0,0.00016378384720635,8.74470396175963e-06,0.000165451199407684,0.00711773793493442,0.00179374412961899,5.7710351576937e-05,0.000242456080559373,0.000597222750335328,0.000234270970033058,0,0.000224854135694967,0.000289448521763792,0.000529093216586783,0.000120080503094516,0.000150111676312664,0.00022593338392547,0.000215119157071871,5.16008168888112e-05,0.000171550788368665,0.000196611600310041,0.000979159671214229,0.00124217454980835,0.000165560125033257,0.0182660343480875,0.000351741201583899,0.000259509698336122,0.000120459686254702,0.000341425396619496,8.31468267313414e-11,0.000229386738830777,0.000486390666813137,0.000634894753823471,0.000131376135758619,0.00060778532681403,0.00118257604367137,0.000485189679205751,0.000468747612764429,0.000934481725968475,0.000475046854207523,0.000756613075884868,0.000270071190852893,0.000567316440821515,0.000172883779960942,0.00182157410202265,0,0.000121100690953357,0.00103497131728445,0.00140227565505939,0.00174301159003816,0.000453166453678326,0.000807948779196407,3.73707167017272e-05,0.000916436097539189,0.00123033636183052,0.000217811016745796,0.00171983850369462,0.00716543938328192,0.000385691949421061,0.00130082185623927,0.00209178436012939,0,0,0
P094,Residuos y desechos,0,0,0,0,0,0,0,0,0,0,0,0,0,0,0,0,0,0,0,0,0.0150499490770808,0,0,0.029921451346045,0,0,0,0,0,0,0,1.0743393000771e-05,0,0,0,0,0,0,0.000916420232901604,0,0,0,0,0,0,0,6.19669425675416e-05,0,0,0,0,4.62002425087966e-05,0,0.0160905023836877,0.00100933945197776,0,0,0,0.0015275365293927,0,0,2.250059697678e-17,0,0.0127781637410678,0.0055575669065838,0,0,0,0,0,0.000138488616192609,0,0.000966620811001877,0.000125546173570239,0.000143282235130554,0.00895815033309318,0,0,0.000311699046852384,0,2.09308523379506e-05,0.0289775960257164,0,1.15332941394937e-07,0.000121648834308284,0,0,0.000394768196913046,0,0.000292678910863719,0.000712595502346827,1.41078119725789e-06,0.000142146887712348,0.00461535966814679,0.000168152564820845,0,0.0146141211308605,0,0,0,1.462357759625e-20,3.98225532602983e-06,0.00080818100601991,0,0.00058808910145363,0,0,9.66300917357453e-09,0,0,3.04702559799716e-06,0,0,0,0,0,0,0,0,0,0.000150204896111708,7.831476736307e-07,3.2862564690935e-05,0,4.78519614596642e-06,0,0,0,2.85244851666945e-05,0,0,0.000162296272826657,0.000131630761496813,0,0.000244339430959059,3.74941868304614e-07,1.04950535605553e-06,0,6.42350383144823e-09,0,0,0,4.51772728132542e-06,0,1.29502100525151e-05,3.04036495438165e-06,0,0.000576780067988516,0,0,0,0
P095,"Generación y distribución de energía eléctrica, gas, vapor y aire acondicionado",0,0,0,0,0,0,0,0,0,0,0,0,0,0,0,0,0,0,0,0,0,0,0,0,0,0,0,0,0,0,0,0,0,0,0,0,0,0,0,0,0,0,0,0,0,0,0,0,0,0,0,0,0,0,0,0,0,0,0,0,0,0,0,0,0,0,0,0,0,0,0,0,0,0,0,0,0,0,0,0,0,0,0,0,0,0,0,0,0,0,0,0,0,0,0,0,0,0,0,0,0,0,0,0,0,0,0,0,0,0,0,0,0,0,0,0,0,0,0,0,0,0,0,0,0,0,0,0,0,0,0,0,0,0,0,0,0,0,0,0,0,0,0,0,0,0,0,0,0,0,0,0
P096,Agua natural y distribución de agua natural,0,0,0,0,0,0,0,0,0,0,0,0,0,0,0,0,0,0,0,0,0,0,0,0,0,0,0,0,0,0,0,0,0,0,0,0,0,0,0,0,0,0,0,0,0,0,0,0,0,0,0,0,0,0,0,0,0,0,0,0,0,0,0,0,0,0,0,0,0,0,0,0,0,0,0,0,0,0,0,0,0,0,0,0,0,0,0,0,0,0,0,0,0,0,0,0,0,0,0,0,0,0,0,0,0,0,0,0,0,0,0,0,0,0,0,0,0,0,0,0,0,0,0,0,0,0,0,0,0,0,0,0,0,0,0,0,0,0,0,0,0,0,0,0,0,0,0,0,0,0,0,0
P097,"Evacuación de aguas residuales, recogida, tratamiento y eliminación de desechos",0,0,0,0,0,0,0,0,0,0,0,0,0,0,0,0,0,0,0,0,0,0,0,0,0,0,0,0,0,0,0,0,0,0,0,0,0,0,0,0,0,0,0,0,0,0,0,0,0,0,0,0,0,0,0,0,0,0,0,0,0,0,0,0,0,0,0,0,0,0,0,0,0,0,0,0,0,0,0,0,0,0,0,0,0,0,0,0,0,0,0,0,0,0,0,0,0,0,0,0,0,0,0,0,0,0,0,0,0,0,0,0,0,0,0,0,0,0,0,0,0,0,0,0,0,0,0,0,0,0,0,0,0,0,0,0,0,0,0,0,0,0,0,0,0,0,0,0,0,0,0,0
P098,Edificaciones residenciales,0,0,0,0,0,0,0,0,0,0,0,0,0,0,0,0,0,0,0,0,0,0,0,0,0,0,0,0,0,0,0,0,0,0,0,0,0,0,0,0,0,0,0,0,0,0,0,0,0,0,0,0,0,0,0,0,0,0,0,0,0,0,0,0,0,0,0,0,0,0,0,0,0,0,0,0,0,0,0,0,0,0,0,0,0,0,0,0,0,0,0,0,0,0,0,0,0,0,0,0,0,0,0,0,0,0,0,0,0,0,0,0,0,0,0,0,0,0,0,0,0,0,0,0,0,0,0,0,0,0,0,0,0,0,0,0,0,0,0,0,0,0,0,0,0,0,0,0,0,0,0,0
P099,Edificaciones no residenciales,0,0,0,0,0,0,0,0,0,0,0,0,0,0,0,0,0,0,0,0,0,0,0,0,0,0,0,0,0,0,0,0,0,0,0,0,0,0,0,0,0,0,0,0,0,0,0,0,0,0,0,0,0,0,0,0,0,0,0,0,0,0,0,0,0,0,0,0,0,0,0,0,0,0,0,0,0,0,0,0,0,0,0,0,0,0,0,0,0,0,0,0,0,0,0,0,0,0,0,0,0,0,0,0,0,0,0,0,0,0,0,0,0,0,0,0,0,0,0,0,0,0,0,0,0,0,0,0,0,0,0,0,0,0,0,0,0,0,0,0,0,0,0,0,0,0,0,0,0,0,0,0
P100,Obras de ingeniería civil,0,0,0,0,0,0,0,0,0,0,0,0,0,0,0,0,0,0,0,0,0,0,0,0,0,0,0,0,0,0,0,0,0,0,0,0,0,0,0,0,0,0,0,0,0,0,0,0,0,0,0,0,0,0,0,0,0,0,0,0,0,0,0,0,0,0,0,0,0,0,0,0,0,0,0,0,0,0,0,0,0,0,0,0,0,0,0,0,0,0,0,0,0,0,0,0,0,0,0,0,0,0,0,0,0,0,0,0,0,0,0,0,0,0,0,0,0,0,0,0,0,0,0,0,0,0,0,0,0,0,0,0,0,0,0,0,0,0,0,0,0,0,0,0,0,0,0,0,0,0,0,0
P101,Servicios generales y especializados de construcción,0,0,0,0,0,3.5741761637328e-06,4.56558831258839e-17,4.4042326472237e-17,5.7263680465879e-17,6.39718643380518e-05,5.56817502499614e-05,1.74394438778754e-15,0,0,0,0,0,0,0,0,0,0,0,3.66988523591837e-05,0,0,0,1.46021356396996e-06,4.31021223231373e-06,2.82376476639648e-05,0,0,2.51232270244981e-05,4.00332886001489e-22,6.50697772611839e-20,2.95340327896903e-16,4.47423475280681e-05,1.58267580615882e-05,0,6.42360834013907e-05,0,0,0,2.22857284986141e-05,0,0,0,0,2.81404864374159e-05,0,9.56992628969402e-22,3.4924262949549e-15,1.90873647904571e-05,0,1.09273562364678e-16,2.41392361697139e-14,1.71065961102573e-15,2.82005380024093e-15,1.26916216700535e-14,7.23559433772486e-05,4.08821332431907e-15,2.06083565040307e-05,0,0,0,1.83644746146745e-14,1.37710207759715e-14,0,0,0.000108669405080051,3.6026435501594e-15,3.96126798622095e-05,0,2.18373591694161e-06,3.74604981992015e-05,2.40670852708933e-05,0,0,0,0.000315503083448002,5.23780666492491e-15,0,0,0,1.86617762557355e-16,0,0,2.40677916722723e-05,0,3.39382543901237e-06,1.89473825468808e-15,0,0,1.61629947475572e-07,1.00732221445791e-15,0,0,0,0.00166097637730247,0.000882928749763961,0.00457448972327386,7.17393638067409e-05,3.34679924395474e-15,2.71570142342245e-17,0,0,0,0,0,1.59579615617259e-15,1.298406157156e-15,8.05706449152679e-05,0,0,0,5.55366616108614e-15,0,1.61729380050259e-15,0.000132727807428679,0,0,0.000120863579618347,5.99705509998496e-05,7.43923385232939e-05,6.55925051417557e-05,7.21429640617006e-16,8.53164992829184e-05,3.48227820611886e-05,0.000218815917508949,0,6.47088301664881e-05,0.000851593848575578,8.90142740975271e-06,2.1980537547174e-05,3.79142910997092e-05,1.02610411153739e-05,4.46463407282576e-05,1.41191030425339e-05,8.24064895892352e-05,1.7371295797888e-06,5.2099211884425e-14,6.9120273053091e-05,6.78601794932073e-05,0,0,0.000200170178847988,0,0.000351996857012702,1.58738181812196e-05,0,0,0
P102,Servicios de comercio,0,0,0,0,0,0,0,0,0,0,0,0,0,0,0,0,0,0,0,0,0,0,0,0,0,0,0,0,0,0,0,0,0,0,0,0,0,0,0,0,0,0,0,0,0,0,0,0,0,0,0,0,0,0,0,0,0,0,0,0,0,0,0,0,0,0,0,0,0,0,0,0,0,0,0,0,0,0,0,0,0,0,0,0,0,0,0,0,0,0,0,0,0,0,0,0,0,0,0,0,0,0,0,0,0,0,0,0,0,0,0,0,0,0,0,0,0,0,0,0,0,0,0,0,0,0,0,0,0,0,0,0,0,0,0,0,0,0,0,0,0,0,0,0,0,0,0,0,0,0,0,0
P103,Mantenimiento y reparación de vehículos automotores y motocicletas,0,0,0,0,0,1.79359994720143e-07,1.81069519316069e-18,1.74672917852636e-18,2.27104795240952e-18,2.82502943039272e-05,1.81071787082281e-06,0,0,0,0,0,0,0,4.47643052159775e-15,0,0,0,0,1.10602010257377e-06,0,0,0,5.34281458884215e-06,1.55289984552575e-06,1.01735683376878e-05,3.04000358478848e-17,0,1.13101465082413e-05,1.81226769433667e-08,2.89758454499141e-16,0,8.26407432125359e-06,0,0,6.20834918220091e-06,3.34975965881403e-17,2.00155957861046e-16,1.42119210326102e-17,2.23593405226154e-06,2.14519566350268e-15,1.88852854230238e-15,0,4.04292357636517e-16,1.66203034764614e-06,0,7.92242936491798e-16,0,6.23859264141498e-06,0,2.13743968198216e-15,0,3.03315721475662e-16,3.43534697758454e-16,0,1.09576839672111e-06,4.65560048085221e-15,2.04430953381833e-06,0,0,0,4.65860331289421e-06,3.97632226529168e-15,1.40838514262342e-17,0,3.73957725546795e-07,4.41108579198162e-07,6.27979571553691e-06,0,2.1656667105152e-08,2.4675369061656e-06,4.12175644256833e-06,4.53818263022301e-18,0,1.62244774487628e-15,0,1.30583511660443e-15,2.481142528046e-17,0,0,0,0,0,1.80326963455761e-06,0,6.41939108308959e-07,0,3.90950002967163e-16,1.32941595484957e-06,3.86711124416405e-05,0,0,3.31319359676082e-15,3.16858651730433e-17,7.64915880340598e-17,0,7.59032619877531e-06,9.06116312878323e-06,0,0.000132840897286943,0.000113862396231808,1.88370143862242e-07,1.18360457054518e-15,3.8131313525489e-16,4.92950757125377e-15,8.54582784191575e-16,0,1.10267234198857e-06,0,0,0,4.00777105263233e-18,0,2.22022423981444e-22,5.01282654802935e-16,0,1.22494999112744e-15,0,1.8830894719204e-06,2.98918067912712e-06,2.53669565481772e-08,6.4457502017638e-16,8.13378627862742e-06,1.21586919310951e-05,0,1.10745363023556e-16,8.22824297829704e-06,8.66663665335121e-07,2.19474761238164e-06,4.9807967022914e-06,5.16187927082127e-06,2.72951520981016e-07,1.65685719913973e-16,9.19006889325893e-17,9.74985225191639e-17,2.21932176402948e-16,4.2199568575916e-15,2.04768312470975e-06,2.4940691106135e-06,0,7.72955588571573e-17,5.1129221799795e-06,0,2.0581033202707e-05,2.62379473221254e-06,0,0,0
P104,Servicio de transporte de pasajeros por vía terrestre,0,0,0,0,0,0,0,0,0,0,0,0,0,0,0,0,0,0,0,0,0,0,0,0,0,0,0,0,0,0,0,0,0,0,0,0,0,0,0,0,0,0,0,0,0,0,0,0,0,0,0,0,0,0,0,0,0,0,0,0,0,0,0,0,0,0,0,0,0,0,0,0,0,0,0,0,0,0,0,0,0,0,0,0,0,0,0,0,0,0,0,0,0,0,0,0,0,0,0,0,0,0,0,0,0,0,0,0,0,0,0,0,0,0,0,0,0,0,0,0,0,0,0,0,0,0,0,0,0,0,0,0,0,0,0,0,0,0,0,0,0,0,0,0,0,0,0,0,0,0,0,0
P105,Servicio de transporte de carga por vía terrestre,0,0,0,0,0,0,0,0,0,0,0,0,0,0,0,0,0,0,0,0,0,0,0,0,0,0,0,0,0,0,0,0,0,0,0,0,0,0,0,0,0,0,0,0,0,0,0,0,0,0,0,0,0,0,0,0,0,0,0,0,0,0,0,0,0,0,0,0,0,0,0,0,0,0,0,0,0,0,0,0,0,0,0,0,0,0,0,0,0,0,0,0,0,0,0,0,0,0,0,0,0,0,0,0,0,0,0,0,0,0,0,0,0,0,0,0,0,0,0,0,0,0,0,0,0,0,0,0,0,0,0,0,0,0,0,0,0,0,0,0,0,0,0,0,0,0,0,0,0,0,0,0
P106,Otros tipos de transporte,0,0,0,0,0,0,0,0,0,0,0.000628153311873021,0.00015967555876177,0,0,0,0,0,0,0,0,0,0,0,0,0,0,0,0,0,0,0.00312314321389618,0.00154508465086703,0.000439638743226446,0,0,2.00497508127526e-05,9.2270583109524e-06,0,0.000886369273393836,0.000384040334809222,0.000119997850404964,0.000310541382089223,3.74513294406107e-05,3.88328806673753e-05,0.000277375130901989,0.00025193718286472,0,1.21995747581699e-06,1.39151675234419e-08,0,0,0.000173801390881156,0.000545846015382421,0.000173508530376202,0,0,0.000346603310805815,0.00039673618312212,0.000647582194429231,0.000151048267266464,0,0.000474701587840167,4.54270889573148e-05,0.000137789163740313,0.00016636896990394,0.000455695239542636,2.28414079051644e-07,0.000931241475636323,0,0.00381018798227079,0.000678889269567649,0,0.000844538789575726,7.06020095809941e-06,0.00157069784239882,0.00176051779797802,0.00267467424053371,0,0.000460810358971504,3.21339165678458e-06,0,0.000216242293036023,0,0,0.000399220202622906,0,0,0,0,0,0,0.000280758778357095,5.44653054739784e-06,1.36919759179135e-07,0.000403749439518456,3.0603619856796e-19,0.000768403014754655,0,0,1.22313736392874e-08,3.40910159188184e-06,0.00151225640024135,0.000227140863262944,0.000386604906776781,0.00105763692799268,0.00441442588200615,0.000730896469707924,0.000495117482248607,0.0547443664143819,0.000500643035027761,0.000164281494953189,0.00135041890008523,0.00209740540128068,0.00142306646976154,0.0011483138568811,0.000557865558017714,0.00415077702174785,0,0.00138538658796955,0.000378654514202877,0.00166215897050402,0.00288450819480765,0.00451447831336032,0.00162967508737405,0.00077708295621024,0.00315602972995319,0.0125451343289877,0.000917498076845438,4.09748163540823e-08,0.00177670691687719,0.00213438249916097,0.000503631615259883,0.000248546580024788,4.74216452886606e-06,0.0017965890671131,6.64165104963856e-05,0.000140408750621377,0.00185974746678622,0.000367652377794411,0.000120720584088562,0.000273844978184288,0.000469500338283731,0.000140692012667499,0.000680151077224761,0.000480433671217276,0.00408400175021057,0.00459280664296058,0.0113175217127901,5.23188622343435e-05,0,0,0
P107,Servicios de almacenamiento y depósito,0,0,0,0,0,0,0,0,0,0,0,0,0,0,0,5.88338241631327e-18,0,0,0,0,0,0,0,0,0,0,0,0,3.97120547390544e-09,2.6016700554245e-08,0,0,0,0,0,0,4.42851328920134e-08,0,0,9.80074558478526e-08,0,0,1.12036112559034e-17,2.00855815129668e-08,4.14922121999433e-17,3.96298970568737e-17,0,0,0,0,0,0,1.24699820626748e-19,1.5745579793244e-17,6.35298580141401e-17,0,2.40334705048245e-18,2.28355702015773e-18,1.0936062811778e-17,3.74032297360452e-09,0,1.04110631631114e-07,1.89695771706504e-17,8.10111818257268e-18,4.73059493213164e-18,1.71877420512109e-12,0,0,0,0,1.08246935906597e-09,0,0,2.19264345330966e-08,9.64057466662032e-09,8.98287897516188e-09,0,0,0,0,0,0,2.7730799015582e-19,0,0,0,0,3.06645955618543e-11,0,0,0,1.748504689466e-20,4.44075709676562e-11,0,0,1.94893237802991e-18,1.70319213606566e-16,0,0,0,8.52274057489259e-11,0,0,0,6.28584402275467e-18,0,0,1.80070925936423e-17,0,0,9.27000643026399e-19,3.76495436843889e-10,0,0,0,0,0,0,1.80956947108164e-20,0,4.61504821264409e-23,0,3.06227002302045e-09,1.25185489971421e-10,1.36418816661701e-09,0,1.74709601290543e-08,5.98805159030237e-10,0,0,0,1.38753912655871e-09,0,2.16261532661128e-11,0,8.309951206393e-09,0,6.72148671290468e-08,1.38040693762481e-06,3.63479307066712e-08,0,2.16824048365265e-09,1.66673127683195e-10,1.17221659991081e-17,3.37460759639959e-21,6.33875461689178e-10,0,6.77357532451979e-10,0,0,0,0
P108,Otros servicios de apoyo al transporte,0,0,0,0,0,0.000186369188676293,3.4046094995898e-14,3.28425691265276e-14,4.2701303915674e-14,0,7.24533910594169e-05,1.71223814610586e-14,0,0,0,0,0,2.23464782880485e-14,2.19921198358936e-13,0,0,0,0,0,0,0,0,0,0,0,8.65966316934406e-14,3.40821573857813e-14,0.000297268603964604,0,6.90125889091176e-19,5.42851354252909e-15,0.000365489137744559,7.51839374238058e-05,1.83009574857916e-16,0.00106860089516431,0,0,9.62807113768666e-15,5.56361943738679e-05,2.43740671274772e-14,2.27708497750447e-14,0,0,0.000265554647757228,3.65173228185703e-16,0,0.000379348170490891,0.000119167000476531,6.94970113362719e-15,3.51111744921382e-14,1.7467181773843e-13,1.58462837691674e-15,1.16193422368234e-15,0,0.00019883163837682,7.58804285480709e-14,2.00096113169136e-05,0,0,0,9.60952359656569e-05,1.78228010167869e-13,5.00955866868351e-14,0,0.000382613823745714,4.24031021186231e-05,0.000138778860380648,6.05433929075665e-14,6.35785554160595e-05,5.3205445955296e-05,0.000158297509805505,5.13325545939874e-14,1.70131482471282e-17,0.000924503392332012,0,0,3.72957299747905e-14,0,0,2.45552037355728e-18,0,0,6.08843866613121e-05,0,0,9.03667808808184e-16,3.55015426184765e-15,0.000195955229366038,0,1.67843965177065e-14,0,0,0,0,1.08593846442076e-15,2.0412204531928e-05,0.000405355324662376,0,0.000806753613288531,0.00133546117930176,0.0238516144531242,1.91061505353546e-05,0.0156920208169034,0,0,7.75186469225934e-15,2.99673345185166e-05,0,0,0,1.72194985322867e-14,6.32937978407083e-14,5.33024925703744e-20,0,8.19509588602889e-14,0,0,0.000186772912396242,0.00021003762368394,5.58478827746179e-08,0,0.000960378319893843,2.07853062932347e-05,9.50650605045723e-14,0,0.000129173074702307,1.59432057440669e-06,2.64018978430452e-06,0.000186336234441376,0.000890829032201978,0,8.53979748570504e-16,5.77945838983675e-17,4.82716556864061e-16,1.06293583684488e-16,0,9.03943034021752e-06,9.09641509048766e-06,5.97691270129126e-15,8.87785020451803e-14,9.53108449402291e-05,0,9.6002852240267e-05,7.36518141789614e-06,0,0,0
P109,Servicios postales y de mensajería,0,0,0,0,0,0,0,0,0,0,0,0,0,0,0,0,0,0,0,0,0,0,0,0,0,0,0,0,0,0,2.56947699236735e-14,7.03972817076648e-14,0.000182571717677728,0,0,0,1.8629792920383e-06,1.95424648859985e-05,0,0.000133286345251742,0,0,4.29492491958071e-14,3.71244917116804e-06,7.56774494098641e-14,7.47686653414625e-14,0,0,3.89993122059034e-06,6.03197748514123e-14,0,0,3.6620518994412e-05,0,0,0,0,0,7.37156393746766e-14,3.78376207282025e-05,0,0.000152027123048504,0,0,0,1.92021717987323e-05,2.86090825558801e-13,2.9968719532553e-14,0,3.33200522176842e-06,4.82329866888025e-08,0.000158173829873633,8.3216160730191e-14,4.6659305621859e-07,2.66589241620029e-05,4.9351394140143e-05,0,0,0,0,0,0,0,0,0,0,0,0.000120645693977616,0,0,0,0,4.60069444887215e-05,6.41196814431845e-08,6.64721903250433e-07,0,0,0,0,0,4.0474205571326e-07,0.000723192470670767,1.77644709174429e-15,0,0.000306716780591418,1.82212159309746e-06,0,0,0,0,2.88821263399966e-15,0.000321096468036848,1.28846932876531e-15,5.77857520757433e-14,1.79189573569761e-14,0,1.10450061578821e-13,0,0,0,0,1.93905041994674e-13,0.000191692376461788,0.000375772094284572,0,0,8.66877071571136e-05,0.000317488557572533,3.84199223581434e-13,9.95325918368515e-14,4.20193144185076e-05,6.14701361483808e-06,0.000153467498068902,5.51099949332764e-07,2.87067579758292e-13,2.32725607922166e-05,0,0,0,0,0,3.96974267842541e-05,1.20616165360715e-05,1.71225697614792e-13,0,3.92823435121945e-05,0,0.000227496938830465,9.23258624687995e-07,0,0,0
P110,Servicio de alojamiento,0,0,0,0,0,0,0,0,0,0,0,0,0,0,0,0,0,0,0,0,0,0,0,0,0,0,0,0,0,0,0,0,0,0,0,0,0,0,0,0,0,0,0,0,0,0,0,0,0,0,0,0,0,0,0,0,0,0,0,0,0,0,0,0,0,0,0,0,0,0,0,0,0,0,0,0,0,0,0,0,0,0,0,0,0,0,0,0,0,0,0,0,0,0,0,0,0,0,0,0,0,0,0,0,0,0,0,0,0,0,0,0,0,0,0,0,0,0,0,0,0,0,0,0,0,0,0,0,0,0,0,0,0,0,0,0,0,0,0,0,0,0,0,0,0,0,0,0,0,0,0,0
P111,Servicio de suministro de comidas y bebidas,0,0,0,0,0,0,0,0,0,2.92372131777613e-06,1.02725483967486e-05,0,0,0,0,0,0,0,0,0,2.0251308791318e-15,0,4.34717494321288e-16,1.63658509535438e-06,4.17367279418587e-06,0,0,0,0,0,0,9.67602007369124e-15,1.38864409151235e-06,0,4.77503631012917e-21,9.37514185061852e-20,2.38976425526187e-08,0,3.30333097706935e-17,2.10448435651724e-05,0,0,0,2.343997200694e-06,1.10627363480854e-15,7.19657385845222e-16,0,0,1.30236693408932e-06,0,0,1.05442402303653e-15,2.56429487768089e-06,6.65804275749239e-16,1.08930057166347e-17,0,0,0,0,3.92653522991616e-06,0,2.8697965510707e-05,0,9.53416505961328e-15,6.49133358774445e-15,4.44132413710142e-05,8.42494820549619e-16,0,0,1.21071019336117e-06,1.14729162320708e-05,2.85634187146427e-05,0,2.89752034847826e-08,3.67601009381617e-05,1.62272611898205e-05,2.97901300612615e-14,0,2.66452054400724e-15,0,0,0,0,9.19703534605127e-17,0,0,0,1.2035235678147e-06,0,1.91444515959936e-06,0,7.06695692538085e-15,1.37553524129031e-07,6.67349703651686e-08,0,2.24690649400421e-16,0,2.93761938042471e-19,7.09159021605263e-19,0,5.9467209826411e-07,4.69828239650018e-16,0,0.000866488883697357,0.000472179238563743,2.25456117492015e-05,0,0,9.67942271925113e-15,4.15592511584896e-15,1.03923455384529e-15,9.44823233264449e-06,0,0,0,7.08617831546898e-15,0,0,0,5.32373417304603e-15,0,7.84094067058717e-15,4.14260712564936e-05,9.43195870292338e-05,7.14534748954779e-07,4.42486793568649e-15,0.000133467425864873,8.7297194286896e-06,1.07001766764912e-14,1.0703835258112e-15,3.76726954662695e-05,2.20382974579566e-06,2.07700368590128e-05,9.72689368528932e-05,3.12132336904209e-05,2.22568603280207e-06,6.71935571479721e-16,1.31111889403587e-15,2.82275504383111e-16,2.2253477084506e-16,0,3.58596525625942e-05,2.51284412378778e-05,4.04247239870081e-15,6.82431414175266e-15,0.00010472776597867,0,0.000488575675797454,3.95910303373752e-06,0,0,0
P112,"Servicios de información, telecomunicaciones y radiodifusión",2.13845577770589e-05,1.79841055405302e-05,1.77923187366534e-05,0,2.79972153746137e-05,6.51928792738356e-05,1.2003279932548e-05,1.15789753756744e-05,1.5054748452146e-05,0.000155753407228393,0.000167476367239393,8.44914900341739e-06,0,1.63591405578225e-05,2.15836310148344e-05,1.17439883193835e-05,1.31951259886577e-05,0.000102293168582059,0.000128592430672189,0,5.42707087824002e-05,8.79230075719702e-05,2.22304651876579e-05,0.000340871175276662,7.58749956871524e-05,0.000499496452264408,2.60024914973224e-08,0,0.000617609746314027,0.000296278100489722,2.33326932808782e-05,1.84335702818872e-05,0.00169796407843949,7.55031818793064e-06,1.60812321493093e-06,1.83753692728555e-05,2.46343473180735e-05,1.63569889426946e-05,1.08322782157313e-05,0.00011905254189061,3.72233837763722e-05,9.81222911345306e-05,3.58460059875466e-05,0.000312261376824724,0.000108931201581568,0.000107197946910015,4.27899066189227e-05,3.06035310793218e-05,0.000112826096303587,4.67394894226214e-05,2.54496324304004e-05,2.34751992891053e-05,0.000525458434358096,9.51958269517667e-06,2.1852334069325e-05,5.47954704843055e-05,2.79881806536784e-05,3.80687026510582e-05,8.39155716322004e-05,0.000899200344875832,0.000150539436389478,0.0010262816532325,6.70922422607598e-05,6.02334632846777e-05,4.88886922409893e-05,0.0164212201117347,0.000329220620796332,1.25967847183313e-05,0,0.000219523133294526,1.51150693501298e-05,0.00103136429266735,7.72627730937573e-05,5.97238048434132e-05,0.000615475294667199,7.7622794487539e-05,8.69921458084353e-05,2.87915134000418e-05,4.93096276261482e-05,9.87495523471676e-05,1.5450606297155e-05,2.46249782612169e-05,6.1170772303277e-05,6.05371832657042e-05,6.11258310816554e-05,0,0,0.000716917662395231,0,0.000482774288182634,0.000188088927468128,9.03697304929657e-05,0.000110735192311099,3.73993112148989e-06,3.81396887380625e-05,4.96370540905579e-05,0.000226925202763329,7.31777555153644e-05,1.37494433502662e-10,8.40939489225835e-06,0.000127499295829246,0.00047383404463344,0.000196262541400012,0.000258986799698265,0.000308922691444603,0.000139691650592841,0.000192702788150767,0.000228663352888477,0.000194662197578422,0.000587853031697056,0.000117643476001166,0.0666706602984961,0.000118815169531687,0.000232610532636946,0.000168640955256124,5.67571437235724e-05,0.000541928884630216,5.419460400171e-10,0.000192189908931244,0.000244291007434651,0.00162326885530851,0.00021148753067843,0.00145104359958929,0.00422537512048209,0.0001287063890611,0.000102117454984939,0.00332435123576808,0.000313507642979859,0.000105724371506211,0.000678940429983973,0.00465218415326297,0.000117224762028423,0.000322499650454377,0.000356489244023926,0.000599027730307613,0.00137220433291933,0.000182934815781766,0.00026462711935899,0.000183453478754174,0.000223527212120425,0.000180386496032466,0.00100510888793761,0.00117219071039234,0.000315491452885561,0.000278885998930328,0.00112053701871698,0.000331464664630528,0.00469856757827218,0.00132000667127943,0,0,0
P113,Servicios de banco central,0,0,0,0,0,0,0,0,0,0,0,0,0,0,0,0,0,0,0,0,0,0,0,0,0,0,0,0,0,0,0,0,0,0,0,0,0,0,0,0,0,0,0,0,0,0,0,0,0,0,0,0,0,0,0,0,0,0,0,0,0,0,0,0,0,0,0,0,0,0,0,0,0,0,0,0,0,0,0,0,0,0,0,0,0,0,0,0,0,0,0,0,0,0,0,0,0,0,0,0,0,0,0,0,0,0,0,0,0,0,0,0,0,0,0,0,0,0,0,0,0,0,0,0,0,0,0,0,0,0,0,0,0,0,0,0,0,0,0,0,0,0,0,0,0,0,0,0,0,0,0,0
P114,Otros servicios financieros y servicios de banca de inversión,1.71097761341445e-05,0.000146551853760875,0.000144988989732321,0,2.23867409333677e-05,0.000417338797323509,4.06864303159442e-05,3.92482036076623e-05,5.10297166494795e-05,0.000434557205988795,0,2.32194318121392e-06,5.52482518735121e-06,0,1.1406670094157e-05,1.76416225798668e-06,2.91851663982879e-05,5.30845733244267e-06,9.31914640660261e-06,1.81132666977105e-05,2.07252162623347e-06,0,8.71733772095863e-06,4.60689860107417e-05,0.000136922895612714,0,3.73468459787234e-08,6.69298435492713e-05,0,0,9.52433691900948e-06,0,0.000181933492206128,1.35964161597193e-12,1.01103532116351e-06,4.13345044453737e-07,2.98963421478212e-05,5.36944168187629e-05,3.86778357896723e-06,0.00158234166831053,3.31017007055502e-05,8.81149689887377e-05,9.24219039699623e-06,0.000121883886006919,3.05703722956869e-05,3.062943043497e-05,5.54997968061699e-07,6.64046153196265e-07,2.3590820679295e-06,1.25286260740337e-05,0,3.86069188956982e-05,6.10719429299983e-05,6.47534652104498e-05,0.000103251854580642,7.02150083798071e-06,6.33817952591954e-06,1.00773725944796e-05,1.94084390361767e-05,4.87202453683277e-05,3.05139320513236e-05,0.000769745792487451,1.07231197704379e-05,2.80745357245135e-05,3.32422712976654e-05,1.43878792067475e-05,6.05860693083631e-05,7.08616319190692e-07,0,2.28097848562383e-05,0.000440925888145522,8.16803530934429e-05,4.68880619856767e-06,0.000180896097016935,0.0004975339573982,0.000441662437075076,1.22519826417946e-05,5.0618972609549e-06,6.95921198532776e-05,1.06401731686761e-05,7.49419179863941e-05,1.4837670059439e-05,1.02587803785824e-06,3.06799668708838e-05,6.77307758967119e-06,0,0,0.00157265270760147,0,0,0.00013703019095852,9.38271506862678e-06,0.000139536917054138,0.000313807863502414,6.43559848989517e-05,2.00375507286853e-05,3.43196698753816e-05,3.95764923475458e-07,3.11610881552519e-07,8.57138548997444e-05,0.000158248168648918,4.56007314624212e-05,1.13497076925207e-05,6.06120351204936e-05,6.21628393706972e-06,0.00012386371009227,9.05145383636129e-07,8.01606735084616e-06,2.26937513502951e-05,1.80228184860276e-05,9.00547193948442e-06,5.13207375460794e-05,0.000296710893806429,0.0921615071152561,0.0132795878440406,2.00162011745466e-05,3.51424691734644e-05,1.8745395677867e-05,3.62041141437069e-05,1.75286600610021e-06,4.78093030584274e-07,4.23033565257236e-06,0.00077495849509653,6.74318592593238e-05,7.64408202461867e-05,3.93453500016242e-05,0.00169419826438025,6.9199808171285e-05,4.86327668752423e-06,5.15090483137256e-05,6.87992372020175e-05,0.000565894193295783,5.27040131206603e-05,4.81443872639172e-05,8.92950183655168e-05,5.26925979157702e-05,0.000487151944718514,2.62297000244275e-06,0.000215260887227266,1.11149885228128e-05,4.25509115749134e-06,0.000209523139268223,0.00133363086033221,5.19419192673475e-06,9.09019520474553e-06,0.000482598565807042,6.70630080979697e-06,0.000391518630246768,0.000189068087348195,0,0,0
P115,Servicios de Intermediación Financiera Medidos Indirectamente (SIFMI),0.000456629564161111,0.000381075414668919,0.000377011535281053,0.000650423967603411,0.000597285364013537,0.000721086535525653,0.000741663374640782,0.000715446278039292,0.00093020870996354,0.000958834756628457,0.000944957736567452,0.00112373621850692,0.000589187155498438,0.000731892005149673,0.00102877565517706,0.000229168561465568,0.000289797527481218,0.000654691663816315,0.000922953559245743,0.00080340755724388,0.000677912497856091,0.00106146048639066,0.0016204902289751,0.000505804869035979,0.00163694370669591,0.000863751056568593,0.000575894400423054,0.000362335796016445,0.000461341354111747,0.00114779760795361,0.000150385476390881,0.000184073882060008,0.000684005533197421,0.000137550050822529,9.02573856910316e-05,0.000205792611342685,0.000473752538797228,0.000460162302928818,0.000510470443749746,0.00241369732921262,0.000751498392448555,0.00182856636635913,0.00126469480638105,0.00138234499159526,0.000576815772597866,0.000566584991922135,0.00192349034988405,0.000108199352178053,0.00072680851852277,0.000484847426034793,0.000241159655861268,0.000949703848959413,0.00147718539327537,0.000363179432570487,0.000985713469598113,0.00124704969635386,0.00103352699465143,0.0010837278663466,0.00103888435167879,0.000349303718597957,0.000621972617883384,0.000879256877728681,0.000461202263683494,0.00169635993156695,0.00124483070859818,0.00168414540370044,0.000835244779039231,0,0,0,0.00161130516992728,0.00110826830211918,0.000516880185793663,0.000630775786203242,0.00208234966906423,0.000865164806767968,0.00180206128950176,0.00125667884979862,0.00411231020672823,0.00122193855331779,0.0173908551891108,0.000625784575682259,0.000373943509544377,0.00119403339033631,0.000872702206887367,0,0,0.00388923970109596,0,0.00145838322435922,0.00248938760912477,0.000357890466141593,0.000604320786413329,0.000704153385637217,0.00657024193098078,0.000300899556301959,1.36706162895726e-18,0.000666155178606017,0.002137294984289,0.000925160189010362,0.00289085142958511,0.00181868482531377,0.00057005309981422,0.000923412014417695,0.000801336489163904,0.00196195112480322,0,0.00120094287856521,0.000325674745398222,0.000960307590052516,0.000437015016417648,0.000563969023065012,0,0.00306455352299766,0.00133661483568923,0.00200641277856665,0.00456275398480266,0.00096664721855179,0.000792005467431101,0.000496215357920117,0.00067065903260518,0.000529579002397942,0.000539013180456576,0.000683997813242265,0.000521724051699762,0.000530270642823766,0.00138472140829555,0.000524612177469033,0.000814995426339785,0.00112328438687079,0.00122407463262323,0.000483660436557369,0.000317620956260919,0.000303727077510691,0,0.000260679485058864,0.00365152134553467,0,0,0,0.00856417011385795,0.000174357855490085,0.000191575072338942,0.000597005302754495,0.000535765266757813,0.000849522497872351,0.000299630548163905,0.00107944004264256,8.59033171386324e-05,0,0,0
P116,"Servicios de seguro, reaseguro y fondos de pensiones",1.05600054884372e-05,9.95001657843324e-05,9.84390722126794e-05,0,1.38195285195682e-05,3.37147038416893e-05,2.00115955996525e-05,1.93042046822567e-05,2.50989345888636e-05,0.000127363886725051,0.000681172461977672,0.000210783201484197,0,0,0.000139349710627918,0,0,0.00132538184335916,0.00201348321656811,0,4.67194634445281e-05,0,0,0.000118254424002527,0,0,1.0792970560825e-07,0,6.79196985557751e-05,0.000444964752056106,0.00067337926059002,0.00105625946995423,0.000979992154642176,0,8.95410461415524e-08,0.00011705355946434,0.000885103229572608,0.00054742617041463,0.00027098236046466,0.00119832730752602,0.000163891212596138,0.000456600128835564,0.000509766037094216,0.000871379938705998,0.000109251871145521,0.000104894856562427,0.00105775556314562,0.000110382897613081,0.000295743154560042,7.91487751508286e-05,1.0205794508354e-05,0.000330898804186357,0.000801001413162175,0.00012006463383638,0.000692188231955941,0.000602637746545311,0.00021561721434622,0.00025014131711144,0.000297562941077688,0.000646088795559135,0.000166285610754942,0.000611171763915242,0.000335889332930642,0.000743551758318528,0.000574178680581608,0.000530903372149313,0.000670401587835173,0.00036800679510945,0,0.00168610975644271,0.000156545427367455,0.000884596897896504,0.000836569156520646,0.000627331673816676,0.00187154179852108,0.00114767259993577,0.00047039956909635,0.000290730846042577,0.00110292589453505,0.000171123980890132,1.60610651234182e-07,0.000340253976345118,0.000202196960371786,0.000491548243853037,0.000152307086866315,0,0,0.000304642351781273,0,7.28925521341791e-05,0.000129848575004911,0.000195576034905111,0.00071883325795608,0.000122086559084992,0.00132293375583628,8.69173255843617e-05,1.12879570559521e-06,0,0,2.3427177528015e-07,1.40046559852381e-06,0.000700613044668113,0.000177348335303969,0.00102545899325106,0.00108824600304637,0.00251975218521814,0.00415497109376071,0.00274838313423423,0.00159767084747731,0.00120451347558475,9.20258562786316e-05,0.000373093300605317,0.000303141119231983,0.00370681070105564,0.00222106336551297,0.212489425039502,0.00174871207862345,9.86842357295131e-11,0.00102487568502013,0.000609416309877442,0.000271561137533304,0.000624980081763353,0.00186733956484695,0.00068003942206796,0.00146932665133217,0.000147164615052384,0.00200675844861517,0.00144622844310323,0.000873863738077131,0.000175126301512736,0.00146032423386236,0.000680021103753388,7.43070933530488e-05,0.00145723487867531,0.000586969664991544,0.000315282213723125,0.000311441099334353,0.00111676886373821,0.000688477724145318,0.00146488189751957,0.0006400135653895,0.00039361608182092,0.000891080978507535,0.000625729581580454,0.000740539096778796,0.000772736341308156,0.0023846838820968,0.00176997999337764,9.83796077348864e-05,0,0,0
P117,Servicios auxiliares de la intermediación financiera,0,0,0,0,0,0,0,0,0,0,0,0,0,0,0,0,0,0,0,0,0,0,0,0,0,0,0,0,0,0,0,0,0,0,0,0,0,0,0,0,0,0,0,0,0,0,0,0,0,0,0,0,0,0,0,0,0,0,0,0,0,0,0,0,0,0,0,0,0,0,0,0,0,0,0,0,0,0,0,0,0,0,0,0,0,0,0,0,0,0,0,0,0,0,0,0,0,0,0,0,0,0,0,0,0,0,0,0,0,0,0,0,0,0,0,0,0,0,0,0,0,0,0,0,0,0,0,0,0,0,0,0,0,0,0,0,0,0,0,0,0,0,0,0,0,0,0,0,0,0,0,0
P118,Servicios de alquiler de vivienda,0,0,0,0,0,0,0,0,0,0,0,0,0,0,0,0,0,0,0,0,0,0,0,0,0,0,0,0,0,0,0,0,0,0,0,0,0,0,0,0,0,0,0,0,0,0,0,0,0,0,0,0,0,0,0,0,0,0,0,0,0,0,0,0,0,0,0,0,0,0,0,0,0,0,0,0,0,0,0,0,0,0,0,0,0,0,0,0,0,0,0,0,0,0,0,0,0,0,0,0,0,0,0,0,0,0,0,0,0,0,0,0,0,0,0,0,0,0,0,0,0,0,0,0,0,0,0,0,0,0,0,0,0,0,0,0,0,0,0,0,0,0,0,0,0,0,0,0,0,0,0,0
P119,"Otros servicios inmobiliarios, excepto alquiler de vivienda",0,0,0,0,0,0,0,0,0,0,0,0,0,0,0,0,0,0,0,0,0,0,0,0,0,0,0,0,0,0,0,0,0,0,0,0,0,0,0,0,0,0,0,0,0,0,0,0,0,0,0,0,0,0,0,0,0,0,0,0,0,0,0,0,0,0,0,0,0,0,0,0,0,0,0,0,0,0,0,0,0,0,0,0,0,0,0,0,0,0,0,0,0,0,0,0,0,0,0,0,0,0,0,0,0,0,0,0,0,0,0,0,0,0,0,0,0,0,0,0,0,0,0,0,0,0,0,0,0,0,0,0,0,0,0,0,0,0,0,0,0,0,0,0,0,0,0,0,0,0,0,0
P120,"Servicios jurídicos, de contabilidad, auditoría, teneduría de libros y consultoría fiscal",0,1.42187655689398e-14,1.40671342456457e-14,0,0,4.70657678060928e-06,2.07144698786996e-16,1.99823125691862e-16,2.59805950467743e-16,1.79546643698424e-05,1.41266658894255e-05,3.16895204230173e-06,0,0,0,1.02409954423656e-06,7.63595761889056e-15,6.65524569829146e-05,5.03803812873759e-15,0,1.30174187727571e-05,7.21955902508958e-06,1.53218669616179e-06,1.28860302089104e-05,1.06938074876106e-06,2.33826355180129e-13,4.00031535106637e-06,4.45480480100323e-05,6.16485877419662e-06,4.03880599332852e-05,4.7101509197357e-15,1.20783742478784e-15,4.23625818047918e-05,5.94706745742692e-10,1.01811825176716e-17,3.12901909589522e-18,6.49801548698956e-06,7.88604478824247e-06,1.62908383498461e-16,3.16436287717551e-05,9.95161630918628e-16,2.38409764344119e-15,2.62476964841012e-15,1.90350886031631e-05,1.07078916626118e-05,1.05069323030769e-05,0,0,3.33636002272764e-06,1.09246849502614e-15,3.04111998312654e-16,6.64262980130011e-05,4.28181579000002e-05,5.11188967262274e-15,2.73397809037785e-14,0,0,0,5.54966004312429e-06,1.21991413340081e-05,2.4443714437731e-05,5.50734972994004e-06,6.8188463690186e-06,1.54635492697747e-05,1.13411782218183e-05,0,2.21984774796936e-05,3.5178445962645e-15,0,1.4273293996348e-06,6.33184998713717e-06,0.00039198628802682,1.12512658362949e-05,1.08300326233832e-05,5.31700933068151e-05,1.57520009845658e-05,4.46195506836781e-14,2.13076222827848e-14,3.42103136217403e-15,0,1.21292100317296e-16,2.49962524562146e-15,1.95267724750262e-15,2.58058056082704e-15,2.73597748510508e-06,0,0,1.45319608667261e-05,0,6.63750467608153e-07,1.67464005324947e-05,4.22146354634182e-15,3.00811378635108e-06,7.18918846155341e-06,8.07205767767153e-16,1.5759009179662e-05,1.4940662643886e-05,2.79423409348201e-16,5.22280301573821e-07,8.76860431877084e-09,1.40642244665197e-05,0.000149147038609438,0,2.47450477926436e-15,3.25553991871904e-15,1.65467321738778e-15,0.000114796000873701,7.33040471605427e-06,1.42355415727679e-14,2.56846823039551e-05,4.70630842393734e-16,2.35536243715962e-05,3.28469250060837e-05,9.2294984402125e-05,3.9531920467998e-05,5.14297540741526e-15,0.000250745062608042,7.9498729513545e-22,6.7574456903076e-16,0.000179097653382517,3.39699846527243e-05,0.000244403007545132,0.000208996530256344,4.66923753821583e-05,1.89721315309248e-05,3.23337752061438e-15,6.51822427243585e-05,1.33954746172357e-05,1.40036373433624e-14,0,4.29206817943653e-05,1.04667107867826e-05,4.10861344490151e-05,3.88707342684449e-06,1.07810162237325e-05,1.64499717820807e-08,1.20021890660738e-05,2.47354585522011e-06,2.58730636965259e-05,7.49777167889359e-06,2.68699334552189e-17,5.25803773927792e-06,5.701381492986e-06,0,2.40666657929548e-05,4.44998365045042e-05,3.13894485598312e-05,8.58554564252542e-05,1.54378602758113e-05,0,0,0
P121,Servicios de tecnología de la información,0,0,0,0,0,0,0,0,0,8.73048223129097e-05,0,0,0,0,0,0,0,0,0,0,0,0,0,0,0,0,0,0,0,0,4.80002375709989e-18,0,4.66296708371949e-06,0,0,2.04062058938864e-18,6.75858258538886e-10,1.17302131020942e-05,1.30080698300701e-17,5.41851899424922e-07,1.48321190425282e-15,3.91629326923885e-19,0,0,9.201959367772e-19,8.11992103357516e-19,0,0,0,2.20012469732492e-18,0,7.0007341855407e-17,4.8826612059258e-05,1.72721753363435e-17,2.13948859031329e-17,1.97760627188059e-13,0,0,9.11496528175831e-15,2.9403454517458e-06,0,2.33952146751491e-05,0,1.49141212696738e-05,1.13978078669347e-05,0.000276181968577707,1.44797647709177e-17,6.76969551177462e-18,0,1.42770911783789e-05,3.93539419508057e-14,0.000263491974120389,0.000237191422354282,6.30548838144251e-19,0.000158578738952246,1.55392520672598e-05,0,0,5.80599152940046e-17,0,0,0,2.44293202281696e-20,0,0,0,0,0.000168169295620299,0,0,7.14577529373749e-15,4.98264329852513e-18,5.02048555994666e-20,4.20342883864519e-07,2.28820309128337e-16,6.48647299154299e-14,0,0,0,9.09402351801326e-21,6.99901774305317e-06,0.000946900346816058,2.4352988479856e-14,2.75008211480891e-16,1.17460680127942e-17,3.18472211864482e-18,1.10566670766039e-16,1.5803214127807e-16,2.13498116878957e-13,1.52103046899216e-13,4.43080969573377e-17,8.89915998429968e-05,1.12976640299328e-14,2.27470737648824e-14,1.01162600635979e-14,3.97607119457675e-16,3.15561507995105e-14,0,8.18247972549616e-15,3.43041858599213e-14,6.13342677938917e-05,1.67877664477953e-14,1.29084859967095e-15,9.0702753029818e-05,6.8683247538967e-16,1.31910983942499e-16,5.82382233045778e-06,0.000373126022628213,9.18371138910125e-14,0.000839473296023819,0.000492799688334447,1.17350549071814e-05,6.35726268182095e-05,0,3.14101572792222e-05,1.01165998078617e-07,0.00011023123907155,2.0965132791614e-05,0.000243422617999037,2.79628858743245e-05,7.75412503228052e-16,6.21082576844038e-05,0.000102255660901093,2.90079014355332e-16,1.38162603563818e-13,0.000236946490108918,1.21228353489015e-17,3.70414589315841e-05,2.01318248023463e-07,0,0,0
P122,"Servicios de arquitectura e ingeniería, ensayos y análisis técnicos",0,0,0,0,0,1.74795678094067e-06,4.11468208711168e-07,3.96923197935292e-07,5.16071474881183e-07,0,0,9.74242443128821e-06,0,0,0,0,0,9.00642737191982e-06,1.14760527511797e-05,0,0,0,0,0,0,0,3.52765933394832e-07,1.52573360547281e-06,0,0,0.00202061364909656,0.00260495751037395,2.8201712667883e-05,0,0,2.17656176036808e-06,1.92807866497778e-06,0,4.53444615560231e-07,2.01299451526673e-05,9.77562673988726e-07,2.34832042887214e-06,5.94094300945576e-09,2.73837979911469e-08,6.02073484142949e-06,5.35799393107251e-06,0,0,5.61227195639114e-06,2.58912266041986e-07,3.91286202278789e-08,1.37118029004046e-06,1.01696262398804e-05,4.11992453304308e-07,2.1073463867986e-07,1.10335483851144e-06,5.51636972437221e-07,1.1573221852576e-06,4.01922235284126e-08,7.72843789920763e-07,0,1.37943865812182e-05,5.27128320356199e-06,4.69335993831038e-06,3.87557136623582e-06,3.22205885757687e-06,1.24508420831722e-05,3.87209386722747e-06,0,0.00348807632176097,4.27677383918742e-06,0,8.62795869451934e-07,2.90733134868358e-05,1.62441903494583e-05,2.77001739701057e-05,9.72284049609197e-07,1.22584358558583e-05,1.56040349227798e-06,6.50572920180365e-06,1.61976285502464e-05,3.21505768300196e-06,1.17143890397404e-05,6.55952229325696e-06,1.15128900150184e-05,0,0,0,0,0,0,5.64788219911261e-07,1.11826923917794e-07,0,5.51002999802107e-05,2.19156525901026e-05,0,5.67166455200355e-07,1.46695183258969e-06,6.23377519054259e-05,0.000108182955900969,4.46290961294915e-06,6.85534118754713e-07,9.07971111561337e-07,5.21485651744027e-07,1.82129984919328e-06,0,1.2851691916824e-05,0,1.75153631596994e-05,1.29762711633303e-07,4.58520770727883e-05,1.93087481205412e-07,2.30865655908601e-08,8.43856292006294e-10,4.26823424694957e-07,2.28087940682727e-06,1.0027246684795e-10,1.93848010237967e-05,8.99050430230342e-07,1.56266414105694e-05,0.000334121298422159,0.000160906251561315,9.5263862741194e-05,1.82059454876307e-06,7.25730946325062e-08,8.07129699012091e-07,2.81509178745423e-05,3.24761546101348e-06,0,0.000620613341939909,7.77821149147094e-05,1.20759997096864e-06,2.46812819386294e-05,0.000119728077014253,0,3.26541559284545e-05,2.12023421015333e-06,4.51166240112737e-05,3.25600905249093e-06,7.20623443319071e-06,1.11986979669222e-05,1.79166741521206e-05,1.40401787909935e-05,6.05265385020379e-06,2.7235237464899e-06,0,4.51213019597526e-05,3.95107703936588e-06,0,0,0
P123,"Otros servicios profesionales, científicos y técnicos",0,0,0,0,0,3.27742435140212e-05,0,0,0,7.25321367460975e-05,0,3.8807726637021e-15,0,2.47037247180921e-15,6.42016715130955e-14,0,0,0.000632313492228703,1.39450742741673e-14,0,0,1.92548992250648e-13,0,4.8358393968151e-05,0,0,0,4.11759885622168e-05,7.19198696990974e-05,0.00047117121643711,3.512010963908e-14,0,0.00029524260331221,0,0,4.54836817761876e-15,0.000182355733294401,0.000118174563809463,7.57986416260064e-14,0.000161122876830146,1.86183462397957e-14,4.47564448442312e-14,0,2.68791836603377e-05,5.86784193446796e-14,4.73595426096413e-14,0.00165855972970422,1.36407287232002e-13,0.000194268207432754,0,1.56297624824734e-18,0.0014619022718564,0.000439784175904514,0,1.86450296334025e-13,0,0.00328004342748401,0.00337709994153128,0,0.000319674553343264,2.2441741220052e-13,0.000199580233935548,4.86983547647638e-14,1.46248077833802e-15,1.29512385184186e-15,0.000569515217950831,1.04318596753455e-13,1.31815850530296e-15,0,1.44941054305373e-05,3.99043102391813e-14,0.00060088311160289,0.000735714416801238,8.4563039767691e-05,0.000397212865135352,2.67414283556331e-05,0,0,0,3.75015336115229e-14,0,0,0,0,0,0,0,0.000874807946135881,0,0,0,4.49395097450371e-14,5.25211960321447e-17,0.000173611429883394,0.000625153299113063,3.81093901574648e-14,0,0,0,3.72719982929168e-14,4.78052381800217e-05,0.00159972176241438,0,6.60355584050683e-15,5.21638213136365e-15,6.20016431789522e-16,2.07956300631341e-05,0.000156081155462338,6.14271622136654e-14,1.17349060960191e-13,0,0.001292277545289,0.00131927802964237,0.00137408087295044,0.000992140988673929,7.70889346284421e-14,0,0,0.00150097618087147,0,0,7.69546152498783e-14,0.00259830363384683,0.000134526394917723,5.62620560043745e-06,0,0.000969758131490732,6.0511014691339e-06,1.17443428495513e-14,5.48732116605673e-14,0.000207476988473739,0.00016689118131228,0.000170728759172133,0.000117099148005371,0,2.31466924780713e-06,0.00318105987906883,0.00208685795319831,0.00428041192423828,0.00211189110484661,0,0.000239449732087041,0.000332878186757233,0,3.96114309487244e-06,0.000909821907415859,0,0.00660412083756407,6.20481564857895e-05,0,0,0
P124,Servicios de publicidad y estudios de mercado,8.26155625131109e-10,0,0,0,0,0,0,0,0,7.78102174067779e-05,0,5.60530585217069e-06,0,0,4.68906272542448e-06,0,3.89829633396006e-06,4.79357159386453e-06,4.60846551662841e-06,0,0,1.27226518327191e-05,0,0,0,0,8.86166388617771e-07,3.63460937277008e-06,0,0,1.63383302913863e-05,1.12875860706232e-05,0.000165387538274449,3.12712432665795e-12,1.02688445267829e-08,5.05745544227839e-06,5.86638754069219e-05,1.77194966657636e-06,1.81079717322826e-06,4.17876721551741e-05,1.14101989452387e-05,2.70746688615191e-05,1.47875972202657e-06,5.05985737766178e-05,3.52823209178349e-05,5.88145818649618e-05,5.42555197457241e-05,1.20277222281032e-05,0.000192867301890593,3.13696701006006e-05,5.85461292558745e-08,1.37522826898455e-05,0.000522793159531727,8.49236942850121e-06,0.000770512152478961,0.000137040322584954,0.000604994817469005,0.000655113230171762,4.92046210348974e-06,0.000129471577574052,7.87606749138281e-08,0.000130433716285681,4.32468714297382e-06,2.60917461700832e-05,1.3459261852171e-05,0.000219610781342243,8.12116745298517e-06,6.80794458530581e-06,0,8.86713624076872e-05,8.39873872972711e-06,6.30149763497685e-05,7.56941688151097e-05,5.78115440330806e-05,0.000113477966194696,0.000111317465007162,0,3.06403773443472e-05,0.00519612552156938,2.08090638800635e-05,4.70270631957572e-07,1.19931097930941e-05,2.48025297795219e-06,9.13684551274623e-06,9.46278528140161e-06,0,0,0.000206374031440399,0,3.49429290222468e-06,0,1.49413936389418e-05,6.14591956238871e-06,4.77804331410235e-06,2.81295809157784e-05,4.44705886236836e-06,0,8.81150624565858e-07,2.12715070906718e-06,1.64712505549718e-07,3.11713514738764e-05,0.000627499528748752,2.90551079764358e-05,3.5889224635427e-05,7.84258302942584e-05,0.000133879838069877,1.82808224496267e-05,3.22314935885649e-05,3.53596903881189e-05,6.10252448719315e-05,3.33277729099218e-05,0.000373567911135735,4.04471109762428e-05,0.000120505412125642,9.14654379948503e-05,3.7928732861932e-05,0.000191239051920506,1.78574859182536e-11,3.75308710262693e-05,1.73896393535607e-05,4.03640771933593e-05,2.31690069708828e-05,0.000406476557279852,0.000299718605633481,5.21945943751379e-05,1.83577834233278e-05,0.0027944416405758,3.34700828436612e-05,1.14673862320905e-05,7.05706723067042e-05,0.000240497031852872,2.38529843162761e-05,3.53397163511027e-05,1.11879365622483e-05,6.76376433600746e-05,2.53205984972509e-06,0.00210496362733868,0.000536707977848735,0.00190419470584335,9.12572325899424e-05,1.70892046816495e-05,0.000179998508049646,0.000132763620974959,1.33789930288766e-05,5.0919946323843e-05,0.000488454432517022,0.000411873088204508,0.00090137706347074,8.62199347872098e-05,0,0,0
P125,Servicios de arrendamiento o alquiler sin operador,0,0,0,0,0,0,0,0,0,0,0,0,0,0,0,0,0,0,0,0,0,0,0,0,0,0,0,0,0,0,0,0,7.03722941685086e-06,0,0,4.7064166201043e-05,0,0,0,0.0031584145329354,0.000976382121592916,0.000987818632888868,0,0,0.000457647132812863,0.000403780639475784,0.00435797191596922,0,0.00197936947926661,0.000559043229379032,0,0.000353441507462332,0.00218974578639293,0.00118759384496926,0.00381213330169241,0.000677678514778527,6.55546287165811e-07,0,0.000200167264028255,7.51420457670748e-05,0,0,0,0.000259282154020057,0.000300972567890285,0.00281400228403196,0.000262596641040037,0,0,0,2.66178054835535e-06,0,0.0208599493437572,0.0014735840798585,7.07920983956864e-05,0.001657376261188,0,0.00223656548933534,0.000808238112437177,0.000763679939304037,0.000106063943167813,0.000419020630479037,0,0.000392499133318649,0,0,0,0.00219591723084627,0,0,0,0,7.40938922041101e-06,4.61498888076532e-06,0.00207830763595047,0.000196168895403807,0,3.07199772456647e-05,7.87618305542472e-05,0.000114093486233591,0.000249195397681165,0.00189414311237341,6.11852024027236e-06,4.11767125964657e-06,0,0,0,0.000371897688361999,0.000170367961647699,0.00743815096453474,0.00301436719484299,0.00570254591924961,0.000234689705033067,0.000285734027543824,0.000208451069717242,0.000114176638814172,0.000726799595275934,0,1.42063320625544e-05,0.000143523537534796,0.0208135541656571,0.000145377055007065,0.000157205691009299,0.00203616808172374,0.00283933984940913,0,2.01174830218344e-05,0.000434786123256864,0.000515670771892708,0.00182934697279402,0.00129795780670382,0,0,0,0,0,0.00148613351237814,0.00482601419510562,0.00154060938497894,0.00124342624133713,0.0351941587019345,0.000357340698574093,6.79412914371373e-05,0,0.000377379682329654,0.00407841171967452,0.016025273170895,7.35038352354799e-05,5.80259306735942e-10,0,0,0
P126,Servicios  de agencias de empleo y de dotación de recursos humanos,0,0,0,0,0,0,0,0,0,0,0,0,0,0,0,0,0,0,0,0,0,0,0,0,0,0,0,0,0,0,0,0,0,0,0,0,0,0,0,0,0,0,0,0,0,0,0,0,0,0,0,0,0,0,0,0,0,0,0,0,0,0,0,0,0,0,0,0,0,0,0,0,0,0,0,0,0,0,0,0,0,0,0,0,0,0,0,0,0,0,0,0,0,0,0,0,0,0,0,0,0,0,0,0,0,0,0,0,0,0,0,0,0,0,0,0,0,0,0,0,0,0,0,0,0,0,0,0,0,0,0,0,0,0,0,0,0,0,0,0,0,0,0,0,0,0,0,0,0,0,0,0
P127,"Servicios de agencias de viajes, operadores turísticos y actividades conexas",0,0,0,0,0,0,0,0,0,0,0,0,0,0,0,0,0,0,0,0,0,0,0,0,0,0,0,0,0,0,0,0,0,0,0,0,0,0,0,0,0,0,0,0,0,0,0,0,0,0,0,0,0,0,0,0,0,0,0,0,0,0,0,0,0,0,0,0,0,0,0,0,0,0,0,0,0,0,0,0,0,0,0,0,0,0,0,0,0,0,0,0,0,0,0,0,0,0,0,0,0,0,0,0,0,0,0,0,0,0,0,0,0,0,0,0,0,0,0,0,0,0,0,0,0,0,0,0,0,0,0,0,0,0,0,0,0,0,0,0,0,0,0,0,0,0,0,0,0,0,0,0
P128,"Servicios de seguridad, sistemas de seguridad e investigación privada",0,0,0,0,0,0,0,0,0,0,0,0,0,0,0,0,0,0,0,0,0,0,0,0,0,0,0,0,0,0,0,0,0,0,0,0,0,0,0,0,0,0,0,0,0,0,0,0,0,0,0,0,0,0,0,0,0,0,0,0,0,0,0,0,0,0,0,0,0,0,0,0,0,0,0,0,0,0,0,0,0,0,0,0,0,0,0,0,0,0,0,0,0,0,0,0,0,0,0,0,0,0,0,0,0,0,0,0,0,0,0,0,0,0,0,0,0,0,0,0,0,0,0,0,0,0,0,0,0,0,0,0,0,0,0,0,0,0,0,0,0,0,0,0,0,0,0,0,0,0,0,0
P129,Servicios de limpieza,0,0,0,0,0,0,0,0,0,0,0,0,0,0,0,0,0,0,0,0,0,0,0,0,0,0,0,0,0,0,0,0,0,0,0,0,0,0,0,0,0,0,0,0,0,0,0,0,0,0,0,0,0,0,0,0,0,0,0,0,0,0,0,0,0,0,0,0,0,0,0,0,0,0,0,0,0,0,0,0,0,0,0,0,0,0,0,0,0,0,0,0,0,0,0,0,0,0,0,0,0,0,0,0,0,0,0,0,0,0,0,0,0,0,0,0,0,0,0,0,0,0,0,0,0,0,0,0,0,0,0,0,0,0,0,0,0,0,0,0,0,0,0,0,0,0,0,0,0,0,0,0
P130,Servicios telefónicos de centros de llamadas,0,0,0,0,0,0,0,0,0,0,0,0,0,0,0,0,0,0,0,0,0,0,0,0,0,0,0,0,0,0,0,0,0,0,0,0,0,0,0,0,0,0,0,0,0,0,0,0,0,0,0,0,0,0,0,0,0,0,0,0,0,7.33202464718641e-05,0,0,0,0,6.03721912823013e-17,0,0,0,0,0,0,0,0,0,0,0,0,0,0,0,0,0,0,0,0,0,0,0,0,0,0,0,5.11774805089935e-16,0,0,0,0,0,0,0,0,0,0,0,0,0,5.93171514850165e-13,0,0,0.00269458916034041,0,0.00116793772524967,0.000504404458547019,0,0,0,6.81709166528735e-20,0,2.25089785345521e-13,0,4.94665769217441e-11,0.000379229087748199,0,0,0,0,0,0.00163947164713012,0,0,0,0,0,0,0,0,0,0,0,0,0,0,0,0,0,0,0,0,0,0
P131,"Servicios administrativos, de apoyo de oficina y otros servicios de apoyo a las empresas",0,0,0,0,0,5.49251535760179e-06,5.76811491619002e-06,5.56421752670454e-06,7.23448254096318e-06,8.25845104586343e-06,1.38516326644062e-05,0,0,0,0,0,0,0,9.134513731838e-06,0,0,0,0,0,0,0,0,0,0,0,6.9781665819559e-05,0,2.44687826117216e-06,0,0,1.55134645757867e-06,1.92318164554848e-09,1.30652718377099e-06,1.69564527261023e-06,1.633119927283e-05,5.37714958710995e-06,1.23606311869495e-05,2.82345540472583e-07,2.90762056149757e-07,1.2730913138765e-06,1.13530878103595e-06,2.18916541738831e-06,0,3.4273919116973e-07,6.0191149602792e-07,9.54054002207207e-13,6.60997493070172e-05,3.1063542985485e-05,7.16369230999189e-07,2.58700479471018e-05,8.71491688238909e-06,4.8429918886904e-06,6.04001218572964e-06,2.07174692168566e-06,4.67579957250735e-06,5.48633765610621e-07,1.83680516661176e-05,2.36550040706905e-06,1.37237262627362e-05,1.0526496703481e-05,0.000107082703458282,5.28502580681162e-08,4.27797363685892e-05,0,8.85611545588993e-05,4.85435653051883e-07,1.4451137537868e-05,4.31287084707536e-07,3.60406328189342e-06,4.7381853538015e-05,6.25273231093489e-05,3.97105135508549e-06,0,3.93948052692641e-10,9.11936747923998e-12,0,1.3664932274698e-05,9.3495853319547e-06,1.75072214684665e-05,4.26804259817767e-06,0,0,4.4117757118032e-06,0,0,0,1.60905039357708e-05,8.697385715576e-06,2.25576157922065e-05,0.000274574415981087,4.37792297157634e-05,2.99646752453838e-05,4.95630156991873e-05,0,1.79542618150349e-06,7.76200325490032e-05,7.39795870891522e-05,3.12151500680577e-05,3.69555617871676e-05,6.02117268870787e-05,7.58787796523136e-05,0.000395467858394829,5.43142281887747e-05,0.000151086570769143,5.88421764271014e-05,1.22921861535429e-05,9.88951410501174e-05,0,0.00010719959271016,9.62814181966469e-05,0.000129428321128602,0.000409911150987858,0,0.000210479783655353,0.000100007012703756,5.51329121915765e-05,4.35295615030087e-05,0.00015489711209185,0.000162593477585097,4.90595079616564e-05,8.86056664304848e-05,0.000303033903100143,6.0332641609967e-06,0.000203968072057616,0.000107039151151664,0.000337022386302462,3.06935428475319e-05,1.70345213629808e-06,2.97972790454856e-06,1.19006952852849e-05,9.38419810182349e-06,1.989721213546e-05,1.4279265367996e-07,1.43490308550853e-06,1.09596388180294e-06,1.84353669596961e-05,2.96949871037172e-05,1.19112859046961e-05,8.03233760255489e-05,0.000222833322995123,0.000409863728342866,8.15812367084581e-05,0.000132876276017792,4.47568035455617e-05,0,0,0
P132,"Servicios de mantenimiento, reparación e instalación de productos metálicos elaborados, maquinaria y equipo",0,0,0,0,0,1.50080349835964e-07,1.33458315682132e-18,1.28739843552491e-18,1.67383795361677e-18,2.39688449184896e-06,1.43843774100946e-07,0,0,0,2.41371973679364e-18,7.31818239071901e-19,0,0,1.28094459812075e-16,0,0,0,0,6.18802359056843e-07,0,0,0,5.45980635218767e-07,1.11769978058599e-07,7.32242657604259e-07,1.2430501888499e-16,3.51125848783059e-17,2.82359458893404e-06,9.29253362832288e-23,7.34511982286988e-20,2.56584517733358e-17,1.5096482077781e-06,0,8.65637771392606e-18,1.99898659957893e-06,0,0,1.05134346858435e-16,1.3506502277767e-06,3.39751334675707e-06,3.46848097927956e-06,2.16163803697495e-16,0,1.25744786110413e-06,7.62177313884559e-17,0,5.44554019207178e-17,1.19037382947248e-06,0,5.6923718432047e-08,2.52372168169882e-16,0,0,1.47317033299758e-16,4.66931284429344e-07,0,6.73073694296035e-07,6.16180151703652e-17,4.17018761140471e-06,4.38532778874575e-06,4.46112219059257e-16,0,8.1124141616315e-17,0,6.36022811177059e-08,3.78717130646207e-07,2.51380577976339e-07,0,5.3309867659684e-07,7.68498575848595e-07,9.75484931957053e-06,0,0,0,0,0,6.72569419776123e-17,2.50562704379801e-17,6.43731828047278e-17,1.72351858874361e-17,0,0,2.24059314831288e-06,0,8.64911064535453e-07,3.09320301097764e-17,3.8549915140307e-17,1.53422462756534e-06,6.17800004499942e-07,5.61438790121463e-17,1.38297279716656e-16,0,0,0,5.27406631715251e-17,4.41010734998505e-07,0,1.82712719458131e-17,1.70122028638749e-17,2.07345934134167e-17,3.81580056976539e-17,0,0,7.43120735061204e-17,0,0,3.48077529594002e-07,4.40673228916462e-18,9.58746203777261e-18,9.90926932506139e-18,2.40280625074106e-19,6.30323179785666e-17,4.2832159318113e-24,1.34397868213171e-17,0,8.14931488337361e-17,0,9.25012220085346e-07,1.88919313592054e-06,5.63456925896294e-17,0,2.5989145645659e-06,2.16666062765505e-07,0,1.44100669177212e-05,2.66700330182669e-06,2.9175671447201e-06,4.8225683505982e-07,7.28119061341794e-07,8.98111836651447e-07,5.97533458640287e-08,0,0,0,0,0.000434004320838035,4.49224335693321e-07,1.42499727611448e-06,0,4.47207093996156e-16,1.98419870679709e-06,0,1.3226366090294e-06,9.22273399945434e-08,0,0,0
P133,Servicios de reparación de otros bienes,0,0,0,0,0,0,0,0,0,0,0,0,0,0,0,0,0,0,0,0,0,0,0,0,0,0,0,0,0,0,0,0,0,0,0,0,0,0,0,0,0,0,0,0,0,0,0,0,0,0,0,0,0,0,0,0,0,0,0,0,0,0,0,0,0,0,0,0,0,0,0,0,0,0,0,0,0,0,0,0,0,0,0,0,0,0,0,0,0,0,0,0,0,0,0,0,0,0,0,0,0,0,0,0,0,0,0,0,0,0,0,0,0,0,0,0,0,0,0,0,0,0,0,0,0,0,0,0,0,0,0,0,0,0,0,0,0,0,0,0,0,0,0,0,0,0,0,0,0,0,0,0
P134,"Servicios de apoyo a la agricultura, caza, silvicultura y pesca",0,0,0,0,0,0,0,0,0,0,0,0,0,0,0,0,0,0,0,0,0,0,0,0,0,0,0,0,0,0,0,0,0,0,0,0,0,0,0,0,0,0,0,0,0,0,0,0,0,0,0,0,0,0,0,0,0,0,0,0,0,0,0,0,0,0,0,0,0,0,0,0,0,0,0,0,0,0,0,0,0,0,0,0,0,0,0,0,0,0,0,0,0,0,0,0,0,0,0,0,0,0,0,0,0,0,0,0,0,0,0,0,0,0,0,0,0,0,0,0,0,0,0,0,0,0,0,0,0,0,0,0,0,0,0,0,0,0,0,0,0,0,0,0,0,0,0,0,0,0,0,0
P135,"Servicios de apoyo a la explotación de minas y canteras y los relacionados con la distribución de electricidad, gas y agua",0,0,0,0,0,0,0,0,0,0,0,0,0,0,0,0,0,0,0,0,0,0,0,0,0,0,0,0,0,0,0,0,0,0,0,0,0,0,0,0,0,0,0,0,0,0,0,0,0,0,0,0,0,0,0,0,0,0,0,0,0,0,0,0,0,0,0,0,0,0,0,0,0,0,0,0,0,0,0,0,0,0,0,0,0,0,0,0,0,0,0,0,0,0,0,0,0,0,0,0,0,0,0,0,0,0,0,0,0,0,0,0,0,0,0,0,0,0,0,0,0,0,0,0,0,0,0,0,0,0,0,0,0,0,0,0,0,0,0,0,0,0,0,0,0,0,0,0,0,0,0,0
P136,Servicios de manufactura,0,0,0,0,0,0,0,0,0,0,0,0,0,0,0,0,0,0,0,0,0,0,0,0,0,0,0,0,0,0,0,0,0,0,0,0,0,0,0,0,0,0,0,0,0,0,0,0,0,0,0,0,0,0,0,0,0,0,0,0,0,0,0,0,0,0,0,0,0,0,0,0,0,0,0,0,0,0,0,0,0,0,0,0,0,0,0,0,0,0,0,0,0,0,0,0,0,0,0,0,0,0,0,0,0,0,0,0,0,0,0,0,0,0,0,0,0,0,0,0,0,0,0,0,0,0,0,0,0,0,0,0,0,0,0,0,0,0,0,0,0,0,0,0,0,0,0,0,0,0,0,0
P137,Servicios públicos del gobierno general,0,0,0,0,0,0,0,0,0,0,0,0,0,0,0,0,0,0,0,0,0,0,0,0,0,0,0,0,0,0,0,0,0,0,0,0,0,0,0,0,0,0,0,0,0,0,0,0,0,0,0,0,0,0,0,0,0,0,0,0,0,0,0,0,0,0,0,0,0,0,0,0,0,0,0,0,0,0,0,0,0,0,0,0,0,0,0,0,0,0,0,0,0,0,0,0,0,0,0,0,0,0,0,0,0,0,0,0,0,0,0,0,0,0,0,0,0,0,0,0,0,0,0,0,0,0,0,0,0,0,0,0,0,0,0,0,0,0,0,0,0,0,0,0,0,0,0,0,0,0,0,0
P138,"Servicios públicos administrativos relacionados con la provisión de servicios educativos, de salud, servicios sociales, culturales y otros, sin contar los servicios de seguridad social",0,0,0,0,0,0,0,0,0,0,0,0,0,0,0,0,0,0,0,0,0,0,0,0,0,0,0,0,0,0,0,0,0,0,0,0,0,0,0,0,0,0,0,0,0,0,0,0,0,0,0,0,0,0,0,0,0,0,0,0,0,0,0,0,0,0,0,0,0,0,0,0,0,0,0,0,0,0,0,0,0,0,0,0,0,0,0,0,0,0,0,0,0,0,0,0,0,0,0,0,0,0,0,0,0,0,0,0,0,0,0,0,0,0,0,0,0,0,0,0,0,0,0,0,0,0,0,0,0,0,0,0,0,0,0,0,0,0,0,0,0,0,0,0,0,0,0,0,0,0,0,0
P139,Otros servicios administrativos,0,0,0,0,0,0,0,0,0,0,0,0,0,0,0,0,0,0,0,0,0,0,0,0,0,0,0,0,0,0,0,0,0,0,0,0,0,0,0,0,0,0,0,0,0,0,0,0,0,0,0,0,0,0,0,0,0,0,0,0,0,0,0,0,0,0,0,0,0,0,0,0,0,0,0,0,0,0,0,0,0,0,0,0,0,0,0,0,0,0,0,0,0,0,0,0,0,0,0,0,0,0,0,0,0,0,0,0,0,0,0,0,0,0,0,0,0,0,0,0,0,0,0,0,0,0,0,0,0,0,0,0,0,0,0,0,0,0,0,0,0,0,0,0,0,0,0,0,0,0,0,0
P140,Servicios públicos administrativos prestados a la comunidad en su conjunto,0,0,0,0,0,0,0,0,0,0,0,0,0,0,0,0,0,0,0,0,0,0,0,0,0,0,0,0,0,0,0,0,0,0,0,0,0,0,0,0,0,0,0,0,0,0,0,0,0,0,0,0,0,0,0,0,0,0,0,0,0,0,0,0,0,0,0,0,0,0,0,0,0,0,0,0,0,0,0,0,0,0,0,0,0,0,0,0,0,0,0,0,0,0,0,0,0,0,0,0,0,0,0,0,0,0,0,0,0,0,0,0,0,0,0,0,0,0,0,0,0,0,0,0,0,0,0,0,0,0,0,0,0,0,0,0,0,0,0,0,0,0,0,0,0,0,0,0,0,0,0,0
P141,Servicios administrativos relacionados con los sistemas de seguridad social de afiliación obligatoria,0,0,0,0,0,0,0,0,0,0,0,0,0,0,0,0,0,0,0,0,0,0,0,0,0,0,0,0,0,0,0,0,0,0,0,0,0,0,0,0,0,0,0,0,0,0,0,0,0,0,0,0,0,0,0,0,0,0,0,0,0,0,0,0,0,0,0,0,0,0,0,0,0,0,0,0,0,0,0,0,0,0,0,0,0,0,0,0,0,0,0,0,0,0,0,0,0,0,0,0,0,0,0,0,0,0,0,0,0,0,0,0,0,0,0,0,0,0,0,0,0,0,0,0,0,0,0,0,0,0,0,0,0,0,0,0,0,0,0,0,0,0,0,0,0,0,0,0,0,0,0,0
P142,Servicios de enseñanza,0,0,0,0,0,0,0,0,0,0,0,0,0,0,0,0,0,0,0,0,0,0,0,0,0,0,0,0,0,0,0,0,0,0,0,0,0,0,0,0,0,0,0,0,0,0,0,0,0,0,0,0,0,0,0,0,0,0,0,0,0,0,0,0,0,5.80063613268083e-18,0,0,0,0,4.66387067060771e-27,0,4.27080903471114e-23,0,6.74588504381634e-09,2.05447853674576e-25,0,0,0,0,0,0,0,0,0,0,0,0,0,0,0,0,0,0,0,0,0,0,0,0,6.54864098002704e-08,1.2900515798017e-27,0,0,0,0,0,0,0,0,8.4878514134758e-18,0,6.31061757829384e-05,7.90153209593942e-05,5.60720590647981e-05,0,2.81754515550429e-05,0,0,0,0,6.06794212222372e-19,2.9016327149535e-08,2.69402807766216e-08,7.39001342729243e-20,1.08085439368718e-19,0,1.39168763387419e-07,2.93686218150712e-18,0,1.23816085310446e-05,2.38874196212305e-10,0,7.53018879316977e-08,0,0,3.37420901345189e-05,7.69194848874452e-05,5.91276917988948e-05,2.66805577940566e-05,0,6.79333580259554e-05,9.41303822361211e-07,0,0,1.73773133003367e-07,1.96131656579604e-19,7.86837129450516e-05,9.33880383688852e-09,0,0,0
P143,Servicios de hospitalización,0,0,0,0,0,0,0,0,0,0,0,0,0,0,0,0,0,0,0,0,0,0,0,0,0,0,0,0,0,0,0,0,0,0,0,0,0,0,0,0,0,0,0,0,0,0,0,0,0,0,0,0,0,0,0,0,0,0,0,0,0,0,0,0,0,0,0,0,0,0,0,0,0,0,0,0,0,0,0,0,0,0,0,0,0,0,0,0,0,0,0,0,0,0,0,0,0,0,0,0,0,0,0,0,0,0,0,0,0,0,0,0,0,0,0,0,0,0,0,0,0,0,0,0,0,0,0,0,0,0,0,0,0,0,0,0,0,0,0,0,0,0,0,0,0,0,0,0,0,0,0,0
P144,Servicios médicos y dentales,0,0,0,0,0,0,0,0,0,0,0,0,0,0,0,0,0,0,0,0,0,0,0,0,0,0,0,0,0,0,0,0,0,0,0,0,0,0,0,0,0,0,0,0,0,0,0,0,0,0,0,0,0,0,0,0,0,0,0,0,0,0,0,0,0,0,0,0,0,0,0,0,0,0,0,0,0,0,0,0,0,0,0,0,0,0,0,0,0,0,0,0,0,0,0,0,0,0,0,0,0,0,0,0,0,0,0,0,0,0,0,0,0,0,0,0,0,0,0,0,0,0,0,0,0,0,0,0,0,0,0,0,0,0,0,0,0,0,0,0,0,0,0,0,0,0,0,0,0,0,0,0
P145,Otros servicios de atención de la salud humana,0,0,0,0,0,0,0,0,0,0,0,0,0,0,0,0,0,0,0,0,0,0,0,0,0,0,0,0,0,0,0,0,0,0,0,0,0,0,0,0,0,0,0,0,0,0,0,0,0,0,0,0,0,0,0,0,0,0,0,0,0,0,0,0,0,0,0,0,0,0,0,0,0,0,0,0,0,0,0,0,0,0,0,0,0,0,0,0,0,0,0,0,0,0,0,0,0,0,0,0,0,0,0,0,0,0,0,0,0,0,0,0,0,0,0,0,0,0,0,0,0,0,0,0,0,0,0,0,0,0,0,0,0,0,0,0,0,0,0,0,0,0,0,0,0,0,0,0,0,0,0,0
P146,"Servicios audiovisuales, recreativos, culturales y deportivos",0,0,0,0,0,0,0,0,0,0,0,0,0,0,0,0,0,0,0,0,0,0,0,0,0,0,0,0,0,0,0,0,0,0,0,0,0,0,0,0,0,0,0,0,0,0,0,0,0,0,0,0,0,0,0,0,0,0,0,0,0,0,0,0,0,0.00320371572349584,1.1755392786445e-07,0,0,0,0,0,0,0,0,0,0,0,0,0,0,0,0,0,0,0,0,0,0,0,0,0,0,0,0,4.75936995321366e-05,0,0,0,0,0,2.19691882488259e-06,0,0,0,0,0,1.3173634586923e-05,0,0.00160774516177623,5.61785955463861e-05,0,0.000121759687488179,1.00146040143579e-06,4.32505267835845e-07,0,0,0,1.09873079360993e-06,0,0,0,0,0.0226426413001318,0,0,0,2.27199573061155e-08,0,0,2.93679933892626e-07,0,0,0,0,0,0.000147065272312426,3.50030554915554e-05,1.12319234330777e-05,2.74506965845893e-06,0,1.24481316787736e-05,1.40007844940449e-05,0,6.66595944414283e-06,0.028106323591138,0,0,0,0,0,0
P147,Servicios de asociaciones que sirven a las empresas,0,0,0,1.55566794320475e-05,0,3.63360289149737e-06,0,0,0,1.11926485225769e-07,8.08134075409255e-06,0,0,4.51147975468326e-07,0,3.46807010561961e-07,0,1.59812907728395e-08,0,0,2.67222632226545e-06,0,3.89549186171303e-07,2.34021581834961e-05,4.61873385441636e-06,0,0,8.36937311997258e-21,3.13079694595533e-06,2.05109020861014e-05,9.61206227666831e-10,0,2.26122134137276e-06,0,0,2.86703529689528e-09,6.44959530012025e-08,0,3.10917367501726e-09,3.89597201139556e-08,2.83732258196233e-09,1.72071176544785e-09,9.05376385824631e-09,1.17937303469193e-08,1.10923221954816e-07,9.80841533073296e-08,0,0,3.76009156255033e-11,0,0,1.29797850958624e-06,8.83111648607368e-08,7.39320470511908e-10,1.71401125418298e-06,1.44438093721282e-07,9.07179700009402e-10,9.34356629051853e-10,1.56657246896104e-06,2.02972631180382e-05,6.55899157631209e-11,0,2.48909820282518e-27,4.29816385907502e-22,1.28888885345356e-10,9.34840228236786e-10,2.88217576861688e-10,0,0,0,1.91945885821792e-05,2.73522362579395e-08,6.95570639694163e-13,1.84381672838466e-09,6.57410545126043e-05,8.62281075475941e-11,0,0,2.54357380129149e-08,0,0,0,5.79035754755253e-11,6.06475793552952e-11,0,0,0,0,0,0,0,1.04421156614983e-26,2.96436977180443e-40,0,2.88716279725075e-06,8.16429041067393e-08,0,8.86604082690114e-08,2.1403156856245e-07,2.50446434736433e-07,9.77409907055682e-06,9.49191730289735e-06,3.2856618929188e-08,1.40496280881756e-07,1.57211862305858e-07,4.34110126485224e-07,0,2.31844095650502e-08,1.98324649011848e-08,3.38267392879964e-07,1.49114751952873e-07,0,3.86877877155722e-09,5.01521572001651e-09,5.63324618118396e-09,1.35834714029905e-07,1.55546844723164e-07,0,5.22139419416413e-08,1.39935547363864e-10,0,3.05663385965981e-10,7.17945212944586e-07,7.69262291296811e-06,1.00261691726918e-07,1.61865849993635e-10,4.4656673678727e-07,0,2.66275929962476e-10,4.37943768256918e-08,0,8.60720247187696e-08,0,0,2.984567408047e-06,3.87602373375326e-06,0,0,0,0,0,4.95429825995147e-06,0,1.93874759855326e-09,0.000165390021524619,3.59135182252518e-07,5.08950756294604e-07,0,1.75265131873285e-09,0,0,0
P148,Servicios de asociaciones que sirven a los hogares,0,0,0,0,0,0,0,0,0,0,0,0,0,0,0,0,0,0,0,0,0,0,0,0,0,0,0,0,0,0,0,0,0,0,0,0,0,0,0,0,0,0,0,0,0,0,0,0,0,0,0,0,0,0,0,0,0,0,0,0,0,0,0,0,0,0,0,0,0,0,0,0,0,0,0,0,0,0,0,0,0,0,0,0,0,0,0,0,0,0,0,0,0,0,0,0,0,0,0,0,0,0,0,0,0,0,0,0,0,0,0,0,0,0,0,0,0,0,0,0,0,0,0,0,0,0,0,0,0,0,0,0,0,0,0,0,0,0,0,0,0,0,0,0,0,0,0,0,0,0,0,0
P149,Otros servicios,0,0,0,0,0,0,0,0,0,0,0,0,0,0,0,0,0,0,0,0,0,0,0,0,0,0,0,0,0,0,0,0,0,0,0,0,0,0,0,0,0,0,0,0,0,0,0,0,0,0,0,0,0,0,0,0,0,0,0,0,0,0,0,0,0,0,0,0,0,0,0,0,0,0,0,0,0,0,0,0,0,0,0,0,0,0,0,0,0,0,0,0,0,0,0,0,0,0,0,0,0,0,0,0,0,0,0,0,0,0,0,0,0,0,0,0,0,0,0,0,0,0,0,0,0,0,0,0,0,0,0,0,0,0,0,0,0,0,0,0,0,0,0,0,0,0,0,0,0,0,0,0
P150,Servicios domésticos,0,0,0,0,0,0,0,0,0,0,0,0,0,0,0,0,0,0,0,0,0,0,0,0,0,0,0,0,0,0,0,0,0,0,0,0,0,0,0,0,0,0,0,0,0,0,0,0,0,0,0,0,0,0,0,0,0,0,0,0,0,0,0,0,0,0,0,0,0,0,0,0,0,0,0,0,0,0,0,0,0,0,0,0,0,0,0,0,0,0,0,0,0,0,0,0,0,0,0,0,0,0,0,0,0,0,0,0,0,0,0,0,0,0,0,0,0,0,0,0,0,0,0,0,0,0,0,0,0,0,0,0,0,0,0,0,0,0,0,0,0,0,0,0,0,0,0,0,0,0,0,0
P151,Compras directas en el exterior por residentes,0,0,0,0,0,0,0,0,0,0,0,0,0,0,0,0,0,0,0,0,0,0,0,0,0,0,0,0,0,0,0,0,0,0,0,0,0,0,0,0,0,0,0,0,0,0,0,0,0,0,0,0,0,0,0,0,0,0,0,0,0,0,0,0,0,0,0,0,0,0,0,0,0,0,0,0,0,0,0,0,0,0,0,0,0,0,0,0,0,0,0,0,0,0,0,0,0,0,0,0,0,0,0,0,0,0,0,0,0,0,0,0,0,0,0,0,0,0,0,0,0,0,0,0,0,0,0,0,0,0,0,0,0,0,0,0,0.0159578344425535,0,0,0,0,0,0,0,0,0,0,0,0,0,0,0
P152,Compras directas en el territorio nacional por no residentes,0,0,0,0,0,0,0,0,0,0,0,0,0,0,0,0,0,0,0,0,0,0,0,0,0,0,0,0,0,0,0,0,0,0,0,0,0,0,0,0,0,0,0,0,0,0,0,0,0,0,0,0,0,0,0,0,0,0,0,0,0,0,0,0,0,0,0,0,0,0,0,0,0,0,0,0,0,0,0,0,0,0,0,0,0,0,0,0,0,0,0,0,0,0,0,0,0,0,0,0,0,0,0,0,0,0,0,0,0,0,0,0,0,0,0,0,0,0,0,0,0,0,0,0,0,0,0,0,0,0,0,0,0,0,0,0,0,0,0,0,0,0,0,0,0,0,0,0,0,0,0,0
