codigo,producto,P001,P002,P003,P004,P005,P006,P007,P008,P009,P010,P011,P012,P013,P014,P015,P016,P017,P018,P019,P020,P021,P022,P023,P024,P025,P026,P027,P028,P029,P030,P031,P032,P033,P034,P035,P036,P037,P038,P039,P040,P041,P042,P043,P044,P045,P046,P047,P048,P049,P050,P051,P052,P053,P054,P055,P056,P057,P058,P059,P060,P061,P062,P063,P064,P065,P066,P067,P068,P069,P070,P071,P072,P073,P074,P075,P076,P077,P078,P079,P080,P081,P082,P083,P084,P085,P086,P087,P088,P089,P090,P091,P092,P093,P094,P095,P096,P097,P098,P099,P100,P101,P102,P103,P104,P105,P106,P107,P108,P109,P110,P111,P112,P113,P114,P115,P116,P117,P118,P119,P120,P121,P122,P123,P124,P125,P126,P127,P128,P129,P130,P131,P132,P133,P134,P135,P136,P137,P138,P139,P140,P141,P142,P143,P144,P145,P146,P147,P148,P149,P150,P151,P152
P001,Maíz,0.021241236447098,0,0,0,0,0,0,0,0,0,0,0,0,0,0,0,0,0,3.30054752504604e-05,0,0,0,0.00355759719503025,0,0,0,0,0,0,0,0,0,0,0,0,0,5.24417985945524e-07,0,0,0,0,0,0,0,0,0,0,0,0.162158095058234,0,0.247882983660917,0,0.00295145550920336,0.214964060922839,3.96264062542128e-05,0,0,0,0,0,0,0,0,0,0,0,0,0,0,0,0,0,0,0,0,0,0,0,0,0,0,0,0,0,0,0,0,0,0,0,0,0,0,0,0,0,0,0,0,0,0,0,0,0,0,0,0,0,0,0,0.000704118057265939,0,0,0,0,0,0,0,0,0,0,0,0,0,0,0,0,0,0,0,0,0,0,0,0,0,0,0,0,0,0,0,2.29877428991881e-08,0,8.78812308811273e-06,0,0,0,0,0,0,0
P002,Frijoles,0,0.0585386809617493,0,0,0,0,0,0,0,0,0,0,0,0,0,0,0,0,0.00118460437534953,0,0,0,0,0,0,0,0,0,0,0,0,0,0,0,0,0,5.08615173512256e-08,0,0,0.0592667657474035,0,0,0,0,0,0,0,0,0,0,0,0,0.000746934812636832,0,0,0,0,0,0,0,0,0,0,0,0,0,0,0,0,0,0,0,0,0,0,0,0,0,0,0,0,0,0,0,0,0,0,0,0,0,0,0,0,0,0,0,0,0,0,0,0,0,0,0,0,0,0,0,0,0,0.0023051073004768,0,0,0,0,0,0,0,0,0,0,0,0,0,0,0,0,0,0,0,0,0,0,0,0,0,0,0,0,0,0,0,0,0,2.1638114108333e-05,0,0,0.000326727468990107,0,0,0,0
P003,Leguminosas (legumbres secas) y semillas oleaginosas,0,0,0.264099863472176,0,0,0,0.0240468083430864,0,0,0,0,0,0,0,0,0,0,0,0.00013801283170359,0,0,0,0,0,0,0,0,0,0,0,0,0,0,0,0,0,0,0,0,0.00217465095226916,0.0446757002262968,0,0,0.00103810742632268,0,0,0,0,0.000235854391550443,0.00138158436999274,0,0,0.00111756627527438,0.0156136717303706,0,0,0,0,0,0,0,0,0,0,0,0,0,0,0,0,0,0,0,0,0,0,0,0,0,0,0,0,0,0,0,0,0,0,0,0,0,0,0,0,0,0,0,0,0,0,0,0,0,0,0,0,0,0,0,0,0.000523905156630037,0,0,0,0,0,0,0,0,0,0,0,0,0,0,0,0,0,0,0,0,0,0,0,0,0,0,0,0,0,0,0,2.674807087051e-07,0,1.09469413038414e-06,8.42305249685603e-06,0,0,0,0,0,0
P004,Arroz,0,0,0,0.0774499898590193,0,0,0,0,0,0,0,0,0,0,0,0,0,0,0.00104900616944172,0,0,0,0,0,0,0,0,0,0,0,0,0,0,0,0,0,0,0,0,0,0,0,0,0,0,0,0,0.524848171662133,0.0792618813139044,0,0,0,0,0,0,0,0,0,0,0,0,0,0,0,0,0,0,0,0,0,0,0,0,0,0,0,0,0,0,0,0,0,0,0,0,0,0,0,0,0,0,0,0,0,0,0,0,0,0,0,0,0,0,0,0,0,0,0,0,0,0,0,0,0,0,0,0,0,0,0,0,0,0,0,0,0,0,0,0,0,0,0,0,0,0,0,0,0,0,0,0,0,0,0,0,0,0,0,0,0,0,0
P005,Otros cereales,0,0,0,0,0.0232577424578663,0,0,0,0,0,0,0,0,0,0,0,0,0,0.000480269388669595,0,0,0,0,0,0,0,0,0,0,0,0,0,0,0,0,0,0,0,0,0,0,0,0,0,0,0,0.511199107085964,0,0.00155227316689054,0,0,0,0.0233519386204874,0.00859382329284318,0,0,0,0,0,0,0,0,0,0,0,0,0,0,0,0,0,0,0,0,0,0,0,0,0,0,0,0,0,0,0,0,0,0,0,0,0,0,0,0,0,0,0,0,0,0,0,0,0,0,0,0,0,0,0,0,1.23528211992663e-06,0,0,0,0,0,0,0,0,0,0,0,0,0,0,0,0,0,0,0,0,0,0,0,0,0,0,0,0,0,0,0,0,0,0,0,0,0,0,0,0,0
P006,Hortalizas,0,0,0,0,0,0.00965796819855516,0.0101425789095056,0.00978404836835873,0.0127210208373633,0,0,0,0,0,0,0,0,0,0.0448057849516679,0,0,0,0,0,0,0,0,0,0,0,0,0,0,0,0,0,3.35808086912685e-05,0,0,0.0535117786992524,0,0,0,0,0,0,0,0,0,0.000104164428169235,0,0,0.00617165262931233,1.97427887264931e-08,0,0,0,0,0,0,0,0,0,0,0,0,0,0,0,0,0,0,0,0,0,0,0,0,0,0,0,0,0,0,0,0,0,0,0,0,0,0,0,0,0,0,0,0,0,0,0,0,0,0,0,0,0,0,0,0,0.0248996946249798,0,0,0,0,0,0,0,0,0,0,0,0,0,0,0,0,0,0,0,0,0,0,0,0,0,0,0,0,0,0,0,3.22344411987343e-05,0,0.000787263860527476,0.00164550733646709,0,0,0,0,0,0
P007,Sandías y melones,0,0,0,0,0,0,0,0,0,0,0,0,0,0,0,0,0,0,0,0,0,0,0,0,0,0,0,0,0,0,0,0,0,0,0,0,0,0,0,0,0.000477207505600895,0.000863871570914564,0,0,0,0,0,0,0,0,0,0,0.000199136359563746,0,0,0,0,0,0,0,0,0,0,0,0,0,0,0,0,0,0,0,0,0,0,0,0,0,0,0,0,0,0,0,0,0,0,0,0,0,0,0,0,0,0,0,0,0,0,0,0,0,0,0,0,0,0,0,0,0,0.000426601284464173,0,0,0,0,0,0,0,0,0,0,0,0,0,0,0,0,0,0,0,0,0,0,0,0,0,0,0,0,0,0,0,6.9648213394617e-07,0,1.08711411309206e-05,3.81046939686589e-05,0,0,0,0,0,0
P008,Ejotes y arvejas,0,0,0,0,0,0,0,0,0,0,0,0,0,0,0,0,0,0,0,0,0,0,0,0,0,0,0,0,0,0,0,0,0,0,0,0,0,0,0,0.0412420995523786,0,0,0,0,0,0,0,0,0,0,0,0,0,0,0,0,0,0,0,0,0,0,0,0,0,0,0,0,0,0,0,0,0,0,0,0,0,0,0,0,0,0,0,0,0,0,0,0,0,0,0,0,0,0,0,0,0,0,0,0,0,0,0,0,0,0,0,0,0,0,0.000296719654569676,0,0,0,0,0,0,0,0,0,0,0,0,0,0,0,0,0,0,0,0,0,0,0,0,0,0,0,0,0,0,0,3.0226446281136e-07,0,3.06476591134643e-06,9.39775174068666e-05,0,0,0,0,0,0
P009,Raíces y tubérculos,0,0,0,0,0,0,0,0,0.0518258427258265,0,0,0,0,0,0,0,0,0,0,0,0,0,0,0,0,0,0,0,0,0,0,0,0,0,0,0,0,0,0,0.000934448651419155,0,0,0,0,0,0,0,0,0.0058153820377495,0,0,0,0.00202172448361041,0,0,0,0,0,0,0,0,0,0,0,0,0,0,0,0,0,0,0,0,0,0,0,0,0,0,0,0,0,0,0,0,0,0,0,0,0,0,0,0,0,0,0,0,0,0,0,0,0,0,0,0,0,0,0,0,0,0.00815660987627407,0,0,0,0,0,0,0,0,0,0,0,0,0,0,0,0,0,0,0,0,0,0,0,0,0,0,0,0,0,0,0,1.35541572345283e-05,0,5.82501898853775e-05,2.57549162695264e-05,0,7.21180945670701e-06,0,0,0,0
P010,Caña de azúcar y otras plantas azucareras,0,0,0,0,0,0,0,0,0,0,0,0,0,0,0,0,0,0,0,0,0,0,0,0,0,0,0,0,0,0,0,0,0,0,0,0,0,0,0,0,0,0,0,0,0,0,0,0,0,0,0,0.467709348311279,0,0,0.000442525976960722,0,0,0,0,0,0,0,0,0,0,0,0,0,0,0,0,0,0,0,0,0,0,0,0,0,0,0,0,0,0,0,0,0,0,0,0,0,0,0,0,0,0,0,0,0,0,0,0,0,0,0,0,0,0,0,0,0,0,0,0,0,0,0,0,0,0,0,0,0,0,0,0,0,0,0,0,0,0,0,0,0,0,0,0,0,0,0,0,0,0,1.21754374814891e-05,0,0,0,0,0,0
P011,Tabaco y otras plantas no perennes,0,0,0,0,0,0,0.00843019724689796,0,0,0,0.0231821150444579,0,0,0,0.000451877232081204,0,0,0,0.0025837877131242,0,0.0148643017916931,0.0028875714800699,0,0.175961943313468,0,0,0,0,0,0,0,0,0,0,0,0,0,0,0,0,0,0,0,0,0.0063276569374299,0.00558287200200506,0,0,0,0,0,0,6.3602121014084e-05,2.03832975057909e-08,0.279870216304149,0,0,0,0.078474560573409,0.00467351158223963,0,0,0,0,0,0,0,0,0,0,0,0,0,0,0.00157073126049732,0,0,0,0,0,0,0,0,0,0,0,0,0,0,0,0,0,0.0049476681098352,0,0,0,0,0,0,0,0,3.31291932625354e-05,0,0,0,0,0,0,0,0,0.000727923349174381,0,0,0,0,0,0,0,7.84746351115171e-06,0,0,0,0,0,0,0,0,0,0,0,4.90709203258859e-05,0,0,0,0,0,6.61268872416609e-07,0,3.6020928482897e-09,0,0,0,6.67069662618028e-07,0,0.00224848701460769,0.000119632900533933,0,0,0.000261875139311225,0,0,0
P012,"Bananos, plátanos y otros",0,0,0,0,0,0,0,0,0,0,0,0,0,0,0,0,0,0,0,0,0,0,0,0,0,0,0,0,0,0,0,0,0,0,0,0,0,0,0,0,0.042924256791066,0,0,0,0,0,0,0,0,0,0,0,0.002148366855145,0,0,0,0,0,0,0,0,0,0,0,0,0,0,0,0,0,0,0,0,0,0,0,0,0,0,0,0,0,0,0,0,0,0,0,0,0,0,0,0,0,0,0,0,0,0,0,0,0,0,0,0,0,0,0,0,0,0.00154730032734563,0,0,0,0,0,0,0,0,0,0,0,0,0,0,0,0,0,0,0,0,0,0,0,0,0,0,0,0,0,0,0,1.60169644260522e-06,0,2.81231897205224e-05,0.000157955747973402,0,0,0,0,0,0
P013,Frutas tropicales y subtropicales,0,0,0,0,0,0,0,0,0,0,0,0,0,0,0,0,0,0,0,0,0,0,0,0,0,0,0,0,0,0,0,0,0,0,0,0,0,0,0,0,0.0415950977024905,0.0908361432580344,0,0,0,0.000763727241323346,0,0,0,1.63915152952938e-05,0,0,0.0005792076832278,0,0,0,0,0,0,0,0,0,0,0,0,0,0,0,0,0,0,0,0,0,0,0,0,0,0,0,0,0,0,0,0,0,0,0,0,0,0,0,0,0,0,0,0,0,0,0,0,0,0,0,0,0,0,0,0,0,0.001982354321468,0,0,0,0,0,0,0,0,0,0,0,0,0,0,0,0,0,0,0,0,0,0,0,0,0,0,0,0,0,0,0,5.89873041996043e-07,0,3.85701478656563e-05,0.000196046074025386,0,0,0,0,0,0
P014,"Berries, otras frutas y semillas de frutas",0,0,0,0,0,0,0.0214114219400881,0,0,0,0,0,0.00617746802559555,0.00681182496039703,0,0,0,0,0.000443422905245053,0,0,0,0,0,0,0,0,0,0,0,0,0,0,0,0,0,0,0,0,0,0.0543532666215715,0.0852865241566665,2.0455993977333e-05,0,0.00267984950162584,0.00250240875417053,0,0,0,3.06512735561358e-05,0,0,0.00156274567838795,0,0.000170748797947329,0,0,0,0,0,0,0,0,0,0,0,0,0,0,0,0,0,0,0,2.69091395876153e-06,0,0,0,0,0,0,0,0,0,0,0,0,0,0,0,0,0,0,0,0,0,0,0,0,0,0,0,0,0,0,0,0,0,0,0,0.00511076921786885,0,0,0,0,0,0,0,0,0,0,0,0,0,0,0,0,0,0,0,0,0,0,0,0,0,0,0,0,0,0,0,4.78419774423551e-06,0,0.000127968848065371,6.71419727397039e-05,0,0,0,0,0,0
P015,Palma africana,0,0,0,0,0,0,0,0,0,0,0,0,0,0,0.00898758314962917,0,0,0,0.00104763087503437,0,0,0,0,0,0,0,0,0,0,0,0,0,0,0,0,0,0,0,0,0,0,0,0.328049874021969,0.281976951455411,0,0,0,0,0,0,0,0,0,0,0,0,0,0,0,0,0,0,0,0,0,0,0,0,0,0,0,0,0,0,0,0,0,0,0,0,0,0,0,0,0,0,0,0,0,0,0,0,0,0,0,0,0,0,0,0,0,0,0,0,0,0,0,0,0,0,0,0,0,0,0,0,0,0,0,0,0,0,0,0,0,0,0,0,0,0,0,0,0,0,0,0,0,0,0,0,0,0,0,0,0,0,0,0,0,0,0,0
P016,Café en grano,0,0,0,0,0,0,0,0,0,0,0,0,0,0,0,0.390543658824332,0,0,4.3997506978849e-05,0,0,0,0,0,0,0,0,0,0,0,0,0,0,0,0,0,0,0,0,0,0,0,0,0,0,0,0,0,0,0,0,0,0.0533347435240298,0,0,0,0,0,0,0,0,0,0,0,0,0,0,0,0,0,0,0,0,0,0,0,0,0,0,0,0,0,0,0,0,0,0,0,0,0,0,0,0,0,0,0,0,0,0,0,0,0,0,0,0,0,0,0,0,0,2.09476372887483e-06,0,0,0,0,0,0,0,0,0,0,0,0,0,0,0,0,0,0,0,0,0,0,0,0,0,0,0,0,0,0,0,0,0,0,0,0,0,0,0,0,0
P017,Cardamomo,0,0,0,0,0,0,0,0,0,0,0,0,0,0,0,0,0.307452707418859,0,0,0,0,0,0,0,0,0,0,0,0,0,0,0,0,0,0,0,0,0,0,0,0,0,0,0,0,0,0,0,0,0,0,0,0.00102028859059778,0,0,0,0,0,0,0,0,0,0,0,0,0,0,0,0,0,0,0,0,0,0,0,0,0,0,0,0,0,0,0,0,0,0,0,0,0,0,0,0,0,0,0,0,0,0,0,0,0,0,0,0,0,0,0,0,0,0,0,0,0,0,0,0,0,0,0,0,0,0,0,0,0,0,0,0,0,0,0,0,0,0,0,0,0,0,0,0,0,0,0,0,0,0,0,0,0,0,0
P018,Caucho natural,0,0,0,0,0,0,0,0,0,0,0,0,0,0,0,0,0,0.365266545647976,0,0,0,0,0,0,0,0,0,0,0,0,0,0,0,0,0,0,0,0,0,0,0,0,0,0,0,0,0,0,0,0,0,0,0,0,0,0,0,0,0,0,0,0,0,0,0,0,0,0,0,0,0,0,0,0,0,0.00432248492052604,0,0,0,0,0,0,0,0,0,0,0,0,0,0,0,0,0.0012497494744189,0,0,0,0,0,0,0,0,0,0.000235551427491323,0,0,0,0,0,0,0,0,0,0,0,0,0,0,0,0,0,0,0,0,0,0,0,0,0,0,0,0,0,0,0,0,0,0,0,0,0,0,0,0,0,0,0,0,0,0,0,0,0
P019,Propagación de plantas,0,0,0,0,0,0.016633416552211,0.010925637326797,0.0105394264135667,0.0137031480194256,0.00305917469141794,0.0168611662735159,0.00484668409591527,0.0144674292733527,0.00410943803850083,0.00391432660065284,0.0018954147745686,0.00325186976058013,0.00209963269739876,0.0193455946027366,0.09297680486266,0,0,0,0,0,0,0,0,0,0,0,0,0,0,0,0,0,0,0,0,0,0,0,0,0,0,0,0,0,0,0,0,0,0,0,0,0,0,0,0,0,0,0,0,0,0,0,0,0,0,0,0,0,0,0,0,0,0,0,0,0,0,0,0,0,0,0,0,0,0,0,0,0,0,0,0,0,0,0,0,0,0,0,0,0,0,0,0,0,0,0,0,0,0,0,0,0,0,0,0,0,0,0,0,0,0,0,0,7.08579751202736e-08,0,0.0002270976455655,0,0,0,0,0,0,0,9.4447231005987e-07,0,0,4.02901623113024e-06,0,0,0,0,0,0,0,0,0,0
P020,"Otros frutos oleaginosos, otras plantas bebestibles y especias aromáticas",0,0,0,0,0,0,0,0,0,0,0,0,0,0,0,0,0,0,0,0,0,0,0,0,0,0,0,0,0,0,0,0,0,0,0,0,1.08252662666311e-05,0,0,0.000649779926452367,0.00772015822635335,0.000326027240922777,0,0,0,0,0,0,0,0,0,0,0.00917018472228749,0,8.34793294425756e-05,0.00133221023206066,0,0,0,0,0,0,0,0,0,0,0,0,0,0,0,0,0,0,0,0,0,0,0,0,0,0,0,0,0,0,0,0,0,0,0,0,0.000412453790123061,0,0,0,0,0,0,0,0,1.06924953660558e-07,0,0,0,0,0,0,0,0,0.00076226918359999,0,0,0,0,0,0,0,0,0,0,0,0,0,0,0,0,0,0,0,0,0,0,0,0,0,0,0,0,0,0,0,8.04348167231588e-07,0,0.00314255530036079,0,0,0,0,0,0,0
P021,Ganado bovino,0,0,0,0,0,0,0,0,0,0,0,0,0,0,0,0,0,0,0,0,0,0,0,0,0,0,0,0,0,0,0,0,0,0.616584332025761,0,0,0.000379405462308866,0,0,0,0,0,0,0,0,0,0,0,0,0,0,0,0,0,0,0,0,0,0,0,0,0,0,0,0,0,0,0,0,0,0,0,0,0,0,0,0,0,0,0,0,0,0,0,0,0,0,0,0,0,0,0,0,0,0,0,0,0,0,0,0,0,0,0,0,0,0,0,0,0,0,0,0,0,0,0,0,0,0,0,0,0,0,0,0,0,0,0,0,0,0,0,0,0,0,0,0,0,0,0,0,0,0,0,0,0,0,0,0,0,0,0
P022,Ganado porcino y otro tipo de animales vivos n.c.p.,0,0,0,0,0,0,0.000241473797754023,0,0,0,0,0,0,0,0,0,0,0,0,0,0,0,0,0,0,0,0,0,0,0,0,0,0,0,0.669318457515959,0,0.133335095262116,0,0,0,0,0,0,0,0,0,0,0,0,0,0,0,0,0,0,0,0,0,0,0,0,0,0,0,0,0,0,0,0,0,0,0,0,0,0,0,0,0,0,0,0,0,0,0,0,0,0,0,0,0,0,0,0,0,0,0,0,0,0,0,0,0,0,0,0,0,0,0,0,0,0,0,0,0,0,0,0,0,0,0,0,0,0,0,0,0,0,0,0,0,0,0,0,0,0,0,0,0,0,0,0,0,0,0,0,0,0,0,0,0,0,0
P023,Aves de corral,0,0,0,0,0,0,0,0,0,0,0,0,0,0,0,0,0,0,0,0,0,0,0.136768865267748,0,0,0,0,0,0,0,0,0,0,0,0,0.607404594172947,0.0635936036863593,0,0,0,0,0,0,0,0,0,0,0,0,0,0,0,0,0,0,0,0,0,0,0,0,0,0,0,0,0,0,0,0,0,0,0,0,0,0,0,0,0,0,0,0,0,0,0,0,0,0,0,0,0,0,0,0,0,0,0,0,0,0,0,0,0,0,0,0,0,0,0,0,0,6.59715389217759e-06,0,0,0,0,0,0,0,0,0,0,0,0,0,0,0,0,0,0,0,0,0,0,0,0,0,0,0,0,0,0,0,0,0,0,0,0,0,0,0,0,0
P024,Leche cruda,0,0,0,0,0,0,0,0,0,0,0,0,0,0,0,0,0,0,0,0,0,0,0,0,0,0,0,0,0,0,0,0,0,0,0,0,0,0,0,0,0,0,0,0,0.371651838011517,0.344607405667599,0,0,0,0,0,0,0.000341459219173712,0,0,0,0,0,0,0,0,0,0,0,0,0,0,0,0,0,0,0,0,0,0,0,0,0,0,0,0,0,0,0,0,0,0,0,0,0,0,0,0,0,0,0,0,0,0,0,0,0,0,0,0,0,0,0,0,0,0,0,0,0,0,0,0,0,0,0,0,0,0,0,0,0,0,0,0,0,0,0,0,0,0,0,0,0,0,0,0,0,0,0,0,0,0,0,0,0,0,0
P025,Huevos,0,0,0,0,0,0,0,0,0,0,0,0,0,0,0,0,0,0,0,0,0,0,0.00574776962016941,0,0,0,0,0,0.000102569327290366,0,0,0,0,0,0,0,0,0,0,0,0,0,0.00109264891253898,0,0,0,0,0,0,0.0233438295019038,0,0,0.00132857792349414,0,0.000516651959834661,0,0,0,0,0,0,0,0,0,0,0,0,0,0,0,0,0,0,1.02688834734456e-06,0,0,0,0,0,0,0,0,0,0,0,0,0,0,0,0,0,0,0,0,0,0,0,0,0,0,0,0,0,0,0,0,0,0,0,0,0.00651217968332766,0,0,0,0,0,0,0,0,0,0,0,0,0,0,0,0,0,0,0,0,0,0,0,0,0,0,0,0,0,0,0,0,0,9.76060874511194e-05,0,0,0,0,0,0,0
P026,Otros productos de animales vivos,0,0,0,0,0,0,0,0,0,0,0,0,0,0,0,0,0,0,0,0,0.0105081110432256,0,0,0,0,0,0,0,0,0,0,0,0,0,0,0,0,0,0,0,0,0,0,0,0,0,0,0,0.0005797478647411,0,0,0,0,0,5.9847103462315e-05,0,0,0,0,0,0,0,0,0,0,0,0,0,0,0,0,0,0,0,0,0,0,0,0,0,0,0,0,0,0,0,0,0,0,0,0,0,0,0,0,0,0,0,0,0,0,0,0,0,0,0,0,0,0,0,0.000119443435503455,0,0,0,0,0,0,0,0,0,0,0,0,0,0,0,0,0,0,0,0,0,0,0,0,0,0,0,0,0,0,0,9.62171068470856e-08,0,0,0,0,0,0,0,0,0
P027,Troncos de madera y leña,0,0,0,0,0,0,0,0,0,0,0,0,0,0,0,0.000567113917983081,0,0,0,0,0,0,0,0,0,0,0.0256083830332025,0,0,0,0,0,0,0,0.00364349482396318,0.00332467626801578,0.000864404685540809,0,0,0,0.00245213048736908,0,0,0,0.00180545550844501,0.001723369720076,0,0,0.000974677666897844,0.0110398666327667,0.0588046861172323,0.000449609690809586,0.000119649060790569,0,0,0,0,0,0,0,0,0.00230088583605414,0.256280035399501,0,0,0,0,0,0,0,0,0,0.000231351940656976,0.00185727694389471,0,0,0,0.0365006694501401,0.00075935192133,0,0,0,0,0,0,0,0,0,0,0,0,0,0.00314398666326499,0,0.002817658180228,0,0,0,0,0,0,1.32199690629002e-07,0,0,0,0,0,0,0,0,0.000407831092157691,0,0,0,0,0,0,0,0,0,0,0,0,0,0,0,0,0,0,0,0,0,0,0,0,0,0,0,0,0,0,0,0,0,0,0,0,0,0,0,0,0
P028,Productos forestales no madereros,0,0,0,0,0,0,0,0,0,0,0,0,0.00168505116805262,0,0,0,0,0,0.00342540004716053,0,0,0,0,0,0,0,0,0,0,0,0,0,0,0,0,0,1.23130270046044e-08,0,0,0,0,0,0,0,0,0,0,0,0,9.12732075432034e-07,0,0,3.57249267180039e-05,0,0,0,0,0,0,0,0,0,0,0,0,0,0,0,0,0,0,0,9.9832371363443e-05,0,0.000420348772940221,3.23421802819667e-14,0,0,0,0,0,0,0,0,0,0,0,0,0,0,0,0,0,0,0,0,0,8.85553995692109e-05,0,0,0.000133177289365117,0,0,0,0,0,0,0,0,0,0,0,0,0,0,0,0,0,0,0,0,0,0,0,0,0,0,0,0,0,0.000294401846439661,0,4.46983567930506e-05,0,0,0,0,0,0,0,0,0,0,0,0,0,0,0,0,0,0,0
P029,"Peces vivos, frescos o refrigerados",0,0,0,0,0,0,0,0,0,0,0,0,0,0,0,0,0,0,0,0,0,0,0,0,0,0,0,0,0.00528002805216776,0,0,0,0,0,0,0,0,0.0171297650043261,0.00843124664570622,0,0,0,0,0,0,0,0,0,0,0,0,0,0,0,0,0,0,0,0,0,0,0,0,0,0,0,0,0,0,0,0,0,0,0,0,0,0,0,0,0,0,0,0,0,0,0,0,0,0,0,0,0,0,0,0,0,0,0,0,0,0,0,0,0,0,0,0,0,0,0,0.000332931560609013,0,0,0,0,0,0,0,0,0,0,0,0,0,0,0,0,0,0,0,0,0,0,0,0,0,0,0,0,0,0,0,0,0,0,7.74268313929801e-05,0,0,0,0,0,0
P030,Crustáceos sin congelar y otros productos de la pesca,0,0,0,0,0,0,0,0,0,0,0,0,0,0,0,0,0,0,0,0,0,0,0,0,0,0,0,0,0,0.0435088793770061,0,0,0,0,0,0,0,0,0.00811685602862815,0,0,0,0,0,0,0,0,0,0,0,0,0,0.000901736323227364,0,0,0,0,0,0,0,0,0,0,0,0,0,0,0,0,0,0,0,0,0,0,0,0,0,0,0,0,0,0,0,0,0,0,0,0,0,0,0,0,0,0,0,0,0,0,0,0,0,0,0,0,0,0,0,0,0,0.0087825391546309,0,0,0,0,0,0,0,0,0,0,0,0,0,0,0,0,0,0,0,0,0,0,0,0,0,0,0,0,0,0,0,0,0,0,0,0,0,0,0,0,0
P031,Petróleo crudo y gas natural,0,0,0,0,0,0,0,0,0,0,0,0,0,0,0,0,0,0,0,0,0,0,0,0,0,0,0,0,0,0,0.101462662280231,0,0,0,0,0,0,0,0,0,0,0,0,0,0,0,0,0,0,0,0,0,0,0,0,0,0,0,0,0,0,0,0,0,0,0,0,0.0567242907413283,0,0.117428696528368,0,0,0,0,0,0,0,0,0,0,0,0,0,0,0,0,0,0,0,0,0,0,0,0,0,0,0,0,0,0,0,0,0,0,0,0,0,0,0,0,0,0,0,0,0,0,0,0,0,0,0,0,0,0,0,0,0,0,0,0,0,0,0,0,0,0,0,0,0,0,0,0,0,0,0,0,0,0,0,0,0,0
P032,Minerales metálicos,0,0,0,0,0,0,0,0,0,0,0,0,0,0,0,0,0,0,0,0,0,0,0,0,0,0,0,0,0,0,0,0.000478371841772439,0.00236714753351255,0,0,0,0,0,0,0,0,0,0,0,0,0,0,0,0,0,0,0,0,0,0,0,0,0,0,0,0,0,0,0,0,0,0,0,0,0,0,0,0,0,0,0,0,0.000818567408748711,0,0,0,0,0,0,0,0,0,0.00740102930563333,0,0,0,0,0,0,0,0,0,0,0,0,0,0,0,0,0,0,0,0,0,0,0,0,0,0,0,0,0,0,3.07303160390748e-08,0,0,0,0,0,0,0,0,0,0,0,0,0,0,0,0,0,4.86467553345406e-05,5.26611220330777e-07,2.0819212647207e-08,0,0,0,1.53995002835325e-06,0,0,2.05686441521819e-08,0,0,0,0,0,0
P033,Minerales no metálicos,0,0,0,0,0,0,0,0,0,0,0.00622971291792491,0,0,0,0,0,0,0,0.0469974263619528,0,0.003018383959983,0.000714735354464139,0,0.00571949722949264,0,0,0,0.117743759443015,0,0,0,0.000519238235109973,0.0338856735556711,6.38858326557282e-05,0,0,2.11103545243635e-05,0.00173417923624191,0.00195913115353378,0.00280674195572422,0.00305788607548871,0,0,0,0.000383964605147278,0.000366507494090327,0,0,0,0.000778797839390566,4.09033767551303e-06,0,0.00497094729922988,9.24406388180295e-05,0.00261056541497898,0,4.11311295025602e-05,0.00133493535267676,0,0,0.00354979487173639,0.000403009818713921,0,0,0,0,0,1.50487723829972e-05,0,1.34179013705205e-05,0.0196609114504846,0.00492057654674591,0.00103506914892675,0.000907913304206523,0.000327165854306746,0.00063793776250364,0.0797263336917659,0.138281995795248,0.0237118741763273,0.10604366884327,0.01032104471464,0.00100980391624432,0,0,0,0,0,0.00248457738620258,0,0.0300775732176766,0,0,0.00292226704075429,0,0.0583252496276026,0.000436226006115979,0,0.0237695408999537,0.0129210608647683,0.0122818890523798,0.0253590826796753,1.36995118424654e-06,2.39189063065961e-06,0,0,7.07842521682511e-06,0,3.01475097986057e-05,0,4.00585827699623e-05,0.000272286290535745,0,1.83335926071125e-05,0,0,0,0,2.25804976422227e-10,1.08706610252761e-08,0,0,0.000487071693668486,0,0,0,0,0,2.97505324286249e-07,0,0,0.000261576010307805,0.000461590015424936,0,0,0.00712699056140857,0,0.00912493212303991,9.60868187087327e-05,0.000976042418499842,0.000559753371376708,2.09506189265212e-05,5.48100593839292e-05,4.99332052209121e-05,0,3.2788732492022e-05,0.000133686396077189,0,1.83450340091702e-05,5.00285618859315e-05,0,0,0
P034,Carne y despojos comestibles de ganado bovino; cueros y pieles de bovino y de otros animales,0,0,0,0,0,0,0,0,0,0,0,0,0,0,0,0,0,0,0,0,0,0,0,0,0,0,0,0,0,0,0,0,0,0.000307777175573462,0,0,0.0525011597875291,0,0,0,0,0,0,0,0,0,0,0,0,5.16680026191994e-05,0,0,3.63587755682187e-10,0,0,0,0,0,0,0,0.219727601251133,0.00558883731737683,0,0,0,0,0,0,0,0,0,0,0,0,0.00030927759376624,0,0,0,0,0,0,0,0,0,0,0,0,0,0,0,0,0,0,0,0,0,0,0,0,0,0,0,0,0,0,0,0,0,0,0,0.0421172076249487,0,0,0,0,0,0,0,0,0,0,0,0,0,0,0,0,0,0,0,0,0,0,0,0,0,0,0,0,0,0,0,0.000328055291018911,0,0.00140827392679797,0,0,0,0,0,0,0
P035,Carne y despojos comestibles de ganado porcino,0,0,0,0,0,0,0,0,0,0,0,0,0,0,0,0,0,0,0,0,0,0,0,0,0,0,0,0,0,0,0,0,0,0,0,0,0.0724534664578449,0,0,0,0,0,0,0.0339810442878174,0,0,0,0,0,0,0,0,0,0,0,0,0,0,0,0,0,0,0,0,0,0,0,0,0,0,0,0,0,0,0,0,0,0,0,0,0,0,0,0,0,0,0,0,0,0,0,0,0,0,0,0,0,0,0,0,0,0,0,0,0,0,0,0,0,0,0.021236018327542,0,0,0,0,0,0,0,0,0,0,0,0,0,0,0,0,0,0,0,0,0,0,0,0,0,0,0,0,0,0,0,0,0,0.000447102889423766,3.11272375386319e-09,0,0,0,0,0,0
P036,Carne y despojos comestibles de aves,0,0,0,0,0,0,0,0,0,0,0,0,0,0,0,0,0,0,0,0,0,0,0,0,0,0,0,0,0,0,0,0,0,0,0,0,0.0628972868868695,0,0,0,0,0,0,0,0,0,0,0,0,0,0,0,0,0,0,0,0,0,0,0,0,0,0,0,0,0,0,0,0,0,0,0,0,0,0,0,0,0,0,0,0,0,0,0,0,0,0,0,0,0,0,0,0,0,0,0,0,0,0,0,0,0,0,0,0,0,0,0,0,0,0.0613858593228249,0,0,0,0,0,0,0,0,0,0,0,0,0,0,0,0,0,0,0,0,0,0,0,0,0,0,0,0,0,0,0,0.000459297517949076,0,0.0011877879621405,0,0,4.30950503291983e-06,0,0,0,0
P037,Carne y despojos de otros animales y conservas y preparados de carne,0,0,0,0,0,0,0,0,0,0,0,0,0,0,0,0,0,0,0,0,0,0,0,0,0,0,0,0,0,0,0,0,0,0,0,0,0.00177337689154892,0,0,0,0,0,0,0,0,0,0,0,0,0,0,0,0.0147296290747325,0.00508110747567977,0,0,0,0,0,0,0,0,0,0,0,0,0,0,0,0,0,0,0,0,0,0,0,0,0,0,0,0,0,0,0,0,0,0,0,0,0,0,0,0,0,0,0,0,0,0,0,0,0,0,0,0,0,0,0,0,0.0326361848984038,0,0,0,0,0,0,0,0,0,0,0,0,0,0,0,0,0,0,0,0,0,0,0,0,0,0,0,0,0,0,0,3.02048693517029e-05,0,0.000581967319481187,0.000739359900234377,0,0,0,0,0,0
P038,"Pescado congelado, preparado o en conserva y sus productos",0,0,0,0,0,0,0,0,0,0,0,0,0,0,0,0,0,0,0,0,0,0,0,0,0,0,0,0,0,1.1693252700022e-05,0,0,0,0,0,0,9.09359582332878e-08,0.551610357863784,0,0,0,0,0,0,0,0,0,0,0,0,0,0,0.000685512975294299,3.26299894404696e-06,0,0,0,0,0,0,0,0,0,0,0,0,0,0,0,0,0,0,0,0,0,0,0,0,0,0,0,0,0,0,0,0,0,0,0,0,0,0,0,0,0,0,0,0,0,0,0,0,0,0,0,0,0,0,0,0,0.00386561601595545,0,0,0,0,0,0,0,0,0,0,0,0,0,0,0,0,0,0,0,0,0,0,0,0,0,0,0,0,0,0,0,2.68411787723266e-05,0,7.06617980010573e-05,2.92466188271751e-09,0,2.445864136206e-05,0,0,0,0
P039,"Crustáceos, moluscos y demás invertebrados acuáticos congelados, preparados o en conserva y sus productos",0,0,0,0,0,0,0,0,0,0,0,0,0,0,0,0,0,0,0,0,0,0,0,0,0,0,0,0,0,0.00518698578619767,0,0,0,0,0,0,4.60587284951063e-08,0,0.471209151867998,0,0,0,0,0,0,0,0,0,0,0,0,0,0.000211578749418895,0.00825641180033126,0,0,0,0,0,0,0,0,0,0,0,0,0,0,0,0,0,0,0,0,0,0,0,0,0,0,0,0,0,0,0,0,0,0,0,0,0,0,0,0,0,0,0,0,0,0,0,0,0,0,0,0,0,0,0,0,0.00132342215373656,0,0,0,0,0,0,0,0,0,0,0,0,0,0,0,0,0,0,0,0,0,0,0,0,0,0,0,0,0,0,0,0,0,1.3726251387725e-05,0,0,0,0,0,0,0
P040,"Vegetales preparados o en conserva, legumbres y papas",0,0,0,0,0,0,0,0,0,0,0,0,0,0,0,0,0,0,0,0,0,0,0,0,0,0,0,0,0,0,0,0,0,0,0,0,0.00116233766458574,0,0,0.0739222553142536,0,0.0001010307892629,0,0,0,0,0,0,0,0,0,0,0.0218695808274983,0,0,0,2.1382238864392e-05,0,7.22748439868498e-06,0,0,0,0,0,0,0,0,0,0,0,1.09785243684429e-06,0,0,0,1.22213820401672e-09,0,0,0,0,0,0,0,0,0,0,0,0,0,0,0,0,0,3.05600550585664e-06,0,0,0,0,0,0,0,0,0,0,0,0,0,0,0,0,0,0.00813549426910474,0,0,0,0,0,0,0,0,0,0,0,0,0,0,0,0,0,0,0,0,0,0,0,0,0.000282775790462261,0,0,0,0,0,0,1.1643887661346e-05,0,3.27739886242375e-05,6.40093675063885e-09,0,0.000355947683021953,0,0,0,0
P041,Preparaciones y conservas de frutas y nueces,0,0,0,0,0,0,0,0,0,0,0,0,0,0,0,0,0,0,0,0,0,0,0,0,0,0,0,0,0,0,0,0,0,0,0,0,0,0,0,0,0.109129914849966,0.0444559644524171,0,0,8.3787772056722e-05,8.33949355966572e-05,0,0,0,0.0038744307001006,0,0,0.00782778287931689,0,0.000117428437681387,0,0.00109447399353229,0,0,0,0,0,0,0,0,0,0,0,0,0,0,0,0,0,0,0,0,0,0,0,0,0,0,0,0,0,0,0,0,0,0,0,0,0,0,0,0,0,0,0,0,0,0,0,0,0,0,0,0,0,0.00153947121153616,0,0,0,0,0,0,0,0,0,0,0,0,0,0,0,0,0,0,0,0,0,0,0,0,0,0,0,0,0,0,0,7.78327341316052e-07,0,3.01418823474232e-05,0,0,1.04788168899368e-05,0,0,0,0
P042,Jugos de frutas,0,0,0,0,0,0,0,0,0,0,0,0,0,0,0,0,0,0,0,0,0,0,0,0,0,0,0,0,0,0,0,0,0,0,0,0,0,0,0,0,0,0.0401911529535034,0,0,0,2.93877801568194e-08,0,0,0,0,0,0,1.46343131253151e-05,0,0.00182206197061568,0,0.00167010087201187,0,0,0,0,0,0,0,0,0,0,0,0,0,0,0,0,0,0,0,0,0,0,0,0,0,0,0,0,0,0,0,0,0,0,0,0,0,0,0,0,0,0,0,0,0,0,0,0,0,0,0,0,0,0.00376241393898446,0,0,0,0,0,0,0,0,0,0,0,0,0,0,0,0,0,0,0,0,0,0,0,0,0,0,0,0,0,0,0,5.16296063277241e-06,0,8.35921346729459e-05,1.77306901544354e-08,0,1.65745158688095e-06,0,0,0,0
P043,Aceites de origen vegetal,0,0,0,0,0,0,0,0,0,0,0,0,0,0,0,0,0,0,0,0,0,0,0,0,0,0,0,0,0.000118129150151418,0,0,0,0,0,0,0.00148207180519496,0.00644662161762936,0,0.00437686728268318,0,0.00985812757126471,0,0.176281581681173,0.180538227638575,0.00275295999156124,0.00262916967832254,0,0,0,0.0020289148705495,0.000279875953336008,0,0.0150309846160788,7.46064095031813e-05,0,0,0,0,0,0,0,0,0,0,0,0,1.6656036374532e-07,0,0,0,0,0.000948980356468581,0.026854496774268,0,0.000709822524792107,0,0,0,0,0,0,0,0,0,0,0,0,0,0,0,0,0,0,0,0,0,0,0,0,0,0,0,0,0,0,0,0,0,0,0,0.0109394125334676,0,0,0,0,0,0,0,0,0,0,0,0,0,0,0,0,0,0,0,0,0,0,0,0,0,0,0,0,0,0,0.00175120941385519,0.000159928996299422,0,0.000126391333464879,0,0,3.50977662964083e-05,0,0,0,0
P044,"Margarina, grasas y otros aceites de origen animal y vegetal",0,0,0,0,0,0,0,0,0,0,0,0,0,0,0,0,0,0,0,0,0,0,0,0,0,0,0,0,0,0,0,0,0,8.03403514031189e-07,0,0,0.00524853775751685,0,0,0.000903304999834466,0,0,0.0040599722078931,0.0139104439794212,0.00287673734759172,0.00299647592435274,0.00139107202416482,0,0.0149868404260866,0.0382846769018514,0.000955417547462325,0,0.0127462291388654,0.205992304761192,0,0,0,0,0,0,0.000297032470844073,0,0,0,0,0,0,0,0,0,0,0,0.0685304742375333,2.21391374677703e-05,0.000189310286194242,0,0,0,0,0,0,0,0,0,0,0,0,0,0,0,0,0,0.00220133975995165,0.00224088178426917,0,0,0,0,0,0,0,0,0,0,0,0,0,0,0,0,0.000490694104430136,0,0,0,0,0,0,0,0,0,0,0,0,0,0,0,0,0,0,0,0,0,0,0,0,0,0,0,0,0,0,0,1.23687603252341e-07,0,1.31773179047849e-06,0,0,9.28225506545301e-07,0,0,0,0
P045,Leche líquida y crema procesada,0,0,0,0,0,0,0,0,0,0,0,0,0,0,0,0,0,0,0,0,0,0,0,0,0,0,0,0,0,0,0,0,0,0,0,0,0.0003161606933047,0,0,0,0,0,0,0,0.0163961580912234,0.0152030393094874,0,0,0,0.00324694999691398,0,0,6.87909698363913e-05,0,0,0,0,0,0,0,0,0,0,0,0,0,0,0,0,0,0,0,0,0,0,0,0,0,0,0,0,0,0,0,0,0,0,0,0,0,0,0,0,0,0,0,0,0,0,0,0,0,0,0,0,0,0,0,0,0,0.00586923595784765,0,0,0,0,0,0,0,0,0,0,0,0,0,0,0,0,0,0,0,0,0,0,0,0,0,0,0,0,0,0,0,4.663306736574e-06,0,0.0001207749156772,7.19059689226141e-09,0,0,0,0,0,0
P046,Otros productos lácteos n.c.p.,0,0,0,0,0,0,0,0,0,0,0,0,0,0,0,0,0,0,0,0,0,0,0,0,0,0,0,0,0,0,0,0,0,0,0,0,0.000744247136953261,0,0.0035810587399955,0,0,0,0.000930314046673041,0.00760390341354049,0.021525546613117,0.0264665998551873,0,0,0,0.00516938061302431,0,0,0.0063027818282556,0,0,0,0,0,1.06247509856599e-06,0,0,0,0,0,0,0,0,0,0,0,1.64498315661879e-07,0,0.000142055515216191,0,0,0.000196414690388605,0,0,0,0,0,0,0,0,0,0,0,0,0,0,0,0,4.57901027037704e-07,0,0,0,0,0,0,0,0,0,0,0,0,0,0,0,0,0,0.0125463828440833,0,0,0,0,0,0,0,0,0,0,0,0,0,0,0,0,0,0,0,0,0,0,0,0,0,0,0,0,0,0,0.00242442350042754,0.00073227744451097,0,0.000282316844361815,0,0,0,0,0,0,0
P047,Harina de trigo,0,0,0,0,0,0,0,0,0,0,0,0,0,0,0,0,0,0,0,0,0,0,0,0,0,0,0,0,0,0,0,0,0,0,0,0,0.000278725483300546,0,0,0,1.46207918750991e-05,0,0,0,0,0,0,0,0,0.247843508232716,3.08260058568173e-08,0,0.0188013751030221,0,0,0,0,0,0,0,0,0,0,0,0,0,0,0,0,0,0,0,0,0,0,0,0,0,0,0,0,0,0,0,0,0,0,0,0,0,0,0,0,0,0,0,0,0,0,0,0,0,0,0,0,0,0,0,0,0,0.0105929228987369,0,0,0,0,0,0,0,0,0,0,0,0,0,0,0,0,0,0,0,0,0,0,0,0,0,0,0,0,0,0,0,1.50661562465664e-05,0,0.000135974968938501,0,0,1.17912345493779e-05,0,0,0,0
P048,Arroz sin cáscara,0,0,0,0,0,0,0,0,0,0,0,0,0,0,0,0,0,0,0,0,0,0,0,0,0,0,0,0,0,0,0,0,0,0,0,0,0,0,0,0,0,0,0,0,0,0,0,0,0,0,0,0,0,0,0,0,0,0,0,0,0,0,0,0,0,0,0,0,0,0,0,0,0,0,0,0,0,0,0,0,0,0,0,0,0,0,0,0,0,0,0,0,0,0,0,0,0,0,0,0,0,0,0,0,0,0,0,0,0,0,0.00391475684318658,0,0,0,0,0,0,0,0,0,0,0,0,0,0,0,0,0,0,0,0,0,0,0,0,0,0,0,0,0,0,0.00127057005791868,5.37966103296348e-05,0,0.000106769600244159,1.49085453699932e-10,0,0.00162093590588525,0,0,0,0
P049,"Otros productos de molinería, almidones y productos de almidón",0,0,0,0,0,0,0,0,0,0,0,0,0,0,0,0,0,0,0,0,0,0,0,0,0,0,0,0,0,0,0,0,0,0,0,0.0087832859059562,0.00524863899434675,0,0,0.0074531400962029,0,0,0,0,4.98831593907445e-05,4.40117561188862e-05,0,0,0.101742122344361,0.0134733318292008,0.00771174586624427,0,0.0333890101188213,2.60051280405897e-07,0.000279434593481278,0.0419296924100473,1.8218955713341e-06,0,2.93304867033381e-07,0,0,0,0,0.00977272931127929,0.00650817451882236,0,0,0,0,0,4.54110940270906e-08,0,0.000125145723412169,0.00126736835148406,0.000626450061899337,0.000288059878527107,0,0,0,0,0,0,0,0,0,0,0,0,0,0,0,0,1.28206043798273e-07,0,0,0,0,0,0,0,0,0,0,0,0,0,0,0,0,0,0.00318449423743935,0,0,0,0,0,0,0,0,0,0,0,0,0,0,0,0,0,0,0,0,0,0,0,0,0,0.000113935922723657,0,0,0,0,0.00235287449943708,0.000307374248502466,0,0.000183135474628939,0,0,0.000273223017003334,0,0,0,0
P050,Pan y otros productos de panadería y repostería n.c.p.,0,0,0,0,0,0,0,0,0,0,0,0,0,0,0,0,0,0,0,0,0,0,0,0,0,0,0,0,0,0,0,0,0,0,0,0,0,0,0.00249267411350154,0,0,0,0,0,0,0.00369288233790867,0,0,0,0.000198378304892046,0,0,3.29455930792583e-08,0,0,0,0,0,0,0,0,0,0,0,0,0,0,0,0,0,0,0,0,0,0,0,0,0,0,0,0,0,0,0,0,0,0,0,0,0,0,0,0,0,0,0,0,0,0,0,0,0,0,0,0,0,0,0,0,0,0.0247524568674074,0,0,0,0,0,0,0,5.17027746005872e-11,0,0,0,0,0,0,0,0,0,0,0,0,0,0,0,0,0,0.000444672464696496,0,3.0389561111647e-06,0,0,0.00227166216308254,0.00023428523022835,0,0.000472231884020571,0.000520638197189524,0,0.000342050476564875,0,0,0,0
P051,"Tortillas de maíz, incluso tostadas, horneadas o fritas",0,0,0,0,0,0,0,0,0,0,0,0,0,0,0,0,0,0,0,0,0,0,0,0,0,0,0,0,0,0,0,0,0,0,0,0,0,0,0,0,0,0,0,0,0,0,0,0,0,0,0,0,0,0,0,0,0,0,0,0,0,0,0,0,0,0,0,0,0,0,0,0,0,0,0,0,0,0,0,0,0,0,0,0,0,0,0,0,0,0,0,0,0,0,0,0,0,0,0,0,0,0,0,0,0,0,0,0,0,0,0.0115486077450476,0,0,0,0,0,0,0,0,0,0,0,0,0,0,0,0,0,0,0,0,0,0,0,0,0,0,0,0,0,0,0,0.000200665630579231,0,0.00024645096154804,0,0,0,0,0,0,0
P052,"Azúcar de caña sin refinar y refinada, melaza y los demás azúcares n.c.p.",0,0,0,0,0,0,0,0,0,0.00197458141997317,0,0.000200541336282751,0,0,0,0,0,0,0,0,0.00764411910885481,0,0,0.0124922429028747,0,0.141196936790387,0,0,0,0,0,0,0,0,0,0,2.77731627159038e-13,0,0,0,0.0075617751240077,0.0206576410754211,0,0,0.00441674796224081,0.0052779172598341,0,0,0.0275882338026957,0.0385185660367917,0,0,0.0276827808044454,0.0403436492638495,0.00304595697863789,0.00632000375339215,0.125708680398277,0,0,0,0,0,0,0,0,0,0,0,0,0,0,0,0,0.191021943150246,0,0,0,0,0,0,0,0,0,0,0,0,0,0,0,0,0,0,0,0,0,0,0,0,0,0,0,0,0,0,0,0,0,0,0,0,0.00200371119532981,0,0,0,0,0,0,0,0,0,0,0,0,0,0,0,0,0,0,0,0,0,0,0,0,0,0,0,0,0,0,0.0020054764302543,5.90021513164137e-05,0,0.000108865684490972,0,0,0,0,0,0,0
P053,Productos alimenticios n.c.p.,0,0,0,0,0,0,0,0,0,0,0,0,0,0,0,0,0,0,0,0,0,0,0,0,0,0,0,0,0,0,0,0,0,0,0,0.00141625337891924,0.0274232090197256,0,0.00640610964659201,0.00161024041694895,0,0.0354517318780683,0.000194079985417153,0.000252826999485996,0.00654985291370274,0.00614680000488202,0.00193768257826952,0,0.0302820521352448,0.0385782952896208,0,0,0.0431106764182449,8.55589678055735e-05,0.00105777287536483,0.0148692122649747,0.141458310690444,0,8.00912355557557e-07,0,0,0,0,0,0,0,0,0,0,0,1.24001714167067e-07,0,0.00130388513488829,0.000499643426838047,0.00191143730504847,4.78683008996618e-06,0,0,0,0,0,0,0,0,0,0,0,0,0,0,0,0,3.45173821647183e-07,0,0,0,0,0,0,0,0,1.15699619983687e-05,0,0,0,0,0.000141664675715003,3.64922901559566e-06,0,0,0.0457675138282877,0,0,0,0,0,0,0,0,0,0,0,4.32563512419573e-05,0,0,5.20344211112334e-08,0.000707509650757409,1.02882040086175e-08,0,0,0,0,0,0,0,0,7.57447081827946e-05,1.69728541399703e-06,8.02507036871027e-07,4.75043250466039e-07,0,9.02681419754102e-14,2.9220064660521e-05,1.78891031662613e-05,0.00411060294961928,1.61249843675629e-06,0,0.00421486593419356,7.67060516530469e-05,0,0,0
P054,Preparados para alimentación animal,0,0,0,0,0,0,0,0,0,0,0,0,0,0,0,0,0,0,0,0,0.0770086549217983,0.481532922889406,0.418746980897486,0.303845875267164,0.260712695640248,0.00857996134923612,0.00134595887401503,0.000853129611441123,0.0470211250944029,0.305236476625245,0,0,0,0,0,0,0,0,0,0,0,0,0,0,0,0,0,0,0,0,0,0,0,0.0492282133144808,0,0,0,0,0,0,0,0,0,0,0,0,0,0,0,0,0,0,0,0,0.0018129922389447,0,0,0,0,0,0,0,0,0,0,0,0,0,0,0,0,0,0,0,0,0,0,0,0,0,0,3.50378326617095e-05,0,0,0,0,0,1.53812415986233e-05,0,0,5.92039049598174e-07,0,0,0,0,0,0,0,9.66179845963802e-09,0,0,0,0.000308286531666607,0,0,0,0,6.94495311714464e-10,0,0,0,0,0,0,0,0,9.16091436224417e-05,0.000124093303117368,0.000207887739952718,0.000208749556867622,0,0.000161919465105439,1.1731842641415e-07,0,1.13549104863512e-05,0.000288562248058426,0,1.70747350763506e-05,1.66977403959533e-09,0,0,0
P055,"Aguardientes, licores, vinos, demás bebidas espirituosas y productos del tabaco",0,0,0,0,0,0,0,0,0,0,0,0,0,0,0,0,0,0,0,0,0,0,0,0,0,0,0,0,0,0,0,0,0,0,0,0,0,0,0.00426410657845657,0,0,0,0,0,0,0,0,0,0,0,0,0,0,0,0.0631570002483464,0,0,0,0,0,0,0,0,0,0,0,0,0,0,0,0,0,0,0,0,0,0,0,0,0,0,0,0,0,0,0,0,0,0,0,0,0,0,0,0,0,0,0,0,0,0,0,0,0,0,0,0,0,0,0.00032471538449798,0.0076991662773776,0,0,0,0,0,0,0,0,0,0,0,0,0,0,0,0,0,0,0,0,0,0,0,0,0,0,0,0,0,0,9.67725425168875e-11,0,0,0,4.21674810153295e-08,0,3.52310319482329e-06,0,0,0,0
P056,Malta y cerveza de malta,0,0,0,0,0,0,0,0,0,0,0,0,0,0,0,0,0,0,0,0,0,0,0,0,0,0,0,0,0,0,0,0,0,0,0,0,0,0,0,0,0,0,0,0,0,0,0,0,0,0,0,0,0,0,0,0.112870189775908,0,0,0,0,0,0,0,0,0,0,0,0,0,0,0,0,0,0,0,0,0,0,0,0,0,0,0,0,0,0,0,0,0,0,0,0,0,0,0,0,0,0,0,0,0,0,0,0,0,0,0,0,0,0.000105489416857188,0.00417732482046074,0,0,0,0,0,0,0,0,0,0,0,0,0,0,0,0,0,0,0,0,0,0,0,0,0,0,0,0,0,0,0,0,0,0,1.46700391377857e-08,0,0,0,0,0,0
P057,Bebidas no alcohólicas,0,0,0,0,0,0,0,0,0,0,0,0,0,0,0,0,0,0,0,0,0,0,0,0,0,0,0,0,0,0,0,0,0,0,0,0,0,0,0,0,0,0.00603521123387245,0,0,0.00114545976687817,0.00101063558362329,0,0,0,0,0,0,0.00166799880410713,0,0,0,0,0,0,0,0,0,0,0,0,0,0,0,0,0,0,0,0,0,0,0,0,0,0,0,0,0,0,0,0,0,0,0,0,0,0,0,0,0,0,0,0,0,0,0,0,0,0,0,0,0,0,0,0,0.000124840432569414,0.0138809778887391,0,0,0,0,0,0,0,4.15652435663841e-10,0,0,0,0,0,0,0,0,0,0,0,0,0,0,0,0,0,1.33739458222049e-07,0,1.53831101896738e-05,0,0,0,9.56407194404783e-10,0,0.000357204501015883,5.1630684082142e-08,0,0.00011215720685763,2.89290916211937e-15,0,0,0
P058,Aguas minerales y otras aguas embotelladas,0,0,0,0,0,0,0,0,0,0,0,0,0,0,0,0,0,0,0,0,0,0,0,0,0,0,0,0,0.0229997864945797,0.00134726288556234,0,0,0,0,0,0,0,0,0,0,0,0,0,0,0,0,0,0,0,0.000105611183067584,0,0,0,0,7.47836916545699e-05,0,0,0,0,0,0,0,0,0,0,0,0,0,0,0,0,0,0,0,0,0,0,0,0,0,0,0,0,0,0,0,0,0,0,0,0,0,0,0,0,0.000113308512502809,0,0,0,0,0,2.51250233640997e-06,0,0,0,0,0,0,0,0.000457171158670606,0.00792285292439801,0,0,0,0,0,0,0,0,0,0,0,0,0,0,0,6.42042140108166e-05,0,0,0,0,0,0,0,0,0,0,0,0,0,0,2.91401617874653e-07,1.71364922671234e-05,0.00116533873331498,0.000949450051045846,2.88676856393595e-06,0,2.14104693201717e-05,1.28169304147377e-05,0,0,0
P059,"Hilados, tejidos, telas y otros productos textiles excepto prendas de vestir",0.000757142370698642,0,0,0,0.000991391357664287,0.00191218793695774,0.00203880274191682,0.0019661344235642,0.00255115134012477,0,0,0.00384581111834283,0,0,0,0.00026711786749428,0,0,0,0,0,0,0,0,0,0.0209581506604865,0,0,0.00394820814992529,0.0174738975472656,0.000209661382312313,0.000783035225898362,0,0.00134490429292309,0,0,4.54718959734209e-06,0,0,0,0,0,0,0,0,0,0.00398429591867555,0,0.000502461251307406,1.36744342409663e-15,1.50940858034939e-05,0.000614158877110487,3.82791210810576e-05,0.000228691434116796,0.000339827688713589,5.76388001656578e-06,7.99187142980709e-05,8.48814786077272e-05,0.25781120169643,0.27206335734163,0.00791018698858958,0.044365507381836,2.93799543944758e-06,0.00266297765385439,0.00286415103314829,0.000127013749882937,0.00207251089622763,0.000101664684814173,0,0.000208670642936592,0.00571817181873526,0.00140488721858956,0,0.00471779647639156,0.000712677698205937,0.00399542124931959,0.000596409654342288,0.00153878786872168,0.00160194728428365,0,6.30597703678492e-05,0.000113079021934089,4.5027972006504e-05,4.5691523415948e-06,0.000367852593460417,0,0,0.000786614808798096,0,0,0,0.0383777675592983,0.013621114033288,2.57870722006503e-05,5.99661700844821e-05,0.000240785573317582,0,5.08159556841378e-07,1.72724716860929e-08,0.000823953260863376,0.000216513454158508,0.000104000490837556,0.00064588160525232,0,4.84194172916293e-05,0.000532477035801259,0,6.52077732153749e-05,0.000140700300612231,0.0238729605293794,0.000182200663514538,2.37194294267237e-06,4.59796229728186e-05,1.61988331894773e-05,1.27612247020191e-05,0,1.45676089002034e-05,0,1.04885038375052e-06,0,2.41548124213474e-06,1.03426178536093e-08,0.000547063041232939,0.00142102657752963,0.000105074791348208,0,0.000567575786988969,6.72251963190993e-07,0.00170768193149802,0,6.39191027358554e-05,0.0011743701049763,8.79126163720275e-05,0,0.000526364099989716,0.0278243528750828,0.000454270093620219,0.000643924637635318,0.00102641540221617,0.000994327143488821,0.000270119221909221,0.000112484322911236,0.00580108877630604,0.00124020049746795,0.0028587910912187,0.00285460725304369,0,0.000577327163499944,0.00277729791068735,0,0,0
P060,"Prendas de vestir, adobo y teñido de pieles",0,0,0,0,0,0.00143052137903221,0.00150230107102025,0.00144919615354669,0.00188421538535247,0,0.00188359374046239,0,0,0,0,0,0,0,0.0029081034972665,0,0.000244573524339897,0,0.00195477173203784,0.000423995653072528,0.000792557462358965,0,0,0,0,0,0.000100619900269665,0.000287391107050101,7.69705521207115e-05,0.00100712843348776,0,0.000779140563185253,0.00058856802844863,0.00015140676687122,0.000171046745131169,0.000367128843277037,0.000110643125415057,0.000308931959292854,0.000219616831873361,0.000238282169849641,0.000173737735290903,0.000174293465680363,0.000991880100145306,9.19799042764823e-05,0.000780246847486358,0.000388544936636095,2.11427554273312e-05,0,0.000389046594896445,0.000187355804286627,3.81930207937992e-06,0.000645805607925727,0.000709606163908713,0.000764132846819311,0.000563912426816081,0.009166012477833,0.00453718571835094,0.000601928872247206,9.46640115500545e-05,0,1.83277203081743e-05,0.00035857558273859,0.000212255916305277,3.64410907449349e-05,0,6.80517263271739e-05,0.00197232732059313,0.000629296252483217,0.00278432516455943,0.000326671181459442,0.000349294681308139,0.00178771883627135,0.000683384307214044,0,1.154487088875e-06,4.89926054997834e-08,1.88788325411189e-06,0.000337220087267609,2.31963458925929e-06,0,3.995030756814e-05,0,0,0.000381148276013502,0,0,0.00104868709826357,0.00298866630379312,0.000752288569288575,0.00117793131553637,0.000411953719672931,0.000711225171387137,0,0,0,2.08589446115415e-06,0.000305601425046703,0.000726913735626373,0.00193115488636861,0.000267095619871701,0.000371476413857156,0.000969588837731402,0.000636347024236012,0.00113615010775574,0.0013172553221817,0.00073450153138696,0.000807550233474576,1.96566277268592e-05,0.000434258763619208,0.00375485821801768,0.00184378036104872,2.48908484228684e-05,0.000756631902996923,0,0.000312535930778914,0.000140877996443513,1.59654015934763e-05,0.000655455385264702,0.000320911935885211,0.000609595687189747,0.000211263201559832,0.00183870540687136,0.00530346732348297,0.00606995348835774,0.0086042577478599,0.000193762343073564,0.000561128208588101,0.00118063166574073,0.000845265865590877,0,0.00116426970751018,0.00371262628817787,0.00192836078829538,0.00468046323992187,0.000658413743578716,0.00595413563993577,0.000286631524341127,0.00258776470243573,0.00248971715967306,0.00306711086759611,0.00280670555334898,0.00378501579767461,0.000265944833887362,0.00252341721713585,0.00352905479207632,0,0,0
P061,Cuero de piel curtida o adobada y cuero artificial o regenerado y artículos de cuero,2.3651241111066e-10,0,0,0,0,0,0,0,0,0,0,0,0,0,0,0,0,0,0,0,0,0,0,0,0,0,0,0,0,0,2.38399239312656e-05,5.29326156072981e-05,0,0,0,0,0,0,0,0,0,0,0,0,0,0,0,0,0,0,0,0,5.66861995975663e-09,0,0,0,0,0,0.00175292813882951,0.0291519418030112,0.0855952718052716,0.229230172779076,0,0,7.61160062304854e-06,0,3.05978284802035e-08,6.19683354259955e-06,0,1.08755065398705e-05,0,0,1.25305778834231e-05,0,1.96103865716922e-08,0,0,0,0,0,0,0,0,0,0,0,0,0,0,0,0,0.0100477410734291,0.00305659759809792,0,0,0.000251734865816988,0,0,0,0,0,0.000103633578706201,0.00247273192074676,5.25544684572058e-05,2.60125075602002e-06,2.60266541960137e-06,0,4.41273920706477e-05,0.000128721301444753,3.01094789133478e-05,3.8618945498538e-06,6.84952187777714e-05,0,0,0,0,0,0,3.68136274269536e-05,0,3.4133047613658e-06,8.10180314408742e-10,5.34489923662952e-05,0.000123513037883107,5.41321306651835e-05,8.62350460664405e-07,0.00105376717825343,6.03695313933969e-05,0,2.6111075498117e-05,1.75331179184244e-14,3.53498208574704e-10,0.0001749254693847,0,5.67572569355322e-08,0,1.11487411421697e-05,2.05448528968629e-06,1.5970051460762e-06,6.23885256309392e-06,1.15502324856029e-05,1.648162605562e-05,5.09535312750981e-06,5.49015622070599e-07,0.000768485401725197,5.00820232686775e-05,0,0.000394508936974777,8.41649948777748e-06,0,0,0
P062,"Calzado y sus partes, de cualquier material y de cualquier uso",0,0,0,0,0,0,0,0,0,0,0,0,0,0,0,0,0,0,0,0,0,0,0,0,0,0,0,0,0,0,0.000152934530033646,2.63542036309441e-05,0,0.00100641409858902,0,0.000368724656560212,1.96271390059783e-09,0,0,0,0,0,0,0,0,0,0,0,0,0,0,0,0,0,0,0,0,0,0,5.59092046974452e-19,5.02214249867238e-17,0.0679569343403689,0,0,0,0,9.91625018814112e-10,6.26128172208276e-05,0,0.000117371669501108,0,0,0,0,2.08177753123609e-06,0,0,0,0,0,0,0,0,0,0,0,0,0,0,0,0,0,0,0,6.6848418909055e-06,0,0,0,0,0,9.12883128661703e-09,4.52111911625176e-07,0,0,0,2.94509168610402e-05,0,0,0,0.000100250974742789,0,0,2.10377590449192e-06,0,0,0,0,0,0,0,0,4.47622314340589e-10,0,0,4.39957885203268e-05,0,7.62381467764145e-05,0.000113796979639451,4.29314004454096e-09,0,0,0,0,0,5.25916926669293e-19,0,7.70754424134548e-05,0,0,2.42831007621685e-07,0,0,2.1990566816461e-06,0,0.000492829426955337,0.000105332470360375,0,0.000853125562017069,0.00165176247094368,0,0,0
P063,"Madera aserrada y acepillada, productos de madera, corcho, paja y materiales trenzables",0,0,0,0,0,0.000302230098104331,0.00031739518663039,0.000306175567928352,0.00039808325070264,0,0.00404577230805265,0,0,0.00235733650219537,0,0,0,0,0,0,0,0,0.001029754254291,0,0.00104020975619896,0.058796257491983,0,0,3.02082349700054e-13,0.00124058211677695,0,0,0,0,0,0,0,0,0,0,0,0,0,0,0.000977999294538411,0.000933201567382866,0,0,0,0.000150186488802143,0,0,4.61731367453541e-05,0,0.00630045693838306,0,0.00305124342856783,0.00324440783464502,6.56552222671779e-06,1.64390296416832e-16,0.00526691321615271,0.000120417833395222,0.126679552083726,0.000248085386450721,0.000303995652239731,6.35154389509819e-06,1.58830397332247e-07,0,0,0,6.42241472234772e-07,0.00259384516397157,0.000168094337500388,0.000857786329112933,0,0.000491001266411671,0,0,5.18301800971432e-05,6.77627440287314e-05,0.000293112027824364,0,0,2.04558518213096e-06,0,0,0,0,0,0,0,0.3587615150237,0.00883415807583845,0,0.00063264340646367,0.00057218988522903,0,0.0276309765578678,0.0206818265338919,0.00315562258652547,0.0222313446679682,6.03989144086573e-05,0,0,0,0,0,0.00344413296318014,5.44856751000389e-10,4.21888983184298e-05,1.38245021014083e-05,0,0.000409946286361092,0,0,0,0,0,1.68535276617849e-05,0,0,0.000116622480460372,3.38467924702622e-09,0.000233597290049914,3.95307084710356e-05,0,2.45352200522476e-06,1.52167498239597e-06,6.35263955903975e-07,0,0.000420338012406778,0.000265385597831748,0,0,7.08033046198345e-08,0.00172921752793188,0.000834539785364757,0.000250224268879456,0.00020310177817817,0.000395948702378384,0.000804867166336134,4.37784211235331e-05,0.000126392760683952,1.43751114489871e-05,8.89779453164825e-05,3.50989822966371e-05,0,0.000870633343891177,0.00133049410014779,0,0,0
P064,Pasta de papel y papel,1.60095216628116e-08,0,0,0,0,0.00066277102516416,0.00069602708183146,0.000671423184880951,0.00087297077896521,0,0.00129145092103487,0.00379822069184123,0.000493445208783477,0.00139074932836599,2.40867916513529e-06,9.48684198991038e-05,0,0.000690178370485279,0.00421150454279289,0,0.00143882549029237,0.00136070937290263,0,0.00107353816456332,0.00271434753836201,0,2.47498774520633e-05,0.00153650866207498,0,0,1.22465181180841e-05,9.18976668399803e-05,0.00105410217274186,2.62182441961969e-05,1.8709327724492e-18,0.000480653898887803,0.00204472962783721,0.000190084424166749,0.000214741538477663,0.0432164379379508,0.00857878945883957,0.0383151873359891,0.00495909976377688,0.00550496526057726,0.000899264829495477,0.000528360187429237,6.98383985497157e-05,0.000654749133253664,0.00538447979398142,0.000386911294592688,4.45272755155746e-05,0.000267572110422485,0.0125330042249216,1.28371737013552e-05,0.00605603655698612,0.00401414707998732,0.00646196348756178,0.00748779358869241,0.0021460145763494,0.00437816729540733,0.000262933013535204,0.00244818702588669,0.00659336251036623,0.41747178808142,0.376996124227545,0.0916000151470491,0.213576860624842,1.34171534435485e-05,0,2.71701173426801e-05,0.000126391128359631,0.00500751082782905,0.010374900080311,0.00268343680260391,0.00302531816275445,0.00923555808075405,0.000327581208496958,0.000471343701549868,0.000213907784578776,0.000720786766969011,0.000298525490461096,0.00026897742084586,0.000539552357526235,0.000470393104311153,7.87239597614014e-05,0,0,0.00472263925895075,0,0.0228563635165335,0.000251314912337153,0.000235445466011562,0.0103043478069763,0.000427016739949772,0.000141406992855334,0.00135209335687985,0.000245095377280324,4.74638571762714e-05,0.000358529144277204,5.63226684534468e-06,0.000301695309035536,0.002031793800316,0.00110329250921728,0.000302381430228461,0.000320054864608872,0.000548264042752796,0.000892160904483991,0.0135468812140302,0.00190776739047904,0.012027383244061,0.00153188987298208,0.000155393379847686,0.000423498503243202,0.00224271328289097,0.0012244119788119,0.000422880421945385,0.000940602005999582,3.0294464156018e-10,0.000596700598230951,0.00709515029215577,0.00335736075397535,0.00174666232440246,0.00174995170215919,0.00964733646187323,0.000393431697126716,0.00284216109900872,0.000816753403807934,0.000452712411482,0.002102164256867,0.000460935717565926,0.00301304938945456,0.000662025754810792,0.00175871807743897,0.000139289121411293,0.000278411744012475,0.00695419178922489,0.00143005532014939,0.00147776439139123,0.00076767286737828,0.00113551626095629,0.0017759997413173,0.00210593616865418,0.00256989189295495,0.0028242591969663,0.00431433358834454,0.00359539192930105,0.000878854772507784,0.00189661552585909,0.00189585327790489,0,0,0
P065,Envases de papel y cartón,4.12397971671521e-09,0,0,0,0,0.00345609555267045,0.00362920289945604,0.00349925468734287,0.0045425733569746,0,0.00617140372631156,0.0398610265033338,0.00726850175661864,0.0299901753971446,9.57463878388424e-08,0,0,0.000523302487046294,0.00223571638456812,0,0.000217149699229985,0.00160090542876793,0,0.000162019988608531,0.00179049044066771,0,0,0.0093681051764964,0,0,3.57802203262062e-07,4.48774428725646e-05,0.0013573009859254,1.39384506842477e-06,1.73921408303607e-18,0.000765354111643601,0.00528400183735745,0.00159893755079304,0.0016794053820181,0.000909819493944114,0.000476434893463445,0.000677231682279117,0.000493172491824578,0.000537212874948777,0.00287233912396536,0.00270439354193793,0.000345222322444872,9.59363772200697e-06,0.000585608116989212,0.000973413659577499,3.57205680062352e-07,0.000113903777600773,0.00827917233428975,7.05311924741209e-05,0.0232766846701311,0.0110851648102403,0.00808031432335043,0,0.00120881892596068,0.00406592242239871,0.000186167309414273,0.00399804210442395,0.0013952462765444,0.0042830937398133,0.00357734958076013,0.0064797494595877,0.00947909461248238,2.24753265987176e-06,0,4.61656123550826e-06,0.000335834252904148,0.00522482708494016,0.00757754161517184,0.0017558861658303,0.0484311813046576,0.00107695919783742,0.000962494273644834,0.00587363080140963,0.0256178058415246,0.00545591090914468,0.000426482013840063,3.38263473010723e-05,0.000190749178532483,0.000947462194133001,1.48772353778325e-05,0,0,0.00183129629876462,0,6.15860434601399e-05,3.09120383391702e-05,0.000280368563124444,0.0149701748314561,0.000281405232462106,2.44664666144002e-05,0.000579505090308297,0.000301691376122235,0,0,0,4.09677892081053e-06,0.00637618116761865,0.000575102407209487,0.00015701188112839,0.000138053260042648,0.000527544604207653,0.000162126181763805,0.000303238668336868,0.000954457159840005,0.00146486789139203,0.0107210885324505,0.000161111369351926,0.000514871191988088,0.000193256671506915,0.000120890752254086,7.07899374987838e-05,0.000561968862982936,5.1104696742605e-11,0.000910434867601644,0.00524775948645883,0.00491336355992977,0.00110488918127779,0.000384621232665234,0.00133683473289537,0.000109279060964882,0.00072583123010709,0.00101296538139523,6.17967474341651e-05,0.00129244265622355,0.000327614179762563,0.00122657582650896,3.91565586869442e-05,0.000824388264560811,0,5.19089192764563e-06,0.00326640665834994,0.00013742995046719,1.39170601210589e-05,2.52656683627711e-05,2.37434592475154e-05,0.00016594769631255,0.000274729938546207,0.000376609377643904,0.000836865172396241,0.00140875342269234,0.000555356662822272,0.000989333519212954,0.000462734656728373,0.00069067702029008,0,0,0
P066,Productos de la edición,0,0,0,0,0,0,0,0,0,0,0,0.000272939146506174,0,0,0,0,0,0.000325273227767494,0,0,0,0.00143006436811833,0.000122595464834253,0,0.00012384022503907,0,0,0,0,0,0.000111289206935467,0.000105254395110052,0.000216222349624436,1.70798806943344e-08,0,0,0.000589824255644311,0,0,0.000101301629887441,0.000105368338855399,7.94451363513904e-05,0.000335006570409176,0.000380683347993359,0.000250428653289916,0.00024160818333896,8.00982874313525e-06,1.68744323679305e-05,1.09451210317842e-07,9.52445843814833e-05,0,0,0.000321925821141644,8.03328326486604e-06,7.82697152803436e-05,0.000361401847854481,7.94278372911315e-06,5.74477208475239e-06,0.000322207073303308,0.000406400888660124,2.89942584042857e-05,3.03334998699595e-06,0.000432588993713374,0.000128104136528563,0.00016484604951467,0.000298808758166253,0.00979046210187187,6.57685110856378e-05,0,0.000133469927571894,0.00412664625093033,0.00149827416111022,0.000446864501977982,0.000918694164948263,0.00114041237635893,0.000243460636514597,0.00612354011550858,0,8.35685888387201e-05,6.55493108280572e-06,0,0.000123710045013003,7.57959732084081e-07,0,0,0,0,0.000483290315638038,0,4.10714405893604e-06,9.76453638320035e-06,5.90344843038414e-07,0.00160961492167955,3.36103627526447e-06,3.68010414672389e-05,0.000165717892724659,0,0,0,6.03777197366739e-09,2.65781180361042e-06,0.000595269607054346,1.59048581536968e-05,0,0.000177160679250158,0.00237365074211424,0.000771274235825613,0.000355696032086994,0.00126611655539618,0.000306881353827119,6.05109218848278e-05,0.000749130520068418,0.104680105879841,0.00146422651520861,0.00017289447611996,0.00146539986090068,0.000991305603382876,3.66164025092874e-11,0.000152347554827387,0.00229240857674984,0.00782090699685389,0.00273706794965884,0.00119367350570611,0.0174779126712954,9.96130905166641e-05,4.08878031539115e-05,0.00118614104014243,0.00323077335938462,0.000112157333984151,0,0.000713960712939462,4.77540003289114e-05,5.68249317674197e-05,1.2979434269675e-06,0.000560796503785609,0.00168318321162246,0.000745337166037375,0.00239147003960128,0.000674078754027941,0.000258998132711334,0.000118739808829622,0.00692208052847775,0.000609896968756102,0.00124517717957875,0.00145618273916042,0.000510513362145083,0.00101229805170814,0.00899705634590601,4.88965155422168e-05,0,0,0
P067,Productos de la impresión,0,0,0,0,0,0,0,0,0,0,0,0,0,0,0,0,0,1.78501639236134e-07,0,0,0,0,8.15571248719579e-05,0,8.23852065925759e-05,0,0,0,0,0,2.62268410263634e-05,6.03612792854209e-05,4.13546828630627e-05,2.64148180091325e-10,0,0.000117596657329805,0.00380942017106151,5.79135525874986e-05,6.43215818694401e-05,6.22260160932931e-06,0,3.50193121530411e-06,0.000791335260955209,0.000828312554086941,7.16995859088789e-05,6.96692122013974e-05,0.00013546389999408,6.33621301311161e-05,3.98675367388902e-05,0.000180594153704091,3.7639219598611e-06,0.0001151247877206,0.00250622264952548,3.06825242027489e-05,2.36916776636523e-05,0.000594974076292331,0.00751621529601341,0.00798237429118456,9.83561643977757e-05,0.000100608446744533,0,6.4206694509189e-05,4.51997785742857e-07,0.000341354045025936,0.000229506607379289,0.014684769054772,0.00134515395048052,1.24023775442231e-05,0,2.55282286876087e-05,6.05498689624029e-15,0.000174951864164629,0.00311268187940602,0.00279133515852996,0.000228588360631339,0.000109988753352499,0.000187509486886571,0.00027867566636439,0.000196519065739781,4.87967791657909e-06,0,8.90438304128589e-05,0.000101382281011365,3.76847490796215e-05,4.4390608895707e-06,0,0,0.000332525786516658,0,3.89260661996487e-05,0.000171300900531662,1.33312512398902e-07,0.00040322475404309,3.33801971534249e-06,0.00017856515337154,0.000703905360159435,2.6627322063242e-08,0,0,6.24479410189132e-07,1.61527522582029e-05,0.00567400540571275,0.00174883385670356,0.00114809562837736,0.00108001990386012,0.000135094200734017,0.000347763645296829,0.000823663313033017,0.00103233898012234,0.00167838077849005,0.00321475078169237,0.00173875282005671,7.76220907981338e-06,0.0106185582852134,0.00615692767266638,0.000399824036793137,0.000499694444671566,1.33235025163681e-10,0.000159199753320132,0.00457758170156921,0.000730695514525195,0.000851023613696509,0.00611985983834333,0.018902410666114,0.000943602528156128,0.000421907997917712,0.00192118505242824,0.000640195360511034,0.000180792240590189,0.000588218604941981,0.00221856206171381,9.22492365910448e-05,0.0019368119339879,1.13766400598255e-06,3.10176585377445e-05,1.31968409403661e-05,0.00446070823399832,0.00656237924235152,0.00253637711652146,0.00346411444663002,0.00408232313311175,0.00701103540914842,0.00251756627011858,0.00131930491305687,0.00305771233308438,0.0024517951349464,5.11550546447424e-05,0.00204940258647131,0.00139005009216236,0,0,0
P068,"Gasolinas, diésel oil y fuel oils",0.00698795946294447,0.000617262999553292,0.0170798068981644,0.00848190662804507,0.00570728252258332,0.0110686352729198,0.00835655030163622,0.00808634357141912,0.0104751369478972,0.0178348795214358,0.00166584446609729,0.0171346463170885,0.0104502568136039,0.0124882305387516,0.0140618549970761,0.000647638919629339,0.00703910749592903,0.026870389338265,0.0684331574346759,0.0494803332362793,0.00517505843135346,0.0124590448907505,0.0053036622108162,0.00973365731001214,0.00535751238927706,0,0.0298402116162328,0.023691894930438,0.205629958227178,0.020716960555367,0.0514515462949947,0.0183762370589389,0.0603577717723484,0.0109227177195439,0.00477333140491513,0.0100143951422198,0.0148762785896803,0.00356962096548276,0.00736965830402339,0.0326165869573554,0.0106678804869922,0.0253452762412074,0.0134653451290262,0.0169382461965036,0.0116609784683577,0.0120742810287501,0.0169120082775122,0.0191374348353484,0.0282889266898144,0.00303133390727302,0.000287888916274861,0.00136935026975191,0.030276434251991,0.00247486038084409,0.00392498044053786,0.0454737329533641,0.0403138671242098,0.0418893413782102,0.0156340961279697,0.0149604770127346,0.0197554716278204,0.00123165262177342,0.0206468516636306,0.00598091252809153,0.00817161604830617,0.00887489514865927,0.0148952101811712,0.0261717661975276,0,0.0541798998322547,0.00188062974017794,0.00875544486882536,0.0122285879434429,0.0295063336557685,0.00632483393282724,0.00403709098021663,0.0824435988615505,0.0304663000750573,0.0160521583878714,0.0173303817473288,0.0106565144329722,0.0137173248583864,0.00594061032621385,0.0150752061253328,0.00133297220116651,0,0,0.00235623335115771,0,0.00551624437249946,0.0158311031953325,0.00827590669132992,0.0137587864831737,0.059456883531009,0.0968234581133688,0.0424310800587087,0.0750155257829833,0.000289565192205849,0.000699027824244376,0.0216851981316372,0.0176333289605772,0.0124578439869591,0.0322845545565536,0.18540152043078,0.199547358902345,0.0427407459619624,0.00192150874707567,0.0170885074518219,0.0626819014849133,0.0208756624407949,0.00334629048174558,0.00976795535496399,0.00256911612090975,0.000821906888552577,0.000476981093839283,0.000534019322491046,0.00649356001177578,7.40331772321956e-10,0.00394326544350549,0.00301731914635764,0.0172676418496532,0.0168813683400476,0.00407384572340344,0.00630260161428133,0.0208612505477856,0.0040271636820767,0.0143742821558833,0.0097192705528733,0.00663837095553988,0.00190337057761116,0.0242979450811703,0.0138693464663776,0.00696449787765058,0.0226402539968944,0.00410362715055297,0.0211860394040838,0.0317201106902901,0.00148831335768314,0.00274073591710433,0.00435576723366576,0.00509651078696042,0.00321398532473936,0.00793071957645925,0.00827469063120241,0.00738848294020055,0.0148871607954506,0.0118267622808844,0.010086313464216,0.0048430284196996,0,0,0
P069,"Aceites, grasas lubricantes y otros aceites preparados",3.77845242347109e-08,0,0,0,0,0.000104581707386401,0.00010982933447804,0.000105946971710588,0.00013775009934993,0.000757627051736907,0,0.00137218715365338,0,0.00174057384002243,0.000752911429751143,0.000123666098733874,0.000932103235406297,0.00152530357405948,0.00843534941815922,0,0.00086027521777613,0,0.00225138423349397,0.00122982165936121,0.0022742434273752,0,0.00761089606969264,0.00826880711956111,0.0153244485189686,0.00358557503929352,0.000835660190310249,0.00445610524735545,0.00493481080635433,0.000582249567832499,0,0.00107148686821227,0.0010365176583785,0.000626694750328692,0.000717172047797573,0.00306118764393842,0.00164505279452359,0.00179722496144534,0.000236275576719885,0.000341017236601109,0.0015394010101454,0.00141637941013948,0.000183682009480777,0.000682729258072874,0.00130700166770373,0.000374686765778451,3.5983813844403e-05,0.000137781586315147,0.00102397640676435,4.95256848538993e-05,0.000272430812185224,0,0.00218617842337847,0.00221660747711818,0.0014343728629835,0.00125817371252845,0.000245469665876961,0.000183710067018374,0.00677823515100925,0.00164411950322504,0.00130098154531832,4.04449314751856e-05,0.000738149327072966,0.000240994058627295,0,0.000498897699836124,0.000123142425796795,0.00223218231049877,0.00100602826632829,0.00158276815512923,0.000203357734830117,0.000288320589696131,9.17521503635332e-05,7.1103726239726e-05,0.000346144065240603,0.000122982499059971,0.00139919932211139,4.00587142907458e-05,0.00126564865339071,0.00115830974610808,0.000148861026463656,0,0,0,0,0.0013976883973382,0,0.000566802864221203,0.000706727445745623,0.00383230862701528,0.0009875674810013,0.000109275128202076,0,0.000133763511987175,0,0.00209680058222038,0.00101904629639214,0.000454544993566594,0.0178040225673411,0.0062115095461643,0.0080975400013855,0.00743513745814885,0.00250529404296086,0.00263083804274243,0.00572060014461223,0.00263672906106906,0.000192889633471039,4.73032961269853e-05,0.000338658853749825,8.70636071365647e-05,2.37731568977279e-06,6.83529528984038e-05,0.000373740461121459,0,5.14796440155158e-05,0.000494741849878446,0.000854492050736266,0.00138897308888231,0.000485334225260925,0.000549210537875672,0.00325551600867003,0.000522509358214648,0.000641205365264212,0.00131623447922093,0.000637052476833609,9.91102367025421e-05,0.000941384246891345,0.00465105154326343,0.00177334229209741,0.00284857887363221,0.00663718785133906,0.00392743535688826,0.00170896684323728,8.04183285244148e-05,0.000148125297475747,0.000235421529809207,0.000277875444931713,8.84548326477899e-05,0.000362701415023467,0.000205548969934847,0.000462247601188555,0.00278087364164318,4.05627651274212e-05,0.000675739584067904,0.000413125705081452,0,0,0
P070,"Gases de petróleo, otros productos de la refinación de petróleo n.c.p.",0,0,0,0,0,0,0,0,0,0,0,0,0.00207166321387965,0,0.000794967623627837,0,0,0,0,0,0,0,0.000318523044827943,0,0.000321757135184018,0,0,0,0,0,0.00430075236660244,0,0.00127999102053037,0,0,0.0056934950637615,0.00388327016609738,0.0016929750477331,0.00195271950097593,0.000466102177708039,0.000194935761950436,0.000401995156285324,0.000268937822467604,0.00028156919029601,0.000178222512317899,0.000178878807613569,0,0,0.00146570361895902,0.0125272641650944,0.036141358837418,0,0.00116500899928705,0,8.93118488631601e-05,0,0.00108697774090921,0,0.00062021772613386,0.000113419847610547,2.01870774205585e-05,0.000465124772233685,0.0024395438641189,0.000509386012548022,0.000443460162987064,0,0,0.00253217230509579,0,0.00524201694347474,9.57300201181396e-05,0.00760655821354033,0.00124352226500511,0.00174742204576092,0.00308089957609637,0.00230357957639753,0.00328677851793131,0.0175674547948304,0.026917267959923,0,0.211620973135768,0.00158472441580624,0,0.00460214189527848,0,0,0,0.000666286429865273,0,0,0,3.98728485645119e-08,0.0112870912433372,3.17542236839349e-08,0.00199164087885194,0.000275853219208387,0,0,0,4.79586593782708e-05,0.00062239765959058,6.15086933921154e-05,0.000686668661908202,0,0.000381699718470446,0.0739149707162666,0,2.7071548803729e-06,0,0.00275034138508493,0.00342763920792717,0,6.9325610173592e-06,0,0,0,0,0,6.65222506684579e-07,0,0,2.02157755890263e-08,0,0,8.52769705867382e-06,0,0,2.56085353055281e-08,0,0,0,1.18557076459061e-08,0,0,0.000171909231922061,0.00203206308013726,0,0,0,0,0,0.000104147317171338,0.000185752581345612,5.97149566058946e-05,0.00035330809468438,0.000242372615578476,5.01074303103177e-05,0.000122952445781611,2.72128122476919e-05,0,0,0
P071,"Abonos, fertilizantes y pesticidas",0.224357774353562,0.167781768819851,0.124750058992396,0.266077733193403,0.252185195769675,0.069822677807361,0.0644250721704024,0.062147706995848,0.080803185544876,0.159607166841321,0.0715489031611937,0.139067163816366,0.0750545736406882,0.152288254495375,0.188322868626107,0.0571187576431912,0.0483230783558324,0.0392244187597626,0.0803244283091083,0.14054076235422,0.0079205881763743,0,0.000163268858350503,0.00705134628381934,0.000164926591594024,0.0152761462245874,0.00180821702168554,0.0224763019190913,0,0,0,0,0,0,0,0,0,0,0,0,0,0,0,0,0,0,0,0,0,0,0,6.5198457446569e-05,0,0.000115559096285035,0,0,0,0,7.80808219392026e-08,0,0.00413193208900091,0,0.00125697109890935,4.07292379379908e-08,2.68972209789577e-06,0,0,0,0,0,0.227682073103278,0,0.00076164310515347,0.00410345088747683,0.0252016226936836,0.000195342872180922,0,0,0,0,0,0,0,1.9943161908584e-07,0,0,0,0,0,0,0,0,3.36509426020097e-08,0,0,0.000159076037966591,0,0,0,0,0,5.38558417137284e-05,0,0,0,0,0,0.000148224549949168,0,4.81279731457201e-06,2.58506488669439e-06,0,7.63475183746091e-06,0,0,0,0,0,0.000390700213145125,0,0,0.000190435473311074,0,0,0.000102093429471308,0,0,5.48112957070091e-09,0.0115311705591431,0,0.000306273757170628,0,0,0,9.0748913290783e-05,0,0.00229078824912211,0.000223052818472461,0.00519321885866314,2.65732955234224e-05,1.89613947469207e-05,0.000125425215113421,0.00110238669415511,0.000330031952101427,1.95101344069302e-06,0.00258955457306316,0.00132499864311418,3.47609844317575e-06,3.08640646847486e-05,0,0,0
P072,"Pinturas, barnices, tintas y productos relacionados",0,0,0,0,0,0,0,0,0,0,0,0,0,0,0,0.000102699713720941,0,0.000384213857328096,0,0,0,0.0019218174789874,8.64874613456309e-05,0,8.73656027209603e-05,0,9.70798077746335e-08,0,0,0,7.93791372378992e-05,0.00012469120196854,6.09515932353199e-05,8.49466913392933e-10,3.58758307276679e-16,0,0.000133053437441327,9.43585385051614e-05,0.000106598411815831,0.000941966855109525,0.000294542912825531,0.000716738134723653,0.000845190596429507,0.000989626605978741,0.000111134342558496,0.000103810061727676,0.00217583794592025,0.000226890631885582,3.36759393043531e-05,0.000217619750533653,9.71739098147186e-06,0.000160753562384294,0.000248785918677236,3.84560000853931e-05,0.000113078102917339,0.000141649569331851,8.8780138182517e-05,0,0.00809520450614972,0.00253158209709219,0.00256349282221912,0.00443238629322247,0.00534248626020001,0.012297593508533,0.0106733206158984,0.0164956260899143,0.0449086739846431,3.66513502536233e-05,0,7.53840084141144e-05,9.11330029866541e-05,0.0866699823217768,0.0015679313097435,0.000613860241943854,0.000555394992654232,0.00918456791761591,0.0113559132142666,0.0582705845210394,6.14828460331113e-07,0.0013027636074446,0.00218494933768864,9.95472162159769e-05,0.0109014177693978,0.0112548877456053,0.000905062732073444,0,0,8.82563718174448e-05,0,0.00699186221229353,0.00319525219683726,0.00498485180557522,0.0194781416508419,6.60907355140474e-06,0.000222591566735036,0.00189614459427541,4.30141031644245e-08,0.00471234922939207,0.00106735271989543,0.000878674721957676,0.0175046873038711,0.000674515319791235,0.0125617837128388,0.000202139088909869,0.000218992003225417,0.00034119252426093,0.0013825164875654,0.00139995893790615,0.00123459065915316,0.00160961987448895,0.000215423727070276,0.000109306435296625,0.000748820628448143,0.0016497819156206,0.00120062573351406,0.000641377320933527,0.00125428307258004,2.06187663971309e-10,0.000328662784194088,0.000939864588506605,0.00132412334534749,0.00120865992627536,0.00117847371442409,0.00465105853080831,0.000235124232957161,0.0024681692617246,0.00391606088860716,0.000829542855501893,0.00275262857233823,0.000350181320596612,0.000694441591742342,0.00616729744526047,0.00341451427224166,0,0,0.00389019792974869,0.00393727457971023,0.00421321824689919,0.00237653208772615,0.00219322682521174,0.00176157518566803,0.00169359716979719,0.00195990921693958,0.000318280034158867,0.00286991333988761,0.00198575119680416,6.66963499252224e-05,0.00385668980207845,0.00126510759717315,0,0,0
P073,"Jabón, preparados de limpieza, perfumes y preparados de toilet",2.24690094127948e-09,0,0,0,0,0,0,0,0,0,0,0,0,0,0,0.000163958552416389,0.000325324155449115,0,0,0,0.000429328728766205,0.00106624737596844,0.00150058847552818,0.000320331255307632,0.00151582454336046,0,1.08357010795707e-08,0,0.00316351339649782,0.00307569951128396,2.606261926426e-06,1.66263582348463e-05,3.89569168388949e-07,0.00110726159535258,0.0051067990374219,0.0015464918664622,0.00352976902956703,0.000957116052649931,0.00103249368782032,0.00117576599245761,0.000364581060919089,0.000599872743015433,0.000829066859914917,0.00147171200303205,0.000775681675753144,0.000737550126536491,0.00023261496854372,0.00196847828021212,0.00106332749576587,0.000458590659148583,9.0333187722979e-05,0.000323509830559604,0.000269671922141728,2.30369942902123e-05,8.18598869853816e-05,0.00169465481793436,0.00194870080642721,0.00196930098632424,0.000739931910177875,0.000757877893531926,0.00212564124580843,0.000312694877210604,8.17236022162638e-05,0.000370801897228318,0.000319919245767149,2.13835067691177e-05,0.000323691534364811,9.05007337139649e-07,0,1.79341842927223e-06,0.00304346625550669,0.000333826908483763,0.00561065188594541,0.00349526583917609,0.00469133801314386,0.00221965098156452,0,0.000374109566836494,9.48194635000776e-05,0.000202985012281762,3.81333553809894e-05,0.000200179210064302,0.000484850427166241,0.000468632700049768,0.000689010134471888,0,0,0.00214282440373521,0,0.0187436394245692,0.00187030221833383,0.000287273781328811,0.00259562017108067,0.00345492767058618,0.000263599722719867,0.000329740179140522,0.000707351296236586,0,0,7.76232015710433e-06,6.24902458858489e-06,0.000691572561181527,0.00587518340882005,0.000291590806093573,0.000206178672627842,6.33686955395026e-05,0.00025922141203742,0.000263933618707241,0.000890448043105323,0.0247469048277977,0.0028380846944572,0.000201078062314595,0.00075223615237056,0.00020614042205736,0.000204900881528728,1.89751191982444e-05,0.000219430780467843,2.28716973160906e-10,0.000505850011924018,0.00151806922831582,0.00163821489178814,0.000169784241825995,0.000390900892209541,0.000331974605042197,0.000255812826270124,0.000165523123331846,0.000128135765591691,3.77458324350377e-05,0.00597499366976195,0.000117097737855661,0.000999548325120358,0.00130709397653824,0.00117300436406044,1.49702897379547e-06,5.70664195234452e-05,0.00170502401486634,0.0028365572205262,0.00144762772095779,0.000489411391024592,0.00052851883434428,0.000338389386599394,0.00105559862592929,0.00187092174862888,0.00246885282381324,0.00524336747494602,0.00328994747195299,0.000723864343456591,0.00323615710478677,0.00734161894862188,0,0,0
P074,Otros productos químicos,0,0.000693307101697336,0,0,0,0.00289623880257965,0.0030415642288334,0.00293404781918788,0.00381478934286692,0,0,0.000274878235546349,0,0.002007422592825,0.000579749176026559,0,0,0.00753597597337954,0,0,0,0.000858269230906233,0.00207747484833378,0,0.000113583481310247,0.016957497848018,1.313316382317e-10,0,0.000138151773349954,0.000912013015578717,0.00657112956490704,0.0182381864436991,0.00600133041572097,0,1.82484897216762e-08,9.54060437404341e-06,0.0077711478773861,0.00138659153756952,0.00150378376316241,0.00976316065230325,0.00305365785846452,0.00748557535261527,0.0121791743009448,0.015240346249435,0.00655166068816824,0.00644119741094195,0.0029119320896142,0.00122716521471558,0.00411412506855441,0.00149080078366865,8.24673815327573e-08,0.00299070210357638,0.0186071696666397,0.0439553479471492,0.0166968263252564,0.00318898648324443,0.0393983421047804,0.0127757648424746,0.0872401740137701,0.0271414411145504,0.0331709202033978,0.0988123803369403,0.0272220171163903,0.0262129344954456,0.0215874264077386,0.000401471080886329,0.0177346026082484,0.00324676561413756,0,0.00677557992313105,0.108064284956255,0.315818261786239,0.214850643301696,0.155299743708972,0.159435840348824,0.380501384424263,0.0382069904247248,0.00792519102447557,0.00179418898534025,0.0134146877660133,3.08084717539211e-05,0.00493264010507202,0.00474222084425873,0.00959447308244226,0.00185250163617064,0,0,0.0264348395723606,0,0.0333694445779119,0.00584558955913413,0.046591963773882,0.0517409067029397,0.000855339856831512,0.0011680800132223,0.00744951812002112,0.0229239698394011,0.00100933697686659,0.0049119805639716,0.0017463659445012,0.00188710779255107,0.000644426845310122,0.0118543819277015,0.000155507764728,0.000107736331616274,0.00123497631668727,0.000179383030342811,0.00468737953340401,0.000154766147225236,0.00409426198785145,0.000285902755393648,1.03677120878284e-05,0.000288650297738695,0.000215545163247145,0.000152383458421268,8.33727335847682e-05,0.000171013662738198,5.69853274241731e-10,5.95007305417699e-05,0.000138563929165109,0.00433467484097037,0.00373501077533328,0.00252324975595103,0.000101813299647556,0.000239179658567094,8.26867000281597e-05,0.000517428995203616,0.000111362269461373,0.000333786727054837,1.31000055685748e-05,0.000419042557793463,0.00336692577786583,0.00835980729425767,0,0.0807524696655362,0.0177324289057867,0.00343916380038995,0.00188034980731745,0.00198747739069489,0.00109409062242088,0.00160982286494171,0.000590910712275898,0.024345294538186,0.0345398121404315,0.014422395877562,0.000855664518831974,1.39846508563017e-07,0.000484219491094296,0.00576266952534148,0,0,0
P075,Productos farmacéuticos,0,0,0,0,0,0,0,0,0,0,0,0,0,0,0,0,0,0,0,0,0.0378458569035315,0.019291731437011,0.013111839354741,0.0550302702362602,0.0132449690415757,0.00255987713314644,0,0,0.00175396608467165,0.00231043958877295,0,0,0,0,0,0,0.000116793761258593,0.000341558572853891,0.000385842768165272,0.00178631406052518,0.000366172088119832,0.000940169246220627,4.04540785577085e-06,2.63823065824598e-05,0,4.10365994584836e-08,0.00265916886169707,0,5.46876067371635e-05,6.49615764293e-09,0,0.00240126457780119,0.0114606712069068,0.0071397856103597,0.000642155728318571,0,3.18611730089983e-06,2.94997643492163e-06,1.11143015605316e-09,0,0,0,0,0,0,0,2.01136570816088e-08,0,0,0,0.00603333529441652,0,0.00554778530992915,0.00230759945696188,0.122140684998695,1.4634001807499e-05,0,0,0,0,0,0,0,0,0,0,0,0,0,0.00313966112575895,0,0,0.00037906576606193,4.97362897180071e-06,0,0.000161628539471578,0,0,0,0,0,5.38200304354488e-05,0,0,0,0,0,2.04289290039731e-06,2.65918817901755e-07,0,0,0,0,0,0,1.02986991889355e-06,5.86328952386442e-05,0,2.61464938325982e-06,0,0,0,0.000206315028580267,0,3.50283570990157e-05,5.39625033019907e-06,8.98987348731045e-06,9.8226017547199e-07,0,0,3.04547012604507e-06,0,0,0,0,0,0.000527790308876831,0.000261428235401557,6.20191512890567e-05,1.91170399452052e-05,6.94094146731151e-07,7.13131516084148e-05,0.00570391846750662,0.0178358453309464,0.00912590783875068,0.00037075347711795,0,0.00445289643297162,0.0018708722847216,0,0,0
P076,Productos de caucho y plástico,0.00934134507092762,0.00299517745798432,0.00606022333008124,0.00530821851513437,0.011273421552801,0.0675882583442015,0.0686798845347225,0.0660887686278297,0.0861391581645933,0.000166538527385958,0.019932287949,0.0370560089909531,0.0148330325666283,0.00201467035885659,0.000267301702729167,0.000553235768685103,0.00375016263951212,0.00905198852942456,0.0273121587077882,0.00146372342024787,0,0.00164066832646631,0.0080855154440412,0,0.00788603311009667,0.0296580600584502,0.00486739058400199,0.00716573625833898,0.00188381546893367,0.0117471873816787,0.00320018594834677,0.0114448947854181,0.0135755335189011,0.00036238822583734,0.000398484177690852,0.00116691286575991,0.0255728004483147,0.0101197337518251,0.0110485837063638,0.0222595707752436,0.0066729283941799,0.0195353824002732,0.0127127572220052,0.0145991834493032,0.0145259354612126,0.0131896566725711,0.0138035543189814,0.0105173969625864,0.0218902660383353,0.00978171719823511,0.00442891087061719,0.0184289410178818,0.0196276464863245,0.00331378426905937,0.00700605601941112,0.0134397165149117,0.050360980237034,0.0587405202426736,0.0105982637273714,0.016682999794597,0.00742300865193085,0.0153800719772548,0.00297688142975747,0.0145264010568644,0.0117021907778467,0.00477572735110573,0.0249432030483222,0.00159741506196519,0,0.00317100533290893,0.0876209458913389,0.00800872122367294,0.03635623208706,0.0209739839034713,0.0181061590415824,0.0676491473081739,0.00133167212206618,0.00428638153788224,0.00381947921180922,0.0084331713984304,0.000672356136838482,0.00140836484224236,0.00645278313600546,0.00721147833337505,0.00371521379824611,0,0,0.0288200126518857,0,0.0738938154471853,0.0222839332423748,0.0094292946086828,0.0814748598506161,0.0277561011426801,0.00252985014412594,0.0244384489367438,0.0286786618363929,0.0192693200287386,0.0181951803940625,0.00464485145464549,0.0271757127725585,0.00903994020407822,0.0125214778962722,0.0334686321244075,0.034867820394785,0.0029571918127382,0.00038586788337519,0.0156608921723843,0.0147966444293415,0.000751237001311281,0.00672043591546175,0.00555421514406817,0.00119940478264022,0.000982111292082432,0.000679453823629266,0.000212090051317611,0.000657285918122607,5.47133654648724e-10,0.000642963875404603,0.000642765573418228,0.000284492218928218,0.0056087578583742,0.0035532906640957,0.00329700649929874,0.00512784591610489,0.00154677314395193,0.00211632552547318,0.00245380319614954,0.00540213458293179,0.000106079444160728,0.00246995373916474,0.0097665634277708,0.0160310362175361,0.000173057873546076,0.0107419414514101,0.0235612301450767,0.00685492916335804,0.00392006499548917,0.0033343815861417,0.00405990092005796,0.00324295346681506,0.000750680049637795,0.0084673375087569,0.0148888496817895,0.00742975736391785,0.00489890207928081,0.00116747060295418,0.000939457512369459,0.00273633696081156,0,0,0
P077,Vidrio y productos de vidrio,0,0,0,0,0,0,0,0,0,0,0,0,0,0,0,0,0,0,0,0,0,0,0,0,0,0,0,0,0,0,2.51890361677633e-05,0.00187749382878904,0,0,0,0,0,0,0,0.0108431288832576,0.00338861046821446,0.00868948687634328,0.000151980859535856,0.000324053741612831,0.00210825955133242,0.00219104027800216,0,0,0,2.7015011721575e-08,0,0,0.00299456896820501,1.71973019693708e-05,0.0169955347947643,0.0428554203470391,0.0175131910128287,0,1.77521348963856e-05,0,0,0,0.00112012858910577,6.35134689801059e-07,7.26131275812501e-07,8.50038029619031e-07,5.5239441236077e-10,9.83723859389462e-06,0,7.44886280657353e-13,2.70059536968186e-06,0,0.00449631118557916,0.00162446927874345,0.0149669229721533,0.00111217132874655,0.164877254664956,0,0,0,7.64240282540291e-05,0,0.000238466286869186,0,0.00369882798705882,0,0,0,0,0,0.022303571307747,0.00139549360890068,0.0128519692838219,0,0.000158545181984431,5.70364036119719e-05,0,0.00166198186758054,0,0.000102028941830153,0.0110521480033151,3.54155177269217e-05,0.00215157144014827,0,0.000202597099963887,4.50866029965742e-06,0,2.82992424087285e-06,2.48984755138531e-07,0.000332372952531869,0.000329333858402398,0,7.89921533071018e-05,1.75175545338964e-09,1.23979167293936e-09,0,4.4208963676277e-06,0,1.19497535684351e-05,0,0.000255712006334756,8.99845423350783e-06,4.79106337241219e-06,0.000340299539557761,5.21307799765445e-07,0,1.44511608561407e-05,2.92829640295362e-06,0,0,0.000563025123743433,0.000169742922232565,0,0,0,0,7.91371680823345e-05,0.000119603800947159,0.000101669873569753,5.18659107442138e-05,5.9761820746426e-05,2.74335113689255e-05,0.00106652953756525,0.000950326819114207,0.00741510988323831,7.27654196372801e-06,0,9.11940327501871e-05,0,0,0,0
P078,Productos de cerámica y arcilla,0,0,0,0,0,0,0,0,0,0,0,0,0,0,0,0,0,0,0,0,0,0,0,0,0,0,0,0,0,0,8.75191921029259e-06,0.000781014781078525,0,0,0,0,0,0,0,0,0,0,0,0,0,0,0,0,0,0,0.00103890068316643,0,4.73494887341772e-06,0,0,0,0,0,0,0,0,0,0,0,7.17513995775625e-07,0,2.38741832010686e-10,5.85401570113506e-06,0,2.61989811012214e-13,0,0.000309571945998385,0,0,0,0,0.000728543948726988,0.00673332320018819,0.00759494442352942,0.0015345386055847,5.74900537044879e-05,0.00550766907646696,0,0,0.00986885924844226,0,0,0,0,0.0829419435488653,0,0,0.00194423325433399,0,2.78031897986087e-05,0.000130860101969981,0,0.0414629425597999,0.0370806946750282,0.00040866051665853,0.0178978872492284,2.17754974851908e-06,6.41612051945094e-07,0,0,2.75352774990618e-06,0,3.87640536837493e-06,0,0.000472947251096398,0.000261901711149768,0,7.17380882125045e-05,0,0,0,0,1.04467946050126e-09,0.00017297736009911,0,0,1.57632581644052e-05,1.71799950363114e-05,0,1.5809820992714e-07,4.25215642061034e-07,3.4512323270651e-06,4.93510363893556e-08,7.45723829458295e-06,0,3.27584840274563e-08,0.00354654562435197,0,0,0,0,0.000207897613323615,5.15263869349112e-05,3.15039236008531e-05,0.000257166985055663,0.00034629154580494,0.000169273994404418,6.41213318465451e-05,0.000139615058794293,2.57591192645399e-05,9.47985661578988e-05,0,0.000340352392911476,0.000107893017139968,0,0,0
P079,"Cemento, cal y yeso",0,0,0,0,0,0,0,0,0,0.000160312480938897,0.0021967283735522,0,0,0,0,0,0,0,0.0654830698947006,0,0,0,0.000526534786476783,0,3.26354299333012e-05,0,0,0,0,0,0,0.0070111494631824,0,6.17200734898694e-05,3.52811669099785e-05,0,0.000882520676074353,0,0,0,0,0,0,0,0,0,0,0,0,0,0.00353237307665854,0.000680084425289115,0,0,0,0,0,0,0,0,0.00765013273969097,0,0,0,0,2.83205992949521e-07,0,0,0,0,0.00116867567621804,0,8.05924025569415e-06,0,0,0,0,0.00800172780343405,0.0386743640410112,0.317266037460019,0.0565797408588916,0.000215165799526814,0,0,0,0,0,0,0,0.00349948951803571,0,0,0.000142279031446398,0,0,0.00158130493728048,0,0.0718139738452853,0.0603750039031073,0.0728945658162205,0.0838475657294387,4.33814794346385e-06,2.65863340063644e-06,0,0,0,0,0.000290059251529409,0,0,4.88579015672207e-06,0,3.12684692431845e-05,0,0,0,0,2.20520764689729e-09,1.8250917835102e-06,0,0,0.000724462442315796,0,4.54803444067018e-07,2.4366042063777e-06,1.13776321571828e-05,0,2.11194764208406e-07,2.78142851029697e-05,0,6.23618031465133e-05,0.00102677247853558,0,0,5.21135014336712e-06,0,0.00698068811767899,0.000208773141836228,0.00237713238897207,0.000489208516691422,1.03905003027673e-06,0.000133175087711587,6.63414624533711e-05,0.00138415081839354,0.000619539049107643,0.000105905576658181,0,4.17123094771081e-05,0.000211942102924484,0,0,0
P080,"Artículos de hormigón, cemento y yeso",0,0,0,0,0,0,0,0,0,0,0,0,0,0,0,0,0,0,0,0,0,0,0,0,0,0,0,0,0,0,0,7.47643321221052e-05,0,0,0,0,0,0,0,0,0,0,0,0,0,0,0,0,0,0,0,0,5.61201284492561e-09,0,0,0,0,0,1.3887250277912e-06,0,0,0,7.56981684472296e-07,0,0,2.02504987318616e-06,0,0,0,0,2.15010147811911e-07,0,0,0,0,0.000150890641337484,0,0,0,0.00433847969727183,0.00603080695551279,0,0,0,0,0,0,0,0,0,0,0,5.98506842519712e-07,0,0,0.000924516503537001,0,0.0532600345290469,0.0707464244166228,0.0464206267799052,0.0317540454921716,3.55786755289421e-07,0,0,0,0,0,2.90645552096492e-05,0,0,2.029678775709e-05,0,0,0,0,0,0,0,0,0,0,0.000619103092316499,0,2.08148527848013e-05,8.5279112807003e-06,0,0,1.49803712627303e-07,7.42189320867792e-05,0,2.79881355985036e-06,0.00057926621327206,0,0,0.0341825806458873,0,0.00381611096357742,0.000256201957199435,0.00258414839261583,0.000534799290957984,5.24539556106219e-07,4.93706580149702e-05,0.000310992355001533,1.46060450357427e-05,0.000584680938535164,0.000375902950172142,0,0.000309994248215396,0.00063492877088777,0,0,0
P081,Piedras talladas para construcción y otros productos minerales no metálicos n.c.p.,0,0,0,0,0,0,0,0,0,0,0,0,0,0,0,0,0,0,0,0,0,0,0,0,0,0,0,0,0,0,0.000186059020588068,0.00144985609256668,0,0,2.56724604809835e-07,0,1.04894906119928e-05,0,0,0,0,0,4.14491546333798e-05,3.94012768331508e-05,0,1.14741863970187e-08,0,0,0,0,2.40653694714798e-05,0.000323404391768221,1.28065153658978e-07,0,0,0,0,0,3.21453529526995e-08,0,0,2.3958739687112e-07,0.00327167743293982,3.42164531094011e-09,1.24090312359723e-05,0,0,6.86349259443387e-05,0,0.000133944884581925,5.43200866778281e-14,0.000892047185388474,0,0.000236619935435775,0,0.000151822292715997,0.000800206845767202,0.00254315104693638,0.000399138821560921,0.000496929863143112,0.0169715205423709,0.00140036617677183,3.22719749949835e-05,0.000527036309175816,0,0,0,0.0457529547728463,0,0,0,0.00176805771083371,0.000203768866000483,0,8.77517329644245e-05,2.45555092477922e-05,0,0.00151829160673306,0.00591645556040644,0.0294686215406516,0.009110911638201,0,0.00484953167990052,0,1.57306905455755e-06,3.03779197813714e-05,0,2.14857627773003e-10,0,0,4.33394084957757e-06,0,4.05309028584067e-06,0,0,0,0,0,0,0,1.06678859948352e-05,0.000337604506797387,0,0,0.000225298935456513,0,0,5.21833400772972e-05,9.2449055449056e-08,0,0,0.0027136284744563,0,0,0.00116538583536703,0,0.00388182191667904,1.45870743227536e-05,1.07496619132251e-05,2.08888985096663e-06,0,0,6.32084286024339e-06,1.03647058977645e-06,1.87187054517272e-05,2.0094567826691e-06,0,4.30378441336984e-05,9.07503567421725e-06,0,0,0
P082,"Métales básicos de hierro y acero, productos primarios de metales preciosos y otros metales no ferrosos",0,0,0,0,0,0,0,0,0,0,0,0.000285329605103282,0,0,0,0,0,0,0,0,0,0,0,0,0,0,0,0,0,0,0.00688188028043725,0.0116859014874586,0.000768830653814544,0,0,9.27186406670458e-06,0.000154275629436528,0,0.000162725282375708,0.00671541988745507,0.00215640957166705,0.0046636933071577,0.000208876083363307,0.000288649037971836,2.46338870826351e-05,2.47129497992665e-05,4.94582402274128e-06,0,0.00208741947260157,9.58047403647457e-08,0,0.00253472772550242,0.00195156010302489,6.12685294629102e-07,0.00332784921371879,0,7.23375330440594e-05,0,4.83147510419473e-05,0,0,0.00026817801868784,0.00859352621973255,0.00168462093143727,0.00110203904220095,0.000899910295441468,1.06034501999711e-06,0.0033287735056136,0,0.00708457444932583,7.48024126163291e-06,0.000736397891523241,3.66072838353771e-05,0.00270110731882105,0.0127169104734439,0.00292251149899515,0.000108639535714465,0.00046353249151538,0.000582156342353832,0.00477353650126087,0.043965995852903,0.384658580490273,0.489643867640322,0.361923674862526,0.0947797264471045,0,0,0.110120951609866,0,0.0546539827220128,0.14518655599395,0.0183253516425277,0.0293972501131622,5.98400512713844e-07,0.000784477707543255,0.0020836573390777,0,0.107514721786582,0.149250307638725,0.0643553809217821,0.0619799271152838,0.000107432113617969,0.00492578820895012,0,0.0001076190851017,0.00160234078055247,0,0.00056373020601623,0,1.02552151864323e-05,4.39228762788518e-09,3.87434191502482e-05,1.64324143617734e-05,5.62232211148488e-05,4.26994572389529e-05,0,5.95900823072849e-06,9.02001902400979e-10,0,0,7.06939609715675e-06,0.00430978730075148,0.000882737653253039,0.00245067917066892,0.00041504798493539,0,0,0.000262133276334662,6.4867747590127e-05,0,3.12816960511491e-05,0.0316715799307621,0.00346112745156183,2.99226635785751e-06,0.0108612928084664,2.67037955306452e-06,0.00225289568780973,0.000193102957264911,0.00351653946931404,0.000382024780913047,0.00255889710524972,0.000114488022898337,0.000171692718324147,0.000603287320683066,0.000574302749741506,0.000873115302834154,0,4.0698073728783e-05,0.00029743428353466,0,0,0
P083,Productos metálicos estructurales y sus partes de hierro o de acero,0,0,0,0,0,0,0,0,0,0,0,0,0,0,0,0,0,0,0,0,0,0,0,0,0,0,0,0,0,0,0.000351112738269868,0.00253368465622098,0,0,0,0,0,0,0,0,0,0,0,0,0,0,0,0,0,0,0,0.000476683242061385,0,0.000133356934978394,0,0,0,0,2.9326903855716e-07,3.10392163745068e-06,0,0,0.000341601479883305,1.25752522633388e-07,0,0.000147386540147036,1.75370128532052e-05,0.000192110584332503,0,0.000397892364164258,4.68247939752571e-08,0,0,7.85352865192084e-05,7.5143283729568e-09,1.84555390553545e-05,0.000118012643848633,0,0.00168118357514803,8.49810518710633e-05,0.0305265470098386,0.00441780743680918,0.0104444640469295,0.00894415855624312,0,0,0,0.0494209125025468,0,0,0,0.000580352337075699,1.30342497221495e-07,0,0.00111615747053326,0.000598987933502714,0,0.0157860086277015,0.00535718850535589,0.0384716956463755,0.00701132817549754,1.85271838242862e-05,0.000687231935233912,0,0,9.03622149335321e-05,0,0.000280474753818275,0,0.000185614334114427,4.27607069962391e-05,7.99180177382078e-05,0,0,0,0,0,0,0.000339794681589711,0,0,3.54920216149647e-10,4.91141276402377e-05,0.000863485041387495,0.00158586552593562,0,0,0.000151478342677746,1.99665335442273e-05,0,2.46957135352838e-05,0.0335247907396469,0,0,0.0235352232045651,0.000802024935345676,0.00324398801089341,0.000487292825696205,0.00190037288012101,0.000505697843874596,5.50364028937326e-06,0.000300217734387679,0.000164772031955606,2.72477359079072e-05,7.87589338904809e-06,5.74510991230628e-05,0,0.00043634751668171,0.000132679088656985,0,0,0
P084,Otros productos elaborados de metal,0.009470438114228,0.0136279838281863,0.0134826517483783,0.0276113146349584,0.0123941375593364,0.00363785599681357,0.00368695789993796,0.00355662743637002,0.00462425470780769,0.0141591241499155,0.00457695104613348,0.00227752275461058,0.00241924630509171,0.00148531644581329,0.00126932130657017,0.000446678869029077,0.00290598344141047,0.000888674981386123,0.00854113485695114,0.00223043996197491,0.000817981783355462,0.00142116033726996,0.00243812176429801,0.00133676974184851,0.00246405304097465,0.013860571573375,0.00761407249300922,0.00747075604283101,0,0,0.0388070857765154,0.0212631643133975,0.000418742852449553,0.00212292447488522,0.00141146955565762,0.000900990039303793,0.00252144869719574,0.00137955755514291,0.00144291849172507,0.0373282845259413,0.0119421274505943,0.0300158435307691,0.000564707249658253,0.00163989679562572,0.00113949400416665,0.0012433281175411,6.22421041651698e-05,0,0.00160597110344541,0.00109889638890417,2.27358501113571e-09,0.00254135745371366,0.00276930032399793,0.000520363227884287,0.0096840305342997,0.134700234518211,0.0315287442792904,0,0.0030412643828674,0.00832342142038001,0.0114098489685719,0.00481539687316809,0.00973089675498689,0.00126578173297117,0.00124503047323659,0.00225395649166392,0.000492833398607249,0.0235194917477297,0,0.0458528778263386,0.000279687827358366,0.0201633986429857,0.00201014646313074,0.0126817622728356,0.00699301292946969,0.00304594606326292,0.00118861455355375,0.00536701672946944,0.00489523314067412,0.00642921116911859,0.00177461657014596,0.00386050397644615,0.0224776635648508,0.0615007904732462,0.0960189931143905,0,0,0.026700806169536,0,8.13506051348747e-05,0.200589648709633,0.0071136026046979,0.026905766541831,0.00140457725234884,0.00232880182906575,0.00259614948556573,0.000204281484966833,0.0111575834969974,0.0190186124870964,0.0087492745010127,0.0171625006039571,0.000786005678807899,0.00768358921009391,0.000699927033947581,0.000423766170520441,0.0115258624036886,0.000286150158809284,0.000623788314955593,0.00041552844580353,0.00480307533699322,0.000534049087428651,0.000424022237614067,0.000535536772969088,0.000247269650525696,0.00014197820795246,9.69082448297006e-05,0.000425996837202962,4.0288983540952e-10,0.000528030409566567,0.000246833579016338,0.000201718547942209,0.000294983880580618,0.000734675523216206,0.000573495483757392,0.00297559188197243,0.000180298816813621,0.000966260196990744,0.000895472010697155,0.00248292200278198,0.00056750655938203,0.000175855894297749,0.0682042262263882,0.0241301284036498,0.00295877341273497,0.167024624191311,0.00412303880823561,0.0027473367486129,0.00113469749887755,0.00153287343452544,0.00228650069111193,0.000755830541721272,0.000534705921555626,0.00140686744388994,0.000886442606684124,0.000865164750193201,0.00225851983731497,0.000216134196464952,0.000545980720736609,0.00272869455130066,0,0,0
P085,"Maquinaria para usos generales y especiales, sus partes y piezas, excepto electrodomésticos",0.000400908684201414,0.000386832483625562,0.000382707209477061,0,0.000524523805318173,0.00168776065670933,0.00171797720506833,0.00165724834089023,0.0021547206108801,0.000777746645741533,0.00541884565080357,0.000794425629188808,0.0010812351054617,0.000523069050114927,0.00129264529139574,0.00135779340425399,0.0010450698098556,6.74871753876689e-07,0.00881156441700895,0.000403388470930484,0,0,0,0,0,0,0.00676387774240674,0.0051736044720637,0.000216337192721879,0.0013966051700093,0.0151071388653468,0.0239539351060489,0.0100669294605077,3.16077248973934e-05,0,0.00128844351746948,0.00275821809717314,0.00116414453699283,0.00139761263120485,0.00549766404076479,0.00173390778163964,0.0045487476721002,0.00374109665531828,0.00382019101516921,0.00189853162595365,0.00189270213897156,0.0018972975670308,0.000908105984993284,0.00181731747826697,0.00091015786320204,2.79861447995595e-05,0.00605211749364302,0.00489020964165344,0.00141050729439686,0.00139275993668049,0.00810874267796105,0.00719312658560737,0.00748795586427515,0.00566929033161726,0.00154133456811551,0.000180109413276957,0.00120280430246472,0.0119349827683813,0.00755210503281264,0.0128753038464931,0.00212505906609994,0.00738003236828067,0.00883389217709924,0,0.016971132180064,0.000626276023417503,0.00208658912583868,0.00453124072597489,0.00485932533359586,0.00467675236383259,0.00910985038226264,0.023019021294567,0.011522516557445,0.0172992454554745,0.00539310643991337,0.000504927687380285,0.00973497429177916,0.00740273256587835,0.00521847594176114,0.228658153818112,0,0,0.0642469562364318,0,0,0,0.000155279002451521,0.00547487270590408,0.00025491351294823,0.0139256420936211,0.0083663804240576,0.00679749309699751,0.00426654429374627,0.0170971913081483,0.0125503866009979,0.00894211766148463,0.00133274218771053,0.00813641325746686,0.0102888716565897,0.00528781996193003,0.00394193764868717,0,0.00499505740596572,0,0.000116240339440608,0.000107657534980818,4.54312665204872e-05,0.000124893170271929,1.07157911090121e-05,6.10584187128836e-06,4.25051685231572e-07,0.000755203500098841,0,1.00572430673132e-05,8.43969129269408e-06,0.00660613507080154,0.00437286518596418,0.000126294171440814,0.000534123306647783,0.0119125425880328,4.28860383403594e-05,0,0.000726177480584198,0.00236081344994653,0,0.00102227975293178,0.153931822203906,0.0123002745736836,0.00369666135147098,0.0528087588518697,0.011528883816584,0.00239302437582724,0.00163527512399968,0.00345399723872183,0.00702461032003042,0.00273084741936833,0.000205903203847735,0.00297873475100704,0.000435297208233109,0.000135682254407471,0.00635728065295221,0,0.000194875417733653,0.000114754359618268,0,0,0
P086,Electrodomésticos y sus partes,0,0,0,0,0,0,0,0,0,0,0,0,0,0,0,0,0,0,0,0,0,0,0,0,0,0,0,0,0,0,3.13198750543617e-05,0,0,1.45926416264333e-16,5.55696544973035e-16,0,4.52274288936854e-05,0,0,0,0,0,0,0,1.25220334359697e-05,1.10481510880141e-05,0,0,0,1.36049011393346e-07,0,3.29729815664337e-05,0.00031957705118112,3.14864290674305e-05,0,0,0,0,0,0,0,0,0,0,0,0.000312034309857687,5.8995192191339e-09,1.14662351429847e-06,0,2.37370097957142e-06,0,0,0.000366247798958882,4.56903186990708e-06,0,7.39072773081763e-07,0,0,0,0,0,0,0,0,0.000742527264917959,0,0,0,0,0,0,0,0,1.69714601635544e-05,5.64805636001746e-05,0,0,0,0,0,0.000176423570618988,8.85078841487016e-11,0,0,0,5.39332285136102e-07,0,0.000377461664246647,0,0.00462352913093437,0.000539727511692806,0,2.3593223984636e-07,8.78363494632758e-09,5.95343571028967e-09,0,0,0,0,0,0,0,0,0,0.000733614442565789,0,0,0,1.1400922981803e-07,0,0.000701541119693295,0,0.00172539592430442,0,0,1.82542041771859e-07,4.1922782826387e-06,0,1.48167114651416e-08,0,0,4.41812097771221e-05,2.89897017305261e-05,4.62587521953556e-05,0.000386129982994504,0.000523429030279827,0.000331258031907154,0.000804843136930491,4.22126290790047e-05,0,0,0
P087,"Maquinaria de oficina, contabilidad e informática, sus partes y piezas",0,0,0,0,0,0.000116971346027766,0.000122840651661618,0.000118498351176896,0.00015406914783756,0,0,0,0,0,0,0,0,0.00025807667762782,0,0,0,0.00090532940027755,0,0,0,0,0,0,0,0,4.14474691645643e-05,0.00010968400644139,2.24950898521247e-05,1.43277666241645e-10,0,0.000127597136929833,0.000160836463199599,3.18038441807536e-05,3.52030395562886e-05,0,0,0,0.000462620006184031,0.000448786765614934,3.63496776647339e-05,3.9862137169043e-05,1.93718880543906e-05,0,7.1343264894031e-06,3.91904312363613e-06,6.74957737685721e-06,8.77825434837326e-05,3.06224702745579e-05,1.72661430529096e-05,2.21324672541645e-05,0.00038051321014129,3.56815655149012e-05,3.78976996537974e-05,7.43465199297103e-05,3.14739680822711e-05,2.01520624438596e-07,0.000161052511683872,4.51735284579423e-07,0.000227482052857967,0.000157092732770023,0.00627545176661928,4.61057997591839e-07,6.88095818817574e-06,0,1.42447254682883e-05,1.07127007073595e-05,0.000477979093510317,0.000169398658017831,0.000107874412119015,0.000373514367254945,0.000157996488873193,0.000226669844237227,1.22954428563598e-05,1.74761987661909e-07,0.000602539490114849,5.21263860003564e-07,3.79188461094555e-05,4.87805776378415e-05,1.62968495540371e-05,0.00100893615165931,0,0,2.58606146311799e-05,0,0.000239244362007702,0.000129918607815271,1.5078485544277e-07,0.000407953056791025,3.06186223753755e-06,0.00153810582436337,0.000354969284290468,1.66812492985609e-08,1.37983646580276e-23,6.62789992404025e-23,0,1.12968359469394e-05,0.000271322927430494,0.00309411641875973,0.000104431246431702,4.41753359575449e-05,8.2189616621604e-05,0.000457124417114048,0.000680903418708596,0.000408151120602608,0.00048077495230156,0.000127640057768143,0.000220252839045093,0.000236777796081552,0.000750429651586021,0.000486743208863171,0.000213381313597014,0.000576741097447848,4.94821012603299e-10,0.00013289369289204,0.00455550436141049,0.0153034747218587,0.00102929001693491,0.00105813563476026,0.00104638760983321,0.00128203737102549,0.000224397416742157,0.00131414797410972,0.000426842351374681,9.10150902340019e-05,0.000129416091153129,0.00128683989747254,0.000728667472973597,0.0225765324565371,7.12062398881933e-07,9.51572511895485e-05,3.05849176478426e-05,0.000137551098072646,4.52898300610609e-05,4.09878220957678e-05,4.31558193489199e-05,0.000112330384853061,0.000345825074026148,0.00010238975299947,0.000190270289021041,0.000682496973334978,0.00181826956656336,2.40812982926435e-05,0.00102387309374103,2.94057442168848e-05,0,0,0
P088,"Maquinaria y aparatos eléctricos, sus partes y piezas",0,0,0,0,0,0.000754133058628991,0.000791973414921329,0.000763977906130214,0.000993308546449666,0.000175834786691727,0,0.000197979622567102,0,0,0,0,0,0,0,0,0,0,0,0,0,0,0,0,0,0,0.0361963856217696,0.0224251297198706,0.00497412940704628,2.09889644765729e-17,0,2.99576823620301e-05,0.000291715248448047,0.000322159999229479,0.000347221223247218,4.2516857771124e-05,9.64582946781699e-07,0,0.0015384643184639,0.00154567772041682,2.72686047809498e-05,5.95523648523337e-05,0.000995770706282667,0,0.00139964592489513,0.000337338261218178,2.97678301691424e-05,0.00051675704173734,0.000124732230037591,0.000144002995946842,0.000249517133913689,0.000917810468979451,0.000451108438882788,0.000892592127838425,0.000106300978537467,9.23689054105849e-05,0,4.95037077201317e-05,0.00747069168856716,0.00138661614544137,0.00121535936513787,1.07613075217351e-05,0.00118615151307489,0.0221983409443344,0,0.0460637657241419,1.05026449972609e-06,0.000352025280868135,0.00124841107228904,0.00237424145930984,0.000452415882603805,0.00128445846308458,0.000730770894741513,0.00045610310296335,0.00336390618288441,0.00274212849422248,0.00739951709670649,0.00578624753750625,0.00189167424620684,0.00177782242449746,0,0,0,0.177534965349397,0,0,0,0.000125694721318464,2.93088338981836e-06,0,0.010153849241269,0.00165983674465261,5.11200123354684e-05,0.00697605755601853,0.023500863429351,0.0131199823608558,0.015365889153528,0.00143088126134233,0.00529091576758025,0.00854734151089397,0.00525245242692739,0.0104671366705636,0,0.00358161814428041,0,0.000242737318418719,0.000187094370361999,0.0117265886790955,0.00103705719388408,0,0,4.03040690028542e-07,1.91911948377336e-05,5.21252558066421e-10,2.61807298964568e-06,2.50829320987768e-06,0.00924036157525959,0.0015811829172921,0.00148816941278601,0.00453003518602587,0.00503695735169393,4.99954443041303e-07,0,0.00315657416759335,0.000315239263175053,0,0.000131572580178922,0.0484976510796913,0.0240988570062633,2.18216537794827e-08,0.00169090239428821,0.00832965700949398,0.00594718037861691,0.000800758610230668,0.000905085321580256,0.00115972084578503,0.0025028419616764,0.000288504891652693,0.000982628522303361,0.000213358594422313,0.00332925644071081,0.00227444753067851,0,4.61874241515126e-05,0.000126085653670065,0,0,0
P089,"Equipo y aparatos de radio, televisión y comunicaciones",0,0,0,0,0,0,0,0,0,0,0,0,0,0,0,0,0,0,0,0,0,0,0,0,0,0,0,0,0,0,0.000409976239477296,0.00310651884700404,0,0,0,0.000106417010932577,9.12990700591391e-06,0,0.000319221601169921,0,0,0,0,0,1.4034313521203e-05,1.19069496892148e-05,0,0.00103547202818305,0.000479445934379073,0,0,3.36122935814373e-05,1.40899068126246e-05,9.5183665000653e-06,0.000455524400611185,0.0010799646533177,9.52964763538639e-05,0.00010120365174439,3.36398748019142e-06,6.88291170026969e-05,0,2.30500221882527e-05,3.08204363446866e-16,0.000230102802505196,0.000405531121879596,0.00887682008931095,0.00379959001788699,0.00015806613013245,0,4.22011033035007e-13,5.20831288324794e-07,0,0.00115006292935137,2.04104016813476e-06,0,0.000415153360705142,0.000232822815314007,0.000240747603677029,0.00276543620216324,0,0,0.000121862040821824,0,0,0,0,0,0,0,0,0,1.32854668258001e-18,1.449797105081e-06,1.13981108163339e-08,0.000210720196490706,4.65305987258025e-05,0,0,0,0,0.000245646648718401,7.85763220037947e-05,0,0,0,7.4348873979889e-05,0,9.1859664377435e-05,0,0.000268488821765124,0,0.0147048306186713,1.35646216953104e-05,2.49960454146987e-05,5.71008184633705e-05,5.24870588378568e-06,0.00332239465812576,0,4.07574031065668e-05,6.17015169396737e-05,0.0117282727035059,0.00013081824747771,0.000433525966591506,0.00846827160201791,0.000467068538760792,9.38233249516553e-05,0.00108404459563451,0.00204292975397221,2.32821073298048e-07,0,0.000546973541308251,0.000742251345577992,0.0121648463460347,0,0.000364991100222229,9.29753512108889e-06,5.11288379974094e-07,1.74006130130125e-07,0,1.86805220176523e-08,0,0.000204348132245609,0,4.66759741677272e-05,0,0.00490648822343296,0,0.00105214878444162,0.00027565286100011,0,0,0
P090,"Aparatos médicos, instrumentos ópticos y de precisión, relojes",0,0,0,0,0,0,0,0,0,0,0,0,0,0,0,0,0,0,0,0,0,0,0,0,0,0,0,0,5.35591893167113e-05,0.000309816163557766,0.000762153994009019,0.00412050274931405,0,0,3.25670912328088e-05,0,8.02168914355458e-05,0,0,0,0,0,5.20296909031524e-06,6.51595642938759e-06,0,5.1099930367431e-07,0,0,0,0,0,6.13825249679081e-05,9.73394393778036e-06,1.94957327390037e-10,7.7861754730035e-07,0,0,0,0.000148827631186823,0.000137103111005745,0,5.8764346901633e-08,0,0.000489221400072918,0.000338418470433893,0.00467144914003068,0.00181560315957528,5.13839794483821e-05,0,0,1.10311574562062e-06,0.000694283284493764,8.90043496039855e-05,0.000145937781203807,9.73976939729306e-09,0.000761850700094105,0.00397034930214203,4.94456720678522e-05,0.000187208155780833,0,0,0,0,3.45492535994779e-07,0,0,0,0,0,0.0773341922857662,0,4.7467381938712e-09,2.6983598763345e-06,0.000304969295555909,0.000742269985762504,0.000164988072712935,0,1.18914491218735e-21,2.07379387923216e-20,0,2.05549681302933e-05,3.11193671577723e-09,0,0,0,2.41692575720792e-05,0,0.000205279479223974,0,0.00117499161693841,8.90323327119052e-05,0.000454247590043176,2.71626831243828e-05,4.59586775975827e-06,3.11502053624922e-06,0,0,0,8.62399381280655e-08,0,1.60031548700229e-05,0.000666538622134064,0.000708508101918766,0,1.69033488201347e-08,0,0,2.90540840820717e-06,3.0024707243133e-16,0,3.49151249317634e-19,0.000544403128261749,0.00164262470990977,2.83492806178101e-16,0.00271817533551705,0.000117707511942563,3.5712060100475e-05,0.000964053070606896,0.0006589708219507,0.000146215955423341,3.48408392814265e-07,0.000166071265768621,0.0149913588629792,0.0251060491036167,0.0209325411615433,0.0025157298947701,0,0.000218580428570853,0.000480744132765455,0,0,0
P091,Equipo de transporte,0,0,0,0,0,0.000240319445411285,0.000252378024907684,0.000243456701184098,0.000316537454861148,0.00055985530279777,0,0.00094118917138296,0,0,0.000445553417767958,9.68874249999573e-05,0,0.000352230004185623,0,0.00186072369445465,0.000517090188633986,0.000643132288312641,0,0.000751809658026597,0,0,0.000123313567190084,0.000888736257346355,0,0,0.0027005139139682,0.00745182247965467,0.0168742168477052,0.00138593228878522,0.000628133158720327,0.00115593291141396,0.000830780801483429,0.000422611698189784,0.000455502006364133,0.00207547931778475,0.000443588197772828,0.0013207762496641,0.000738181797332587,0.00108422080387343,0.00289032672262422,0.0032093493317329,0.000275851663681505,0.00123780651511263,0.000451264316146233,0.00116015369008485,6.18164480591485e-05,1.74117947312659e-05,0.00232212274350054,0.000224084929769498,0.000838420029480624,5.89360579351289e-05,0.00112866359520843,0.00144072123327742,0.00131042137900102,0.000983255318067691,0.00294939678051918,0.00280165512181186,0.00191989601374151,0.00228010453601388,0.00173503978989233,0.00515275120152295,0.00179835963560056,0.00117077475545371,0,0.00240903894325592,0.000177126364775832,0,0.000210451923002971,0.000426876181871005,0.00132671344802141,0.0017968720406808,0.00373641099514163,0.00251092781092425,0.00327122086368488,0.00332887193439634,0.000372431364627706,0.000692915823424108,0.00153889600989838,0.00319432796223917,0.000214296373322911,0,0,0.00419576544289943,0,0.000378892403635987,0.00132540524746945,0.000755537408742951,0.00244475707646142,8.6781708608635e-05,0.00209644176237385,0.00026982526373816,0.00278793993771103,7.38845442183629e-05,0,0.000251112060231176,0.00299824963409387,0.000835650130712726,0.0040077228339163,0.0181720891179175,0.0159382701302085,0.0165353768402355,0,0.00304799593094648,0.00581891062739767,0.00639504248568918,0.000432269532416162,0.000304910008549463,2.44134996411963e-06,3.90485710618991e-06,9.55005442965359e-06,1.60803927948876e-06,0.000937357820275484,6.43696152348165e-10,0.000563947866543474,0.00077929807481725,0.000298871278186044,0.00510291461343273,0.00106212187230461,0.00170675814839814,0.00144480593708807,0.000565700881942963,0.00103034763541446,0.00115705895204779,0.000616412206300784,0.000797700793013199,0.00238149027984569,0.00582345875722821,0.000441473663598798,5.76095981680501e-15,0.00719882548254892,0.00288936660482195,0.000178226058978753,0,0,0,0,0.000365732138388296,0.000154699704973515,0.00126502094431981,0.00183147887601151,0.00208888064868528,0.00121925281588176,0.00167511794515735,0.000547172831049243,0,0,0
P092,Muebles,0,0,0,0,0,0,0,0,0,0,0,0,0,0,0,0,0,0,0,0,0,0,0,0,0,0,0,0,0,0,0,0,0,0,0,0,0,0,0,0,0,0,0,0,0,0,0,0,0,0,0,0,0,0,0,0,0,0,0,0,0,0,0,0,0,0,0,0,0,0,0,0,0,0,0,0,0,0,0,0,0,0,0,0,0,0,0,0,0,0,0,0.00163397004468459,0,0,0,0,0,0.00438512166088012,0.00787098286869265,3.37935863844088e-05,0.000583885443374918,0,0,0,0,0,0,0,0,0,0,0,0,0,0,0,0,0,5.83346136886512e-24,0,0,0,0,0,0,0,0,0,0,0,0,1.54479487132626e-18,0,0,0,0,0,0,0,0,0,0,0,0,0,4.5086948077796e-05,0,5.54590119581435e-20,0,0,0,0
P093,Otros artículos n.c.p.,1.36337994198157e-08,0,0,0,0,0.0005445239101761,0.000572243505869666,0.000551348871832553,0.000716390350015963,0.000236858539443925,0.00569217482398353,0,0,0,4.81934255796793e-07,7.40920927390111e-05,0.000327631548888249,0.000755711343434906,0.00119750072203762,0,0.00193234505316649,0.00185062613246339,0.000712960008968564,0.00130606115490092,0.000733333464213575,0.00723084475465177,0,0,0.000130947311965331,0.000775931765899532,3.61771379776726e-05,0.000131363311595121,0.00623786959169962,0,9.95907144299012e-06,7.72447587797145e-05,0.00113683323357168,0.000155321012184157,0.000175468733224952,0.000551279033833027,0.000179294448789024,0.000485855281885426,0.000851268027615101,0.000892902886570633,0.0009834460923124,0.000957500208481581,2.23881621692013e-05,9.42364338464951e-05,7.35289110486917e-05,0.000137874590398483,2.81634227344418e-05,0.000180250381413078,0.0008135348273883,0.000164488350037819,0.000163548985918673,0.00149892169290146,0.000604613061390005,0.000737805306710391,0.00321213822089389,0.00617829620366644,0.00131339766308641,0.000293440372803954,0.000168787894728301,0.000292042808280754,0.000311769122137154,0.00111445331368112,0.00427881892422443,1.62660900471875e-05,0,3.07465778537401e-05,1.09886526792723e-06,0.00492343304819737,0.00237346199415187,0.00205447922889486,0.00419220421968304,0.000759947433142675,0.0027262681225977,0.000229414339762299,0.000476547330830819,5.34975801968906e-05,0.000156170922580334,5.87164531562471e-05,0.00084906907007972,0.000642369808237849,0.00135190068460833,0,0,1.3370244504207e-05,0,0.000271295620962876,5.56226930472307e-05,0.000337864562359864,0.0177048746549687,0.00545390340490779,0.000139661782897646,0.000459969468438858,0.00736253353313527,0.00288808132649268,0,0.000539790861743436,0.00119325042894822,0.00075877788073276,0.00137612029071878,0.000415504461962328,0.000625388725647364,0.000503838798376446,0.000439711452167288,0.0014618516263646,0.00215759571449188,0.0061014085360551,0.00194727782149183,0.000543912793929054,0.0549707975072465,0.000780040966222328,0.000575503224878361,0.000265996315287687,0.000738996336382154,1.02503010768267e-09,0.000817275053566324,0.00328637921422288,0.00505634010024114,0.000183368447362344,0.00162449318302555,0.00279240029719708,0.000663559724707696,0.00117508032414786,0.00178026997184698,0.00114659768123583,0.00932748984419053,0.00065610861810744,0.00142794487342035,0.000981626527220975,0.00477305883450777,0,0.000300514690306609,0.00677862573137102,0.00310687283094383,0.00235322014752084,0.000926094805494707,0.00109911250308669,6.37719439901078e-05,0.00150989682406475,0.0023131767981663,0.00245811696503567,0.00407564616734187,0.0125226338667416,0.00100095540814609,0.00307029075447944,0.00537730214093852,0,0,0
P094,Residuos y desechos,0,0,0,0,0,0,0,0,0,0,0,0,0,0,0,0,0,0,0,0,0.0386834258293419,0,0,0.0769081834046645,0,0,0,0,0,0,0,2.12354071490829e-05,0,0,0,0,0,0,0.00211641232054421,0,0,0,0,0,0,0,0.000143360136013592,0,0,0,0,0.000131992378644815,0,0.0333901431115162,0.00292891798251377,0,0,0,0.00417942590081395,0,0,5.87641325199401e-17,0,0.0242417251650137,0.0105433779272663,0,0,0,0,0,0.000360724267216807,0,0.00267266888125673,0.00179186161916356,0.000376048158194655,0.0196278506160171,0,0,0.00108141820362799,0,9.93508656023623e-05,0.0942444735233168,0,1.64609294888582e-06,0.000395866566871218,0,0,0.00128464425080093,0,0.00195504598359873,0.0023189103018203,1.76825954658359e-05,0.000953045313381588,0.0286110246623758,0.000823231019324203,0,0.0357262437254068,0,0,0,3.81919960699928e-20,1.67513544398358e-05,0.00345084464947225,0,0.00147350460461301,0,0,1.37914359744079e-07,0,0,5.87718097166903e-06,0,0,0,0,0,0,0,0,0,0.000207286160237768,2.0661197063509e-06,8.39520627144159e-05,0,2.30423587927172e-05,0,0,0,0.000407116594300482,0,0,0.000616447664180049,0.000694555643353715,0,0.000357438538669626,9.79225382196337e-07,4.59041295490043e-06,0,2.80458568428259e-08,0,0,0,3.02798816840478e-05,0,0.000184832266425952,7.9404376681986e-06,0,0.00150636066618767,0,0,0,0
P095,"Generación y distribución de energía eléctrica, gas, vapor y aire acondicionado",0.00140346647989176,1.7126911610755e-05,0.00343255155443105,0,0.00134937818169332,0.00781919283570058,0.00751508802659137,0.00725879212182695,0.00942341185515376,0,0.0286331949138285,0.00843828257827719,0.00151041542018574,0.0123691541830833,0.000405011343385341,0.00105181088565046,0.00055495184590645,0.0308279967020724,0.0039581278043338,0,0.00329310941772743,0.00782307401198568,0.00693939416881814,0.0038295176591658,0.0164839789926271,0.00609101145939185,0.00032391325711298,0.00530647498757449,0.00308862621633212,0.0203099287792737,0.00211941884944851,0.0472442482638165,0.0398733651567825,0.00197790871000978,0.00236202120937227,0.0102232926469809,0.0123693104653817,0.021183822396858,0.0196464900122887,0.0219620305948931,0.00664093597479934,0.0143815847804569,0.00953855594523538,0.0109537917110481,0.00988898732629932,0.00946032873447171,0.0352697318078757,0.00753972426251788,0.0148433426084775,0.00530262257642545,0.00524092463268199,0.0135412632625074,0.0176956429301511,0.00523018641028828,0.0198422848086618,0.035896020827118,0.0100900105460859,0.00855158290225756,0.0357987499371962,0.0168438698187093,0.0113712300057544,0.0102123969653384,0.0246788116015847,0.0117885469059633,0.01325063732632,0.00444602554720276,0.0191577381629819,0.00130603534187656,0,0.00270370992412965,0.0020378432919152,0.0104184610208114,0.00874153677426439,0.0179397159604566,0.0130370314981376,0.0392633106411859,0.0439147238565901,0.0355137123349647,0.0752424974147292,0.0114120347981962,0.00315844649222601,0.0460851240683822,0.021273844468466,0.0253895190824144,0.00375514411037174,0,0,0.0169419945343892,0,0.00346223109846609,0.0205325387799822,0.00895113039049462,0.022195437229635,0.0157476319091268,0.0360845984207933,0.092639847708915,0.0120333539517512,0.000844094470223515,0.00455697669944281,0.000634903472289979,0.00364346564915456,0.00917022927817416,0.0108459795314726,0.00920436883829957,0.00762405731911048,0.00461625858978972,0.0376744022273326,0.0222423424024382,0.00391105182512672,0.0478497667567785,0.0131688581906712,0.0017969082442922,0.00839649070219532,0.0155855030225198,0.00968124620537881,0.00220959221253792,0.00665655371203629,4.13766492630098e-09,0.0257459849124648,0.00498437832218793,0.00606813298278039,0.00654764865676069,0.00724294112986321,0.00751735847233683,0.00599280008476371,0.00262682911753135,0.00385750877672439,0.00219031069502296,0.0175522434273751,0.0195589834485272,0.018715946474562,0.00627582894990612,0.0126103779909028,0.00140369140936455,0.000864899420463011,0.0617675624620114,0.0594568825961865,0.0121657185348966,0.0112182236985029,0.00868419625364149,0.00554823962065651,0.00568138863652716,0.0173716232594357,0.0095170815523118,0.0150721273659702,0.036445680626887,0.0283894244488602,0.0169429446791524,0.010882657359225,0,0,0
P096,Agua natural y distribución de agua natural,0.00610194645955143,0.00394667319495178,0.00390458492782611,0.0161844442951757,0.00797612241068317,0.00470263716202733,0.00461902303571349,0.00445574495394161,0.00579326903047352,0.0412217286214369,0.00494622404619025,0.0213135614705529,0.00195875197474392,0.00699206051685602,0.00552623517851314,0.00330675707834922,0.00521785614725053,0.00333897270888095,0.00362677592789737,0.00255859132814798,0.000647815219514237,0.00567850477006931,0.000678810117558557,0.000941964312867869,2.75918078750048e-05,0,7.82816796049149e-05,0.00171239357715643,0.000296214742544108,0.0019406022446237,0.000186061821523767,0.0023862055251181,0.00541582622954632,0.00192143241561893,0.00125242009088396,0.00121366163981505,0.000547066398418928,0.00101120923961192,0.000703298840288476,0.00474706734375639,0.00146242971701723,0.00381385261585891,0.00117465198187443,0.00137984929300417,0.00216684194455079,0.00221777105272883,0.000608675136369462,0.000369224008162251,0.00337344341561366,0.00159652221951818,0.00173026415815466,0.00400587873216859,0.00342068051781349,0.000189294909958395,0.00200106498196968,0.0025308752872144,0.00595108633002564,0.00603212027006965,0.00278835460263783,0.00104424171434956,0.00179251875629787,0.00358719275002057,0.000436305807408374,0.00173608654202281,0.00210181349385588,0.00191879906838437,0.00125460622682359,0.000111357248346717,0,0.00023052798636076,0.00012659574396779,0.000515045391049548,0.00242751153413411,0.000789079949505794,0.00159022297361584,0.00309715096689994,9.9567503770965e-05,0.0063161720312039,0.000500418957220697,0.00720040409093256,0.000612739759428825,0.00117986355118117,0.00240946394717517,0.00414636072337095,0.000127450437923726,0,0,0.00166855925184561,0,0.00144795763105052,0.00130707006651276,0.00335557715944051,0.00513141297722921,0.00734774304732351,0.00134541374580806,0.0156676460216753,0.00959542809520466,0.00119300657730155,0.00167853064437134,0.000165361647646789,0.000610483034886028,0.00254888292261902,0.00360893483176543,0.0040047548173893,0.00322615521887795,0.000397984470304846,0.00352059445441824,0.00254278349799145,0.00233643764900125,0.0129930607423508,0.00392804559819521,0.000261986903434915,0.000477349229128772,0.00193713250536381,0.00109065304499741,0.000274385982639447,0.000424085807220583,1.78031353542299e-08,0.00854563447843745,0.00152582786328762,0.00129336303280317,0.00121500484283383,0.00268510980357616,0.00358531715068385,0.00182585128564411,0.000882245787196038,0.00117424712317553,0.00141494315083471,0.00828630860094901,0.00342176627619402,0.00336996115404812,0.000650423853797872,0.00222584245871525,0.00171973427287585,5.44679924717036e-05,0.00934740861250643,0.00319951189919685,0.0138379842920619,0.00564458021445885,0.0089148980711425,0.00450899971384681,0.00312420242875403,0.00714070017418695,0.0047300715551598,0.00604902050581115,0.00496229807478537,0.00289282081516428,0.00222372021554631,0.00261520930888416,0,0,0
P097,"Evacuación de aguas residuales, recogida, tratamiento y eliminación de desechos",3.1426816307716e-10,0,0,0,0,0,0,0,0,0,0,0,0,0,0,0,0,8.7119466234473e-08,0,0,0,0,0,0,0,0,3.33292701327027e-08,0,0,0,5.39836473287494e-06,0.00144014260707356,0.000818423730759039,7.73814179037149e-06,1.86781997512557e-05,0.000371903870787028,0.000379481225213168,0.00134211989506057,0.00151621518885713,0.000334935142984507,0.000109423873872336,0.000215470387028256,1.67448345127328e-06,2.04728692150779e-05,0.000537320414767598,0.000511813990957477,7.59735271011067e-05,0.000329995011591756,0.000592924534847306,0.0013226652995711,0.003157981629618,3.64070508369216e-07,0.000473924955173073,6.2897076120457e-07,0.000134379291075712,6.27142964791319e-05,4.91345251469008e-07,4.23452096263772e-07,0.000407141744787238,0.00148249598228872,5.39851605088612e-05,0.000361399197996293,0.000213840275001283,3.7057464052113e-05,6.20867533180366e-05,3.29858010628578e-05,0.00086399992765582,2.84994107626054e-06,0,5.89985104078345e-06,0.000224186132546998,0.000363814619919883,0.000119897704921798,7.32007248253268e-06,0,0.000171341011449871,0,0.00192977206542238,0.000400947697311685,0.000314021579602019,6.52387758238784e-05,0,0.000149450660806117,0.00107361219519263,0.00029246771237585,0,0,1.7047530080999e-05,0,0.00577983336544255,0,0.000681281752219786,0.000254146565346446,2.93134476557917e-06,0.000231360498159613,0.00230879438958667,2.82990829992134e-06,4.42357550673976e-05,1.20380297798074e-08,0.000122742694078709,0.000253741216224006,0.000287800253822749,0.00182498364035141,0.000332849081654625,0.000182723785994857,7.58278664744568e-06,0,0.000577316835673037,0.001214747829874,0.00188827330049571,0.000889991486785323,2.91547627643749e-05,5.15714376850607e-07,8.58763196112558e-08,4.17198635394474e-09,4.82413469316171e-08,0,0,0.000133291773309829,0.000290234063684316,4.18570804351443e-05,0.000201275488458952,0.000105342072384893,0.000218646214400781,0.000482177423687422,7.02987815460079e-05,0.0001651044426953,4.19980996171618e-05,0.000853985628540917,0,0.00159133995710345,0.000213880139426905,0.000548918511962492,1.93476084262811e-07,0,0.00324935543350541,0.00031912043102629,0.000929686891986497,0.000529504888404151,0.000246894687911517,0.000590300497218159,0.00046607395044887,0.000894648829429176,0.00292278105345534,0.00763978241559443,0.000392437012748389,2.84669808990557e-06,6.77663176549411e-05,0.000971097904927433,0,0,0
P098,Edificaciones residenciales,0,0,0,0,0,0,0,0,0,0,0,0,0,0,0,0,0,0,0,0,0,0,0,0,0,0,0,0,0,0,0,0,0,0,0,0,0,0,0,0,0,0,0,0,0,0,0,0,0,0,0,0,0,0,0,0,0,0,0,0,0,0,0,0,0,0,0,0,0,0,0,0,0,0,0,0,0,0,0,0,0,0,0,0,0,0,0,0,0,0,0,0,0,0,0,0,0,0,0,0,0,0,0,0,0,0,0,0,0,0,0,0,0,0,0,0,0,0,0,0,0,0,0,0,0,0,0,0,0,0,0,0,0,0,0,0,0,0,0,0,0,0,0,0,0,0,0,0,0,0,0,0
P099,Edificaciones no residenciales,0,0,0,0,0,0,0,0,0,0,0,0,0,0,0,0,0,0,0,0,0,0,0,0,0,0,0,0,0,0,0,0,0,0,0,0,0,0,0,0,0,0,0,0,0,0,0,0,0,0,0,0,0,0,0,0,0,0,0,0,0,0,0,0,0,0,0,0,0,0,0,0,0,0,0,0,0,0,0,0,0,0,0,0,0,0,0,0,0,0,0,0,0,0,0,0,0,0,0,0,0,0,0,0,0,0,0,0,0,0,0,0,0,0,0,0,0,0,0,0,0,0,0,0,0,0,0,0,0,0,0,0,0,0,0,0,0,0,0,0,0,0,0,0,0,0,0,0,0,0,0,0
P100,Obras de ingeniería civil,0,0,0,0,0,0,0,0,0,0,0,0,0,0,0,0,0,0,0,0,0,0,0,0,0,0,0,0,0,0,0,0,0,0,0,0,0,0,0,0,0,0,0,0,0,0,0,0,0,0,0,0,0,0,0,0,0,0,0,0,0,0,0,0,0,0,0,0,0,0,0,0,0,0,0,0,0,0,0,0,0,0,0,0,0,0,0,0,0,0,0,0,0,0,0,0,0,0,0,0,0,0,0,0,0,0,0,0,0,0,0,0,0,0,0,0,0,0,0,0,0,0,0,0,0,0,0,0,0,0,0,0,0,0,0,0,0,0,0,0,0,0,0,0,0,0,0,0,0,0,0,0
P101,Servicios generales y especializados de construcción,0,0,0,0,0,0.000619818718336773,0.00065091954447104,0.000627910156168078,0.000816396023392319,0.00703445802937624,0.0099842877992963,0.000564147362052943,0,0,0,0,0,0.000872772543766435,0.00718737674967367,0,0.00277530562517248,0.0013979232502829,0,0.00403546995727302,0,0,0.000232982449154695,0.000160567636037499,0.000473958471582015,0.00310506109827913,0.00973756715850418,0.0100089539350543,0.00296277239186463,5.70755855496523e-09,9.27736179827158e-07,0.00421072343254863,0.00491994674656915,0.00174033798260138,0.00195310563181511,0.00706351201945221,0.0021727674663501,0.00573225730362798,0.00404532778544002,0.00416591607122989,0.00245507365355102,0.00248152167828316,0.000462742268448446,6.62200203563583e-06,0.00309437707996399,0.000939883657318724,1.36437819884658e-08,0.00519636571003386,0.00244491653648519,0.00210051534755485,0.00308462918316616,0.0094663934233361,0.00183201018261918,0.00259315598361439,0.00427193314929226,0.00795638601641354,0.0102632612200158,0.00226613090586133,0.000749222851134535,0.00101201661675356,0.00126655432922102,0.00134423037357484,0.00615711540879651,0.00577223174372273,0,0.0119494777434242,0.000892590790074638,0.00435587952305591,0.00229960230668794,0.00148916410963706,0.00411922186524527,0.00420345054587636,0.0024783562736919,0,0.00481591680098041,0.00139681950877614,0.0400948695797321,0.000571881970100865,0.00561511737757199,0.00104122160448135,0.00115486079938433,0,0,0.00264653644426718,0,0.000373190977889968,0.0117255338016789,4.88394165146279e-06,0.0015747947269161,1.77731115635299e-05,0.0169088896364756,0.0278984552917281,0.00475747924664711,0.00757513551909001,0.0537075823464705,0.0660362115725643,0.0568895328550046,0.0102861683195101,0.00506901632207733,0.00120000303845113,0.00571820347630615,0.00465821911468011,0.00634225763416507,0.00854820259008496,0.00417787402432274,0.0436415169155112,0.00790812523167736,0.00888731719742124,0.0178424432718616,0.0133524072535273,0.00835026441514541,0.00223117475102077,0.00282194571626671,0.0448950353668219,0.0588882728720278,0.00522368288530053,0.00233591304077293,0.00204757070325564,0.00872777986707133,0.00818031158641697,0.00221148891989064,0.00148192093316788,0.009381551399652,0.00382917398781889,0.0145023696149113,0.00656661003113812,0.00711549608013281,0.0343941965847509,0.0056110316536163,0.00241701833202245,0.00416912172584307,0.0011283220179792,0.119040204686514,0.0376661122946276,0.219697340770858,0.00463122202093965,0.0110862139217644,0.00760058605141789,0.00746202396085182,0.0123209293633922,0.0107814720542202,0.0241458568586604,0.0239116152986356,0.0387061897093307,0.00174551279562004,0,0,0
P102,Servicios de comercio,0.0439820413383852,0.0513584771056325,0.0561983715612629,0.0582682046711889,0.0504272312627925,0.0330520936720147,0.0353993104600763,0.0297322452752831,0.0709112373937644,0.0357388731002166,0.0277802085696934,0.0399048876965956,0.0248412994702576,0.0365826683140823,0.0394459716054028,0.0175315608477374,0.0265352397346317,0.0362401744011213,0.0612703487341212,0.053043569479125,0.0248280300247317,0.0328107282229863,0.036346287033387,0.0703063323501419,0.0217212499654534,0.0462558501121996,0.0161361305228771,0.0304372343389926,0.0684599157973306,0.0430717642092561,0.035173559907484,0.0370432308396353,0.0436048111253064,0.0208775508751551,0.0356992680833726,0.0561347536742342,0.0473417626807236,0.0581916629461075,0.083008170308694,0.0870985429270692,0.0525578959932723,0.0631441851605893,0.0229612630389626,0.0280078702083395,0.0621617890090923,0.0587534053474481,0.014186890775615,0.052479585584026,0.0528055339911306,0.0607991222429701,0.06767449108814,0.00874888262747909,0.0481491491670758,0.0439933599951056,0.0451885796562141,0.0497327865511022,0.0608534212561852,0.0273164156956394,0.0503493978732334,0.0422728529856264,0.0482145396560309,0.0503338948947595,0.0601353414386804,0.125410009404193,0.112865627883024,0.0452278044983621,0.0827604039290811,0.0171550616542926,0,0.0386384257721626,0.0676737259335829,0.0637786423598296,0.0552393809705,0.0383080285234892,0.0660092585091702,0.0456874482675752,0.0711462446829974,0.0704337904126006,0.0349176305695252,0.0511203861876037,0.0493452272487832,0.0812335570680642,0.0655717108369458,0.0685854492709627,0.0863442162553743,0,0,0.0817252866153506,0,0.083470830976405,0.0613802423534696,0.0462719395033224,0.0516074837269429,0.0375435169399236,0.0250677312855229,0.033249721007704,0.0460970338986761,0.052471553062067,0.0618822272194387,0.0466216148290404,0.0558464886091161,0.00926148473180912,0.0357942747243739,0.0814846034961094,0.0851485208055141,0.0351737893230949,0.00653794141460994,0.0193021932914154,0.0285933517889878,0.0374363712323464,0.0544708005620521,0.0132389348969282,0.0165756048179879,0.00645614656527258,0.0038563387928013,0.00111880917205983,0.00586476377746544,2.48403855166261e-09,0.00532908877516189,0.00862624858146978,0.0253926530448725,0.0140248946738743,0.00765129273506086,0.0199205473216027,0.0150643843504243,0.00454826471207203,0.0102658265642875,0.0091179402269616,0.0167821611416278,0.00387674693085385,0.0141114403359228,0.0954807329860242,0.0367720989561848,0.00783111766089462,0.0689112413730377,0.0375416850678116,0.0289975036839321,0.0093885574873995,0.00938854852672071,0.0106811093802274,0.00619072553957122,0.00769057298954757,0.0221628252249695,0.0291966653053995,0.0282517990707739,0.0260505856986516,0.00874962145669432,0.0149688567088283,0.0121626622436949,0,0,0
P103,Mantenimiento y reparación de vehículos automotores y motocicletas,0.000144099304464971,0,0,0,0.0001885782073352,0.000190946165850681,0.000200527327776644,0.000193438877000569,0.00025150529642089,0.0190704630405563,0.001993203437028,0.0005180538762461,0,0,0.000353898152687259,0.000541324178784583,0,0.0167162014772613,0.00741477999100367,0,0.000513473434611557,0,0,0.000746622858555965,0,0,0.00508967655006074,0.00360668625441169,0.00104829064048609,0.00686770399229,0.000263212495772548,0.00156284009815978,0.0080555161233314,0.00310331055190014,2.563134304984e-05,0.00540919331717361,0.00557869317085196,0,0.0073756123804302,0.00419096850278022,0.00122241285435115,0.00313187967104982,0.00144436994699393,0.00212183084351443,0.00167494085211151,0.00152614780381694,0.000464950690675063,0.00065872084672088,0.00112195957946755,0.000788252710136031,8.29246342537157e-05,0.000269565393554158,0.00486450673368055,0.00150567568088451,0.000719033404534548,0.000123737049746655,0.0031427174408153,0.00342292448932712,0.00124596846958417,0.000739702407552427,0.00683136985589611,0.00138001852259358,0.00291084178510881,0.000551834018643225,0.000614170742937878,0.00314480696531405,0.00533650026478568,0.00012194264345511,0,0.000252441511123629,0.000297771937027269,0.0042391987427452,0.00182958395462981,0.00281502592242506,0.00166571968645644,0.00278240654962829,0.000502600077267627,0.000384889807056901,0.00525656215383696,0.00984761185452365,0.000194676028129245,0.000387599359468392,0.000977054734035761,0.00201569058351594,0.00203395954485063,0,0,0.00121730366940665,0,0.000433343309899318,0.000544231473572397,0.00297555398574405,0.00124545865726478,0.0385385394221674,0.000650833723555053,0.00359454903122971,0.0404913344864428,4.3074258670905e-05,0.000103983856244218,0.000880862128685842,0.00512387707123419,0.00420746574971321,0.0037596096127084,0.0404493016247924,0.0346686767239594,0.00204495585404049,0.00535684532121658,0.0018645758471838,0.0152931907800849,0.00520651326180034,0.000821053104643982,0.000787093098905725,0.00146780029704513,0.00120708634282918,0.000775401457140297,0.000245819584317888,0.00343961237222755,1.01679496466964e-09,0.0024945317321545,0.00205721693550275,0.00571792077923276,0.00429073012587483,0.001386552822533,0.00201785719644393,0.0317123854936208,0.0015668019826907,0.00549074175785789,0.00820776883238435,0.00260703577222309,0.0013834912475131,0.00555450509358115,0.00616358272790339,0.00348180939810897,0.00336230477465745,0.00348454521552811,0.000184256908502666,0.005284223090297,0.002930954790854,0.00310953532218491,0.0070780977724028,0.00120193944899357,0.00138229587729001,0.00168363034674424,0.00181220193199,0.00474959763200331,0.00345149655481588,0.00336819286353542,0.0138933006787871,0.00177120209539586,0,0,0
P104,Servicio de transporte de pasajeros por vía terrestre,0,0,0,0,0,0,0,0,0,0,0,0,0,0,0,0,0,0,0.00700087931043724,0,0,0,0,0,0,0,0,0,0,0,6.46597856456121e-10,0,1.97350159470938e-06,0,0,1.97281704719499e-07,1.58641680485932e-07,0,0,0,0,0,1.55070979710386e-06,1.92661738454495e-06,0,5.37565518582586e-08,1.85375017397652e-05,0,0.000151277197901199,0.000162154891922912,1.25518389405829e-10,0,2.12896458726798e-05,8.03086094327335e-10,4.30773306491549e-05,1.22316731376974e-05,0,0,1.95663542995336e-05,1.84732879664691e-07,0,0.000219106214302591,1.50317803192484e-07,8.12176028662556e-05,2.24358144558946e-05,0.000504420016528352,3.6187923877086e-07,0,0,0,3.64393317493792e-08,3.08445689173787e-06,0,1.96642814164529e-05,3.66731941485922e-08,2.54229516293216e-05,0,0,9.27959773219101e-10,0,0,0.000391387568304798,2.82278259304392e-07,1.90406404470163e-06,1.42174843426811e-06,0,0,9.09638448281694e-07,0,0,0,8.22383380487197e-08,1.01433302617548e-07,0,4.56749821067398e-05,0.00010182934462045,0,8.52269298298195e-07,2.0574294469625e-06,0,2.32977848733817e-06,0.000575133583338107,0.000618133669932639,0.00398453941341134,3.77742549989635e-05,0.000211355499398293,5.63408319200659e-05,0.000895339333760278,2.92196268673147e-05,1.91446362368032e-05,7.8410775046658e-06,2.54034708210058e-05,0.000122038499297165,0.00175342072018975,0.000795713710934395,7.17703425224017e-05,0.000234775966883735,0,4.22446729786475e-05,0.00020029096307004,8.97622026956098e-05,0.000517609663335201,0.000312625995299326,0.000194498178359272,0.000283549412406396,0.000210527638418639,0.00180927995306028,0.00046391003691951,0.000191780509711096,5.8632097504905e-06,0.000557119932166633,1.03213254599159e-06,6.81963418807711e-05,0.0022439403739154,0.000133694211517062,4.40411664223291e-06,0.00297240647804233,0.0143241652332477,0.00394841420956455,0.00199766018936369,5.02257206954507e-05,0.00146303238341795,0.000149060910827098,0.000601475628081995,0.000682750013464839,0.00492991195847254,0.000387239784089121,0.00117412491673732,0.00147244046496355,0,0,0
P105,Servicio de transporte de carga por vía terrestre,0.00352566389117917,0.00514809792508209,0.0074902139761213,0.0211189455204457,0.00429668748802801,0.0101508185361247,0.0113866099202589,0.0100372724668384,0.0143231302695557,0.0251146502991307,0.00521872731511432,0.0375099223968806,0.0141154340139234,0.00430860281346001,0.0537866258026127,0.00745089032264473,0.00946899780970724,0.0118158634279332,0.0192803919007484,0.0018012119662346,0.00239104053455313,0.00536745418898146,0.00637604384148571,0.00376113749588159,0.00205403232603798,0.00330797958060379,0.0440018812172487,0.031005122915017,0.00135884775626189,0.00596693870266823,0.00203544511971885,0.0046996384885243,0.00523700166637522,0.033799074482052,0.0143082365678126,0.0198678694985811,0.00673680272014077,0.0165923296327918,0.0124318057256077,0.0145045663388216,0.00980662966507618,0.014979573116558,0.0100840290737033,0.0119202151046808,0.0239762016495562,0.0225687575356741,0.0464218915947821,0.0115268292055223,0.0202011642804183,0.00930141256445604,0.00485504569292469,0.0442560491618143,0.0133532387539814,0.0066460300568731,0.00859780878360969,0.0151745815411311,0.0364883685730429,0.0349800821972206,0.00360301374774211,0.00841604795067612,0.00698312439995433,0.00404643784963737,0.027388859451499,0.0205818106598537,0.013256418297362,0.0112743007094432,0.0102393308358127,0.001091838205883,0,0.00221683518758508,0.00778000220415586,0.00678091679230631,0.00432899693058022,0.0296336383696284,0.0137689061892778,0.0095375714062437,0.0527561308247236,0.0228861065044991,0.0405517486841564,0.0135564890264075,0.00778224386407188,0.021256917627835,0.00623660632585436,0.00622214659597587,0.00386298083719032,0,0,0.0026442743369588,0,0.00713595661609445,0.000785083710929754,0.00564825684158305,0.00512414161391904,0.000990672100448822,0.00171899311607787,0.00280674470791946,0.00139053679851028,0.00354942235870869,0.00497394858129484,0.0202671876890589,0.0104705023598016,0.0154977322206988,0.0045263778102095,0.000725262653369213,0.00763095704986939,0.00220288601514411,0.0175834216385518,0.0423325112359981,0.0508191419271677,0.00283394780681004,0.00653120639724217,0.00127472512560353,0.000548773591628571,0.00996596145334237,0.00650866908167495,0.000819168397986817,0.00115960474509368,1.13665375359505e-09,0.00220632811590206,0.00106387450993519,0.00357468190117386,0.00632733151390668,0.000375559601853856,0.00477671152481564,0.00217330662264384,0.000822464785827615,0.00212528862100916,0.00187764602123137,0.000837626155356398,7.98697123232235e-05,0.00262415730372758,0.0175680572312353,0.00127909712636122,0.0053248870061467,0.00156146445950019,0.00296838610771718,0.00345662171009424,0.000728259478618523,0.00321587737378677,0.0015487669555762,0.000117514211697054,0.000583270326069557,0.001915093605799,0.00116133150525173,0.00161651517133828,0.00260067487046088,0.00141593783500483,0.0071409291365883,0.000604469443834537,0,0,0
P106,Otros tipos de transporte,0,0,0,0,0,0,0,0,0,0,0.00117311000284689,0.0003411561374229,0,0,0,0,0,0,0,0,0,0,0,0,0,0,0,0,0,0,0.0040098222881931,0.00220529600899182,0.000879555925443795,0,0,4.23688075402493e-05,2.34139894183025e-05,0,0.00117855480693149,0.000459279312279168,0.000143795301900161,0.000372189561347038,4.6315828719774e-05,4.80243846226531e-05,0.000656826666968504,0.000596589389857922,0,1.45933219062534e-06,3.53102336846669e-08,0,0,0.000208303287233191,0.000650415549927972,0.00031759554811638,0,0,0.00041539373867268,0.00046622341542712,0.00102117361133623,0.000157914097432417,0,0.000574027622205197,0.000115272857764359,0.000164512615870954,0.000199409239145641,0.000463418887338281,5.79608868339285e-07,0.00236305844440451,0,0.00489192318352097,0.00077623000974603,0,0.0010111643690996,1.79155116365812e-05,0.00187965521999257,0.00178950230004355,0.00402176825459397,0,0.000903770561047991,8.15409587859426e-06,0,0.000489405073047774,0,0,0.000476429899720251,0,0,0,0,0,0,0.000491537550882481,6.89638916851757e-06,3.47438770249399e-07,0.000510675312508785,7.26447485309151e-19,0.00182398173886273,0,0,1.46628649393721e-08,6.19271734985494e-06,0.00165440719159319,0.00034118262971231,0.000513978853455662,0.00140609445481203,0.00559835825263078,0.000900896237156969,0.000610277235143332,0.064695500737764,0.00100209086238842,0.000197784109552443,0.00147947296265463,0.00250839145922316,0.00170147918119059,0.00136976884049841,0.000666535175860501,0.00504218291775056,0,0.00165772246327456,0.000518503183896936,0.00193653449268963,0.00345590255788879,0.00478208408768579,0.00241200881731359,0.00111803879392668,0.00337072562733136,0.0138381635136911,0.00109726770927944,1.03975057304311e-07,0.00187286888748087,0.0025576849354725,0.000531221124452704,0.000315805257483932,1.20334115563692e-05,0.0036609915703287,0.000141046651679623,0.000268487666848019,0.00355618332955898,0.00070301978109133,0.000230840227685449,0.000327586298165346,0.000645486954275013,0.000347332158684605,0.00107178599918773,0.00119558447039626,0.00601975895995311,0.01165441059608,0.0135673471530943,6.27193995825135e-05,0,0,0
P107,Servicios de almacenamiento y depósito,0,0,0,0,0,0,0,0,0,0,0,0,0,0,0,0.000980449398758577,0,0,0,0,0,0,0,0,0,0,0,0,0.000149260655286431,0.000977856673152322,0,0.000677002252444653,0,0,0,0.00165317420502971,0.00166448903194325,0,0.000652702610042625,0.00368368173818517,0.00112941377919304,0.0033282004600254,0.00117377463376147,0.00128336278327543,0.00224697079977214,0.00224143292486334,0,0,0,0.000486607991807012,0,0.000535597249470157,0.000356198493116883,4.42944709740071e-05,6.30127443350446e-05,0.00471516055836221,0.000603315065503535,0.000738308558865808,0.000150696703273113,0.000140582768051552,0,0.0039130740531192,0.000449629480536771,0.00175052872780745,0.00142369070202211,6.46013825855987e-08,0.000154309484634017,0,0,0,4.06854006732557e-05,0,0.000797026308805107,0.00312019910824409,0.000362348032992206,0.000337628060547767,0,0,0,0,0,0,1.29887899674127e-05,0,0.000105295199193447,0,0,1.15255119830265e-06,0,0,0,8.95151953994634e-07,1.66909095635198e-06,0,0,5.50854903639983e-06,0.000511841668782632,0,0,0,3.2033342303834e-06,0.000763674278578717,1.00353698470339e-06,0,0.000977000833499355,0,0,0.00692240469768338,0.00241917697543341,0,2.76900075889023e-05,1.41508556998449e-05,3.45991664228175e-07,0,0,0.00020912221223718,3.53268934462492e-05,0,1.68209096016213e-07,0,3.67563541525571e-10,0,0.000115097653169409,4.70518798089575e-06,0.000630480575027353,7.98736568998766e-05,0.000656658783958922,2.25065288142472e-05,0.00185137347342259,0,0,5.21516704755245e-05,0,8.12834749809688e-07,0,0.000312335579363684,0,7.1033761787929e-06,0.000125729129926337,3.84323908888528e-06,0.000503164122495813,8.14949006127073e-05,6.26453111532578e-06,4.67949085544288e-05,1.90240187349872e-05,2.38246717283732e-05,0,2.54589770842439e-05,0,0,0,0
P108,Otros servicios de apoyo al transporte,0,0.000685549685997413,0.000678238820139789,0,0,0.0040058037383422,0.00420680413072868,0.00405809759613369,0.00527625601764378,0,0.00161023680527323,0.0127742051080966,0,0,0,0,0,0.00149804035803909,0.00788518349005163,0,0,0,0,0,0,0,0,0,0,0,0.00435436463001808,0.000253612278538525,0.00455470513259166,0,3.90971679406068e-08,0.000292047415382966,0.00498130264950901,0.00102469241357173,0.000962648230293589,0.0145641112707157,0.00458365850300694,0.0118329989247229,0.00103919117428933,0.00128904451723875,0.00157776857377575,0.00152947879208269,0.00696204246685187,0.00317030336737235,0.0036192814884338,0.00159496456782681,7.22265115406161e-07,0.00701856816497174,0.00284585105395296,0.00312385336297746,0.000653289843990746,0.0036773526062391,1.97898418868995e-05,2.00115770016181e-05,0.00098398529535443,0.00332985676096802,0.00216881577985719,0.00197604021538909,0.00482576882450798,0.00230533685809754,0.0016241811111871,0.00130969543027971,0.000447958690535744,0.00251897551300576,0,0.00521469739353881,0.000577917817843665,0.00189143652579113,0.00516506797099027,0.00571759711582375,0.000725144474993005,0.00215745893262619,0.000986124072708711,8.94894184929453e-05,0.0171697353367464,7.82011646094051e-05,5.399866783225e-06,0.00017543242420764,0.00140755177267874,0.00108372648209535,3.43095493533315e-05,0,0,0.000829801833404118,0,0,0.0126288588321064,0.00260752078958756,0.00270061953591555,9.69539688611004e-05,0.00151605659807493,0.000211292323638359,0.000112204496612364,0,0,9.21781634685139e-08,0.000278200794542564,0.00742055096579399,0.00254751931239595,0.00798378291790613,0.0132159687815741,0.0831527558775939,0.00012829759488944,0.107103098536192,0.0471532813010251,0.00101387544220905,0.000388318528722338,0.000408428999441672,3.04629613262906e-05,0.00161330721554896,0.00112425982096163,3.93412771671771e-05,0.00331767871348261,1.63920084984065e-08,0.000668083726569354,0.00470456525480962,0.0044361831422373,0.000439338952752789,0.00269032270975762,0.00286263219150612,0.00177568209886498,0.00146930918907597,0.0130891306344697,0.00253633943041479,0.000411019493768619,0.00220464813539396,0.00176051792737419,0.000819094645399204,0.000281618221097676,0.00253960263785206,0.0121412336512956,0.00543774594019959,2.28986778878851e-05,1.549708340219e-06,1.29435996367091e-05,2.85016504169484e-06,0.000503996211161389,0.000123199662188724,0.000123976315331561,0.000865067007414654,0.00151592175687383,0.00129900485513067,0.00142309316813257,0.00130843631954691,0.00010038108912753,0,0,0
P109,Servicios postales y de mensajería,0,0,0,0,0,0,0,0,0,0,0,0,0,0,0,0,0,0,0,0,0,0,0,0,0,0,0,0,0,0,1.23273267632952e-05,0.00436707836804333,0.00163089257346658,0,0,3.04841140541573e-05,1.66417840098897e-05,0.000174570635886034,0.000186639707598383,0.00119063189731981,0.000383928528681006,0.000969444302561712,3.67279335711055e-05,5.63760199657234e-05,8.67299585380553e-05,8.33616254046819e-05,0,0,3.48376459705466e-05,2.03680468828765e-05,4.59236797095923e-06,4.71210655526979e-05,0.000359320461764061,0.000220366331509505,3.68621056845068e-05,5.77368239240925e-05,2.8514659179325e-05,7.18461663079077e-05,8.64769004346929e-05,0.0003379992006878,0,0.00135804115280854,5.30547087133632e-07,0.000174126939168563,0.000208855047895765,0.000171530836097306,0.000455357913478964,1.43777974485848e-05,0,2.97644270430004e-05,4.30859832987576e-07,0.00141294899198478,8.57236008393114e-05,1.91092459310573e-05,0.000238141164389797,0.000440850440676991,0,0,6.17710281290738e-06,3.84918897846948e-06,0,0,3.69775289039439e-06,0,0.000687874593077823,0,0,0.00107771438441596,0,0,0,4.0206082849642e-08,0.000410974848946708,2.16638836494254e-05,0.000115747017923297,4.69526745288379e-05,0,0,0,0,3.61551515880205e-06,0.00420825982221109,0.000209814197452526,0,0.00113443993593824,0.0016337937955698,0.000305104569726456,0.00785178234713435,0.0322495825691803,0.000279610408200141,2.13327176737815e-05,0.00287084617030458,0.000187881053327192,0.00841112096184034,0.00249241168670352,9.36126802709286e-05,0.00613930925941349,1.43782143699174e-08,0.000175749718743947,0.00308568437726251,0.000163437413922233,0.00162463047749436,0.00174246029113712,0.00335672975902256,0.000345415604204651,0.000415967040276146,0.000774371516090685,0.00283608949563402,0.000530724004626654,0.00050837887017556,0.0003753537990384,0.000906588140246561,0.0027475192699557,4.92291372418993e-06,0.000491182400967628,0.00020789116213812,0.000191920289463039,0.000186222246523118,0.000297295901592152,0.00150797647758159,0.00043586227748422,0.000354612638538327,0.000107745060860982,0.000751284023195757,0.00165029764907759,0.000350904746459625,0.000921623860750892,0.00203220450979111,8.24736521924234e-06,0,0,0
P110,Servicio de alojamiento,0,0.000610555826338184,0.000604044712940976,0,0,0,0,0,0,0.000925596025196158,0.00140000650113173,0.00114683543930972,0,0,0,0,0,0,0.0195004030208179,0,0.000164189658505965,0.00128927216508095,0.000223433293423516,0.000215911050115061,0.000225701899953625,0,0,0,0,0,0.00232506947187272,4.7255724653137e-05,0.000995350191114808,0,0,0.000931356493686845,0.000532888116888765,0.000122637508349781,0.000136255517760471,0.00100933444785667,0.000314458976982983,0.000877937292991355,0.000569509539254464,0.000587789921634205,0.000455851067430686,0.000456831754710341,0.000131825623176184,0.000338266990670493,4.13056336534308e-05,0.000434223511269991,1.66996229287913e-05,0.00264130290074636,0.000448044058365988,0.000460054463567967,0.000244193154885019,0.000278388510138364,0.000682040757581523,0.000851410073437236,0.0001228079233516,0.00019910238726907,0.000522267246219303,0.00122660297059504,3.8112265874369e-06,0.00177765343130732,0.00137306099326802,0.00807650172432306,0.00116557547263033,0.00135147459532795,0,0.00279777672045773,0.000361727619529965,0.00333136611253537,0.00156955660373793,0.00210358640880686,0.00334572964422907,0.000508831624231883,0.000131732680259259,0,0.00505372621394508,0.00219699565459462,4.00594656322587e-06,0.000899247492265888,0.00165283935218998,0.000693793692047954,0.000973114946426647,0,0,0.000762297865935788,0,0.000176008775218079,0,1.08667513001724e-06,0.000107476763153066,0.00139913799686199,0.000631571176184096,0.000212825202361289,0.00185122894419505,0,0,0.000127188607163072,0.00129777059224424,0.00164982932343898,0.00191385876740752,0.00228699478600932,0.00501156760318685,0.00591565413659415,0.00115262693157232,0.00204042879386787,0.00406887458926979,0.00069436706370942,0.000295115197492279,0.00278181204842395,0.00205168001979488,0.00316679125687144,0.00169604658651143,0.000854423530593516,0.00173908721858632,0,0.00158663788513395,0.0047785607867416,0.00778914413249802,0.00724019716083842,0.00151052513115602,0.00591202927577457,0.00160891848342856,0.00431927244370388,0.0241992524678875,0.00182357728065939,0.00110202406145091,0.00106687973268716,0.00157696540565182,0.00226817074139018,0.000279209132461889,0.00628091570585257,0.000922782649042408,1.00269570330073e-05,0.00204725272256426,0.00686589719862943,0.0024374130158905,0.0023383141581163,0.00549910004686701,0.00143476202284135,0.00131512380093738,0.00139717320735275,0.00252609535698443,0.00759569137035037,0.00715634242128719,0.0226580341159872,1.63313215757477e-05,0,0,0
P111,Servicio de suministro de comidas y bebidas,0,0,0,0,0,0,0,0,0,0.000355367021276696,0.00203601944394143,0.000208512865010148,0,0,0.000638275409027644,0,0,0,0.0368566670642917,0,0.000322458058692728,0,0.000502194807802041,0.000198920590299043,0.000507293790155613,0,0,0,0,0,5.38099585211531e-05,0.00681294712930298,0.00028062331232081,0,7.42667447416739e-08,1.4581333126138e-06,2.90466604933432e-06,0,0.000513798244003346,0.00255791936308001,0.000770353633023391,0.00220765389948776,0.000413715136719604,0.000484328785976262,0.000601777214899159,0.000598177464866068,0.000604231347143736,0,0.000158297665089578,0.000982082151634361,6.20536324469285e-05,5.94196068400904e-05,0.00118174305170723,0.000238062005068685,0.000454087573690073,0.00529348963001629,0.00502075601837303,0.00519519159058484,0.000180433073658293,0.000477255174803961,0.000631249656997384,0.00348812674389857,0.000320761751665959,0.00224167465871139,0.00181604093335032,0.00539825775982825,0.00138824642073628,7.10847074984039e-05,0,0.00014715714265522,0.00139448860668062,0.00347177310107736,0.00216094779603688,0.000156864010048468,0.00446804813194767,0.00197236085308286,0.000608018139569059,0,0.00209506592022111,3.37909281946585e-07,1.00483601472611e-05,0.000558346925542669,7.69101039282722e-06,0.00082509624276811,0.000184261490384535,0,0,0.000146283636107947,0,0.000232693406730671,0,0.000692902522961651,0.000583270109606738,3.81349951749607e-05,0.000506832842482538,0.000434725071829381,0,4.56880067047673e-06,1.10293601511994e-05,0.000176956052061008,7.22800941771089e-05,0.00413080915063909,0.00180135235951419,0.00128503187295177,0.00117032558521047,0.0130982641378701,0.001601636838277,0.0026143021951256,0.00127747149903765,0.00715846563768343,0.00119867901960575,0.00119657430238638,0.00548171154852213,0.00330856383562578,0.00222453483911671,0.00114741775949152,0.00343911871607551,0,0.00393013230164982,0.00466427375496283,0.00449121824192062,0.00696084660533201,0.00522342435117357,0.0114641811060576,0.00117424862964205,0.00407805951619719,0.0162224495469851,0.00106106364211018,0.00200862280497681,0.000275413328477043,0.00457897046818926,0.000267866984244614,0.0025245176705175,0.0118226631731289,0.00379384786557404,0.00027052353142044,0.0189721931481238,0.0370184108134315,0.00797050054473458,0.00628320804227024,0.00622128180565021,0.00435860211358287,0.00305426487050532,0.00316430856706084,0.00488083906431202,0.012729255012961,0.0218156836057866,0.0593844842600982,0.000481213665431351,0,0,0
P112,"Servicios de información, telecomunicaciones y radiodifusión",0.000836587910901919,0.000703558411977588,0.000696055496757828,0,0.00109528250083458,0.000447145252093171,0.000469581790924122,0.00045298252015533,0.000588958666280994,0.000723824783745516,0.00118069373532592,0.000330540197613728,0,0.000639987966806978,0.000844375886297604,0.000459438014214924,0.000516208146385401,0.00400182364317917,0.00503068031507989,0,0.00212313107147842,0.00343964677091098,0.000869680762108257,0.00158411304844143,0.000352609957767482,0.00232128412453779,1.01724668746724e-06,0,0.00287018594982865,0.00141532728031715,0.000912801163782479,0.000721141965875088,0.0083601869928268,0.000236349677349382,6.29115871141522e-05,0.000718865079969137,0.00096372333944969,0.000639903776717645,0.000423770888700058,0.00465746914867138,0.00145622057876719,0.00383865422892716,0.00140233601061303,0.00202645537771823,0.00426151092980092,0.00419370406152072,0.00167398919543863,0.00119724454341171,0.000528372808201899,0.00182850131249163,0.000995618197919459,0.000918376161243338,0.00244193590615187,0.000372416768868413,0.000854887842073702,0.00214366034392358,0.0010949290566408,0.00148929039682571,0.00328287140032427,0.00417880742871475,0.0058892718276159,0.00476938584479062,0.0026247238627024,0.00235640072519713,0.00191258054221994,0.042068418357418,0.0128794804236229,0.000492800364381142,0,0.00102017854576399,0.00059131848356397,0.00479300613313775,0.00302260644824823,0.00138400040696893,0.00286026662267445,0.00214473517052035,0.00340323042848758,0.00112635633139649,0.00192904800966886,0.00386319340048088,0.000604445076504922,0.000963356810469973,0.0023930693107053,0.0023682825968051,0.0023913111586572,0,0,0.00333169451109107,0,0.00224357207306082,0.00735825007391001,0.00353536534194593,0.0043320850722383,0.000146310288213395,0.0014920674565822,0.00194185729876682,0.00887756877084531,0.00286279597636959,5.37893664807434e-09,2.52484069104916e-05,0.00117432245813967,0.0180059425728627,0.00767801103125989,0.0101318544532922,0.0120854026185134,0.00546489429417979,0.00753874948711611,0.00894556716490364,0.00761540380710593,0.022997470785864,0.00460234489717379,0.167124600429194,0.00464818286372778,0.00909998526267838,0.0065974235564823,0.00222040319328497,0.0206484646962746,2.12015377076003e-08,0.00751868507225257,0.0095569385619423,0.0417104366773072,0.00827362969348463,0.00906769449350593,0.02989779265049,0.00446589146413078,0.0039949495242644,0.0154490862006987,0.0120218988498547,0.00413605611681384,0.0265609120912487,0.0216198556975519,0.00458115082742367,0.0125262711132518,0.0016566940945622,0.00278383070433681,0.00637697448938335,0.00715661543449728,0.0103525100933092,0.00717690611247909,0.00874463556574006,0.00705692230302518,0.00467099074362668,0.00544746148772258,0.012342379940099,0.0109103334758412,0.00834501980981133,0.00889703273348506,0.0218354109985504,0.00613439898608714,0,0,0
P113,Servicios de banco central,0,0,0,0,0,0,0,0,0,0,0,0,0,0,0,0,0,0,0,0,0,0,0,0,0,0,0,0,0,0,0,0,0,0,0,0,0,0,0,0,0,0,0,0,0,0,0,0,0,0,0,0,0,0,0,0,0,0,0,0,0,0,0,0,0,0,0,0,0,0,0,0,0,0,0,0,0,0,0,0,0,0,0,0,0,0,0,0,0,0,0,0,0,0,0,0,0,0,0,0,0,0,0,0,0,0,0,0,0,0,0,0,0,0,0,0,0,0,0,0,0,0,0,0,0,0,0,0,0,0,0,0,0,0,0,0,0,0,0,0,0,0,0,0,0,0,0,0,0,0,0,0
P114,Otros servicios financieros y servicios de banca de inversión,0.00119851430481522,0.0102657388548607,0.0101562625598083,0,0.00156815782020911,0.00280926152550272,0.00285002377498004,0.00274927813864418,0.00357455555948634,0.00195767670007984,0,0.000162648665861234,0.000387005774754068,0,0.000799020228926709,0.000123576936426658,0.00204437739208439,0.000371849544833021,0.000652792296650366,0.0012688073563316,0.000145177042277028,0,0.000610636504116767,0.000207540409563151,0.000616836537869736,0,2.61609085347311e-06,0.000301518404137972,0,0,0.000667165590762448,0,0.000894236927557873,9.52408746511895e-11,7.08215242258391e-05,2.8954201258023e-05,0.000134682779698085,0.00024189291371037,0.000270932527831961,0.00712843642431019,0.0023187247803766,0.00617232219342743,0.000647401660371661,0.000862572302832084,0.0021414089759348,0.00214554591320335,3.88767670240756e-05,4.65154174368617e-05,1.06276456455329e-05,0.0008776115772253,0,0.00270435710583414,0.000275128609202597,0.00453588370209479,0.00723263850996992,0.000491845627224118,0.000443980021382434,0.000705904917951219,0.00135953221981758,0.000219484311536666,0.00213745547495,0.00346769857263863,0.000751138544894994,0.00196657935512944,0.00232857152820615,0.00100784951866949,0.00424396382578345,4.96375158960605e-05,0,0.000102757896386243,0.00198636756171236,0.000367969330393409,0.000328443890700378,0.0010919977910527,0.00224138645608396,0.00198968570868584,0.00085823313919951,0.000354578390917582,0.0048748242381942,0.000745328259342483,0.00524956961680461,0.00103935667332528,7.18612274823875e-05,0.00214908595120914,0.000474443985900059,0,0,0.00708478773464008,0,0,0.00959876055253671,0.000657245193980463,0.000829723081592877,0.00141370188829949,0.00450804078767195,0.0014036005624573,0.00240404167439705,2.77227418519075e-05,2.18278821186936e-05,0.00600412774215924,0.000712906720507312,0.00319426324985701,0.000795030101145973,0.00424578269287829,0.000435441422029219,0.00867646808626775,6.34040825883222e-05,0.000561513559762144,0.0015896634947764,0.00126247156856406,0.000630819881126034,0.000231202540782353,0.000384384501173965,0.119393846600863,0.0172035063617782,0.00140210503606204,0.00246167757647889,0.00131308701864497,0.00253604421130448,0.000122785665614526,3.34896984967889e-05,0.000296328684313674,0.00355866444639493,0.000303779980853534,0.00196185182703734,0.0027560831088264,0.0076323494853712,0.000311744576410067,0.000340665286419091,0.00360813201111928,0.000750717165619247,0.00254934876618798,0.000237431153056703,0.000216890075431453,0.000402273335888213,0.000237379727650952,0.0341242674056458,0.000183735137939492,0.0150787042058603,0.000778588374069464,0.000298062791421897,0.000943900048647587,0.00600799624491122,0.000363845386444175,0.000636754631672084,0.00217410263770141,0.000469766338939074,0.00176378826427983,0.00085175020510364,0,0,0
P115,Servicios de Intermediación Financiera Medidos Indirectamente (SIFMI),0.003447909889435,0.00291428864465333,0.00288320997335256,0.00471915415512657,0.00450997111689997,0.00525002327369545,0.0053999287205199,0.00520904636371538,0.00677269621334985,0.00670913638672899,0.0065889383577356,0.00785157851971895,0.00429018990487555,0.00534761764135161,0.00714891027755334,0.00166624708630205,0.00206326024060552,0.00459254956826485,0.00640198843813234,0.00595498591497722,0.00489590628581946,0.00744732560567453,0.0112788603185342,0.00365293934769296,0.0113933790448116,0.006312526691142,0.00426057100929009,0.00269359984644637,0.00349761286529315,0.00797260880504689,0.00105487047184323,0.00129578519492523,0.00497908108078323,0.00103227314204092,0.000689306871258824,0.00149009855343065,0.00332707861821157,0.00321368484069843,0.0035650272007547,0.0166772963249132,0.00519243257846243,0.0126343690580295,0.00876937995148316,0.00957472954313241,0.00411688159704175,0.00404386225895575,0.00754168686713851,0.000745582167074901,0.004008464033703,0.00353545246225229,0.00187501518400206,0.00656268965651089,0.0101570587601078,0.00263835869315335,0.00684107283864719,0.00640491102558868,0.00724916495333425,0.00760127417681912,0.0072884703207773,0.00249818791887127,0.00437207121244578,0.00615232629529623,0.00328721406031928,0.00734345550136087,0.00538938728099832,0.0116861238835954,0.00583810264458731,0,0,0,0.00629788695418893,0.00768626146595139,0.00363287020342185,0.00447344855916275,0.00757570262665532,0.00610114998310921,0.0124884561068996,0.00879034421255885,0.0213121207377223,0.00873505706428662,0.122067111244749,0.00441249959259423,0.00270999245004555,0.00865323650255409,0.0060081555175196,0,0,0.0267756363908357,0,0.0102194565500799,0.0171382950346295,0.00258355991992996,0.00422297015772462,0.00458568065401574,0.0375135802945044,0.00214334774336837,9.96275866331504e-18,0.00520518146947974,0.0148677920182518,0.00641560165834699,0.0219965205306282,0.0127916365685439,0.00417336180389582,0.00652648250144842,0.00566367744782535,0.0136329920633808,0,0.00901842899195926,0.00226529131667354,0.00673850077991139,0.00341473359120658,0.00391689388576707,0,0.0210487065840784,0.00918046080162072,0.0156776423130555,0.0356522973239823,0.00755315630824664,0.00556323786812501,0.00371423305948113,0.00478499359071211,0.00370285235325311,0.00375900286171433,0.00475917561433541,0.00364732167590889,0.00377231885690834,0.00962522835842914,0.00363156088221316,0.00569934771896747,0.00435655039192552,0.00666595920290271,0.00333835236283901,0.00230163141875051,0.00209987374667089,0,0.0019541907247444,0.0277949434054446,0,0,0,0.0669184313352745,0.00131543440095593,0.00145562839961263,0.0044735452624207,0.00398043072909725,0.00594423947635922,0.00207907174022717,0.00741407078133305,0.000590021908079261,0,0,0
P116,"Servicios de seguro, reaseguro y fondos de pensiones",6.11743664925172e-05,0.000576406868814868,0.000570259928070248,0,8.00568620279965e-05,0.000110388653721993,0.000115927657667883,0.000111829724961774,0.000145398735565938,0.000333370225867516,0.00226263250698145,0.00122107218782013,0,0,0.000807256245634918,0,0,0.00767796909954929,0.0116641570114498,0,0.000270646983032063,0,0,0.000309526546757007,0,0,6.25239400544213e-07,0,0.000177777279184892,0.00116467865193416,0.00390090235615605,0.00611893667508689,0.00322494495485013,0,5.18713447847232e-07,0.000678094102730401,0.00231672471016584,0.00143286759512043,0.00156980737102795,0.00313657705842128,0.000949425761569426,0.00264509559839155,0.00295308699204283,0.00294567944557454,0.000632898732032381,0.000607658441341006,0.00612760357844728,0.000639450794846205,0.000774096682894816,0.000458510769941325,5.91224138030162e-05,0.00191690478173291,0.00209659134070343,0.00069553732926404,0.00400986318237107,0.00349109505270799,0.00124907574164523,0.00144907470459855,0.00172378932064733,0.00169111333867339,0.000963296571013758,0.001599719309918,0.00194581503507653,0.00430741333197267,0.0033262309934298,0.00138961978656726,0.00388365262450709,0.00213187227189926,0,0.00441332943580914,0.000409751820723532,0.00231539940587773,0.00484626537199106,0.00218497890004033,0.00489869089375671,0.00300399024951626,0.00272503608990448,0.00168421082667637,0.00638927640153067,0.000991325362985423,9.30421303741271e-07,0.00197109952027041,0.0011713318857075,0.00284755087472678,0.000882318640531437,0,0,0.000797389999893579,0,0.00019079353805753,0.00075221593775106,0.00113297670319237,0.00277650592197127,0.000319557017488116,0.00766378726814378,0.000503514169779431,6.53914084368653e-06,0,0,1.3571420653125e-06,0.00110651332054844,0.0040586683253232,0.00102738319885793,0.00594050876803636,0.00630423543551148,0.0145969853906611,0.0240698481125678,0.015921450018115,0.00925534589302363,0.00697777571737172,0.000533108012962518,0.000978032996662828,0.00175610384087692,0.021473644110107,0.0128666738345708,0.311293210358207,0.0101303313968784,5.71680166126898e-10,0.00593712964933473,0.00353036343241282,0.00157316024208899,0.00362052474112998,0.00490812135560079,0.0017799778380116,0.00820331001836162,0.000852528176738144,0.00525261543502192,0.00378544903999479,0.00506231378941492,0.00101451090400056,0.00382234424687001,0.00393604174970379,0.000194496046969271,0.00381425797482718,0.00153637121814628,0.00082523944191329,0.00180418582650971,0.00646946905771338,0.00398836811976803,0.00848609628807565,0.00370761407040275,0.00103027542167428,0.00233237124517554,0.00362486660911301,0.00428996091327219,0.00202260856873858,0.0138145314660819,0.00463285665462682,0.000257504956033082,0,0,0
P117,Servicios auxiliares de la intermediación financiera,0,0,0,0,0,0,0,0,0,0,0,0,0,0,0,0,0,0,0,0,0,0,0,0,0,0,0,0,0,0,0,0,0,0,0,0,0,0,0,0,0,0,0,0,0,0,0,0,0,0,0,0,1.08633030946365e-05,0,0,0,0,0,0,0.000435325284742714,0,0,0,0,0,0,0,0,0,0,0,0,0,0,0,0,0,0,0,0,0,0,0,0,0,0,0,0,0,0,0,0,0,0,7.44793022012092e-07,0,0,0,0,0,0,0.000352215614914543,0,0.000223981053057633,0.000116291143277796,0,0.00106639269571347,1.87798882295337e-09,0,0.0058505642410452,0.00123751239885222,0,0.297354790510677,0.0609162639633782,0.0423167113207885,0.242229349758781,0.105898824473674,0,0.000687827322570695,2.9119990628484e-09,0,0.000199209728192327,5.16416606892461e-05,0,8.61143581359941e-07,0,0,0,0,0,0,0,0,0,0,0,0,0,0,0,0,0,0.000144726580824045,0.00044091211535905,0,0.0008957678927458,0.000595662498506648,0,4.4682279675802e-06,0,0,0
P118,Servicios de alquiler de vivienda,0,0,0,0,0,0,0,0,0,0,0,0,0,0,0,0,0,0,0,0,0,0,0,0,0,0,0,0,0,0,0,0,0,0,0,0,0,0,0,0,0,0,0,0,0,0,0,0,0,0,0,0,0,0,0,0,0,0,0,0,0,0,0,0,0,0,0,0,0,0,0,0,0,0,0,0,0,0,0,0,0,0,0,0,0,0,0,0,0,0,0,0,0,0,0,0,0,0,0,0,0,0,0,0,0,0,0,0,0,0,0,0,0,0,0,0,0,0,0,0,0,0,0,0,0,0,0,0,0,0,0,0,0,0,0,0,0,0,0,0,0,0,0,0,0,0,0,0,0,0,0,0
P119,"Otros servicios inmobiliarios, excepto alquiler de vivienda",0.000659600125425513,0.000508586468018187,0.000503162780252545,0,0.000863426413390458,0.00135122495935613,0.00137083116845886,0.00132237358730188,0.0017193232622651,0.00277480096616931,0.00425486511017846,0.00173688717969562,0,0,0.00333775779334638,0,0,0.00425125534631264,0.00673665159281864,0,0.00048119677724584,0.00119713873613561,0,0.000428388022639438,0,0,0.00013445513558554,0.00148345927746544,0,0,0.000879239125166327,0.000154136426528182,0.0107563167472459,0.0449340156832763,0.0150197563870786,3.02251180308872e-05,0.0058507426948008,0,0.00113278065995397,0.00670906901129541,0.00210051787959332,0.00551608787547918,2.97897125511678e-05,0.000475642799734153,0.00489456125487578,0.00474020517772359,0.00575644248928047,0,0.000834000108114287,0.0144644208216189,0.000330337909102015,0.000396171371536579,0.00432563996014261,0.000530884667200969,0.00290417885584654,0.0112598838858435,0.00734233831596956,0.00577625389517433,0.00470405062791855,0.0328291503797761,0.014458586664215,0.00916197779495304,0.00518426658147144,0.00194828384206057,0.00167915931938995,0.00396143212174712,0.0205076441484197,0.000488689636333953,0,0.00101166865643694,0.00146476187573933,0.00141307273201007,0.000157435162399833,0.00357923585245506,0.00477593034130462,0.00561232283890081,0,0.0120053790325555,0.00425727127815695,0.0107910195025756,0.00629051950123961,0.0022247127219997,0.00401877039867227,0.00951442013568577,0.00921213425330551,0,0,0.00960596806347279,0,0,0,0.00632769503520647,0.0174651731278535,0.00533170294562128,0.00364295537111385,0.00769831528188288,0.00470143599090155,4.90153164368227e-05,0.000118325927721052,0.000469556695780292,0.00297317562277721,0.0456062409510034,0.0256723755165313,0.0117670476255742,0.0118505903707684,0.00172325139721477,0.0910273411303771,0.0290491964562894,0.0266818196197087,0.00319275665749476,0.027021254164456,0.0111764585179207,5.16441384291968e-05,0.0379512985089416,0.0225117942142811,0.0043173558840703,0.0274674657743472,2.4145319419642e-07,0.0390638089177281,0.0144778893461635,0.0193419132597617,0.0265808531350986,0.0396514041307544,0.0273681078963074,0.0225523542682875,0.00264105992813018,0.0216223848932227,0.0110806752649256,0.0140405829004798,0.0582011389587338,0.0232645709446378,0.0244732576683263,0.0160341089528176,0.00218470692500931,0.00563842376317752,0.00432074903856787,0.00690376048789051,0.012643896871185,0.0072452198802413,0.0105260466739039,0.00548824796619775,0.00528004811829729,0.0108198628473637,0.0130299858863851,0.032303791223784,0.0296921012732895,0.0289746998136201,0.0181884427379465,0.0293062794938187,0,0,0
P120,"Servicios jurídicos, de contabilidad, auditoría, teneduría de libros y consultoría fiscal",0.000214147193266876,0.00103426589235091,0.00102323623344428,0,0.000280264469159841,0.000818346862951502,0.000804376025088081,0.000775942095795199,0.00100886414269167,0.00274132932476045,0.00324712215274839,0.0026281921984902,0,0,0.00177125000915313,0.000153471944345942,0.00052089748755327,0.0274276389431386,0.00891436738607529,0.00233223547493422,0.00417982898572725,0.00304864235758953,0.000596078891665902,0.0031186589115921,0.000241678742331704,0.00492655129115346,0.000274526385290481,0.00246786046376203,0.000882425510794633,0.00578106583167882,0.00112228780951918,0.000931109954502411,0.0114019987065646,2.53158900014492e-06,0.000105253271328979,2.03797367637131e-05,0.0013449154109908,0.000995887697285636,0.00112507091101,0.00595455584990985,0.00185190963607484,0.00497471455769441,0.00355502752669567,0.00384418873270366,0.00421001057522872,0.00419974790274866,0.00285516125126921,0.00356383341678151,0.000660361407862942,0.00155069370974678,0.000286358118950464,0.00439874327596723,0.00579467445626768,0.0016442735029032,0.00324907740663899,0.00822539981583988,0.00147631852485615,0.00248933983367977,0.0032296856773354,0.00341408053200422,0.00640058308126184,0.000768798494530411,0.00205993178500084,0.0034365108669375,0.0024181211559889,0.00219748622106445,0.00925222154340094,0.00018060247348501,0,0.000292583225228825,0.00415707365966195,0.00703360794686784,0.00527774256001767,0.00406800846563091,0.0088536768641625,0.00304896425544956,0.00781339173044642,0.00138056128420303,0.00702568279848608,0.00498739834681633,0.000830155457580282,0.00539315318156018,0.00136175579504085,0.0019300046788225,0.000886853621073071,0,0,0.0039695608821452,0,0.00165760092589953,0.00512263069006703,0.0017674857633151,0.00421605548537615,0.0048270391328941,0.00321597987494998,0.00683761817670798,0.00577633414206009,0.00111851378719176,0.00270015968801999,1.82358385466384e-05,0.0035163068436227,0.0103849706155779,0.00431249688054225,0.00377197523209405,0.00422666786581297,0.00598452907262607,0.0334391976883217,0.00692779430717142,0.00324178281903416,0.00854629352712461,0.00438039423080274,0.0024496112630953,0.00256141310163871,0.00678901875578125,0.0052197158120808,0.00491454887550885,0.0230981237628139,2.34422775009216e-08,0.0104792053787934,0.0429959396109986,0.0135644583425798,0.028598157390136,0.0284843404138258,0.0128986971783015,0.00764660010089336,0.00931088546184131,0.0175061258920475,0.00474289670522415,0.0078491500535808,0.012546930607125,0.014381298014532,0.00350226175491278,0.00906100000597557,0.00290688212479959,0.00322485387808709,0.00110338981114057,0.0050565071226758,0.00105589341357361,0.0102270287814446,0.00240417871609665,0.00314918576357071,0.00235950740854878,0.00251815141459419,0.00680500337288605,0.0105714772752919,0.0101936917634177,0.0164022813708005,0.0131481243195183,0.00179495564052767,0,0,0
P121,Servicios de tecnología de la información,0,0,0,0,0,0,0,0,0,0.00131433515088577,0,0,0,0,0,0,0,0,0,0,0,0,0,0,0,0,0,0,0,0,7.36194980181416e-05,0,7.01988891700614e-05,0,0,3.13030679183386e-05,1.01747445637118e-08,0.000176593125087703,0.000199500193306977,8.15733861110086e-06,5.46365953120775e-06,6.00678668892799e-06,0,0,1.41149528769378e-05,1.24535789480211e-05,0,0,0,3.37381657790359e-05,0,0.00107361141044215,0.000735062861684062,0.000264891007799131,0.000328209367207602,0.00118336413273775,0,0,2.59254845358583e-06,4.42655890086517e-05,0,0.000352204519698339,0,0.00078149476403637,0.000597241165291688,0.0049092446614626,0.000222092281733889,0.000103825123739391,0,0.000214935238295191,0.00129805875327172,0.00396675411950873,0.000239789772733465,9.67164411200266e-06,0.00238733216867513,0.000233936507393291,0,0,0.000890663003517948,0,0,0,3.74643667344271e-07,0,0,0,0,0.00253171372070677,0,0,0.00159563624120522,7.64211452692331e-05,7.69972671850921e-07,6.32807459028687e-06,0.0035097729764654,0.000476866336078775,0,0,0,1.39477212269153e-07,0.000105367089671148,0.00421204283708671,0.00240473876898107,0.00421806031791334,0.000180174183484774,4.88357691453447e-05,0.00169566422083684,0.00242403315439695,0.0054099642753357,0.00573712933734374,0.000679530619405456,0.00988441809936266,0.0127324976199801,0.0255880486838829,0.0107596959308916,0.00609804600643979,0.00932776600254426,0,0.00298704163406178,0.00338370121999187,0.0582496335272877,0.00254432767580995,0.00678421268166748,0.0147649571503707,0.0105326028474035,0.00202308652111022,8.76750470208827e-05,0.00561724580908911,0.00134779973728538,0.00325120271263991,0.00741887945664764,0.0013617421355608,0.000667074503530589,0,0.000472865904920671,1.52300896819427e-06,0.00212958704403362,0.00040503105411954,0.00470274722795761,0.000540222536065628,0.0118907219864568,0.00093501211127043,0.00153941335585868,0.00444881802277564,0.00232053561114399,0.0036304821238436,0.00018591772215987,0.000557642639021485,3.030756410495e-06,0,0,0
P122,"Servicios de arquitectura e ingeniería, ensayos y análisis técnicos",0,0,0,0,0,0.000205468420134484,0.000215778269485005,0.000208150712389671,0.000270633325790192,0,0,0.00510903012820653,0,0,0,0,0,0.00472306550950565,0.00601816310400521,0,0,0,0,0,0,0,0.000184994171718961,0.000123883153420221,0,0,0.00486623711234348,0.0126963630899528,0.00272609729870278,0,0,0.00114141194494977,0.000156551880487469,0,0.000237791139216779,0.00163446690480132,0.000512644175494752,0.00123148399765964,3.11549127936237e-06,4.05834132878472e-06,0.00315733685251313,0.00280978852908599,0,0,0.000455692884600354,0.000135776324092112,2.05194611661059e-05,0.000719061405374941,0.000825730889837078,0.000216053190982239,0.000110511456293633,0.000578610923408045,0.000289284246089779,0.000606911959492471,2.10772259448505e-05,6.27516661186398e-05,0,0.00112004618830514,0.00276431651968247,0.00246124744897311,0.00203239049850747,0.00168968165775081,0.00652935290861473,0.0020305668674426,0,0.00420361043463426,0.000347256052932945,0,0.00045245925294766,0.00503250590319747,0.00131895995344848,0.00224913765377933,0.000509875987784017,0.00642845307693868,0.000818292051810836,0.00341167302451846,0.0084942072600091,0.00168601016191693,0.0061431491637764,0.00343988267389406,0.00603748096352885,0,0,0,0,0,0,0.000296180899767094,9.07987601670893e-06,0,0.00362369592046209,0.0114927993808633,0,0.000297428071625436,0.000769285014538496,0.032690574618932,0.00878400113575491,0.00234039687481974,0.000359501324565748,0.000476149629128497,0.000273472576938496,0.000955108852280524,0,0.00673956279818495,0,0.00918524118850028,6.80489345938665e-05,0.00378939764357178,0.000101257115548594,1.21068389555921e-05,4.42527142620184e-07,0.000223830705958086,0.00119611721951203,5.25839392601052e-08,0.0101655941223986,0.000471471525158099,0.00819477557182138,0.0962155386501199,0.0132017066533301,0.00773502509287192,0.000954738983026565,3.80580972476963e-05,0.000423267344375141,0.00228573616354948,0.00170308379781695,0,0.00158979118072988,0.00631558067592151,9.80520399741745e-05,0.00200401631454097,0.062786666501498,0,0.0171241837953632,0.00111187318341445,0.0236596335084603,0.00170748549055698,0.00377902534626962,0.000909287187072875,0.00145475860583108,0.00736281785328996,0.00317407552864618,0.000221138676450313,0,0.0036636599948704,0.000320810842264426,0,0,0
P123,"Otros servicios profesionales, científicos y técnicos",0.000184108331996435,0,0,0,0.000240902008543114,0.000797988465051209,0.000835808497992006,0.000806263460605179,0.00104828736496564,0.00112153014985514,0,0.00334158383426573,0,0.00174175160496561,0.00148772003044559,0,0,0.00479709519516101,0.00547921839311916,0,0.0106973729927537,0.0193322843513087,0,0.00407788940614713,0,0.00684617638408629,0.000421375064973144,0.000636684850251585,0.00181368883583844,0.011882084583798,0.0028843969654669,0.00498505450889607,0.0048369171767651,1.19846856517863e-08,2.79125888313501e-05,0.000112838950880497,0.00281968051767919,0.00182727742769033,0.00205590695022161,0.00249136689339471,0.000730839275339114,0.00192798140124172,0.000813583880518124,0.000631389318007901,0.00284877556228976,0.00189079856914159,0.00698909007396708,0.00171563562324279,0.00300387747512303,0.0010801855649129,1.95769032046549e-08,0.0179127683156989,0.00699676628017186,0.000904845194394785,0.00606275984129471,0.0242870045318697,0.0208102360027683,0.0212960170368475,0.00167467471694354,0.00494297653150603,0.000221704204033402,0.00308601483032832,0.00202119193595054,0.000284272289335883,0.000907377660275832,0.0149663087578285,0.0171914211774974,0.000108259678162174,0,0.000224115501966116,0.00821910980963654,0.00387441064598494,0.00400872910745666,0.00480636379207257,0.00680431222728927,0.00468870861120247,0,0.00428552113533396,0.0055307611381451,0.00489798876358164,0,0.00509663762973759,0.0005896966075056,0.00187233878404294,0.00355564266822411,0,0,0.0136808963435033,0,0,0,0.000480387166467783,0.00392880860679902,0.00268447148682909,0.0126627527508827,0.011081784560758,2.06610929589092e-05,0,0,0.00230047697409965,0.00151270212526522,0.014955401121103,0.00556086691468632,0.00268779982490077,0.00207624696326266,0.0128183236898102,0.00233819232079735,0.0175494299575671,0.0200991421922581,0.0252076737641871,0.00449579087559247,0.0207039846348483,0.0157167094383601,0.0163864149474371,0.0118311733907436,0.0160348848015013,0.0221762899648472,1.24653094760767e-08,0.0172306956755374,0.0098360700937362,0.0096305435506953,0.0191124427669133,0.0382181714762984,0.0313572682505008,0.0176961308746395,0.0177004227433373,0.014994911653317,0.0130702537169137,0.00892722833299064,0.00303964422852801,0.0230730845885139,0.0137543330143496,0.0080960351201532,0.00181064878138227,0.00251539820316628,0.000159443120808375,0.0397092072105204,0.0260168971802247,0.0534519203259511,0.0263723765542575,0.00569955359629346,0.00372378876069613,0.00514713807459193,0.00826740624581326,0.0296316422177168,0.0227735182708388,0.0477238949341692,0.104857584110792,0.000959421318102652,0,0,0
P124,Servicios de publicidad y estudios de mercado,1.42855402888004e-07,0,0,0,0,0,0,0,0,0.00213849988851107,0,0.000969246228909618,0,0,0.000810813261481354,0,0.000674077235837258,0.000828884509704187,0.000796876729125092,0,0,0.00219994818479845,0,0,0,0,0.000153232211385956,9.98919164795064e-05,0,0,0.00282515628761807,0.00195180255535289,0.00454579087368056,5.40729364045924e-10,1.77564598986958e-06,0.000874514210927743,0.0101439139370781,0.000306398184255997,0.000313115533922036,0.00722575087822835,0.00197300425642672,0.00468163939635713,0.000255700995310537,0.00212735141387415,0.0061008725495198,0.0101699734688818,0.00938163935301459,0.00207978383066205,0.00537010534372705,0.00542431319576095,1.01235541878818e-05,0.00237798766123438,0.0143682044676508,0.00146846528804893,0.00537335708811536,0.0236964439913206,0.0206819564880383,0.0223952717113308,0.000850825887953894,0.00355833672536872,1.361896764116e-05,0.00358477969900539,0.000747806959340424,0.00451167648508651,0.00232731971319327,0.00603568075078151,0.00140427857372308,0.00117720153209733,0,0.00243700255496839,0.00145227505860166,0.0108962882528675,0.00967180504079248,0.00281362906469321,0.0196221390689491,0.00296442609529944,0,0.00529820691752994,0.0206659347249681,0.00359821697963874,8.13172636047374e-05,0.00207379878238851,0.000428875055732872,0.00157990541877236,0.00163626556735583,0,0,0.00567188806220235,0,0.000604218631878844,0,0.0025836037901419,0.00106272690046369,0.000131317524035331,0.00486405041960305,0.000768966973182065,0,0.000152364909605868,0.000367818073856288,2.84814012676484e-05,0.000856698951284737,0.0144564782929425,0.00502408871484871,0.000829150945923176,0.00181187350359095,0.0195593551403166,0.00316104396907526,0.00557333613946492,0.00611425096034255,0.0105522321385832,0.00576290021011555,0.0103448845214801,0.00699394660906378,0.0208372958702782,0.0158158240346566,0.00655847911435354,0.0330682633796659,3.08784237139059e-09,0.0064896824963267,0.00300694428487408,0.00697958874521772,0.00400628854500007,0.0116303073730359,0.0449760124046688,0.00526676195489473,0.00317435174121224,0.0768011366114173,0.000919876216968271,0.00198289283347344,0.0122027878501977,0.00660970876248714,0.00336718251202595,0.00244701175753894,0.000307484054002306,0.00185892158646084,6.9589957293562e-05,0.0184133859682746,0.00468811132235235,0.0167623241293287,0.000803322951757014,0.00295499436784415,0.00494699542328738,0.00364881371772834,0.00231343996312629,0.00880486582489108,0.0138916692068019,0.0712193854685544,0.0247730287098607,0.00236962865642653,0,0,0
P125,Servicios de arrendamiento o alquiler sin operador,6.0251292532144e-08,0,0,0,0,0.000652371887433642,0.000685106143508389,0.000660888291365788,0.000859273524528161,0.00551483280513051,0,0,0,0,0.000867049270895751,0.000335394591682692,0.0070124400882872,0.0044959897667045,0.00982851097930154,0,0.00106582984804103,0,0,0.00248935300230083,0,0,0.00646626294570621,0.0040911110683042,0,0,0.0055509253806649,0.00351374610275562,0.0319405791668065,0,6.07828122409018e-08,8.39509351155078e-05,0.00293370087170192,0.00148211219062782,0.00166143061440342,0.0101601882134041,0.00321580253265009,0.00572229489681971,0.000835380087280493,0.000653282182328373,0.00536142290667137,0.00488712905287514,0.00987518467924026,0,0.00601508707856091,0.00270604968582055,1.86051819630201e-07,0.00642812710426535,0.00382515159886481,0.0032875622388959,0.0092538322775794,0.000785949064792,0.000349684579042073,0.000614753700239745,0.00194200735002374,0.00040449809986775,0,0.000774789647959805,0.0007576543600648,0.00220057796165923,0.00185397146397614,0.00845390545068175,0.00224531415066927,0.00286877697873569,0,0.00593884448515595,0.00176312512059941,0.00393753594160436,0.026160199043173,0.00437856424933327,0.000860092475364329,0.00375201365425065,0.00166278234030545,0.00588040624008865,0.0076629708024513,0.013315797429134,0.0262711661546736,0.000845175518484239,0.00110497393785436,0.00218879879758217,0.00115904734814425,0,0,0.00257489750645377,0,0,0,0.00368699081156542,0.0013552427751624,3.91507993852679e-05,0.00664922437119421,0.0253560630833781,0,0.0176678454695331,0.0201806973534589,0.042770158564809,0.0237787689349849,0.00660984841158737,0.00450448066535612,0.000263661428344892,0.01556967428971,0.00291237933068779,0.0205667312562301,0.0162634395512735,0.00484448325489068,0.0116082241435567,0.0079572788806406,0.0138559885391453,0.000993220250833416,0.00731822779987169,0.00474018474561397,0.00129796456081582,0.00447577411223607,0,0.0120290195509713,0.00244216782839032,0.0263588811169772,0.0259254817370624,0.00340261176120141,0.0242662880163688,0.0359166149875185,0.00230436560040391,0.0228754582921126,0.00963482576812253,0.00666257782818188,0.00554252937246162,0.00377367386849042,0.0120368822613669,6.4546655246923e-05,0.0031910052045006,0.0121201495313719,0.000260174148136326,0.0268206786859092,0.0106148492232298,0.013871711453385,0.00954517175822274,0.0501670249532669,0.00257943644519327,0.00559153957019702,0.0195500850155922,0.0127591466013315,0.021391096137957,0.0272325375557018,0.0119260579970326,0.000237979120853589,0,0,0
P126,Servicios  de agencias de empleo y de dotación de recursos humanos,9.72702704267612e-08,0.0010999062322273,0.00108817656903289,0,0,0,0.00140505713750629,0,0,0.193316085622386,0.0241443509917932,0,0,0,0.0190930507525366,0,0,0.00330178070437529,0,0,0.000246927946767535,0.000922263850424557,0,0.000421869800424246,0,0,7.65758331831218e-07,0,0.00045576336058853,0.00298585881640797,0.00362819156130412,0.00396369700905993,0.00435464873121094,1.20265309865825e-09,9.3723538458063e-05,0,0.0212647492578333,0,0.00606461498683112,0.0118941217849041,0.00336460285959679,0.00854661979163745,0.000972078851603041,0.00110183833487994,0.00918002013945203,0.00826337016365411,0,0.00527682033037315,0.000193347416168465,0.00227742819171323,0,0.0148532607914436,0.014314787968035,0.000167153740908535,0.0365868152138841,0.0137785927490521,0.0301730195013741,0.0313802103592791,0.00256447166393266,0.00103735987255821,0.000609980772976575,0,7.1356489324246e-05,0.00159167601072008,0.00127990000587225,0.00419873692223079,0.00563219162723149,0.00226634459617409,0,0.00469170946581678,0.000257514619315472,0.0025249794863556,0.00222360843061793,0.0089097194084672,0.00164760653876871,0.00433803197804226,0.00339847777419725,0.00560665238309352,0.0111273015916825,0.0101231625154573,0,0.00326804074543386,1.39362005471563e-05,0.01590719042361,0.000522424903673663,0,0,0.000240691893569386,0,0,0.00613028316414572,0.000960378158573111,0.00082902129182193,1.10568747550195e-06,0.00997102503146798,0.00847964967828224,0,0.000236156958163056,0.000605474222011998,0,0.000617266920948603,0.0067886999444782,0.00145898371939051,0.00486897898255273,0.00635814758754324,0.00203200985683534,0.0246470374555687,0.0237059031285479,0.0202716573242503,0.0144046743816915,0.00123771624937054,0.0136485495692467,0,0.107735018521105,0.0643340144833877,0.0296392492016857,0.00444118291199441,1.99333300473265e-09,0.00493875306698463,0.000370705731444582,0.0278751315616146,0.0200503724118433,0.0200263330842048,0.0127092828540876,0.00253445591930212,0.00287502738485556,0.00467100740357193,0.0181517137800293,0.0286200606001315,0.00700956039156832,0.0160595518168804,0.00493067012653927,0.00566986143289498,0,1.15882121794126e-05,0.000354738148168822,0,0,0,0,0,0.000519971506437548,0.00134266239300507,0.00743739060525124,0.00936745505910315,0.018092324051031,0.00154646225292514,0.00320373547350396,0.00350977425722516,0,0,0
P127,"Servicios de agencias de viajes, operadores turísticos y actividades conexas",0,0,0,0,0,0,0,0,0,0,0,0,0,0,0,0,0,0,0,0,0,0,0,0,0,0,0,0,0,0,0,0,0,0,0,0.00038557825628087,0,0,0,0,0,0,0,0,0,0,0,0,0,0,0,0,0,0,0,0,0.000167011251442495,0.000177584196521558,0,0,0,0,0,1.50694178771223e-05,4.80483168048041e-06,2.2776071258589e-05,6.52900250246577e-09,0,0,0,0,0,0,0,6.65716792358054e-05,0,0,0,2.76015475527504e-05,0,0,1.49315805477316e-05,0,0,0,0,0,0,0,2.28015661962945e-05,0,0,0,0,1.70723381844684e-05,0,0,0,0,0,4.04810717966628e-07,0.000250557556713354,1.61422212261817e-05,3.53093783229764e-05,0,0.000209475856842806,0,6.7115222942693e-06,2.7203485135175e-05,0.00152688072149389,8.60918098078351e-07,3.87609427205001e-05,0,0,5.64540498437827e-05,2.06178838525559e-05,2.86550227448517e-06,0,9.00815748725378e-10,8.48714989466716e-06,0,0.000232097572907339,0.000943725143257006,3.81645789758885e-05,9.06484315364454e-05,0,0,0,0,6.53174772953168e-05,2.06157546587099e-05,0,0,0,0,0,0,0,0,0,0,6.18024908662053e-05,0,3.37341627488977e-05,0,0,0.000209479002692817,0.000263105900599864,0,0,0,0
P128,"Servicios de seguridad, sistemas de seguridad e investigación privada",0.000964809424042898,0.000582177575539984,0.000575969094598304,0,0.00126266191313112,0.000799924670748282,0.000824289844925023,0.000795151980995187,0.00103384044500664,0.00652387425245133,0.00342975948956892,0.00717504215328126,0.000635785824138512,0,0.0013077925616099,0.000915015412163441,0.000556079588608219,0.00147502285581277,0.00810897560823055,0.000776140412365276,0.00315401110058776,0.000748772459030567,0.000889009728437715,0.00235327446641864,0.000360446840331835,0,0.000148426027500271,0.00152434300102442,0.000201936929049251,0.00132295663078633,0.00236178903700791,0,0.0051956596365551,9.5768922493188e-07,5.88211063478063e-08,0.00247239386807297,0.000543204114631601,0.000941477814263372,0.00101480734099689,0.000777615774534537,0.000229864016909716,0.000630373005057803,0.0038433127551929,0.00378266123334561,0.00160470123061644,0.00160654083021533,0.0015067878466855,0.00321928091106524,0.000330604834706189,0.00202859877799566,5.59073003868637e-05,0.00240655167629484,0.00781319036409568,0.000279339441711461,0.000813928977171389,0.00331825708734634,0.00123982845184779,0.00183353489103608,0.000873228565728774,0.00199879124506931,0.00176809740750612,0.00261553120662365,0.0011500717931476,0.00469074446489755,0.00417796164803666,0.000563869367801359,0.00285947532959702,0.00137142634425694,0,0.00283908015218994,0.00360162924548986,0.00377328139458972,0.00164268003210501,0.00473014911770497,0.00544033589324688,0.00242814046122326,0.00362419798023749,0.00270769184056881,0.00547046732306033,0.00401733114291148,0.000121993148750471,0.00277914060872618,0.000260318815479778,0.00130591480091726,0.000865132883076932,0,0,0.00347390717669684,0,0.00591702857498564,0.00830430531111148,0.000432887954102785,0.000813577633919664,0.000372372659365022,0.00512895091759621,0.0064318942670761,4.44672066045213e-05,0.000106796532509144,0.000257813265427428,3.76242778926177e-05,0.000662347479164831,0.00859924668704927,0.00326782050436936,0.00254533736088271,0.0061909511334946,0.003965451830664,0.0200405110066768,0.00916894458084631,0.0255492540938865,0.00909408590081044,0.0027954866969611,0.00170986090664912,0.0017867583501037,0.0380613021666451,0.0209920276664272,2.21781507472537e-05,0.00212391944960948,0,0.012780602657896,0.00966609088419379,0.0044995361848535,0.00596049567300096,0.0103037864313975,0.00709573178999756,0.012451965670907,0.0045482856028937,0.0109899337709013,0.0182115231058556,0.0160187594525835,0.00515466451049335,0.00384607074456507,0.00616022637504667,0.00961171293287568,0.00284045407071746,0.00138563709744449,0.00158153721513942,0.00290118931283933,0.0107852599041655,0.00527588785504665,0.000437339917760693,0.0110511825343694,0.00396171862466593,0.00230485188936131,0.00724788158678734,0.00250468404643967,0.0136873339778785,0.00576931940662071,0.00300138460507715,0.011182007806794,0,0,0
P129,Servicios de limpieza,0,0,0,0,0,0,0,0,0,0,0,0.00231678208864631,0,0.0017892325441579,0,0,0,1.39030087844056e-07,0.000790050953134057,0,0,0.00123825719753101,0,0,0,0,0,0,0,0,9.29479251176523e-06,0,4.74061452160816e-05,7.73765970457647e-10,0.00010256495357809,0.00060085179335451,0.00196975704316359,0,0.000188012076280779,0.00206148621349296,0.000651025966934411,0.00155736772714661,0,0,0.00260491489397518,0.00235067883889114,0.00150158063920459,0.00176930827156616,0.000867617532496826,0.000461735953294291,2.30100835034208e-05,0.000381296449610161,0.000943916884500813,0.000989555066397516,0.00502266047389717,0.000431030364537263,0.00105659204525394,0.0010904853512795,0.000155059765877754,0.000129452651737928,0.000303123919643676,5.50689237172448e-05,0.000143196860586451,0.000221610448482519,0.000235279917770758,7.54298504560091e-05,0.000512496717505292,0,0,0,0.000396190768487806,0.000601161658604304,0.000852328530831452,0.00442712166845734,0.000337518756471729,0.00105027873703998,0.00189718015761975,0,0,0,0,2.15675518165262e-05,4.90234197891441e-07,2.07991564849126e-13,0.000314393147877696,0,0,0.00234725720918051,0,0.0006292907508421,0.000360285071287471,6.19291496695264e-05,0.000216978036706606,0.000601473980675055,0.000705265528390201,0.000186413691055802,0.000774897560128155,9.69183765400405e-23,2.3396680162414e-22,0,2.16843632545613e-05,0.00241632792342155,0.000675932042778317,0.000347676654132608,0.000604482892598294,0.000533440038957889,0.0120830695800015,0.00234003716962311,0.000637462138921023,0.00450186527276872,0.000929851720576919,6.45558743946943e-05,7.84032995956618e-05,0.00678745822094406,0.00366819715626888,0.00131491785808848,0.0126924178363015,7.04884094870154e-10,0.00668796728499316,0.00249714942356322,0.00671738452274104,0.00461358361830413,0.00820461949807927,0.00118588054017803,0.0059964794894912,0.000314939369535118,0.00225454912052606,0.000599554554556556,0.0154075988794607,0.00636683050472731,0.00493911423431153,0.00119335086006512,0.00136604064699043,0.000262975619098846,8.68928727495885e-05,7.45221343060788e-05,0.000965453286274949,0,0.00218058878152243,0.00177769764012549,0.00373471369143065,0.00253054067908682,0.00521055779617308,0.00276373831222922,0.00814288126817686,0.000414411387080184,0.000703038073159909,0.00095539487033107,4.57484587758813e-05,0,0,0
P130,Servicios telefónicos de centros de llamadas,0,0,0,0,0,0,0,0,0,0,0,0,0,0,0,0,0,0,0,0,0,0,0,0,0,0,0,0,0,0,0,0,0,0,0,0,0,0,0,0,0,0,0,0,0,0,0,0,0,0,0,0,0,0,0,0,0,0,0,0,0,0.00033654089260606,0,0,0,0.00110427782992757,2.6008689678964e-05,0,0,0,0,0,0,0,0,0,0,0,0,0,0,0,0,0,0,0,0,0,0,0,0,0,0,0,0.000220477354592656,0,0,0,0,0,0,0.000502703798159635,0,0.000380908987588396,0,0,0,0.00386932209094497,0.000117009237630508,0,0,0.00920636386651651,0,0.00536084947170283,0.00231522307796702,0,0,0,4.2928864654514e-09,0,6.90356071678295e-05,0,2.27052236626051e-10,0.00174066648482879,0,0,0,0,0,0.0043008445357652,0,0,0,0,0,0,0,0,0,0,0,0,0,0,0,0,0,0,0,0,0,0
P131,"Servicios administrativos, de apoyo de oficina y otros servicios de apoyo a las empresas",0,0,0,0,0,0.000306010017189751,0.000321364771827528,0.000310004832055124,0.000403061982094235,0.00046011136646317,0.000771729904018286,0,0,0,0,0,0,0,0.000508920325589928,0,0,0,0,0,0,0,0,0,0,0,0.00388781593981487,0,0.000136325382818715,0,0,8.64317212138532e-05,1.07148147997248e-07,7.27918594549586e-05,9.44711858294895e-05,0.000909876485514548,0.000299582528304771,0.000688660243208544,1.5730600292968e-05,1.61995180727835e-05,7.09290132988141e-05,6.32525968488156e-05,0.000121967168663208,0,1.90953723299693e-05,3.35348989040506e-05,5.3154167554792e-11,0.00368268163213665,0.00173067432752998,3.99117974952516e-05,0.00144132392930531,0.000485542905455313,0.000269822464685012,0.000336513257122506,0.000115425314239784,0.000260507511477213,3.05665832710092e-05,0.00102335768589397,0.000131791496809912,0.000764603726369723,0.00058647326906792,0.00596600606326043,2.94449943731667e-06,0.0023834303609912,0,0.00493409643204962,2.70455634373888e-05,0.000805130720345063,2.40287299374497e-05,0.00020079679255135,0.00263983273084288,0.00348364746819405,0.000221243167167407,0,2.19484229952186e-08,5.08076467227422e-10,0,0.000761328077943536,0.000520902825367124,0.00097539738966643,0.000237789738180283,0,0,0.000245797685306078,0,0,0,0.000896466384779389,0.000484566173974265,0.00125677507424374,0.0152976398396361,0.00243911613635035,0.0016694520069456,0.00276135400606308,0,0.000100030379688267,0.0043245227274098,0.00412169893808605,0.00173912096498543,0.00205894228080597,0.00335463633328384,0.004227510558274,0.0220330974546744,0.00302606307302961,0.00841763765926116,0.00327833319483096,0.00068484689641155,0.00550984418656739,0,0.0059725184313919,0.00536422322363473,0.00721096987349673,0.022837791101739,0,0.0117266713010268,0.0055717910072341,0.00307167523603187,0.00242520612079235,0.0086299381700008,0.00905873350029118,0.00273330157445869,0.00493657636659731,0.0168832317907611,0.000336137297652193,0.011363877781451,0.00596357958991822,0.0187768662463618,0.00171006013872875,9.49061374565275e-05,0.000166012569455988,0.000663035372997332,0.000522831241332335,0.00110855333689236,7.95555033755361e-06,7.99441948313351e-05,6.10605350143975e-05,0.00102710809036252,0.00165442660100785,0.000663625418799129,0.00447513681401091,0.0124149364290493,0.0228351489963708,0.00454521726789016,0.00740306924259207,0.00249358068765049,0,0,0
P132,"Servicios de mantenimiento, reparación e instalación de productos metálicos elaborados, maquinaria y equipo",0.00283732253578755,0.000525349510146385,0.000519747057289214,0,0.00371352057346177,0.00145204105939692,0.00147311010525724,0.00142103706072695,0.00184760350517415,0.0149928542956672,0.00146720521607066,0.000937608705111966,0,0.0070432175183967,0.00266419134133602,0.000170356338898747,0.000597576422470359,0.0126644514994675,0.0140607674438503,0,0.00122844263991626,0,0,0.00387069699800078,0,0,0.00305237544725133,0.00341518673091178,0.000699137151315047,0.00458028224216346,0.000294471524452346,0.00012500236568811,0.0184873378677375,2.90054314192789e-09,9.65839332597184e-06,0.00502676752001705,0.00944306481764265,0,0.0095548098518741,0.0125039462387104,0.0039271122812969,0.0101037079331048,0.0142129822554252,0.0142321111736874,0.00419417044949625,0.00428177874318832,0.0129398640176972,0.000594779554192658,0.00786551568506731,0.00334389057444093,0.000153517525824989,0.00677330257842011,0.00744595805235862,0.00506306456222988,0.00600908266292415,0.0137549689174272,0.0191861042675836,0.0204642974118964,0.0102002159864225,0.00292072176917362,0.00198260094782478,0.00421017193909184,0.00729734542402431,0.0059715032986218,0.00627957343807082,0.00919845558588238,0.0185501666002006,0.000192178474276719,0,0.00039784133816738,0.00236892965779577,0.00157242136247146,0.0090854901984248,0.0106310756069937,0.00480706818092751,0.0047264358435662,0.00626907085658535,0.0115530056675909,0.0217076493770942,0.0102980820642866,0,0.00144670530499137,0.00201497953692895,0.00334841252223272,0.000846562664498205,0,0,0.0140152296544802,0,0.00541014204622239,0.00783176742043658,0.00359615387354256,0.00959679382804438,0.00596350380867807,0.00383530617197457,0.0234769904993612,0.00598078348094199,0,0,0.000177705251926089,0.00275858503617634,0.00250797532652088,0.0204235023111883,0.00599218653040854,0.0155340948146864,0.0374088622499673,0.0135244387022696,0.0115115592366627,0.00505586454899813,0.00729675762654831,0.00206037214265476,0.00221216775928974,0.0109069753595116,0.0227767324843965,0.0159117787237856,0.000406303493606591,0.0195860744300271,5.7261359793362e-10,0.00226924575477674,0.00275947457467284,0.00475849168681352,0.00876204807733919,0.00688863622274181,0.0118171724668225,0.0396182962982293,0.00188537908695138,0.0162565812102886,0.00135527711948825,0.0152774376537995,0.00565235319857303,0.016682485971406,0.0182497985394661,0.00301658527381265,0.00455448855951103,0.00561781761028546,0.0151424549551545,0.00152334868208384,0.000672287233446883,0.00105737331889787,0.000592223162693095,0.000750916969105128,0.00280996227979361,0.00891356116874296,0.00601395224479885,0.0151338917231451,0.0124114458605854,0.00504412061707425,0.00827328059934841,0.000576895163416279,0,0,0
P133,Servicios de reparación de otros bienes,0,0,0,0,0,0,0,0,0,0,0,0,0,0,0,0,0,0,0,0,0,0,0,0,0,0,0,0,0,0,0.00263343750541431,0,0.000217650836225041,4.11155213056411e-10,0,0.000402180402130531,8.24084378614021e-05,0,0.00246677636889655,0.000593958877514452,0.000194539365660143,0.000509523988968637,5.6371211668807e-05,5.80515965828567e-05,0.000910835371506311,0.000875782659569811,0,0,3.12676797977747e-10,0.000247809075997039,0,0,0.00105664413353816,0.000423906028539074,0.000149154576773315,0.000324995367136765,0.00119277134062462,0.00122657918428777,0.000137991033856559,0.000104279512121223,0.000336686385024799,0.000309621237510095,0,0.000184740841793487,0.000187750379489902,0.00626661903001215,0.00191985704024422,0.00155050022647051,0,0.00320979280977973,0,0,0.00032467881810428,0.000580122951356164,0.00296564961454868,5.62200822785795e-06,0.00140238431493029,0,1.66117161648857e-07,0,0,0,0,1.08644900139464e-06,0.000477658461011075,0,0,0.000386331344283915,0,0,0.000730466824520175,0,0.000744518462790112,0,0.00229176301115443,0.00022217772129521,0,0,0,0,3.75411347653324e-06,0.000702018357367232,0.000726076524692659,0.000284155051423415,0.000197148290225162,0.00146629841532404,0.00267123001668659,0.00112708309997381,0.00329724458323587,0.00227308855063411,0.000236259436241875,0.000933830672602655,0.00066721170463273,0.0078828673238545,0.00511794641211838,0.00158327662520646,0.00293219312681642,2.87065007966158e-08,0.000714285647784663,0.00333483038166539,0.00216853459460398,0.00381907421902389,0.00081130202461613,0.00830097002532198,0.00783030362713093,0.000981871228863712,0.00123957974108324,0.000843095923682122,0.00560660350632916,0.00560473730553853,0.00269620742263361,0.00134967543898375,0.00365881147970597,0,0,0,0.000748700307703325,0.00034789833950731,0.00044847669784058,0.000468780432475875,0.000278712696738479,0.000983995334587701,0.000790804838056023,0.00089285508520974,0.000805631684907506,0.00311224433769162,5.83616884709299e-06,0.000409534162250095,0.00072892924643192,0,0,0
P134,"Servicios de apoyo a la agricultura, caza, silvicultura y pesca",0.0126417527180487,0.0295712884048961,0.0292559331109165,0.0505046678381817,0.0165535192458544,0.00385894257335106,0.00357305561753389,0.00344675149157816,0.00448139623751001,0.105062613258253,0.0507086434655438,0.0322573246728081,0.0179660818983101,0.00748942177233214,0.0377532848090135,0.156016736517949,0.118357712662391,0.00257047319195999,0,0.00880892799355606,0.000741643982411691,0.0010068274153782,0.000321306981321345,0.000553356279138403,0.000324569338084863,0,0.00328447308595937,0.00624348679391259,0.00293688962780272,0.0192405501325693,0,0,0,0.00349050449443907,0,0,0,0,0.000681641469164015,0,0,0,0,0,0,0,0,0,0,0,0,0,0,0,0,0,0,0,0,0,0,0,0,0,0,0,0,0,0,0,0,0,0,0,0,0,0,0,0,0,0,0,0,0,0,0,0,0,0,0,0,0.000706430519350985,0,0,0,0,0,0,0,0,0,0,0,0,0,0,0,0,0,0,0,0,0,0,0,0,0,0,0,0,0,0,0,0,0,0,0,0,0,0,0,0,0,0.000272368568746747,0,0,0,0,0,0,0,0,0,0,0,0,0.000951252808613564,0,0,0,0,0
P135,"Servicios de apoyo a la explotación de minas y canteras y los relacionados con la distribución de electricidad, gas y agua",0,0,0,0,0,0,0,0,0,0,0,0,0,0,0,0,0,0,0,0,0,0,0,0,0,0,0,0,0,0,0.038479952211706,0.0669591448304246,0,0,0,0,0,0,0,0,0,0,0,0,0,0,0,0,0,0,0,0,0,0,0,0,0,0,0,0,0,0,0,0,0,0,0,0,0,0,0,0,0,0,0,0,0,0,0,0,0,0,0,0,0,0,0,0,0,0,0,0,0,0,0.00106109943166726,0,0,0,0,0,0,0,0,0,0,0,0,0,0,0,0,0,0,0,0,0,0,0,0,0,0,0,0,0,0,0,0,0,0,0,0,0,0,0,0,0,0,0,0,0,0,0,0,0,0,0,0,0,0,0,0,0
P136,Servicios de manufactura,0,0,0,0,0,0,0,0,0,0,0,0,0,0,0,0,0,0,0,0,0,0,0,0,0,0,0,0,0,0,0,0,0,0.0192780444009234,0.00301346169294121,0.00205528089920476,0.000275978852445559,0,0,0.0595142249784082,0.0181725742667848,0.0222821045174487,0.000851802134913252,0.00124634847679895,0.00181081806158404,0.00160356993010425,0.0144368200301358,0.000831924289095085,0.0112915947614255,0,0.0510273772027963,0,0.00456960961185793,0,0.0349261331169841,0,0.0131882769615196,0.00869256303629782,0.0067503880161171,0.0918124097098175,0,0,0.0020990471295077,0.00727072337605846,0.0210276576289495,0.070958535906374,0.0147926924194211,0,0,0,0.000244636072686769,6.39993531835528e-15,1.05492544289807e-06,2.80025672909277e-06,0.0047654240831315,0.00089349837940565,0,0,0,0.00269138085848563,0,0.00183592132752996,1.44999758366707e-05,0,0,0,0,0,0,0,0,3.59144263255645e-06,0.003788857208094,0,0,0,0,0,0,0,0,0.000283041861734795,0,0,0,0,0,0,0,0,0,0,0,0,0,0,0,0,0,0,0,0,0,0,0,0,0,0,0,0,0,0.0357749031281706,0,0,0,0.0545666521972393,0,0,0,0,0,0,0,0,0,0,0,0,0,0,0,0
P137,Servicios públicos del gobierno general,0,0,0,0,0,0,0,0,0,0,0,0,0,0,0,0,0,0,0,0,0,0,0,0,0,0,0,0,0,0,0,0,0,0,0,0,0,0,0,0,0,0,0,0,0,0,0,0,0,0,0,0,0,0,0,0,0,0,0,0,0,0,0,0,0,0,0,0,0,0,0,0,0,0,0,0,0,0,0,0,0,0,0,0,0,0,0,0,0,0,0,0,0,0,0,0,0,0,0,0,0,0,0,0,0,0,0,0,0,0,0,0,0,0,0,0,0,0,0,0,0,0,0,0,0,0,0,0,0,0,0,0,0,0,0,0,0,0,0,0,0,0,0,0,0,0,0,0,0,0,0,0
P138,"Servicios públicos administrativos relacionados con la provisión de servicios educativos, de salud, servicios sociales, culturales y otros, sin contar los servicios de seguridad social",0,0,0,0,0,0,0,0,0,0,0,0,0,0,0,0,0,0,0,0,0,0,0,0,0,0,0,0,0,0,0,0,0,0,0,0,0,0,0,0,0,0,0,0,0,0,0,0,0,0,0,0,0,0,0,0,0,0,0,0,0,0,0,0,0,0,0,0,0,0,0,0,0,0,0,0,0,0,0,0,0,0,0,0,0,0,0,0,0,0,0,0,0,0,0,0,0,0,0,0,0,0,0,0,0,0,0,0,0,0,0,0,0,0,0,0,0,0,0,0,0,0,0,0,0,0,0,0,0,0,0,0,0,0,0,0,0,0,0,0,0,0,0,0,0,0,0,0,0,0,0,0
P139,Otros servicios administrativos,0,0,0,0,0,0,0,0,0,0,0,0,0,0,0,0,0,0,0,0,0,0,0,0,0,0,0,0,0,0,0,0,0,0,0,0,0,0,0,0,0,0,0,0,0,0,0,0,0,0,0,0,0,0,0,0,0,0,0,0,0,0,0,0,0,0,0,0,0,0,0,0,0,0,0,0,0,0,0,0,0,0,0,0,0,0,0,0,0,0,0,0,0,0,0,0,0,0,0,0,0,0,0,0,0,0,0,0,0,0,0,0,0,0,0,0,0,0,0,0,0,0,0,0,0,0,0,0,0,0,0,0,0,0,0,0,0,0,0,0,0,0,0,0,0,0,0,0,0,0,0,0
P140,Servicios públicos administrativos prestados a la comunidad en su conjunto,0,0,0,0,0,0,0,0,0,0,0,0,0,0,0,0,0,0,0,0,0,0,0,0,0,0,0,0,0,0,0,0,0,0,0,0,0,0,0,0,0,0,0,0,0,0,0,0,0,0,0,0,0,0,0,0,0,0,0,0,0,0,0,0,0,0,0,0,0,0,0,0,0,0,0,0,0,0,0,0,0,0,0,0,0,0,0,0,0,0,0,0,0,0,0,0,0,0,0,0,0,0,0,0,0,0,0,0,0,0,0,0,0,0,0,0,0,0,0,0,0,0,0,0,0,0,0,0,0,0,0,0,0,0,0,0,0,0,0,0,0,0,0,0,0,0,0,0,0,0,0,0
P141,Servicios administrativos relacionados con los sistemas de seguridad social de afiliación obligatoria,0,0,0,0,0,0,0,0,0,0,0,0,0,0,0,0,0,0,0,0,0,0,0,0,0,0,0,0,0,0,0,0,0,0,0,0,0,0,0,0,0,0,0,0,0,0,0,0,0,0,0,0,0,0,0,0,0,0,0,0,0,0,0,0,0,0,0,0,0,0,0,0,0,0,0,0,0,0,0,0,0,0,0,0,0,0,0,0,0,0,0,0,0,0,0,0,0,0,0,0,0,0,0,0,0,0,0,0,0,0,0,0,0,0,0,0,0,0,0,0,0,0,0,0,0,0,0,0,0,0,0,0,0,0,0,0,0,0,0,0,0,0,0,0,0,0,0,0,0,0,0,0
P142,Servicios de enseñanza,0,0,0,0,0,0,0,0,0,0,0,0,0,0,0,0,0,0,0,0,0,0,0,0,0,0,0,0,0,0,0,0,0,0,0,0,0,0,0,0,0,0,0,0,0,0,0,0,0,0,0,0,0,0,0,0,0,0,0,0,0,0,0,0,0,1.17540508330246e-05,0,0,0,0,3.41557020856197e-25,0,3.12771282388839e-21,0,4.94032652561539e-07,1.50459053859751e-23,0,0,0,0,0,0,0,0,0,0,0,0,0,0,0,0,0,0,0,0,0,0,0,0,4.79587549005384e-06,9.44764993430843e-26,0,0,0,0,0,0.000227672150360838,0,0,9.47311511759498e-06,0,9.9648037642881e-05,0.000124769431510979,9.26261017675691e-05,1.61134162443595e-05,0.00030317767094519,0,1.83202916003875e-05,0,0,1.35815515021915e-06,2.12500108972631e-06,1.97296252254211e-06,1.60810120375594e-07,7.91560128400861e-18,0,1.01919782035153e-05,5.42957562060894e-06,3.39076153666294e-07,0.0001813922054178,1.7493872489192e-08,0,5.51470877374191e-06,0,0,0.00142074269039524,0.00323746002844331,0.00248982166595529,0.00112349778647466,0,0.010330493504099,8.63139448692155e-05,3.22631527226309e-06,0.000766687537010914,2.05687736980763e-05,1.43636367833055e-17,0.00576237560633606,6.83924199911925e-07,0,0,0
P143,Servicios de hospitalización,0,0,0,0,0,0,0,0,0,0,0,0,0,0,0,0,0,0,0,0,0,0,0,0,0,0,0,0,0,0,0,0,0,0,0,0,0,0,0,0,0,0,0,0,0,0,0,0,0,0,0,0,0,0,0,0,0,0,0,0,0,0,0,0,0,0,0,0,0,0,0,0,0,0,0,0,0,0,0,0,0,0,0,0,0,0,0,0,0,0,0,0,0,0,0,0,0,0,0,0,0,0,0,0,0,0,0,0,0,0,0,0,0,0,0,0,0,0,0,0,0,0,0,0,0,0,0,0,0,0,0,0,0,0,0,0,0,0,0,0,0,0,0,0,0,0,0,0,0,0,0,0
P144,Servicios médicos y dentales,0,0,0,0,0,0,0,0,0,0,0,0,0,0,0,0,0,0,0,0,0,0,0,0,0,0,0,0,0,0,0,0,0,0,0,0,0,0,0,0,0,0,0,0,0,0,0,0,0,0,0,0,0,0,0,0,0,0,0,0,0,0,0,0,0,0,0,0,0,0,0,0,0,0,0,0,0,0,0,0,0,0,0,0,0,0,0,0,0,0,0,0,0,0,0,0,0,0,0,0,1.49240929670546e-06,0,0,0,0,0,0,6.18348868046931e-07,0,0,0,0,0,1.30461934010167e-05,1.99867791028631e-06,0.000182792754776401,0,0,8.27807661532906e-07,0,0,0,1.1934117710842e-05,0,2.47424351771805e-07,0,0,0,8.28507615665033e-07,0.000437662796931331,7.36338887506544e-05,0,0,0,0,0,0.000336583292251414,0.00678618296441218,0.00115886297833963,0.000355648178155336,0,0.000683221755226081,0.00878861860290707,0.0178568961563356,0.0167783596561707,0.000293172288309766,0,0.0371594063755004,4.94588061171645e-06,0,0,0
P145,Otros servicios de atención de la salud humana,0,0,0,0,0,0,0,0,0,0,0,0,0,0,0,0,0,0,0,0,0,0,0,0,0,0,0,0,0,0,0,0,0,0,0,0,0,0,0,0,0,0,0,0,0,0,0,0,0,0,0,0,0,0,0,0,0,0,0,0,0,0,0,0,0,0,0,0,0,0,0,0,0,0,0,0,0,0,0,0,0,0,0,0,0,0,0,0,0,0,0,0,0,0,0,0,0,0,0,0,0,3.42642278100338e-13,0,0,0,0,0,0,0,0,1.17760844053815e-08,0,0.0312456216917989,0,0,0.000281177462364476,0,0,9.61139409583271e-07,0,0,0,0,0,0.00101719349396993,0,0,1.26338564430917e-08,0,0.000516920634156138,0,0,0,0,0,0,0,2.69167403682375e-07,0,0,0,0.000226291015302962,0.0368020058493346,0.0271202333163774,0.00940066235010825,0,0,0.00199003492294103,0,0,0,0
P146,"Servicios audiovisuales, recreativos, culturales y deportivos",0,0,0,0,0,0,0,0,0,0,0,0,0,0,0,0,0,0,0,0,0,0,0,0,0,0,0,0,0,0,0,0,0,0,0,0,0,0,0,0,0,0,0,0,0,0,0,0,0,0,0,0,0,0,0,0,0,0,0,0,0,0,0,0,0,0.0067582646210115,2.47918093267556e-07,0,0,0,0,0,0,0,0,0,0,0,0,0,0,0,0,0,0,0,0,0,0,0,0,0,0,0,0,0.000198268583241535,0,0,0,0,0,4.6332431082739e-06,0,0,0,0,0,4.81527834876831e-05,0,0.00339069159328567,0.000118479157126668,0,0.00025678792795193,7.98800367638763e-06,3.44981555394158e-06,1.1900496302035e-19,0,0,2.32819527846703e-06,0,0,0,0,0.0477527255758119,0,0,0,1.8122244496979e-07,0,0,6.5238048240244e-07,0,0,0,0,0,0.000636352235933367,0.000131378565957581,3.47716672879385e-05,1.07169249281224e-05,0,3.88381692669775e-05,5.34482065695242e-05,0,2.00137685393897e-05,0.0612735668862158,0,0,0,0,0,0
P147,Servicios de asociaciones que sirven a las empresas,0,0,0,0.0216097458674488,0,0.000430028174797238,0,0,0,1.3246230694536e-05,0.00148004851019526,0,0,0.00062668857344404,0,0.000481748787127373,0,2.21995696618517e-05,0,0,0.00371198312998416,0,0.000541121834272918,0.00276958921227024,0.000546616058110409,0,0,9.90495206672331e-19,0.00037052229881266,0.00242741599754075,1.33521369838671e-06,0,0.000267610114610619,0,0,3.98259476761421e-06,7.63294112733552e-06,0,4.31885759108886e-06,4.61078929962858e-06,3.94131883098246e-06,2.39023642258996e-06,1.25765615326333e-05,1.63826423716828e-05,0.000154083186373524,0.00013624846635359,0,0,4.44997805208065e-09,0,0,0.0018030188132195,1.04514142500671e-05,1.02698505338125e-06,0.00238092889801012,0.000200638616108251,1.26015968833608e-06,1.29791100346798e-06,0.00217612204138949,0.00240213233880171,9.11107936487023e-08,0,2.94578793834816e-25,5.08677369126543e-20,1.79039240032144e-07,1.1063609565492e-07,4.00362559444548e-07,0,0,0,0.0022716334559545,3.23707146483953e-06,9.66140317381981e-10,2.25915082272879e-07,0.00778029590064833,1.02048894202721e-08,0,0,3.01025850070453e-06,0,0,0,8.04337219130905e-08,8.42388511406389e-08,0,0,0,0,0,0,0,1.23579930802106e-24,3.50826042486951e-38,0,0.0040202421809466,0.000113409968486988,0,0.000123157960511578,0.000297310738624903,0.000347894537724835,0.00115674114896657,0.000318215245345044,4.56410524303578e-05,0.000195163042198524,0.000218382615739815,0.000603021279217097,0,3.22054098450043e-05,2.75492286563479e-05,0.000469886436059395,0.000207134940843925,0,5.3741092651702e-06,6.96662165145023e-06,7.8251271291167e-06,0.000188687673527964,0.000216069753100703,0,7.25302566644194e-05,1.94384118630998e-07,0,4.24596302994535e-07,8.49762599904336e-05,0.000910403445133729,3.52218678440895e-05,2.24852168196049e-07,5.28501007072493e-05,0,3.69842339860801e-07,6.08346474083077e-05,0,5.08641316989117e-05,0,0,0.000353216384224331,0.000458718099216895,0,0,0,0,0,0.000586329299526209,0,2.69310415945973e-06,0.000565870753620538,4.25027862265601e-05,0.000706982178687104,0,2.07422073946026e-07,0,0,0
P148,Servicios de asociaciones que sirven a los hogares,0,0,0,0,0,0,0,0,0,0,0,0,0,0,0,0,0,0,0,0,0,0,0,0,0,0,0,0,0,0,0,0,0,0,0,0,0,0,0,0,0,0,0,0,0,0,0,0,0,0,0,0,0,0,0,0,0,0,0,0,0,0,0,0,0,0,0,0,0,0,0,0,0,0,0,0,0,0,0,0,0,0,0,0,0,0,0,0,0,0,0,0,0,0,0,0,0,0,0,0,0,0,0,0,0,0,0,0,0,0,0,0,0,0,0,0,0,0,5.26140753040279e-22,0,0,0,0,0,0,0,0,0,0,0,0,0,0,0,0,0,0,0,0,0,0,0,0,0,0,0,0,0,0,0,0,0
P149,Otros servicios,0,0,0,0,0,0,0,0,0,0,0,0,0,0,0,0,0,0,0,0,0,0,0,0,0,0,0,0,0,0,0,0,0,0,0,0,0,0,0,0,0,0,0,0,0,0,0,0,0,0,0,0,0,0,0,0,0,0,0,0,0,0,0,0,0,4.24526782542045e-06,0,0,0,0,0,0,0,0,0,0,0,0,0,0,0,0,0,0,0,0,0,0,0,0,0,0,0,0,0,0,0,0,0,0,0,6.44771448729565e-07,0,0,0,0,0,0,0,0.00314487161151207,0.000327834767471043,0,0.000541053196015548,0,0,8.89431795420417e-08,0,0,2.77425994545963e-08,0,0,0,0,1.30157258144982e-06,0.00117490643774252,0,0,0,2.96459243982339e-09,0,0,0,0,0,0,0,8.50377023029134e-05,0.000140069531349956,0.000250062543226503,6.08647173623106e-05,0.000282301586692932,1.88419696490731e-05,0.000383655687433409,0.00115550070185074,0.00106632380929236,0.001079638811958,0,1.8295403599961e-06,0.000721662072671331,0,0,0
P150,Servicios domésticos,0,0,0,0,0,0,0,0,0,0,0,0,0,0,0,0,0,0,0,0,0,0,0,0,0,0,0,0,0,0,0,0,0,0,0,0,0,0,0,0,0,0,0,0,0,0,0,0,0,0,0,0,0,0,0,0,0,0,0,0,0,0,0,0,0,0,0,0,0,0,0,0,0,0,0,0,0,0,0,0,0,0,0,0,0,0,0,0,0,0,0,0,0,0,0,0,0,0,0,0,0,0,0,0,0,0,0,0,0,0,0,0,0,0,0,0,0,0,0,0,0,0,0,0,0,0,0,0,0,0,0,0,0,0,0,0,0,0,0,0,0,0,0,0,0,0,0,0,0,0,0,0
P151,Compras directas en el exterior por residentes,0,0,0,0,0,0,0,0,0,0,0,0,0,0,0,0,0,0,0,0,0,0,0,0,0,0,0,0,0,0,0,0,0,0,0,0,0,0,0,0,0,0,0,0,0,0,0,0,0,0,0,0,0,0,0,0,0,0,0,0,0,0,0,0,0,0,0,0,0,0,0,0,0,0,0,0,0,0,0,0,0,0,0,0,0,0,0,0,0,0,0,0,0,0,0,0,0,0,0,0,0,0,0,0,0,0,0,0,0,0,0,0,0,0,0,0,0,0,0,0,0,0,0,0,0,0,0,0,0,0,0,0,0,0,0,0,0.0159578344425535,0,0,0,0,0,0,0,0,0,0,0,0,0,0,0
P152,Compras directas en el territorio nacional por no residentes,0,0,0,0,0,0,0,0,0,0,0,0,0,0,0,0,0,0,0,0,0,0,0,0,0,0,0,0,0,0,0,0,0,0,0,0,0,0,0,0,0,0,0,0,0,0,0,0,0,0,0,0,0,0,0,0,0,0,0,0,0,0,0,0,0,0,0,0,0,0,0,0,0,0,0,0,0,0,0,0,0,0,0,0,0,0,0,0,0,0,0,0,0,0,0,0,0,0,0,0,0,0,0,0,0,0,0,0,0,0,0,0,0,0,0,0,0,0,0,0,0,0,0,0,0,0,0,0,0,0,0,0,0,0,0,0,0,0,0,0,0,0,0,0,0,0,0,0,0,0,0,0
