codigo,producto,P001,P002,P003,P004,P005,P006,P007,P008,P009,P010,P011,P012,P013,P014,P015,P016,P017,P018,P019,P020,P021,P022,P023,P024,P025,P026,P027,P028,P029,P030,P031,P032,P033,P034,P035,P036,P037,P038,P039,P040,P041,P042,P043,P044,P045,P046,P047,P048,P049,P050,P051,P052,P053,P054,P055,P056,P057,P058,P059,P060,P061,P062,P063,P064,P065,P066,P067,P068,P069,P070,P071,P072,P073,P074,P075,P076,P077,P078,P079,P080,P081,P082,P083,P084,P085,P086,P087,P088,P089,P090,P091,P092,P093,P094,P095,P096,P097,P098,P099,P100,P101,P102,P103,P104,P105,P106,P107,P108,P109,P110,P111,P112,P113,P114,P115,P116,P117,P118,P119,P120,P121,P122,P123,P124,P125,P126,P127,P128,P129,P130,P131,P132,P133,P134,P135,P136,P137,P138,P139,P140,P141,P142,P143,P144,P145,P146,P147,P148,P149,P150,P151,P152
P001,Maíz,1.01143382519084,5.48684627784727e-06,5.76680622363606e-06,9.75597513340455e-06,4.25527056086433e-06,6.47311889257004e-06,1.2714972542036e-05,5.01675568399821e-06,7.86706644504406e-06,1.644265721464e-05,1.91376135035913e-05,8.53090788730064e-06,5.84868809273358e-06,4.55348442497022e-06,1.00605267918568e-05,1.76197617219719e-05,1.31484614200262e-05,7.04847705609986e-06,0.000206281134957068,2.19771300612287e-05,0.00573786002605813,0.0361586437468492,0.0372551418900221,0.0226048676082473,0.0193471233507719,0.00061192290203471,0.00010054463585853,6.58869872824862e-05,0.00332910622874198,0.0208523225430654,4.23620906444217e-06,3.81900959079452e-05,5.96388373077717e-06,0.00353424751330271,0.0242037472043402,0.0227176308420621,0.00964156071746235,5.9385812900997e-05,0.000186210886738365,0.000207002169341633,8.43200319569663e-06,4.06474869282463e-05,3.21787740365191e-05,0.000787114496657409,0.0085059130872452,0.007889404535697,7.82067313481979e-06,4.01371529389135e-06,0.0722135179775847,0.000955043444207062,0.155362287141847,1.15764018179649e-05,0.00201459990570035,0.0757587982069581,7.08221673449682e-05,0.000617700327241393,0.000122745199816374,3.14021581072276e-05,7.73848770189491e-06,2.1921627982424e-05,0.000792071660839904,0.000206610220832008,3.39028787793957e-05,2.10534437246745e-05,1.71539134997626e-05,3.21145589553437e-05,1.49895926562469e-05,2.1056194380886e-06,0,3.63124001414358e-06,1.31159168118857e-05,2.6310235854602e-05,3.67024843965029e-05,8.22203636608637e-05,0.000110010295380796,2.02636719441052e-05,8.07128443661465e-06,9.58005937147498e-06,1.70155296778177e-05,1.01621351722494e-05,6.56550670813149e-06,7.19147862991188e-06,3.40802661227935e-06,8.09208714231605e-06,5.35897047965374e-06,0,0,6.84998342601986e-06,0,7.44947067582324e-06,4.91507774456169e-06,2.45041949521854e-05,1.16408568826296e-05,3.44341861210313e-06,7.58247169153793e-06,7.18874319230646e-06,3.24911284604366e-06,6.0443273975915e-06,6.74455533569184e-06,7.7376298417948e-06,7.88200164644551e-06,2.84934322720562e-05,1.46019653880142e-05,7.05053642096379e-06,8.90331928184302e-06,7.04460427621711e-05,1.47903533111328e-05,2.2163692420493e-05,1.4454324653103e-05,4.25868869765237e-05,0.00487410314931187,1.08759649476848e-05,4.46594646989904e-05,2.79135993165015e-05,1.79013036538746e-05,1.71828575162607e-05,2.76243395989769e-05,5.07910925810201e-07,2.44423373519532e-05,2.66925971087421e-05,2.90336108607885e-05,4.33093436382054e-05,5.30512864724439e-05,6.78956255196433e-05,1.09494072958059e-05,2.24539704865904e-05,8.98825605529074e-05,8.30112482270125e-06,1.43839931635616e-05,5.85271126666277e-06,2.76191286085747e-05,8.2777402406292e-06,1.59741707750836e-05,5.84016214600284e-05,2.58970442617077e-05,5.1692252382011e-06,0.000111577412017143,0.000193683249547859,6.22900053709151e-05,4.8387958784625e-05,3.39149700370098e-05,0.000144745290951638,6.87958366246397e-05,2.41078875987707e-05,0.000139545275968208,0.000100799244896304,0.000117401355512509,0.000313805345078802,5.03056501510702e-06,0,0,0
P002,Frijoles,1.33107736077056e-06,1.04725051689181,2.10769682318915e-06,3.63617099655172e-06,1.51832032393746e-06,1.78691879047226e-05,1.22871958879692e-05,1.16634338310798e-05,1.62997069774156e-05,9.15905719706139e-06,2.03118795596376e-05,6.4869158938771e-06,1.57727225456002e-05,5.49419982574938e-06,7.36078773993291e-06,9.69422311697976e-06,9.3171100790606e-06,5.41910126453542e-06,0.00104687834240935,9.58474221628666e-05,1.79911584477228e-06,1.85418550161827e-06,2.67848290120818e-06,4.49340210839333e-06,1.89514360420129e-06,1.8552820123698e-06,5.40087171640327e-07,1.06350812508455e-06,1.25801952450754e-06,2.11736006462527e-06,1.50989124867547e-06,1.48192693390277e-05,2.13827103845664e-06,2.22965866216913e-06,1.87074299047706e-06,3.38073398891391e-06,1.35701303780001e-05,8.61416866607226e-07,5.16631930626956e-06,0.0484830046541632,4.66040031599842e-06,2.03335430432708e-05,4.36139283895456e-06,4.39665193102801e-06,6.84084067725822e-06,6.63415016730046e-06,3.12574369906136e-06,1.4245796154931e-06,7.97620239692169e-06,2.73412406008502e-05,1.81708847700586e-06,5.57243115397331e-06,0.000950770906264775,1.93455408419064e-06,9.34182627359127e-06,1.7465575495791e-05,5.61528119472793e-05,1.20642016524185e-05,2.72570781382175e-06,3.86584708854746e-06,2.94760849670459e-06,8.69020378356942e-06,2.09842656383825e-06,6.78469607078418e-06,5.83968666279663e-06,1.30919254970879e-05,5.49195407843813e-06,7.45391931503177e-07,0,1.30681387807829e-06,4.55500706264569e-06,8.50318566952345e-06,6.23673654873069e-06,3.08853881901264e-06,1.18045072211378e-05,5.11421415687938e-06,2.96777728158227e-06,2.06169240919543e-06,6.4342788404892e-06,3.6628195603671e-06,2.41467872844961e-06,2.62665561492263e-06,1.19329476801517e-06,2.99739569167851e-06,1.90169942298364e-06,0,0,2.3074736349731e-06,0,2.26803123892508e-06,1.72703731685629e-06,2.99728722539949e-06,2.9846645878031e-06,1.02710916013297e-06,2.67571967442984e-06,2.52338981535674e-06,1.08788991932392e-06,1.85107060836808e-06,2.10901969780761e-06,2.80393446719173e-06,2.60220020392719e-06,9.91984927883326e-06,4.82275301431058e-06,2.54193662314568e-06,3.27148654653292e-06,2.74444660848111e-05,5.71759023252489e-06,7.83080693169516e-06,5.27600210911846e-06,1.62123532630391e-05,0.00191736322550463,4.01654983506453e-06,1.65983645343074e-05,1.06947896475848e-05,6.8565300055483e-06,6.48799321943431e-06,1.05452495360237e-05,1.75833406185133e-07,9.38149375425546e-06,1.03485519190543e-05,1.12000037558641e-05,1.67633222050027e-05,1.24441619316245e-05,2.59858256320482e-05,4.02599239363562e-06,8.64472844903014e-06,3.49429333457659e-05,3.07325687460937e-06,5.42924469745626e-06,2.20086934410313e-06,1.07771512304664e-05,3.30834224737534e-06,6.02117548985383e-06,2.29319184414883e-05,9.82786188737537e-06,1.29438733655335e-05,3.95144323011897e-05,7.23415590988435e-05,1.8117826564479e-05,1.30069362150591e-05,1.32120723368016e-05,9.1808244700755e-06,8.23903745052806e-06,8.57485792934274e-06,3.37668133675223e-05,2.76763782387606e-05,4.56552039182615e-05,0.000386658105493197,1.75034100442796e-06,0,0,0
P003,Leguminosas (legumbres secas) y semillas oleaginosas,5.62155070829502e-07,8.34624140589878e-07,1.16834805174862,1.49890629876962e-06,6.40344194577927e-07,1.55783822417178e-06,0.00977249987120962,1.1164991979359e-06,1.68038956433948e-06,2.67085975736319e-06,3.47314721553712e-06,1.41034149639725e-06,1.4141370373321e-06,8.28786925268767e-07,1.69265166341866e-06,2.86349748554073e-06,2.21511318037395e-06,1.17104370690086e-06,6.92280131726917e-05,6.76348476559845e-06,0.000733236276165389,0.00461995577000696,0.00455097950456551,0.00288840992037667,0.00247203324954625,7.82512320654145e-05,1.28831087016292e-05,8.48883193428439e-06,0.000425448357677781,0.00266437040988391,6.43380940991343e-07,5.96867410811798e-06,9.09915049561518e-07,0.000451710409129954,0.00309256293766273,0.00274944252725002,0.00121523916985844,7.64998501569397e-06,2.83916763501387e-05,0.000767225813334937,0.0320821951357616,0.000508534059334473,4.75912673616524e-06,0.000749017323479238,0.00108963719351837,0.00101233624588702,1.77252535377338e-06,6.20676615036824e-07,0.000157563183851211,0.00114627434274934,2.45491884796121e-06,1.8346530484152e-06,0.000821811879768261,0.0096794843010858,6.84075814015495e-06,1.05382336473979e-05,5.40121019838133e-05,4.88847133361925e-06,1.02687529277712e-06,2.97338799411818e-06,0.000101449830485843,2.6981318319618e-05,4.41976466492748e-06,2.75948448582791e-06,2.31263366343924e-06,5.037122267128e-06,2.23274336191199e-06,3.14906518122297e-07,0,5.51913695264167e-07,1.90661421117282e-06,3.47638286165514e-06,1.25930616593027e-05,1.56520085958229e-06,1.35146908333672e-05,2.19953072157015e-06,1.23579458806074e-06,1.35174224950639e-06,2.64526522205572e-06,1.53127640384242e-06,1.01603132430598e-06,1.13395690007888e-06,5.19042052605935e-07,1.24463612141605e-06,8.2398971130188e-07,0,0,1.02073479455255e-06,0,1.14260531361519e-06,7.49476013929548e-07,3.30858519784051e-06,2.1033130237387e-06,8.6164220221735e-07,1.16809411123392e-06,1.09183926208125e-06,4.92233317169085e-07,8.94142710070228e-07,9.9827104768783e-07,1.18999764873736e-06,1.17684518041111e-06,4.38076950598365e-06,2.23075212359194e-06,1.08411009122974e-06,1.37505253137753e-06,1.10455186146487e-05,2.37035441221511e-06,3.40309062354572e-06,2.23576043166501e-06,6.74259249092755e-06,0.000765787056953273,1.68995955288364e-06,6.80682048710563e-06,4.36516229281111e-06,2.7999897299904e-06,2.67911520068966e-06,4.31812937031846e-06,7.69284405519964e-08,3.82379882431898e-06,4.18740254431892e-06,4.54605015419549e-06,6.78019760549731e-06,7.71846905591986e-06,1.07760148099545e-05,1.69365559329881e-06,3.51335572738542e-06,1.42188914491634e-05,1.28866507990329e-06,2.26096956894665e-06,9.11442867161825e-07,4.32367664514847e-06,1.27786655677529e-06,2.47764571406062e-06,9.1728140482233e-06,3.9854408507414e-06,9.10930615215358e-07,1.73022485927017e-05,3.01091124060269e-05,9.28237729587668e-06,7.13903511411376e-06,5.31593642966211e-06,8.02937753843474e-06,5.31836888575789e-06,3.56082099565446e-06,1.5438589069764e-05,2.12587789426771e-05,1.84207479147274e-05,4.96874148777624e-05,8.106253540016e-07,0,0,0
P004,Arroz,3.91568166791104e-07,5.65364189464548e-07,5.84527914627376e-07,1.02365678114329,4.42535099433504e-07,5.47078584980555e-06,3.7782517545422e-06,3.5888293718168e-06,5.00208174232687e-06,2.53287654311704e-06,5.91902330121644e-06,1.95242367967539e-06,4.77331428183373e-06,1.66708527637933e-06,2.11213203430949e-06,2.66405045972107e-06,2.63697510420319e-06,1.62251668120566e-06,0.000317238765414469,2.90225070130297e-05,4.89533817855848e-07,5.41544707901983e-07,7.60061264981084e-07,1.27934968446613e-06,5.32651734701772e-07,6.73305869749122e-07,1.49990938854908e-07,3.01098082661108e-07,3.47573372915226e-07,6.07970979285383e-07,4.23871587912852e-07,3.87021796159909e-06,5.95440871224069e-07,5.42974224826748e-07,5.31726012593727e-07,7.61269529300556e-05,7.79821276807739e-06,2.43467062400178e-07,1.63829643093571e-06,6.63440202959291e-05,1.25580803965866e-06,4.17242445477446e-06,1.22767667850409e-06,1.23026844686275e-06,1.93247560226568e-06,2.08988222334971e-06,7.3283679891825e-07,0.160291388868963,0.0248149024212873,0.000165127007657433,9.24067664054519e-05,1.54606454630839e-06,0.000166596641788832,5.97516536034228e-07,8.92638285323879e-06,0.000201580960978632,1.08420312841821e-05,3.1802296921414e-06,9.63916261629146e-07,8.77486031799098e-07,8.39750603984292e-07,2.45749371871387e-06,7.25597656008499e-07,2.93187488076863e-06,2.28161163297529e-06,3.23208344631606e-06,1.60852570214633e-06,2.22227056346234e-07,0,3.68516257926553e-07,1.51301894003653e-06,3.6545106424863e-06,4.88456968661422e-06,2.63571776158353e-05,7.93346461057857e-06,3.47480287554542e-06,8.17601647094669e-07,6.15014125179918e-07,1.69582884542409e-06,1.05678021415255e-06,6.40930348729812e-07,6.89630409936083e-07,3.35062163220045e-07,8.19622009450677e-07,5.15440201906339e-07,0,0,7.03394686239751e-07,0,8.62745459602617e-07,4.97712882520794e-07,9.01722555259579e-07,9.81418881607405e-07,2.94399875405312e-07,7.01294579388608e-07,7.00568521586984e-07,3.36090469246756e-07,5.34391226490448e-07,6.11985065528049e-07,7.53104891408715e-07,7.4969268601011e-07,2.58625697143492e-06,1.31553147560544e-06,6.85450925205262e-07,8.74076202216116e-07,7.09573529138819e-06,1.47616065525313e-06,2.12325902674018e-06,1.40556665371219e-06,4.27618452965346e-06,0.000494211157808309,1.04612726160134e-06,4.70796827899937e-06,2.78607589507713e-06,1.78752913034783e-06,1.70600223446606e-06,2.79815971121533e-06,4.90382969974633e-08,2.43426191300964e-06,2.68285083186218e-06,2.92122473242639e-06,4.34281607277107e-06,3.23480511675333e-06,6.7220672226274e-06,1.06026030249518e-06,2.23667745189626e-06,9.00590982393973e-06,8.0140147464682e-07,1.43031938798571e-06,5.7949068962213e-07,2.8382467939772e-06,7.83845304989067e-07,1.61099817071301e-06,5.91420897143686e-06,2.6973666550692e-06,6.13847089135145e-07,1.15864171305856e-05,1.93827198270348e-05,5.25252329430376e-06,3.61361604517053e-06,3.42495148108166e-06,0.000227153626714026,1.05471327656802e-05,2.67091715295128e-06,2.12042276948041e-05,7.25104270401052e-06,1.17813429617706e-05,0.000270974348035787,4.95531397771379e-07,0,0,0
P005,Otros cereales,2.78258900043427e-08,4.06814961853814e-08,4.28166740639898e-08,7.21707808127171e-08,1.00832611854203,3.07635038748668e-06,2.11765015706178e-06,1.96473964517279e-06,2.69476154934387e-06,6.82512581276071e-07,2.669638924438e-06,7.25789811440076e-07,2.69606088667727e-06,7.90888694974096e-07,7.67869006811724e-07,6.94014237816005e-07,9.26380198878731e-07,6.2542045513748e-07,0.000189873620774156,1.71938456851396e-05,5.09787406494833e-05,0.000321123207879855,0.000316316336407412,0.000201038055194184,0.000171814838776351,5.46477679501706e-06,8.90798017950911e-07,5.8087657406677e-07,2.9561235417739e-05,0.00018518366246135,3.1778780854629e-08,2.81357542723045e-07,4.4554922331341e-08,3.13970685794475e-05,0.000214950120632087,0.000192224530682423,8.49188486052643e-05,5.24014616988113e-07,2.32902384140985e-06,1.41697231633132e-06,3.6203847614999e-07,1.44424470982866e-06,5.34275998738649e-07,7.20972707269896e-06,7.58210250778959e-05,7.05923301335222e-05,0.000775643595785587,3.00313861851004e-08,0.000375402136153551,0.000184176438551236,1.47620173377145e-06,3.48792737703308e-07,8.608668585127e-05,0.00067280817022972,1.04317291308635e-06,3.66940201690771e-06,4.10922704848191e-06,2.31903493812011e-07,1.2184946788963e-07,1.96254981993109e-07,7.02683302516562e-06,1.80240975846232e-06,2.91732562132412e-07,1.48604034143009e-07,1.22153867484977e-07,2.37796186682435e-07,1.10792228916672e-07,1.57333111386068e-08,0,2.7251338561143e-08,9.6470960000014e-08,1.89815490762172e-07,3.17842649246366e-07,5.21479274551486e-07,9.26170375237315e-07,1.4049534995564e-07,6.00046826914342e-08,7.67031358399194e-08,1.26142062803166e-07,7.54775393408925e-08,4.90128629652861e-08,5.385692795689e-08,2.5577422301732e-08,6.004768422793e-08,4.02159399917271e-08,0,0,5.13271485490329e-08,0,5.57686725137502e-08,3.67390309863838e-08,2.06630811903985e-07,1.0193156776288e-07,2.67634893538319e-08,5.76583869146024e-08,5.39808150855648e-08,2.44637437385539e-08,4.63159310913974e-08,5.13491731487193e-08,5.7816025869003e-08,5.96567703380225e-08,2.15356965049549e-07,1.10941891153302e-07,5.27584589992784e-08,6.64691536276335e-08,5.19336481333959e-07,1.18006159375752e-07,1.66704665943574e-07,1.08209424911577e-07,3.17140782979709e-07,3.58351300904552e-05,8.13202894775601e-08,3.3459130323446e-07,2.06954926431747e-07,1.32785602176329e-07,1.2817771943328e-07,2.05679882689425e-07,3.8208413389288e-09,1.81228833851977e-07,1.97132259578114e-07,2.14478953220589e-07,3.19654461792907e-07,4.25570315183105e-07,5.0500440947432e-07,8.19286160313901e-08,1.66087558253876e-07,6.8061383715172e-07,6.19008572454013e-08,1.07444628507963e-07,4.38238815006099e-08,2.44390236620792e-07,6.23951664858421e-08,1.18183460539453e-07,4.29587699008272e-07,1.90768994536613e-07,3.9446563009657e-08,9.06445558658403e-07,1.43921653226913e-06,4.83715153073757e-07,3.79378036891959e-07,2.49894413132674e-07,1.25940316539472e-06,3.43337677177674e-07,1.82630509364721e-07,1.1521580118738e-06,8.80289738563802e-07,8.65819377966928e-07,2.52984921633027e-06,4.19389303389316e-08,0,0,0
P006,Hortalizas,1.7179769479038e-05,2.58220425062081e-05,2.72271863996503e-05,4.69852468777855e-05,1.95958725200649e-05,1.00821774448706,0.00841120662669491,0.00810979255466812,0.0110962976522848,0.000183203691835533,0.00055500633615909,0.000160471285641399,0.000510897844172651,0.000158533529226611,0.000175350981408601,0.000190378303429871,0.00021633782339144,0.000136342800292417,0.0353329615378926,0.00321024630230827,2.6533485696841e-05,2.56507452882571e-05,3.56275427915055e-05,9.28759157751725e-05,2.50321832440928e-05,2.83352684234915e-05,6.98335140157587e-06,1.37432910001763e-05,1.63544566730068e-05,2.79551241061108e-05,1.96788072747848e-05,0.000191162567325067,2.77670084599367e-05,2.82716411551953e-05,2.490801730044e-05,3.89608086235911e-05,0.000121177496473882,1.11662210987581e-05,5.25560038877176e-05,0.0543926926800651,9.49894147959171e-05,0.000225371765776255,8.5263035771154e-05,8.21668671039283e-05,8.85472473317962e-05,8.6042574648558e-05,3.44655850721645e-05,1.83960170186776e-05,0.000128099151629824,0.000311638627019735,1.68310533803071e-05,0.000102446073048129,0.00657709811038092,2.72403646444278e-05,0.000197174815166518,0.000198435212999339,0.000461863910580212,0.000155226798242076,3.67976833688669e-05,3.85897771014387e-05,3.79241030938841e-05,0.000112246568790674,2.68407909734412e-05,8.67066029930938e-05,7.25993132648109e-05,0.000165445536466405,6.88647176933234e-05,9.71218552676751e-06,0,1.70455861471581e-05,5.87048326976677e-05,0.000110398518212314,7.82107890910271e-05,4.41471961261999e-05,0.00014886753673755,6.6259807525196e-05,3.83076399391339e-05,2.68673509441404e-05,8.35810687563857e-05,4.72657354205543e-05,3.13273306410753e-05,3.377916257682e-05,1.54559434818027e-05,3.87716873270949e-05,2.46545196855664e-05,0,0,3.00231462651498e-05,0,2.93171769104083e-05,2.23034418280308e-05,3.87265393059835e-05,3.89428953875182e-05,1.32752839125849e-05,3.48454379121469e-05,3.28069597504707e-05,1.40727329371457e-05,2.3989880156011e-05,2.73219263184121e-05,3.62919234635284e-05,3.3747278993896e-05,0.000128431934502544,6.235424814714e-05,3.28791393377662e-05,4.23031273105303e-05,0.000354515057020853,7.33649145265921e-05,0.000101295625569925,6.83888820635287e-05,0.000212406175937368,0.0247121347198956,5.23215905301995e-05,0.000230982204915144,0.000138876781023153,8.91289908721381e-05,8.46281671426619e-05,0.000137617453450624,2.28194296564262e-06,0.000121326110182348,0.000133556139580733,0.000144744483468384,0.000216310198916671,0.00016076562937836,0.000378008703962749,5.2557809977926e-05,0.00011159419083685,0.000452333565189022,3.96608854554245e-05,7.0032390136273e-05,2.92377378927145e-05,0.000143811058385707,3.80834911272704e-05,7.77470867746101e-05,0.00029559322464943,0.000126834180899092,3.43528096872708e-05,0.000510614300889636,0.000932835336856831,0.000234338205814027,0.000167689454381777,0.000170509539398883,0.000118811117512117,0.000155551533916241,0.000124938912673391,0.000954990030231449,0.00199404985595062,0.000591589948405119,0.00152797713134552,2.24365699943439e-05,0,0,0
P007,Sandías y melones,3.01788567844558e-07,4.53886175867787e-07,4.78693601549544e-07,8.26182642377614e-07,3.44237887748945e-07,5.05108394071954e-07,1.00000042854672,3.86984859069525e-07,6.08505295532967e-07,1.42125902325365e-06,1.64390190796435e-06,6.94081888129085e-07,4.69956672149289e-07,3.57577514966033e-07,8.57629381219113e-07,1.53673338958547e-06,1.14214265456455e-06,5.58860359612085e-07,1.68219668856157e-05,1.79023847308437e-06,3.74372887375796e-07,4.03800477133185e-07,5.93289994487171e-07,6.64805145258305e-07,4.22113869774789e-07,3.74727196188482e-07,1.22722323111737e-07,2.41649643850791e-07,2.84176856375533e-07,4.7003270616816e-07,3.46279481113226e-07,3.35997358447891e-06,4.88935690089776e-07,4.35772076246973e-07,4.05884107777865e-07,7.42865134427048e-07,2.17910461677448e-06,1.96473150700922e-07,1.14294248421443e-06,1.809393864046e-06,0.000492462982810662,0.000885165795864474,6.86141671768197e-07,7.29354166358187e-07,1.38773439705766e-06,1.35640818566294e-06,6.71327549465585e-07,3.23951297680979e-07,1.68438120424854e-06,6.62661288840096e-06,2.81690258364754e-07,9.59571461455315e-07,0.000203991393718987,4.08654917359179e-07,2.39509442419748e-06,3.91575308071624e-06,1.24853997263931e-05,2.73171185398783e-06,4.32979993071583e-07,6.14934457028511e-07,6.51524860602857e-07,1.96370986609052e-06,4.70699350482086e-07,1.52320859912125e-06,1.27153908368017e-06,2.93034353232312e-06,1.20661944683009e-06,1.70718361260579e-07,0,2.9974146486636e-07,1.03000206247572e-06,1.93488403813492e-06,1.40627593227814e-06,6.38393421833632e-07,2.67231853660472e-06,1.1561175194732e-06,6.73311470926118e-07,4.73563056785378e-07,1.47325693460124e-06,8.32257222788001e-07,5.51490358994954e-07,5.94000292536355e-07,2.71886872195833e-07,6.81827069538067e-07,4.34001685813652e-07,0,0,5.29055930633509e-07,0,5.15427485579869e-07,3.92174210593402e-07,6.75995998375038e-07,6.46235398848512e-07,2.32790094741199e-07,6.12176129089176e-07,5.77864174665702e-07,2.46880862715261e-07,4.21711118304276e-07,4.80743812193248e-07,6.38331614647601e-07,5.93241512009399e-07,2.26109909284763e-06,1.09625429344899e-06,5.78167437111169e-07,7.4383103004085e-07,6.23526475610162e-06,1.29707244396353e-06,1.78218892754954e-06,1.20283888024687e-06,3.75161446445684e-06,0.000434287356173541,9.22049863444843e-07,3.9873047254202e-06,2.44632559482458e-06,1.57040865240982e-06,1.48966871283353e-06,2.42578127526813e-06,4.01444543808311e-08,2.1326617975242e-06,2.34736133042224e-06,2.54562423213641e-06,3.80252803929498e-06,2.83029687477577e-06,6.92114282775026e-06,9.22149030420785e-07,1.96150754408595e-06,7.98897273602609e-06,6.97219064430275e-07,1.22898123970717e-06,5.15265815041667e-07,2.40080461437382e-06,6.6221815801236e-07,1.36683302133218e-06,5.1949284422434e-06,2.22893802989131e-06,3.77292870281176e-07,8.98887513790295e-06,1.63953299641512e-05,4.12247646608209e-06,2.94700622024503e-06,2.9975230939452e-06,2.08545530162228e-06,2.78960352013305e-06,2.1276980278371e-06,1.4295622780607e-05,4.56584875216504e-05,1.04161272948294e-05,2.69933709676458e-05,3.96894706751693e-07,0,0,0
P008,Ejotes y arvejas,2.31641027938453e-07,3.45424309337129e-07,3.6387768147875e-07,6.26954057184497e-07,2.64133069469837e-07,3.83895994753138e-07,3.27157157173255e-07,1.0000002954426,4.64511288604558e-07,1.07837089053555e-06,1.23420597404637e-06,5.35549333069731e-07,3.55178676837469e-07,2.80392360609837e-07,6.487016902732e-07,1.1511000397231e-06,8.58672189735686e-07,4.34728033135974e-07,1.25702695794268e-05,1.34216615906524e-06,2.86565118605008e-07,3.29447089739813e-07,4.66417436830202e-07,5.15703364885259e-07,3.28351068044366e-07,2.95396630760773e-07,9.51578029630087e-08,1.88146523557138e-07,2.22027624684897e-07,3.74515493714449e-07,2.68479983275535e-07,2.51550740242391e-06,3.8657821021205e-07,5.20995775434512e-07,3.53615126663835e-07,7.71366352203341e-07,6.24300886798652e-06,1.5132386463527e-07,1.34902680162566e-06,0.0417987862577338,6.96712460559465e-07,6.10128199104429e-06,5.48414704391935e-07,5.93465552713853e-07,1.54675135433544e-06,1.50522517465005e-06,8.10788567968921e-07,2.58682016023191e-07,2.58198374471451e-06,9.09202261788655e-06,7.16178312806915e-07,7.35658789615614e-07,0.000340359401284955,3.45297785682852e-07,1.33778668504329e-06,3.93391031408851e-06,1.8346456177605e-05,2.17569870098099e-06,7.59831299938652e-07,1.42549578825738e-06,5.41172744093612e-07,1.50272481276572e-06,3.84925675189295e-07,1.23301525316576e-06,1.17398399252937e-06,3.14131445946268e-06,1.07283257449842e-06,1.32207491065312e-07,0,2.32596155447211e-07,7.95714838459322e-07,1.47626708464043e-06,1.19373500901849e-06,5.60743636015997e-07,2.21562103686734e-06,8.86225711600938e-07,5.18460073532008e-07,3.77955903791763e-07,1.14994662472493e-06,6.81748984103328e-07,4.26170472331181e-07,4.72413885834912e-07,2.09969441114969e-07,5.18307924114159e-07,3.33896783295241e-07,0,0,4.19650869516047e-07,0,4.00036839236281e-07,3.04951175422453e-07,5.36596451613725e-07,5.6437970998171e-07,1.81737932113135e-07,4.73290950140535e-07,4.58860752326946e-07,1.91832775626945e-07,3.29613939461939e-07,3.75832503044004e-07,4.91093152544995e-07,4.60942510353405e-07,1.7255633898467e-06,8.41278758182106e-07,4.42320722922253e-07,5.72117637337132e-07,4.70912519886595e-06,1.00681096775464e-06,1.3579428009988e-06,9.22172659170941e-07,2.95952156739689e-06,0.00032391534671971,7.13189592196634e-07,2.99270250061393e-06,1.89096708658155e-06,1.21646871611143e-06,1.14964929539061e-06,1.89235205719816e-06,3.11546037469647e-08,1.60955991736178e-06,1.76425062314398e-06,1.92613740676782e-06,2.85606937415511e-06,2.14794023234844e-06,6.95630477202673e-06,7.14479885565503e-07,1.47378391661208e-06,6.15510627001015e-06,5.29510927477109e-07,9.38805378356593e-07,4.10989576180023e-07,1.81477989811786e-06,8.64727549687171e-07,1.03045854285561e-06,3.87912653084881e-06,1.67820706418035e-06,1.00121266768829e-05,6.79496680814954e-06,1.22536282998919e-05,3.11551638043761e-06,2.20922367975545e-06,2.24829638424151e-06,1.5869973196321e-06,1.85628504782565e-06,1.51659983205449e-06,7.42403108909967e-06,0.000101440843202884,7.90616351680109e-06,2.32824979669043e-05,3.16615107083955e-07,0,0,0
P009,Raíces y tubérculos,5.71226833193169e-06,8.59037421213806e-06,9.05596982732088e-06,1.56282569948905e-05,6.51529496761597e-06,9.58548409891498e-06,8.13139439304946e-06,7.34418368101822e-06,1.05194630707239,2.6892754771432e-05,3.11876712580089e-05,1.31406231650669e-05,8.91333391696408e-06,6.77241493797059e-06,1.62407874998744e-05,2.91563764938755e-05,2.16428389252957e-05,1.05450844820088e-05,0.000319291572605422,3.39603901552119e-05,7.06703005836972e-06,7.49055204003933e-06,1.11399069448768e-05,1.25159286676447e-05,7.94426687528583e-06,7.10496631040154e-06,2.3134326779163e-06,4.55548454336112e-06,5.34843973306234e-06,8.82222549194831e-06,6.48820834770287e-06,6.37296829715989e-05,9.15507874477326e-06,8.23341286662064e-06,7.56972231024885e-06,3.00212507478534e-05,2.42298810881135e-05,3.69863838889365e-06,1.59258090752873e-05,0.000997841388632551,1.27339635918205e-05,4.7065667317756e-05,1.28258860316241e-05,1.35605913138467e-05,2.03644734676386e-05,1.99843790097335e-05,1.08669512701731e-05,6.08188893788925e-06,0.0059817241888091,9.5560001409449e-05,2.74050922954482e-05,1.81013587659663e-05,0.00165624551911167,7.53638893204227e-06,2.28969661575211e-05,0.000110052577600344,0.000127397017175959,5.14370749930013e-05,8.24249833719792e-06,1.16160083791953e-05,1.23402847231533e-05,3.72168299596658e-05,8.91635122811828e-06,2.90526472688425e-05,2.42378615002653e-05,5.29288147734689e-05,2.28544162090643e-05,3.20432342155425e-06,0,5.61429304908152e-06,1.95481099472517e-05,3.67831052682646e-05,2.59273088218046e-05,1.73974923687358e-05,5.00716251567955e-05,2.23654821622129e-05,1.27224292093027e-05,8.83737313547858e-06,2.76060148768832e-05,1.55849086656821e-05,1.03618443914539e-05,1.11923400649431e-05,5.12064622235933e-06,1.28824040493685e-05,8.16646455696987e-06,0,0,9.89692019656192e-06,0,9.75216746128896e-06,7.39903582963226e-06,1.27660552923273e-05,1.22497186630526e-05,4.39034311155444e-06,1.1480500782793e-05,1.08029695936716e-05,4.66253879527451e-06,7.93166961373144e-06,9.0407694922569e-06,1.202784023356e-05,1.11614446523054e-05,4.26065329035683e-05,2.06919306028908e-05,1.09120812354464e-05,1.40292778691675e-05,0.000117954476003958,2.42665284153566e-05,3.36337075042826e-05,2.26540603039848e-05,6.96626198692341e-05,0.0082460567636149,1.7262018973187e-05,7.01550557343262e-05,4.59196120311415e-05,2.9443074440002e-05,2.78662549769896e-05,4.52976830206364e-05,7.54474363651617e-07,4.03238774331004e-05,4.4479468488012e-05,4.81324149179359e-05,7.20601555802937e-05,5.3408546469321e-05,0.000112361077955825,1.72006727350151e-05,3.71609933191018e-05,0.000149672804771339,1.31908001588757e-05,2.32611235867203e-05,9.43379509085375e-06,4.54219067761761e-05,1.24504325133114e-05,2.58863745472095e-05,9.86133023715769e-05,4.22589971725056e-05,7.37821417129285e-06,0.000170027439997969,0.000311108772683264,7.79156882495964e-05,5.59136503634454e-05,5.68104336079861e-05,4.82048831665484e-05,4.73993039991977e-05,3.59742807270594e-05,0.000114798441778713,0.000145216393676878,0.000196363293812239,0.000514282940912699,7.3721714600855e-06,0,0,0
P010,Caña de azúcar y otras plantas azucareras,8.05329821707334e-05,0.000106152204512766,6.84493876107138e-05,0.000116572523053179,8.15097985970095e-05,7.63503565194173e-05,7.88667693753281e-05,7.19887226421515e-05,0.000100442659761358,1.00099501753656,5.33086212291426e-05,0.000174980373779281,4.11765290701589e-05,9.61838829424534e-05,8.99305413143211e-05,5.67626383660373e-05,4.31615493634993e-05,0.000208444866961108,0.000176984464333102,7.81467722687567e-05,0.0057559207935805,0.00945670150856976,0.00930769232519614,0.0117572209463296,0.00505371107205988,0.0667414202893668,3.25716143804619e-05,4.25240533358165e-05,0.000886088369990264,0.00548342669935588,0.000105023219139432,0.000169230702914869,8.11470565480283e-05,0.00355857242510096,0.00634042986859765,0.00568257383557957,0.00281068365510527,3.34103524814207e-05,0.00018267418988467,0.000223548888307077,0.00372216565188871,0.010388636203539,0.000105047022617248,0.000304841551465293,0.00665770327858599,0.00675583293844101,5.41091791582491e-05,5.52876301713756e-05,0.0134053230358733,0.0185848175148098,9.14867628521511e-05,0.468195051192734,0.0134457179567423,0.0197549875521438,0.00295196639020748,0.00326261714211653,0.0596122852881197,0.000145505734855202,0.00126522231719775,0.000491245802856087,0.00105932211716924,0.000931106631121348,0.00066850448266351,0.000165207753163133,0.000162626864890282,0.000110776997600054,0.000519690858597293,9.39198638406115e-05,0,9.32146978279042e-05,0.000739292789531463,0.00526354571746162,0.00170287440571897,0.0927045580569869,0.00105290589446296,0.000375715995999438,0.000175909464641029,0.000255213026985077,5.49050672693232e-05,0.000360704405048953,3.78921038117925e-05,4.77517470674651e-05,6.89683245179461e-05,0.000137965085216306,7.1463043103517e-05,0,0,0.00028868625146883,0,0.000401375471984134,0.000109412283775464,0.000447187289993381,0.000334843539285446,2.35931097907698e-05,2.5305253924423e-05,7.0127247454505e-05,0.000125822213713161,9.38174808543404e-05,0.000137103517419281,6.91587603510341e-05,0.000155191808896958,4.3935410366929e-05,0.000203982380246274,2.52827514034361e-05,2.68708138065933e-05,9.02960782135372e-05,2.97763876135983e-05,5.68770950372329e-05,3.82869448575062e-05,0.000156400618072925,0.00322872391202821,1.70224643699837e-05,8.80524640221068e-05,4.99418737470635e-05,3.12456658107096e-05,2.52441401302868e-05,3.85627803468597e-05,7.23781945775312e-06,3.4455419701117e-05,3.36404106281493e-05,0.000106402079986803,8.10615048939355e-05,0.000106385386574003,8.44154562265657e-05,2.94312251151546e-05,2.79193282173469e-05,9.89550141449736e-05,1.72258796973295e-05,4.93943517633607e-05,1.26533063669293e-05,4.05338990731704e-05,8.0169141352535e-05,0.000123362247224766,4.21955431101682e-05,0.000566769260357897,0.000427291672423432,0.000170030188711867,0.000176440461092073,0.000108619930193798,5.87468818171715e-05,6.43583015549141e-05,0.00104868812980904,0.000461760192468788,0.000393377853843665,0.000688030564476357,0.000120682308971517,9.51217859230091e-05,0.000309442814554286,0.000112372800510158,0,0,0
P011,Tabaco y otras plantas no perennes,2.72893764660142e-05,1.7205308623041e-05,1.49487478146768e-05,2.306593803725e-05,3.18616745459302e-05,5.79323084607724e-05,0.00289046448608831,5.64093133726235e-05,7.7616307315783e-05,2.72755889282303e-05,1.00532266023643,7.82464581099857e-05,2.70174015075789e-05,1.99093214807475e-05,0.000269144403041946,2.90040180546453e-05,2.06821126164541e-05,1.80664279567727e-05,0.00135245535368373,0.000134125246646386,0.00982653558509256,0.0018071561055542,2.61486670066349e-05,0.116088703058931,1.37941482852089e-05,0.000388029450426292,2.68047609949182e-06,7.18600904221115e-06,7.40992388068282e-05,0.000326131778760645,1.08283541629871e-05,3.90492619473987e-05,1.88843278747015e-05,0.00608980888852459,0.00121366464512426,2.51007457369401e-05,0.000611849791304049,6.22610274426473e-06,0.000804093362787428,5.61560230297428e-05,2.59619792799871e-05,3.67587489714599e-05,0.000106844031933193,0.000135199101344639,0.0475986262928252,0.0439612856272211,7.24632685865477e-05,8.74282225418628e-06,2.81435154144628e-05,0.00018131158669289,3.37525963364346e-05,2.79671726239003e-05,0.00015449750042507,2.52232321205628e-05,0.285686769665422,3.07573963577289e-05,4.78813242818333e-05,3.46766299261294e-05,0.0251331939269566,0.00521214468557816,0.00150149995666973,0.00102429025781383,9.89510060455074e-06,6.5979945003735e-05,7.28974564035163e-05,6.78939496724018e-05,6.27980753346265e-05,5.76883539237966e-06,0,1.01886981876755e-05,0.000107807443522012,5.15060523872457e-05,3.56989566311292e-05,8.25626330288722e-05,0.000312762252472301,6.75068372888439e-05,2.37914492744877e-05,3.25192399088753e-05,4.17409359409833e-05,2.4010771481077e-05,1.28702049321137e-05,1.38081880704481e-05,7.81887442905796e-06,9.79941210936064e-06,1.52487180613806e-05,0,0,2.50359761328515e-05,0,1.50195966108646e-05,1.23570398246941e-05,0.000562088583541067,0.00169226963467163,1.80741059517732e-05,1.08306341862338e-05,1.6578501301371e-05,1.85094497496963e-05,1.79499885679605e-05,1.66465353209659e-05,2.45699487312404e-05,2.15789521173204e-05,4.82477557326881e-05,3.58708553923295e-05,1.21608604039333e-05,1.64580613309797e-05,6.42488054921457e-05,1.86691844357224e-05,2.83288385794289e-05,2.89117074455118e-05,0.000515208831209132,0.00293154057661281,1.15970980438658e-05,0.000134428813138515,4.38812627492687e-05,2.51384464201285e-05,1.66588084221056e-05,2.86765120593317e-05,1.19117377596777e-06,2.69958410083355e-05,2.65287583349317e-05,3.39000142543259e-05,3.64722848233853e-05,3.66260149002747e-05,7.94706659131939e-05,1.6553066978666e-05,2.50951033507329e-05,9.88463637948252e-05,2.37496986574853e-05,9.10143746805321e-05,9.3945688960124e-06,4.84291921888024e-05,3.7563399601712e-05,2.30941099228492e-05,3.9146312851096e-05,3.46597456893602e-05,0.000484499424702038,8.79885280256858e-05,0.000147795098106385,5.57823746136235e-05,6.3734980482252e-05,3.14849608901697e-05,3.06144673457353e-05,0.000174664121742097,8.51232355463364e-05,0.00114396186388594,0.000182775531972665,8.20312006085988e-05,0.000222896555849765,0.0002418819095797,0,0,0
P012,"Bananos, plátanos y otros",1.14951569082024e-06,1.72826436725862e-06,1.82251662684144e-06,3.14460880803904e-06,1.31108842256712e-06,1.92233072790922e-06,1.63136245669774e-06,1.4731022462804e-06,2.3167242281421e-06,5.40684921847823e-06,6.25138158526822e-06,1.00000264202096,1.78792177607145e-06,1.36174042695788e-06,3.26320479729652e-06,5.84412263896508e-06,4.34431133162776e-06,2.12918893915925e-06,6.39556163883298e-05,6.80833835405483e-06,1.43594334535538e-06,1.60291738450602e-06,2.32093868528622e-06,2.57086926560705e-06,1.64080898333928e-06,1.43132363662452e-06,4.67510308350858e-07,9.20480267663042e-07,1.09101590902346e-06,1.83606296639896e-06,1.3198122659024e-06,1.2776908576211e-05,1.86288811097786e-06,1.66583403129434e-06,1.59318267801974e-06,4.36501550055368e-06,2.16630109153866e-05,7.49626192287634e-07,8.71683852315758e-06,7.75873575778652e-06,0.0442315178830148,0.000705832697767696,2.73062358156281e-06,2.93114257304736e-06,1.04808934452006e-05,1.02618270074455e-05,3.78160758474119e-06,1.23611401104593e-06,1.66504122184578e-05,0.000127971691308018,1.11145382118016e-06,3.65311857128477e-06,0.00238934911442408,1.68712935294141e-06,9.20326623621575e-06,2.30936033152145e-05,0.000134130501797165,1.03976703730529e-05,1.65779758869834e-06,2.34501506395396e-06,2.483493536171e-06,7.47480058240022e-06,1.7961830967448e-06,5.79800859085515e-06,4.83989106161983e-06,1.11940300878521e-05,4.59531348306365e-06,6.50832778610924e-07,0,1.14250196979988e-06,3.92573428447875e-06,7.39336842058822e-06,6.33355321231112e-06,2.9770670106185e-06,1.12047578692938e-05,4.40582643030552e-06,2.56367260929688e-06,1.80699461098982e-06,5.60978781927142e-06,3.17264508387653e-06,2.10002455075431e-06,2.26225963815518e-06,1.0364630324109e-06,2.59584644650742e-06,1.6539848501824e-06,0,0,2.01964770487488e-06,0,1.97957565265429e-06,1.49508507852993e-06,2.57595987624198e-06,2.46420933224287e-06,8.88831189042713e-07,2.33155046167323e-06,2.20219325977449e-06,9.41636481054665e-07,1.60671493214329e-06,1.83186036118218e-06,2.43003601198806e-06,2.2599282173893e-06,8.61809111676997e-06,4.17565288209769e-06,2.20155328408994e-06,2.83199599671083e-06,2.37148711345986e-05,5.10946485747234e-06,6.787758658098e-06,4.58022632496795e-06,1.4317227571517e-05,0.00165098859012036,3.51166138404579e-06,1.49109919402328e-05,9.31209051081682e-06,5.97858558793294e-06,5.66935180599598e-06,9.23863242663745e-06,1.52894260385115e-07,8.11236692007377e-06,8.92747397964554e-06,9.6843216695264e-06,1.44605814282519e-05,1.08206946554136e-05,2.66709336729061e-05,3.50184645709328e-06,7.45994487404337e-06,3.07844400420415e-05,2.65261511775276e-06,4.67803678741866e-06,1.96011859782111e-06,9.13230422590991e-06,2.52396687253524e-06,5.20027021071025e-06,1.97500135760686e-05,8.48034150866574e-06,1.44026009188283e-06,3.43268469461456e-05,6.23366652740323e-05,1.5686166582511e-05,1.12072485489668e-05,1.13986262201288e-05,8.18117990146875e-06,9.30341423119832e-06,7.88623535555466e-06,4.59389196622309e-05,0.000187075988357654,3.96284116542657e-05,0.000106456722130662,1.59291316629345e-06,0,0,0
P013,Frutas tropicales y subtropicales,1.50038907294577e-06,2.25600622892905e-06,2.37936312655617e-06,4.10637686564511e-06,1.71140359323851e-06,2.51237790637242e-06,2.13197941064921e-06,1.92528678921635e-06,3.02699828500661e-06,7.06295891040922e-06,8.16950698815784e-06,3.45112587077936e-06,1.00000233598213,1.77723867455028e-06,4.26211615104004e-06,7.63610654010464e-06,5.67573597170654e-06,2.77783303976404e-06,8.35874881031366e-05,8.89603440752213e-06,1.85966695601794e-06,2.00329550704175e-06,2.94491794662026e-06,3.30129845680878e-06,2.09587994123218e-06,1.86333599881465e-06,6.10078532719468e-07,1.2013125979513e-06,1.41178029909134e-06,2.33747920287669e-06,1.72130722104452e-06,1.66956526007468e-05,2.43070932932662e-06,2.16509892955878e-06,2.0145628899071e-06,3.49361294190796e-06,9.47862828169381e-06,9.76688277998293e-07,7.91345775455316e-06,8.87872958647079e-06,0.0425412204534889,0.0918441956512383,3.39452958904845e-06,3.6050775898548e-06,8.85298645534464e-06,0.000772457839782706,3.17753911635546e-06,1.61047879229198e-06,7.03147403820717e-06,0.000104659956596471,1.39511937901438e-06,4.76942747034907e-06,0.000802506102215289,2.0231942380609e-06,0.00013196827244228,1.83889342781554e-05,0.000104736804775694,1.35783914516684e-05,2.15169334210439e-06,3.0566103024448e-06,3.23751705575999e-06,9.75786496420969e-06,2.33877887743589e-06,7.56976996746186e-06,6.31870725053132e-06,1.45829223760073e-05,5.99641973992637e-06,8.48616823634171e-07,0,1.49003081814556e-06,5.12186033986106e-06,9.6123949986549e-06,6.93156191206131e-06,3.10248411100286e-06,1.31471047410977e-05,5.80887898875181e-06,3.34593872905797e-06,2.35421402345465e-06,7.32342455357447e-06,4.13711793352224e-06,2.74086320762802e-06,2.95205574115702e-06,1.35136876707697e-06,3.38841438675517e-06,2.156952652817e-06,0,0,2.63035827055479e-06,0,2.56388553838223e-06,1.94938347215696e-06,3.35951091344785e-06,3.21488489643428e-06,1.15729289776661e-06,3.0428304456748e-06,2.87323123185497e-06,1.2274015494834e-06,2.0966216177485e-06,2.38993650761827e-06,3.17217248307972e-06,2.9491754452578e-06,1.12358795528218e-05,5.44800638692627e-06,2.87386603474424e-06,3.69718261851815e-06,3.0985459705544e-05,6.42270807211547e-06,8.85680089573696e-06,5.97878032233623e-06,1.86851442810082e-05,0.00215788941303447,4.58344611328125e-06,1.95745457125252e-05,1.21595320127136e-05,7.80603123260682e-06,7.40227259794258e-06,1.20593435571277e-05,1.99561209961755e-07,1.05979859169163e-05,1.16643499259183e-05,1.26503989792318e-05,1.88950265528922e-05,1.40581846382523e-05,3.45456632931895e-05,4.57489675800782e-06,9.74705586665846e-06,3.96581621030818e-05,3.46466769795046e-06,6.10711370247945e-06,2.55826612646531e-06,1.19303617679281e-05,3.29137458494541e-06,6.79264750519707e-06,2.58129390336193e-05,1.10755506957935e-05,1.87580393757746e-06,4.4688845947971e-05,8.14656008948521e-05,2.048747001671e-05,1.46434005997399e-05,1.48950249552835e-05,1.05240373068766e-05,1.09441469313852e-05,1.03545000245486e-05,6.32530248358998e-05,0.000232779364096271,5.17670037156477e-05,0.000133943489647109,1.96214168981575e-06,0,0,0
P014,"Berries, otras frutas y semillas de frutas",2.45973645320084e-06,3.69943595321712e-06,3.90112333976641e-06,6.73212653648936e-06,2.80576934140446e-06,6.01514061342889e-06,0.0100361070171465,4.36341091207225e-06,6.6118598022091e-06,1.19368046671248e-05,1.50091768132654e-05,6.07096759516946e-06,0.00350921309920917,1.00576594624062,7.42813070676666e-06,1.29097000611713e-05,9.84122517758536e-06,4.8990210805814e-06,0.000254962943062356,2.52465706512812e-05,3.07805157751665e-06,3.32726525875316e-06,4.89215542014704e-06,5.63738389513139e-06,3.4730996432456e-06,3.07529227302195e-06,9.98040744297782e-07,1.96382534115056e-06,2.3178340088967e-06,3.87139455569485e-06,2.79789206325817e-06,2.74485519008352e-05,3.95092272097583e-06,3.56657980465457e-06,3.33066051330163e-06,5.79418077114425e-06,1.66190161735172e-05,1.59532174434352e-06,1.52401034814979e-05,1.47077349387624e-05,0.0450626690446777,0.0702167005540007,2.24618433471374e-05,8.10848674475044e-06,0.00215965064423587,0.00200889633186638,5.16761869567394e-06,2.62301108338813e-06,1.16732167907924e-05,0.000134582352106307,2.28884135916423e-06,7.96653366339566e-06,0.00134234385825198,3.4426091237357e-06,0.000228611099465935,3.01831218635575e-05,0.000129549938709663,2.21733613726739e-05,3.558220301993e-06,4.99593480417081e-06,5.31590879493467e-06,1.60185205849569e-05,3.82688922934727e-06,1.23990579546705e-05,1.03586272476415e-05,2.29302772936197e-05,9.82827873862831e-06,1.38054162326852e-06,0,2.42124625683096e-06,8.40432492116447e-06,1.57327498135557e-05,1.16821323390625e-05,5.10311312450618e-06,2.31920277612845e-05,9.588844955945e-06,5.47978238112748e-06,3.80991356585915e-06,1.19079385649895e-05,6.71707390051123e-06,4.47047255861144e-06,4.82488993785958e-06,2.20694456727016e-06,5.54948716922676e-06,3.52060313843138e-06,0,0,4.2651178081935e-06,0,4.2005012815999e-06,3.18778490196727e-06,5.49369841740688e-06,5.2779957833092e-06,1.89457010880023e-06,4.95314985107789e-06,4.66273244464621e-06,2.00742157561035e-06,3.41987548966577e-06,3.89747283982866e-06,5.18771962025918e-06,4.8117924031117e-06,1.8372126733546e-05,8.91653581353394e-06,4.70370394285157e-06,6.0491169154501e-06,5.08247942328722e-05,1.05287252811157e-05,1.44990875478797e-05,9.76818075392347e-06,3.01478620548772e-05,0.00355142639869397,7.44915506359075e-06,3.26898047461884e-05,1.98063113821366e-05,1.27013771492958e-05,1.20466152373381e-05,1.95500113017221e-05,3.25327291922822e-07,1.73776223022346e-05,1.91620153474898e-05,2.07403029154079e-05,3.10446825006208e-05,2.3036406302181e-05,4.93996618992774e-05,7.49845959153329e-06,1.60096440161204e-05,6.46932215610584e-05,5.68459358622128e-06,1.00240951668213e-05,4.11924534904465e-06,1.95961955481438e-05,5.36667234919826e-06,1.1150426055927e-05,4.24730692617289e-05,1.81928625870959e-05,3.07324178480995e-06,7.32401699817699e-05,0.000134004523363187,3.35738569057177e-05,2.40817618856594e-05,2.44738310650481e-05,1.72107760111796e-05,2.08918435216701e-05,1.76588776939268e-05,0.000127539917323515,0.000100624205784384,8.46475997087549e-05,0.000220106142998567,3.20938704721353e-06,0,0,0
P015,Palma africana,5.10252738946179e-06,6.86877601732017e-06,6.72686403651901e-06,1.11431122743781e-05,5.59048979615346e-06,1.96539264204688e-05,1.6254760481601e-05,1.36625053542576e-05,1.96630604045513e-05,1.92556448260809e-05,2.88918347575327e-05,1.22511218978755e-05,1.71078011091148e-05,8.82684049109e-06,1.00745689728567,2.00525201698053e-05,1.9340865664259e-05,1.1250157813323e-05,0.000971489522562308,9.21803829435295e-05,0.00134398842661365,0.00841179641634484,0.00829279741976221,0.00527094896861718,0.00450898169452806,0.000148550121814151,2.48655482058048e-05,1.82300949702796e-05,0.00082391246662924,0.00487028470905041,4.37808374046235e-06,3.28814165926967e-05,7.90722038928726e-06,0.00083356652957282,0.00566917987207012,0.00531960560525651,0.0046201677176809,2.18318230777647e-05,0.00159912201023513,0.000163712851861893,0.00300655680039803,9.21392797568222e-05,0.370793730397853,0.327346778919163,0.00303488542814412,0.00286925345050014,0.000101407129954606,1.93138681254172e-05,0.000365466503781542,0.00527887172933532,0.000330305444640265,1.49508617067997e-05,0.00208218320838074,0.0176080001255653,2.1075718241335e-05,5.12598496972892e-05,0.000137184735842603,4.14290092687458e-05,1.45137549173044e-05,1.82884929676924e-05,0.000230824241648418,7.34179853283583e-05,1.33635896520207e-05,2.17051740685991e-05,1.765023244331e-05,3.19562152493589e-05,2.09868382583404e-05,2.32048385570464e-06,0,3.91248407464908e-06,2.72035490327725e-05,0.000284742351225163,0.00971648276424333,3.21155048544037e-05,0.00027368601113362,2.86458396429117e-05,9.57366793489549e-06,1.39485909456911e-05,1.73051716652744e-05,1.22916581801513e-05,8.04338946852387e-06,2.07906198457686e-05,7.56716593275768e-06,1.10383388567677e-05,9.65865509407761e-06,0,0,1.75827765025783e-05,0,0.000142595198586047,1.56527484045561e-05,1.41586451456987e-05,0.000264426536549543,0.000193699719815457,8.49401030948159e-06,9.27431942919641e-06,1.41901261854971e-05,8.26433453997403e-06,8.18766297631062e-06,8.90380758017777e-06,1.17955468478966e-05,2.7209430180981e-05,4.68457485295313e-05,9.98656614491425e-06,1.16388200948237e-05,6.14759891513117e-05,1.68563530760029e-05,2.23104969061749e-05,2.17946780207208e-05,0.000158696260642211,0.00408943380070258,1.12723128749162e-05,5.43908950844952e-05,2.77680230025975e-05,1.81294649883957e-05,1.60607331814248e-05,2.67326964411762e-05,6.84926170588178e-07,2.44998514628017e-05,3.27502992348707e-05,3.66021975058147e-05,3.95890627500155e-05,3.60106952739329e-05,6.22726002462927e-05,1.29371232504487e-05,2.07684956974579e-05,8.10078067060589e-05,8.18244309039208e-06,4.34722490912841e-05,6.83690577449055e-06,2.71041243258762e-05,1.71176690704123e-05,2.18256015475745e-05,5.01143174296938e-05,2.33678837361253e-05,1.91275770897979e-05,0.000107937647803601,0.000168633359502525,4.96456085325343e-05,3.62421686431665e-05,3.19467868759221e-05,0.000568480721024576,7.97246754795584e-05,3.17668088343013e-05,0.000119251614011986,9.35309696418934e-05,0.000105351973325432,0.000285138255217778,3.78570707868443e-05,0,0,0
P016,Café en grano,1.73724536793311e-06,2.58619280175882e-06,2.71457122695411e-06,4.63592231117506e-06,1.97580989119135e-06,3.35610855667793e-06,2.76899863893045e-06,2.51748886409812e-06,3.90477103067317e-06,7.95659208187963e-06,9.48313741625757e-06,4.01409039688638e-06,3.06982683043274e-06,2.17508867410483e-06,4.90062115429676e-06,1.64079739524424,6.46474708009197e-06,3.30885427082104e-06,0.000124104463672839,1.27736864892039e-05,2.70152375119136e-06,5.72669432616965e-06,6.69871676189833e-06,5.95487144374925e-06,4.20906317600676e-06,2.36207753716678e-06,7.06562236379851e-07,1.37955742031627e-06,2.07962460575204e-06,5.13540777052889e-06,1.96522731136518e-06,1.84890518556943e-05,2.7519349554945e-06,2.83542354670913e-06,4.81100657998735e-06,8.7053018245567e-05,0.000732984075480098,1.1795077447817e-06,0.000231905946491481,5.71426572759245e-05,3.90506983526031e-06,0.00103847599427372,1.03279002209755e-05,1.24635098896152e-05,0.000228899987507733,0.000218558136951106,6.97100295831188e-05,1.92500577717344e-06,0.000561598071734886,0.00217735663943325,3.687287293084e-06,5.42437436770636e-06,0.0881401422283243,9.33369496281484e-06,4.11780412838038e-05,0.000463351529427243,0.00393896113584569,1.50529192383122e-05,2.93634792402764e-06,3.6145747327797e-06,3.86717100394936e-06,1.1117081335139e-05,2.86777296241036e-06,8.53603694988226e-06,7.14708228917832e-06,1.53835183247258e-05,6.90969941797966e-06,9.80901217455375e-07,0,1.70250008582058e-06,6.07823622449891e-06,1.22855722921333e-05,6.06537637040701e-05,3.30203656070409e-05,7.04432410006505e-05,6.78243021586892e-06,3.81365839075472e-06,2.74098250242079e-06,8.07322247841886e-06,4.72970752625276e-06,3.08799532479689e-06,3.36030225893267e-06,1.58484241090678e-06,3.84685500210368e-06,2.49791293220096e-06,0,0,3.1319460043881e-06,0,3.80931931346025e-06,2.30186874204294e-06,3.90864191578238e-06,3.85480546690258e-06,1.44026251312928e-06,3.40261472730537e-06,3.24468288096803e-06,1.47303393789816e-06,2.40474990162926e-06,2.75237677144913e-06,3.59107496064529e-06,3.3702051675607e-06,1.31777144645748e-05,6.26921986990814e-06,3.26958799218132e-06,4.18818674123568e-06,3.41428694108913e-05,1.65917361545727e-05,1.01828517001494e-05,6.74968710456488e-06,2.14019263131144e-05,0.00237661811556761,5.0830313271041e-06,2.7129421110377e-05,1.33645326569959e-05,8.57221273185412e-06,8.20810877245389e-06,1.31894705129305e-05,2.25070055812345e-07,1.17251183578075e-05,1.29307944402672e-05,1.40380221921693e-05,2.09131812051015e-05,1.84441782831633e-05,3.24197434647338e-05,5.31398494856761e-06,1.07938031261141e-05,6.40933558838839e-05,3.87393809233946e-06,6.95503063543168e-06,2.87746042776406e-06,1.32257952377122e-05,3.81226217869278e-06,7.60258039072948e-06,2.84504755007258e-05,1.24545724055675e-05,2.33063947140029e-06,5.51074626132695e-05,9.00064989439511e-05,2.28321078597472e-05,1.62792225834585e-05,1.64525989940762e-05,1.72300648538046e-05,1.94862153662226e-05,1.78631595454019e-05,0.000248923361643986,3.61362578425552e-05,5.68173732613907e-05,0.000346722372001058,6.6265649561143e-06,0,0,0
P017,Cardamomo,2.91681993763595e-08,4.34215690943447e-08,4.55767913019e-08,7.78346059653107e-08,3.31735520567132e-08,4.77296535257067e-08,4.07622578797965e-08,3.67822242785369e-08,5.80575163649264e-08,1.31988373407435e-07,1.52018337465734e-07,6.55083678238992e-08,4.39923470415336e-08,3.43652057341545e-08,8.03048978130582e-08,1.42536066453318e-07,1.4433736308354,5.39255608480521e-08,1.54768259018735e-06,1.66000320973674e-07,4.52895328846631e-08,9.61879579074389e-08,1.12518379571446e-07,9.91721681500446e-08,7.0695584194411e-08,3.95545100533649e-08,1.18631704604974e-08,2.31625669512758e-08,3.4924166142609e-08,8.62607594881059e-08,3.2995496892173e-08,3.10412284555934e-07,4.62040422561751e-08,4.75638108203583e-08,8.08060713376256e-08,1.46356104824018e-06,1.23238451273351e-05,1.98051221850904e-08,3.89902829695767e-06,9.59802270717317e-07,6.47476807126513e-08,1.74591910593394e-05,1.728293521898e-07,2.08815845345357e-07,3.84810268663418e-06,3.67424387420528e-06,1.17199128242015e-06,3.23226199397495e-08,9.44223629697533e-06,3.66085303473139e-05,6.19574974481047e-08,9.03256862704597e-08,0.00148193224988431,1.56812330261079e-07,6.90138136288236e-07,7.7900977747092e-06,6.6226710987662e-05,2.52726200301226e-07,4.91299818071678e-08,6.06530289734412e-08,6.49200580796618e-08,1.86643793205113e-07,4.81529293544658e-08,1.43315287383709e-07,1.19995703006808e-07,2.58274068211609e-07,1.16012665996781e-07,1.64691318893176e-08,0,2.85842404215765e-08,1.02055575280956e-07,2.06295117117632e-07,1.0196012246821e-06,5.5495878851049e-07,1.18404511363745e-06,1.13872497980221e-07,6.40298853695053e-08,4.60219695572516e-08,1.35542409890384e-07,7.94114002787377e-08,5.1845979948625e-08,5.64184566499902e-08,2.66100256422005e-08,6.45870696273915e-08,4.19402692323186e-08,0,0,5.25878915553384e-08,0,6.39776156621129e-08,3.86494544529027e-08,6.56224489124154e-08,6.46925998393893e-08,2.41837782689087e-08,5.7126305548339e-08,5.44769281510634e-08,2.47329544717908e-08,4.03751334259214e-08,4.62123533581402e-08,6.02926231021442e-08,5.65845658538073e-08,2.21259775588894e-07,1.05259262397398e-07,5.48951314703182e-08,7.03176590936285e-08,5.73222022644689e-07,2.78789743658262e-07,1.70969470618701e-07,1.13323379721807e-07,3.59341961386695e-07,3.99006655475201e-05,8.53400386324001e-08,4.55651333513449e-07,2.24376846324492e-07,1.43918646503282e-07,1.37807283183925e-07,2.21436134805663e-07,3.77879763307623e-09,1.96852039025709e-07,2.1709490272523e-07,2.35685367735112e-07,3.51111031037735e-07,3.09730199013149e-07,5.44293596072868e-07,8.92242487358727e-08,1.81216785159434e-07,1.07656765897055e-06,6.50404066679898e-08,1.16770737217219e-07,4.83124384622422e-08,2.21934727678005e-07,6.40082478272417e-08,1.2764153897579e-07,4.77651151161751e-07,2.09103623982887e-07,3.91307876313085e-08,9.2534204933856e-07,1.51111304429027e-06,3.83333058079703e-07,2.73312907352603e-07,2.76221653586941e-07,2.89413745686443e-07,3.2740316889749e-07,3.00095473390141e-07,4.18483076994969e-06,6.06711948806866e-07,9.53902721360193e-07,5.82601674121385e-06,1.11361021439025e-07,0,0,0
P018,Caucho natural,8.63940343860837e-05,6.7450041593152e-05,7.30103890756723e-05,9.7777588871416e-05,9.47510658049413e-05,0.000263395856548722,0.000266336753879447,0.000248288491099233,0.000351053939746955,5.20343489274128e-05,0.000117334831890681,0.000215154752371676,8.4077952554824e-05,4.9171294243797e-05,5.60564068322162e-05,3.32753611326339e-05,5.23815523194829e-05,1.54517225498448,0.000130735931556483,5.73656499608979e-05,1.75807783901071e-05,2.87919441872636e-05,6.2182519340504e-05,3.86530222369485e-05,4.67207858410077e-05,0.000185424005931041,3.18631219680906e-05,5.59226353298845e-05,2.1321551449659e-05,6.28752108015429e-05,1.79102377186627e-05,3.40168578403267e-05,8.70420237200982e-05,2.2255319672812e-05,2.58726006231369e-05,5.07069970593622e-05,8.24475492623433e-05,4.29657696560853e-05,6.04115971794783e-05,0.000115456307608884,4.43351785204458e-05,7.8195408865088e-05,6.9063640878066e-05,7.3766780746378e-05,6.97124047243426e-05,6.43192996681407e-05,5.51493227853105e-05,5.40087597982126e-05,9.68184692489563e-05,5.70795684411928e-05,4.18477180592332e-05,8.84996056402291e-05,9.10026929167685e-05,3.46488951338203e-05,6.68897816511785e-05,4.95023554440033e-05,0.000187650374114858,0.0001884939416476,5.08489076053162e-05,8.19664360509381e-05,4.58364792320375e-05,5.52736595619069e-05,2.75597980694354e-05,5.3916479459102e-05,3.10097337396104e-05,3.8894107132003e-05,9.2465208365502e-05,1.31256971222511e-05,0,1.80308252032083e-05,0.000435284457061794,4.39039284103096e-05,7.6172374212433e-05,0.000100563919460553,8.14712496731447e-05,0.00664142360277007,2.53157085635134e-05,3.57283965529606e-05,2.7057329533413e-05,5.14760568860811e-05,2.02849180963607e-05,1.73960748054594e-05,2.69079864495255e-05,2.9711967293851e-05,1.96067577387183e-05,0,0,8.4149472070843e-05,0,0.00038042513765405,6.66297243403943e-05,4.5697622689201e-05,0.00226816828934714,7.94945842769216e-05,1.40099207675671e-05,0.00010649505416974,9.18778635783011e-05,0.000105408036976522,9.8543995475642e-05,3.61412500159843e-05,0.000114619834443509,5.57283657901654e-05,0.000389817077001626,8.83103628665502e-05,9.02201103802012e-05,2.92301118009531e-05,1.46280467772123e-05,0.000109093535424779,0.000109288397659422,3.24973097605061e-05,6.10209431353342e-05,2.35049847067092e-05,0.00010259433536957,2.02866990494927e-05,1.24340441010331e-05,8.1769121805922e-06,1.51356569351045e-05,5.25403628115539e-06,1.59273072127649e-05,1.526718460947e-05,2.19797280332629e-05,2.00124927448575e-05,2.01066099334254e-05,2.83989824274767e-05,3.10286337192619e-05,1.20628623634617e-05,2.11785762869772e-05,1.72611457039656e-05,5.42583120852926e-05,7.74879757155486e-06,1.8122472353561e-05,4.38940518027992e-05,8.76289208695702e-05,5.03261765042699e-06,4.08554901605115e-05,0.000148602003264246,5.63801203608965e-05,2.90258565039903e-05,4.75310980936415e-05,2.01120310811336e-05,1.85853770048195e-05,9.89910135119977e-06,5.26921734585818e-05,3.11907649449453e-05,4.02459785340215e-05,4.81535522722064e-05,2.0263167331142e-05,3.12687072776056e-05,2.35361463105048e-05,0,0,0
P019,Propagación de plantas,1.36830798000792e-06,1.52955134256448e-06,1.46515338396161e-06,2.30989744188575e-06,1.53132653566102e-06,0.0163105739063615,0.0108419998733654,0.0103824347474307,0.0142003002494737,0.00302359493246287,0.0136184411100641,0.0035716619959273,0.0142857209793012,0.00407810342358823,0.00373631758595446,0.00304007241418002,0.00446828223218046,0.00308712108705911,1.01425182826604,0.0917133901706428,0.000156228474919085,8.51579861022483e-05,6.04069041684078e-05,0.00162859722017343,3.30405492325066e-05,0.000208704749991535,5.70572687377724e-07,9.63359987674168e-07,7.33739325561095e-06,4.01488153475317e-05,2.1069167845302e-06,6.41629894360821e-06,2.05349197051722e-06,9.73471234390663e-05,5.75661631196654e-05,3.95173812594138e-05,4.41150015250476e-05,8.62244850451789e-07,2.10849692230664e-05,0.00138575583341924,0.0015503884419223,0.0016911405661085,0.00137640576223231,0.00121655044270252,0.000688787400991393,0.000649358908043649,3.40989138574882e-06,1.12208999348097e-06,0.000129336619266342,0.000106326876051788,2.96948356574768e-06,0.00141604801280892,0.000935076322160481,0.000126118473125875,0.00388983112206895,4.1717246660166e-05,0.000226817107184871,5.81124313252825e-06,0.00034548264935904,7.37866424801508e-05,2.57897859191475e-05,2.04471723017733e-05,3.30266141185657e-06,4.31838467899745e-06,3.91466596542695e-06,7.23865812687172e-06,4.94726091695083e-06,1.29200699763287e-06,0,2.21351447313404e-06,6.42211864853177e-06,2.10251109977969e-05,4.4448109650061e-05,0.000283024964536533,1.38395780860573e-05,1.81946131844336e-05,2.49791516742282e-06,2.49473311914802e-06,3.62375037212108e-06,3.31325077879346e-06,1.73935400270979e-06,1.88296257524403e-06,1.16796995628394e-06,2.16213616331204e-06,1.47106140520697e-06,0,0,2.68129878708026e-06,0,3.77641387201493e-06,1.63779914567086e-06,1.05842853017527e-05,6.440718598334e-05,2.13634566016235e-06,4.78936476657956e-06,2.64389262589743e-06,2.03838368182317e-06,2.34818993461719e-06,1.96216146076822e-06,2.01499788316524e-06,3.26490307536016e-06,5.57497989351749e-06,4.33228064710077e-06,2.06079760186782e-06,2.69027837776862e-06,1.17095801805316e-05,7.7601998288892e-06,4.7816584143493e-06,4.94512519657691e-06,1.49366208702059e-05,0.000687376072383095,3.17649393306702e-06,1.33653444782821e-05,6.78536545131326e-06,4.59314372949769e-06,6.03587872275386e-06,1.01074719013348e-05,1.85616102518517e-07,6.64525569743695e-06,5.51584860962176e-06,5.8466009665897e-06,7.35493806047419e-06,7.39486060421232e-06,1.3569829063347e-05,2.76179826052394e-06,4.54584675746465e-06,1.76842993477992e-05,1.74048620097374e-06,6.55261524074472e-06,2.68244945430663e-06,0.000220090079864615,2.74384832831544e-06,3.29200204441237e-06,8.42129086809498e-06,6.01020421519829e-06,9.81781336817314e-06,1.62431522868912e-05,2.70943045621605e-05,8.749776870365e-06,5.70759434177742e-06,5.58062970867883e-06,1.31779576019096e-05,1.05506938849392e-05,8.55076182169472e-06,9.7562940166855e-05,4.99280575925626e-05,1.83828445688443e-05,4.78504917319813e-05,5.23579066524644e-06,0,0,0
P020,"Otros frutos oleaginosos, otras plantas bebestibles y especias aromáticas",4.10905216462901e-07,6.0846133170508e-07,6.42158893670377e-07,1.08060476044656e-06,4.68218237218107e-07,7.52458943987111e-07,6.67008770453072e-07,6.0344065922968e-07,9.34814409807164e-07,1.94562811493977e-06,3.10742220403237e-06,9.42864880896293e-07,6.09488272517639e-07,4.89192710126766e-07,1.11882928443025e-06,1.9583509709917e-06,1.61300566687675e-06,1.08577548484744e-06,2.11156082434978e-05,1.00000227661231,1.27081183723868e-06,1.28920362746295e-06,1.15205537483866e-06,1.55140038098167e-06,7.99214207253284e-07,3.00221097301919e-06,1.84959463921988e-07,5.98424999126478e-07,4.76230452572311e-07,1.02826284403175e-06,4.94859513387233e-07,4.22785887846444e-06,2.86380554221126e-06,1.1227165047313e-06,1.07999629388605e-06,6.64991537376055e-06,6.19203160663313e-05,3.1976352121851e-07,1.68008187102882e-05,0.000664464673744191,0.00625489558558264,0.000498138432597177,1.54039352790718e-06,1.74815175251895e-06,1.70562145290078e-05,1.63170780676887e-05,5.34864577226196e-06,4.76551561098532e-07,3.91406535077327e-05,0.000160176422382692,6.63430677676107e-07,1.38535799541827e-06,0.00607307337809419,1.15092983537357e-06,7.12034302162943e-05,0.000266483126457302,0.000276736379512282,3.72325293551566e-06,1.75068488894388e-06,1.95444237594461e-06,1.30333116607415e-06,2.65822037729404e-06,7.04034945181957e-07,2.0290699824537e-06,1.74183335183417e-06,3.98756371701005e-06,2.06902421278399e-06,2.53019034639709e-07,0,4.35393458701812e-07,1.39948496016535e-06,3.01557486216296e-06,5.81183898817555e-06,3.35124604156505e-06,8.0980305796331e-06,1.68111926252874e-06,1.8482949032918e-06,1.01897889810805e-06,2.14046769222137e-06,1.46426446385437e-06,8.77581348618218e-07,9.0805352203686e-07,5.79810300570599e-07,1.04753724254054e-06,1.02803931489256e-06,0,0,7.83064102821963e-07,0,9.26616559107188e-07,6.16680229501003e-07,1.01608404987205e-06,0.000366702241697365,1.73053035337883e-06,8.70114645014824e-07,9.09180259166385e-07,2.88515316664739e-06,1.6694005167816e-06,7.83252046451198e-07,1.1010786163945e-06,1.29006031560156e-06,3.13701380654081e-06,1.91877707336555e-06,9.13703611651517e-07,1.19146924590209e-06,7.91396270404334e-06,2.5723460070808e-06,2.88782297998778e-06,2.3950978907644e-06,6.70224989129136e-06,0.000534658304599971,1.37667485114932e-06,3.7438428383353e-05,3.42986004363526e-06,2.19257387721408e-06,2.24328339898872e-06,3.33549360663293e-06,7.67998594515103e-08,2.98285085514972e-06,4.03981754350326e-06,4.98742550180598e-06,4.87240574556417e-06,4.20838738852365e-06,8.11680817417074e-06,1.99148988080235e-06,2.73162609313931e-06,1.16762707696615e-05,1.18508937495349e-06,4.81719804850473e-06,1.19806041035255e-06,3.40557761487913e-06,1.35289228724843e-06,2.84511272713802e-06,6.43382777333392e-06,2.94613580019845e-06,2.94532197545589e-06,1.2289077722107e-05,2.06362457208661e-05,5.51448887000661e-06,3.82194333125162e-06,3.81096123832555e-06,3.39222848828432e-06,2.58265735066007e-05,2.03757955437635e-05,0.00062265816171462,1.0045573771427e-05,1.31557568382092e-05,4.92877889668085e-05,2.03379763437517e-06,0,0,0
P021,Ganado bovino,1.96572454894637e-05,2.87827803287093e-05,3.03299097621573e-05,5.14606115787411e-05,2.24004196792516e-05,3.38769524515223e-05,2.96039038392076e-05,2.6839071561874e-05,4.19052155804804e-05,9.3705434294426e-05,0.000104061206548656,4.45752957387084e-05,2.89896604582627e-05,2.2813068055969e-05,5.32982708530541e-05,9.28643496562419e-05,6.94685031563958e-05,4.37286887697571e-05,0.00100582464185731,0.000108325850167279,1.0000346768734,8.69162971373366e-05,0.00010095028046759,8.24163307162907e-05,6.00287706956238e-05,3.17357051616231e-05,1.01744418698195e-05,1.76148215570098e-05,2.4887050818137e-05,7.01813413251358e-05,2.68151643131727e-05,0.000205101128615566,3.60601978564786e-05,0.615560641490109,6.71547472786267e-05,8.46607784376109e-05,0.0274732063569217,1.33787174134254e-05,4.20734412473443e-05,0.000106668353243635,4.2514720664632e-05,9.25702195338217e-05,4.29047677274443e-05,4.67659071482045e-05,6.99012301671875e-05,6.79030259041101e-05,3.46071472957888e-05,2.10882384104695e-05,2.77691002562106e-05,8.98429400296443e-05,1.89788522333542e-05,6.29931171504928e-05,0.00012965732797918,0.000153226288813801,6.95934144056622e-05,0.000173592495098508,0.000179286078112622,0.000165466295478659,0.000283633052795622,0.00251450124077265,0.136780721292909,0.0320935669014526,3.17259544038246e-05,9.37258266563757e-05,7.96369712250918e-05,0.000170158534153061,7.7073418357994e-05,1.31341801392207e-05,0,1.99666857113008e-05,6.74521281401657e-05,0.000118957113350954,8.46423689997542e-05,3.9496890055535e-05,0.000307563257709538,7.42020122498393e-05,4.5169579610163e-05,3.14250738206646e-05,9.1224736616453e-05,5.61271199413664e-05,3.58244165911839e-05,3.88473030981981e-05,1.81350346676014e-05,4.27737192639889e-05,2.87513339789085e-05,0,0,3.47405162792264e-05,0,3.34921238767683e-05,2.75979500030596e-05,0.00128704717599153,0.000426498332622551,3.10751049436258e-05,3.85788588847058e-05,5.30286435089019e-05,3.15006789538258e-05,3.34761055594154e-05,4.07091151327007e-05,4.18268415062575e-05,4.15680945543146e-05,0.000148424764893698,0.000377329771333852,5.30225526603077e-05,5.82370100325023e-05,0.000373583939263425,8.13116001006036e-05,0.000116359066917253,9.76531361153739e-05,0.000232751368650339,0.0256835962523482,6.3671756087361e-05,0.000261333915192715,0.000155688196611232,9.8371904448355e-05,8.97646633372382e-05,0.000147062101162703,2.7157038434571e-06,0.000133529484233275,0.000141935267136386,0.000156391573433677,0.000229666723827464,0.000175583722697947,0.000365428382357155,7.38483861681923e-05,0.000120681449976245,0.000557033745957649,5.92071583711175e-05,9.51344705801936e-05,3.34491086450992e-05,0.000146251544471766,4.71808811303622e-05,0.000103419343863922,0.000308879229245112,0.000137540387600864,3.87621655853869e-05,0.000540469380586031,0.000981334781338975,0.000249037997781206,0.000189540601242407,0.000180968628058524,0.000129562620104872,0.000339476987771506,0.00014325678415331,0.00112687332543179,0.000410019705869216,0.000616538233533876,0.00161888760349808,6.70585884567814e-05,0,0,0
P022,Ganado porcino y otro tipo de animales vivos n.c.p.,1.20633085853927e-05,1.81292020090204e-05,1.91038351843391e-05,3.29582971363331e-05,1.37547115417674e-05,2.01796217866978e-05,0.000215703466474589,1.54614273101574e-05,2.42962039050218e-05,5.66844510158612e-05,6.57044595636255e-05,2.76848411365576e-05,1.87763454641878e-05,1.42869922896846e-05,3.42339143993474e-05,6.14327891757808e-05,4.56819478740004e-05,2.22659947933142e-05,0.000671989056438691,7.15111382389147e-05,0.000159081565955604,1.00092287021387,0.000917082933629237,0.00059383394098732,0.000502202115980626,3.02479306721884e-05,7.37145211847509e-06,1.12016703177164e-05,9.52211593225204e-05,0.000542016015136008,1.36800861647142e-05,0.000134120870792046,1.94121957147345e-05,0.000106209851602565,0.669942600051854,0.000562218727584432,0.161798594698605,9.3828036163032e-06,3.09688338265227e-05,7.67946537626864e-05,2.71015115603684e-05,6.40657273373503e-05,3.90091955650476e-05,0.0215007364755978,0.000262158160555272,0.000247114841408004,2.66984308555181e-05,1.32497131733986e-05,4.0851522981314e-05,0.000353466562648141,2.83180978428153e-05,3.82265507664305e-05,0.000466696509584749,0.00191617075362424,4.41165589943746e-05,0.000116920676957965,0.000134110054041326,0.000108681875978326,1.74645158557879e-05,2.49763532958926e-05,4.78110389540001e-05,8.33573064234234e-05,1.9420389714198e-05,6.07922016917403e-05,5.07506202609858e-05,0.000111667853129973,4.81205120259523e-05,6.75416576261518e-06,0,1.18398442511225e-05,4.14642376858348e-05,7.67830161901754e-05,0.000327843736441779,2.34746462398335e-05,0.0001050823186525,4.65353069518519e-05,2.68363423965644e-05,1.87765589840424e-05,5.82212435405514e-05,3.28937489665789e-05,2.19059783458165e-05,2.44136086606569e-05,1.09023741867108e-05,2.72037257871574e-05,1.73698728819248e-05,0,0,2.11703030561957e-05,0,2.42884573964893e-05,1.59241842353431e-05,2.73215967630464e-05,4.17240293575956e-05,2.10035982773318e-05,2.42597022608006e-05,2.28412609449547e-05,1.03172940029081e-05,1.6846963454803e-05,1.9154593395003e-05,2.54182767670548e-05,2.35996249913308e-05,8.98632574486913e-05,4.45744982508371e-05,2.30895381209648e-05,2.96631223607909e-05,0.000248314390480574,5.08798266915425e-05,7.09502759058904e-05,4.79880022706128e-05,0.000150213773445227,0.0173508754544179,3.64294430274941e-05,0.00015618666611151,9.68089817028932e-05,6.20842960679617e-05,5.88093777996817e-05,9.54956591857892e-05,1.59376705163512e-06,8.49969035785008e-05,9.39214426509865e-05,0.000101683066370609,0.00015174881470526,0.000112953374031583,0.000238240943393448,3.65915289180728e-05,7.82660664263065e-05,0.000314535564819172,2.78150224492289e-05,4.99160701661193e-05,2.00683204369466e-05,9.57176510778156e-05,2.64962615726842e-05,5.47228032184906e-05,0.000207533858458527,8.89180796950116e-05,1.54514885742848e-05,0.000357903392860226,0.000655123688268579,0.000164470920605406,0.000118127271298568,0.0001196459238625,8.36748103598501e-05,8.49605084700458e-05,8.2779185521905e-05,0.000488231335850454,0.000367766912955607,0.000413541592010242,0.00106015149003077,1.63405180002979e-05,0,0,0
P023,Aves de corral,2.75239230733209e-05,4.14216987108596e-05,4.3681435047773e-05,7.53968932205436e-05,3.13985422559837e-05,4.61683602867931e-05,3.91915920911606e-05,3.53503677483712e-05,5.55557629076828e-05,0.000129841156251826,0.000150570129436326,6.33209820004571e-05,4.29977134011282e-05,3.26270717271526e-05,7.83836983565986e-05,0.0001407872342191,0.00010449819772885,5.08236031548419e-05,0.00154205520263614,0.000163972579188773,7.27642994581126e-05,0.000279894258653752,1.14255456312108,0.000212766055129295,0.000168744808009795,3.81665785224141e-05,1.18301547135332e-05,2.23931888722074e-05,4.8209840587108e-05,0.000183060534207872,3.12903453113443e-05,0.000307737530812438,4.41699025398926e-05,6.35099326490538e-05,0.000199644497553364,0.689868695596397,0.110452670702865,1.82140710106945e-05,5.76429247601242e-05,0.000154955517494857,6.14256564920651e-05,0.000137654349270191,6.14756957347386e-05,6.99418394051062e-05,0.000135804888302103,0.000130456557400167,4.66179930413009e-05,2.93142349079259e-05,3.72532397009363e-05,9.00282348255662e-05,2.5259835000617e-05,8.73642907742992e-05,0.000346650448667808,0.000547136086102818,0.00010005192240595,0.000263390562989961,0.000274330595689533,0.000248264466991873,3.92895511232788e-05,5.587841858907e-05,6.47559184437783e-05,0.000180689896107478,4.30004928660137e-05,0.000138885242285265,0.000116046320492515,0.000255300485164444,0.000110058682650539,1.54373787633238e-05,0,2.70740271791061e-05,9.39729696400425e-05,0.000175790600547833,0.000116769881146791,5.17394727075071e-05,0.00023157554096149,0.000105474603668989,6.13721528443134e-05,4.25894180903291e-05,0.000133261300817524,7.51069046745927e-05,5.00316878748565e-05,5.40213867548825e-05,2.46904882349812e-05,6.21530973634075e-05,3.93998470161898e-05,0,0,4.76423158060096e-05,0,4.66898601911441e-05,3.56591197098548e-05,6.15881174282035e-05,5.8881588877523e-05,2.11568414468317e-05,5.54290205456023e-05,5.21137940802169e-05,2.24425740280647e-05,3.82459304860333e-05,4.35886986352958e-05,5.80744039176704e-05,5.3820546836417e-05,0.000205674097485582,9.9833605985042e-05,5.26581341036114e-05,6.77184036426706e-05,0.000569642538197568,0.000116365967630518,0.000162351273342244,0.00010934538296193,0.000336134232441753,0.0398272152351242,8.33477291760555e-05,0.000356977320502112,0.000221730296197955,0.000142167567385385,0.000134735194481874,0.000218701428971206,3.63974580411228e-06,0.000194739225199085,0.000214799523879501,0.000232410259070286,0.000348015066982557,0.000257784531474243,0.000541389826676469,8.36594216928744e-05,0.000179463782093733,0.000720968954138396,6.37003794812085e-05,0.000112290377624647,4.58504552032915e-05,0.000219344175143996,6.00388144325291e-05,0.000124944196070092,0.000476283568125881,0.000203894962417649,3.43320591085502e-05,0.00081936405952264,0.00150258148513161,0.000376255764968618,0.000270086125585943,0.000274362611541801,0.000189228262588909,0.000493615342681044,0.000189602192291396,0.00113792535606229,0.000653033861757139,0.000948294821031698,0.00243295015583509,3.51557106349417e-05,0,0,0
P024,Leche cruda,2.83756594841906e-06,3.98942096437126e-06,4.21158546644404e-06,7.14360889231044e-06,3.21864422359284e-06,5.27043706152271e-06,4.65958585798453e-06,4.24220933144716e-06,6.49316401584584e-06,1.17388224890109e-05,1.38724986768096e-05,6.58341790807726e-06,4.19553467800545e-06,3.12477305486212e-06,7.21800908256606e-06,1.26605556961204e-05,9.52498195654709e-06,4.88184116200805e-06,0.000137548657713038,1.48267224064314e-05,3.39176848072088e-06,5.19005100893144e-06,6.90326139008856e-06,1.00000668579534,4.62981397903728e-06,3.83077023449624e-06,1.12791105874165e-06,2.18985883487661e-06,2.61514055709074e-06,6.8871445580516e-06,2.85820916850315e-06,2.74832302974327e-05,4.24782063172375e-06,3.80633214221575e-06,4.71867154680022e-06,6.34022009002948e-06,0.000267461303224394,1.7939832361923e-06,0.00104658414641851,1.45839237059522e-05,5.65971610398935e-06,1.88300732389744e-05,5.80525224880266e-06,6.18842910800729e-06,0.37568088137706,0.348362862391501,4.79106502085839e-06,2.89306582983e-06,7.14557924965114e-06,0.00118621254841709,2.44015738653159e-06,8.14359534182513e-06,0.000565743064110292,7.25229451119804e-06,9.38299535787096e-06,2.6347996932967e-05,4.90232533819444e-05,2.29181248521102e-05,4.03387047334357e-06,5.35423716631477e-06,5.54967070251038e-06,1.62117051443724e-05,3.92019258623112e-06,1.25811278250386e-05,1.04502994997337e-05,2.28186659311607e-05,1.01755536489569e-05,1.42939365285143e-06,0,2.48456221714875e-06,1.03760992440172e-05,1.58106002638734e-05,4.28983489749232e-05,5.2747930550388e-06,2.12843031687789e-05,3.88183794036518e-05,5.53951876357005e-06,3.93404435026445e-06,1.19436049037288e-05,6.8782417928786e-06,4.53051663163367e-06,4.87601325487505e-06,2.3150822289127e-06,5.65400291263444e-06,3.58517182621343e-06,0,0,4.63617755484058e-06,0,6.27169085894415e-06,3.49017701882462e-06,5.66738295377532e-06,7.1092042539625e-06,2.20588749429812e-06,4.98700747995585e-06,5.09742128179815e-06,2.29835668805461e-06,3.83813725641199e-06,4.30356983457827e-06,5.30935542235969e-06,5.26868318579652e-06,1.85200849607162e-05,9.12769534799648e-06,5.01315233364479e-06,6.36552268887431e-06,5.07239196407682e-05,1.04527258300298e-05,1.48957992905239e-05,1.0176777155566e-05,3.03456793224855e-05,0.00353806090940492,7.50536929149991e-06,3.25289376839875e-05,1.97792126785495e-05,1.26805188755895e-05,1.20053998286399e-05,1.94826406362803e-05,3.45667003958814e-07,1.73661098021551e-05,1.9149130546956e-05,2.07248981651592e-05,3.09985502104206e-05,2.29890838570574e-05,4.80417760671807e-05,7.54469884466765e-06,1.59898892807699e-05,6.42445226328712e-05,5.71730272239207e-06,1.02322475586202e-05,4.11276061945263e-06,1.95552160938872e-05,5.53287685494212e-06,1.14783757281387e-05,4.23265183508905e-05,1.82871085067763e-05,3.70394570368756e-06,7.35876264812003e-05,0.000133625073156675,3.36298066321971e-05,2.40729856376955e-05,2.44578194560993e-05,1.95700481988796e-05,5.43622242884877e-05,1.75791520930703e-05,0.000122263648343932,5.19243747366715e-05,8.43210015543911e-05,0.000217673630985843,3.33056972932699e-06,0,0,0
P025,Huevos,4.9030765143532e-06,7.37683810275212e-06,7.77751994068091e-06,1.34228276564763e-05,5.59263425246883e-06,8.21906105227814e-06,6.97036953989689e-06,6.29405934011194e-06,9.89127752130253e-06,2.31078653433787e-05,2.67925230866723e-05,1.12730679566513e-05,7.65301188533926e-06,5.81094709139218e-06,1.39519689661704e-05,2.50547428997063e-05,1.86017992629032e-05,9.0522023195294e-06,0.000274353462169591,2.91780040080811e-05,6.93024959214474e-06,1.18125945451149e-05,0.00648086781556187,1.41169864488918e-05,1.00000971438479,6.16616646583298e-06,2.00194729932994e-06,3.92057591058155e-06,0.000101531939847733,1.08147499049488e-05,5.57078546858895e-06,5.47528298312634e-05,7.86257361703786e-06,7.60589774417729e-06,1.01762559786321e-05,0.00391834327259918,0.000651011188834553,4.84276707062694e-06,7.93715046905352e-05,2.83120305480498e-05,2.08198075492016e-05,3.88147087093614e-05,0.00123443845068618,0.000162642738214117,2.12111500606863e-05,5.0992926358497e-05,9.26077491878397e-06,5.25109546274865e-06,1.44861051940427e-05,0.0202841229796223,4.85066091087967e-06,1.55539367305626e-05,0.00127286727632045,1.77220512683114e-05,0.000559062732042056,5.30325586444099e-05,0.000102756833425347,4.42015765960082e-05,7.02928434847555e-06,9.95174881007044e-06,1.07460684455003e-05,3.19821649810472e-05,7.63744808300577e-06,2.472545470923e-05,2.06602488443977e-05,4.54220493031307e-05,1.96144454767033e-05,2.74940373046555e-06,0,4.8205752380479e-06,1.67679739527787e-05,3.22302670740435e-05,4.15678252244066e-05,1.07230937078816e-05,4.25800069732337e-05,1.88104925538353e-05,1.09285218131418e-05,7.6005881359688e-06,2.37147388240657e-05,1.33761350220178e-05,8.90620198921462e-06,9.62498638836801e-06,4.40508254859263e-06,1.1070411507222e-05,7.02157767263525e-06,0,0,8.50652810505945e-06,0,8.60834755797455e-06,6.37018190042693e-06,1.09553034076668e-05,1.06374214471572e-05,3.88798781045186e-06,9.86639090831499e-06,9.27917072204992e-06,4.01174385425731e-06,6.81135155620762e-06,7.76138097148268e-06,1.03362861081399e-05,9.59134621393284e-06,3.66094253938973e-05,1.7839618802415e-05,9.37876040472297e-06,1.20577923590061e-05,0.000101348969809313,2.0842836830607e-05,2.89085978608122e-05,1.947628439418e-05,6.01915814502736e-05,0.00708546876481506,1.4832692357575e-05,6.21953036048763e-05,3.94588561287606e-05,2.5300829250032e-05,2.3964843616374e-05,3.89286763730874e-05,6.48336825262953e-07,3.46547592313283e-05,3.82364201875665e-05,4.13740504301125e-05,6.1922391601805e-05,4.58898149549607e-05,9.62300576915028e-05,1.48477328891862e-05,3.1933134294307e-05,0.000128560541454865,1.13363135363e-05,2.00430130191666e-05,8.13763122653163e-06,3.90395469923765e-05,1.07056793155682e-05,2.22483005335192e-05,8.47368742764576e-05,3.62875781104398e-05,6.14638193910063e-06,0.000154617543987227,0.00026747791564128,6.71128799827305e-05,4.80977292854626e-05,4.88192861705775e-05,8.19262286963802e-05,3.76354257882987e-05,3.25949534637905e-05,0.000159548516248742,0.000112395956001534,0.000168717237653519,0.000441911880168773,6.38652375614707e-06,0,0,0
P026,Otros productos de animales vivos,2.83318699138203e-07,4.17741865450635e-07,4.40019297916551e-07,7.5026177670214e-07,3.22860566844408e-07,4.84884184883236e-07,4.20418744629365e-07,3.80800023442164e-07,5.95299289729852e-07,1.34159338476903e-06,1.50958654858928e-06,6.45336336127628e-07,4.24409416605641e-07,3.31035354427177e-07,7.77401368469733e-07,1.36620578478646e-06,1.0197040999648e-06,5.97949731756071e-07,1.48450997466525e-05,1.59311610470658e-06,0.0100941951770379,9.88040749382752e-07,1.18348604300441e-06,1.0163560258389e-06,7.23219037834949e-07,1.00000042848201,1.36895889953896e-07,2.45265774613895e-07,3.30166510988227e-07,8.39094051303642e-07,3.66660127384571e-07,3.00755106694685e-06,4.99326828483326e-07,0.00621343095000137,7.89765359880954e-07,2.81433150481928e-06,0.00027761562593013,1.89784769484382e-07,7.63248162441456e-07,3.08029400204108e-06,6.16855228083284e-07,1.39213373321891e-06,6.2101065660243e-07,6.70405092056566e-07,9.60638752843152e-07,9.41321135888682e-07,4.9417770739113e-07,3.02889022154799e-07,0.000594527978670699,5.08194137175829e-06,2.4732525354165e-06,9.0266263154708e-07,5.55555299747888e-06,1.65819820658344e-06,6.45450478571714e-05,7.29776269122489e-06,2.78997854898311e-06,2.4276233173856e-06,2.99134721798411e-06,2.555428142398e-05,0.00138081230643215,0.000324495406347441,4.5505859927585e-07,1.3974051214284e-06,1.17694855721924e-06,2.49487208473805e-06,1.11850022605437e-06,1.80248589933892e-07,0,2.8464483373885e-07,9.74938806801018e-07,1.77055341404747e-06,1.29082789114403e-06,1.16951180470571e-06,3.92823707031367e-06,1.12151300717978e-06,6.43907740173828e-07,4.48652457568922e-07,1.32707462465706e-06,7.97880931542914e-07,5.14124508889643e-07,5.5687156912171e-07,2.58834791240246e-07,6.21933107249385e-07,4.10665593400009e-07,0,0,4.98191472038257e-07,0,4.86801507479989e-07,3.88306206054644e-07,1.31813332135814e-05,4.48953176350405e-06,3.78764374089504e-07,5.5821976930177e-07,6.94916162673291e-07,3.87602396573958e-07,4.55555202177669e-07,5.45074150324721e-07,5.9944744493701e-07,5.85097609964165e-07,2.12444763377396e-06,4.1141026170122e-06,6.96119218261341e-07,7.94586078566911e-07,5.50419077347999e-06,1.17523641831234e-06,1.6696743682118e-06,1.31935035296237e-06,3.38861528572072e-06,0.000380398474188317,8.96416124569355e-07,3.64124147649028e-06,2.24629809571946e-06,1.4255984130508e-06,1.31523528088685e-06,2.15001250300197e-06,3.85660609961129e-08,1.94042252932675e-06,2.08649813072893e-06,2.28646963773679e-06,3.37739706613187e-06,2.5568047339172e-06,5.32971807152387e-06,9.97392739779021e-07,1.76429540784262e-06,7.8167535157395e-06,7.91578762026468e-07,1.3026206134474e-06,4.75742425874638e-07,2.1439015598469e-06,6.59711843115013e-07,1.42537725301733e-06,4.56674549194083e-06,2.01245665761008e-06,5.0008823251915e-07,7.97507891272447e-06,1.44789717004617e-05,3.66081217397486e-06,2.73579563728137e-06,2.66172567337517e-06,2.77586224700582e-06,4.00529361994314e-06,1.95214674245929e-06,1.21770770619865e-05,5.88564083049583e-06,9.10781520481647e-06,2.37943529837586e-05,7.85128481649354e-07,0,0,0
P027,Troncos de madera y leña,3.17634230723561e-05,3.17339082045001e-05,4.652581865569e-05,5.08077501041152e-05,3.56943539629215e-05,0.000103162781631742,0.00011355593748996,9.86989370840625e-05,0.000141794704354698,0.000122680707306671,0.00119213784536696,0.000102869551532765,2.81275354916591e-05,0.000615755817976415,3.94665458615111e-05,0.000994423642288369,3.84737125789071e-05,0.000228810199476537,0.000302340550084537,4.80488239608412e-05,0.000251755468318227,0.000116462815652785,0.000429306261102164,0.000248407208951478,0.000386713706969544,0.0170665559728972,1.02629780112568,6.66968591965488e-05,5.59460170528253e-05,0.000460193342807649,0.000111750871824785,0.000303521499151059,0.000241307643033595,0.000215187947407059,0.00384709726016512,0.00376011183489501,0.00145247773054111,0.00010296524708246,0.000176474322187745,0.000264731159527675,0.00272030602093965,0.000276779564656805,0.000110350707532045,0.00024101922140498,0.00234967681231596,0.00225906397374307,0.000172108260398917,5.55659870409327e-05,0.00117319506545332,0.0115245781358156,0.0604765763014655,0.00063542697395464,0.000363040794181798,0.000110437636635194,0.00123541124601908,0.000272047007454193,0.000908187188796921,0.000843255899719864,0.000294187166492996,0.000317231987620003,0.00178690468635262,0.00294887376074314,0.287361629282255,0.000147009240614207,0.000163147114131778,0.000149680460860746,0.000212823892483211,6.73006344831601e-05,0,0.000124458119918534,8.2261844690342e-05,0.000761248636820943,0.000406258138813254,0.00240363702326386,0.000175642872563223,0.000265992387082796,0.000262645115193169,0.0378235714852524,0.00135949863122414,0.000588352734943285,0.000503200257707001,0.000313672931387381,0.00015020511797761,0.000136663444986643,0.000278481100885725,0,0,0.000162263799442761,0,0.00272078800063647,0.00022690639607658,0.0943988194504412,0.00575575218213181,0.00010591542307557,0.00332148018644786,0.000630007047781914,0.000147816981677563,0.00841287589395171,0.00782805371457699,0.00140786942929401,0.00649126187326837,0.000186699156112939,0.000142975614575827,9.45526127202836e-05,0.000133989863705018,0.000202061086480449,0.000257517284776964,0.00130312900798042,0.000178063054879547,0.000557844812507745,0.00187500106681035,0.00010448628371699,0.000540659530673623,0.000237080510747162,0.000145289702702914,8.14207694421189e-05,0.000131858289705374,0.000292689489014838,0.000531566210151794,0.000112601181511012,0.000126844077972014,0.000142424393033728,0.000156657275578986,0.00025214701307712,0.000111487834116684,4.93522565259036e-05,0.000202993456845117,6.48742363155063e-05,0.000252872627764424,0.000166385285067552,0.000284506861292011,0.00049811916139522,0.000137250937038192,5.87711556331058e-05,0.000136419347552864,0.000845054429856349,0.00129062424530167,0.000458710553952096,0.00157520221572471,0.000202624910050922,0.00033423305348162,0.000142527810283444,0.000222582417710997,0.000196932985364337,0.000266017624129426,0.000429902637500605,0.000357399523200077,0.000723685693422691,0.000404539664331103,0,0,0
P028,Productos forestales no madereros,3.84493860223929e-07,4.66694894483763e-07,5.33070334780967e-07,6.91862049226116e-07,4.39727567821228e-07,4.87091203515474e-05,3.26080757913997e-05,3.11935077206332e-05,4.27871387283917e-05,1.09989277162729e-05,4.21928280095878e-05,1.13693909941143e-05,0.00140126307452678,1.25002749671888e-05,1.16043535199706e-05,9.4100842676306e-06,1.36484209736696e-05,1.04559939458312e-05,0.00299289643326911,0.000270955193878849,1.43333799801814e-06,1.43816153788749e-06,1.10638913405526e-06,6.61446448776138e-06,7.51775011642785e-07,1.52532272959251e-06,2.86972647847701e-07,1.0000005298594,8.86647821701791e-07,1.70015081695441e-06,2.86989559768888e-06,2.0044198287413e-06,1.42960637600666e-06,1.62926376728922e-06,1.59946616595603e-06,1.7298910001136e-06,2.286822908841e-06,7.67898381487145e-07,1.42692795685753e-06,6.85489754191797e-06,6.34121603051603e-05,0.000132278224612562,5.28651783960152e-06,4.93276309703027e-06,3.85364666572026e-06,4.71363764213762e-06,9.56585258985061e-07,5.78248365758946e-07,1.72009154969024e-06,3.16320974160576e-06,4.84515903016813e-07,7.28767328713345e-06,3.71849874761346e-05,1.33768000872399e-06,1.3978863672968e-05,2.83195283856419e-06,4.13456454933627e-06,1.46261847025742e-06,2.55616727361643e-06,2.43218178821556e-06,2.42432775058122e-06,1.78302571617811e-06,9.64403978045489e-07,1.27560348239832e-06,1.17091171987871e-06,2.79791507102448e-06,2.06216398151037e-06,1.67428131680061e-06,0,3.38354482871267e-06,1.01107984901981e-06,1.54901500093771e-06,7.26088759428119e-05,2.82046762371669e-06,0.000357289073206548,2.30573505779343e-06,1.46028794613636e-06,1.18416823425917e-06,2.07522812193425e-06,1.6781487290409e-06,6.09226067008782e-06,1.17791333437862e-06,1.39761023937215e-06,1.13502754060682e-06,8.93554442808894e-07,0,0,1.69044769337375e-06,0,2.11108877089217e-06,2.31775981391927e-06,1.09168239171941e-06,1.67853112690048e-06,1.02076440760205e-06,6.65030640135431e-06,5.25530142731148e-06,1.61314282902304e-06,7.7058083396979e-05,7.01718437102792e-06,8.70989411399091e-06,0.000118530000053706,3.45811164102791e-06,2.18285973472638e-06,1.53624705072869e-06,2.50949150964672e-06,2.90393957907409e-06,8.20238036746405e-06,3.42466902687146e-06,4.10011186364818e-06,8.23869542336462e-06,8.24649634783208e-06,3.2939610673606e-06,5.50662678987326e-06,5.60886142785525e-06,3.84701891554522e-06,4.95560702417372e-06,8.24603749739779e-06,5.35401111867788e-06,1.09811348972808e-05,2.84594158051608e-06,2.25310449460144e-06,2.18253480685104e-06,4.39924776832484e-06,5.22450095767235e-06,2.30506459987868e-06,1.79654754459935e-06,6.86162438602887e-06,1.0658266267698e-06,5.78866109038224e-06,3.64878119082658e-06,0.000251043572500367,5.70778644826285e-06,3.85773335943203e-05,6.60745171022759e-07,1.49947859781914e-06,1.35430651684556e-06,1.613303834117e-05,5.57032218799079e-06,2.70252435374665e-05,1.21977850362719e-06,2.28078503222519e-06,1.80133135956574e-06,2.12907664950195e-06,4.05379588641089e-06,6.72311057184857e-06,1.08508028394534e-05,5.63236964468597e-06,9.15375096674655e-06,1.91918298793354e-06,0,0,0
P029,"Peces vivos, frescos o refrigerados",2.36621470737382e-07,3.55613021292119e-07,3.75172488458499e-07,6.47590655332734e-07,2.69886597517467e-07,3.94903632935324e-07,3.37764626503239e-07,3.02793469251815e-07,4.76497558746625e-07,1.11254756210409e-06,1.28175383225994e-06,5.4431481532227e-07,3.66970303512175e-07,2.80227178532315e-07,6.70743752401099e-07,1.19760067725744e-06,8.91806985855467e-07,4.40124015670833e-07,1.30998523076902e-05,1.39571122442875e-06,2.21386719137335e-06,1.24325077556982e-05,1.23950364621282e-05,8.09123953011138e-06,6.81025006200062e-06,4.97742605361455e-07,1.29766951836335e-07,2.11487805324019e-07,1.00526046143357,2.3539048482919e-05,2.75534908653214e-07,2.61987610945756e-06,3.89058181226005e-07,1.5237859392326e-06,8.42774128067769e-06,7.64010322266962e-06,3.57496660265371e-06,0.0171851701255165,0.00979442203999746,1.33699388059463e-06,5.29712603081422e-07,1.16636569627743e-06,5.33496982501109e-07,8.19137456801803e-07,3.52707541851142e-06,3.31858289566817e-06,4.16996890818361e-07,2.56888686933226e-07,3.21854857665859e-07,8.65959440479445e-07,2.19849299299527e-07,7.5499330388076e-07,1.39971725235035e-06,2.5700172529266e-05,8.67864075061296e-07,2.28233966116633e-06,2.30842506639496e-06,2.15640842146561e-06,3.40780233309985e-07,4.90634622304097e-07,7.7250551698689e-07,1.59683642313197e-06,3.79150391455053e-07,1.19560432171431e-06,9.96512026627788e-07,2.46672525740693e-06,9.46015914293463e-07,1.35624067655007e-07,0,2.38620997953474e-07,8.06353003043154e-07,1.52050757229037e-06,1.01743362601738e-06,4.51568126176224e-07,2.03033954602838e-06,9.05496122592778e-07,5.28599830418381e-07,3.80914876132387e-07,1.17175558632037e-06,6.63463349158672e-07,4.36093526210246e-07,4.68117549124843e-07,2.14550021432611e-07,5.35297654814219e-07,3.42807765316152e-07,0,0,4.22802832312404e-07,0,4.04720258033195e-07,3.08779688870095e-07,5.37638553988007e-07,5.08216007307356e-07,1.83306663824447e-07,4.86101158783625e-07,4.61291989761205e-07,1.94383132168109e-07,3.33836798482309e-07,3.80593153567249e-07,5.02345314711755e-07,4.6918477965524e-07,1.78014371960501e-06,8.62278664417539e-07,4.54589365179469e-07,5.85092893218424e-07,4.88226466584083e-06,9.99997752027404e-07,1.4003840551143e-06,9.48709456270433e-07,3.02306754236092e-06,0.000337982883429636,7.34012632543075e-07,2.88010332100697e-06,1.9396492537104e-06,1.24753077097996e-06,1.18164659346613e-06,1.93967850024993e-06,3.17922677445668e-08,1.67097715089435e-06,1.83292674212329e-06,1.99490739371029e-06,2.96833208490726e-06,2.22203020972055e-06,6.68337344413527e-06,7.18342708801724e-07,1.53214121149182e-06,6.28118982696711e-06,5.45677966379311e-07,9.61161543814829e-07,4.14486275233132e-07,1.87951566762624e-06,5.2406175366599e-07,1.0688570268939e-06,4.04457115308441e-06,1.74047674492534e-06,2.96189058522126e-07,7.03791805768196e-06,1.2773685351881e-05,3.23777971054237e-06,2.30142055675479e-06,2.3397443007342e-06,1.62283723249718e-06,1.32263446926335e-06,1.42201635470401e-06,2.5462152031298e-06,8.46777327835795e-05,8.20201436450771e-06,2.06608319104204e-05,3.0513439376963e-07,0,0,0
P030,Crustáceos sin congelar y otros productos de la pesca,6.10864149413732e-06,9.19318277702681e-06,9.69456239304667e-06,1.67334599656679e-05,6.96854797428229e-06,1.02467313207081e-05,8.6887890679095e-06,7.84561477274853e-06,1.23298689576007e-05,2.88157184746264e-05,3.34196340474124e-05,1.40528932417864e-05,9.54325301783507e-06,7.24117818497866e-06,1.73966135249408e-05,3.12486324438361e-05,2.31914132363386e-05,1.12766977355413e-05,0.000342273437359495,3.63947085512862e-05,8.68947452657085e-06,1.5077529799812e-05,1.88841133410371e-05,1.78192095981131e-05,1.22848399103473e-05,7.68125291545306e-06,2.49496355303337e-06,4.88583079790581e-06,6.37311363989566e-06,1.04358695570166,6.94133557506269e-06,6.83032777582931e-05,9.7935359680798e-06,9.50339968226324e-06,1.28233500895635e-05,1.59019672733559e-05,1.66992036423381e-05,3.96770676944972e-06,0.00576896453709208,3.46830270336185e-05,1.36316206649177e-05,3.69483136754785e-05,1.36527094651212e-05,1.45608048940151e-05,2.04769593995983e-05,2.00272333627551e-05,1.0755596751497e-05,6.50521384844586e-06,1.17370445130158e-05,3.29114903162254e-05,5.61033590337896e-06,1.93859367262766e-05,0.000624386647745056,2.28643977087862e-05,2.24056831380604e-05,6.1229714796186e-05,8.52472510532514e-05,5.50943672229059e-05,8.71956090490147e-06,1.23821622010515e-05,1.33523018982133e-05,3.98660283991904e-05,9.50721569171493e-06,3.08232826758968e-05,2.5755144866032e-05,5.65987227215726e-05,2.44260645405183e-05,3.4247237334789e-06,0,6.0058045212585e-06,2.08578972781991e-05,3.90217890103911e-05,2.62299694593141e-05,1.166444784154e-05,5.16556877880866e-05,2.34098980348383e-05,1.36195501161701e-05,9.44257774868923e-06,2.95671493446526e-05,1.66610966467644e-05,1.10960054101984e-05,1.1988135714523e-05,5.47890650978048e-06,1.37934595343958e-05,8.74307974637017e-06,0,0,1.05707304744499e-05,0,1.03659661432632e-05,7.91357376892327e-06,1.364635141326e-05,1.30641393914576e-05,4.69503788741548e-06,1.22974287938249e-05,1.15569888895049e-05,4.98057818464013e-06,8.48168758989882e-06,9.66660699592028e-06,1.28778171833072e-05,1.1936647975373e-05,4.56440843867086e-05,2.2153815512953e-05,1.16856983593833e-05,1.50247280774423e-05,0.000126427019492087,2.5879289410196e-05,3.60255303246418e-05,2.42637029673883e-05,7.4576304660249e-05,0.00884019758188355,1.84910052077327e-05,7.3086147088938e-05,4.91987359865195e-05,3.15443206864278e-05,2.98336732137529e-05,4.85226300227562e-05,8.07362626308924e-07,4.32169041985842e-05,4.76746675484756e-05,5.1580105878997e-05,7.72367817488158e-05,5.72020695897936e-05,0.000119696368137179,1.83583129010105e-05,3.98316333839191e-05,0.000160116051140592,1.41354835959258e-05,2.49213255156377e-05,1.00650801433586e-05,4.86806805014752e-05,1.33199247247432e-05,2.77310392314074e-05,0.000105716134799189,4.52525971302296e-05,7.62000932213566e-06,0.000181870093522155,0.000333464411852643,8.34765158133491e-05,5.9924931741771e-05,6.08923382811274e-05,4.1968831269587e-05,3.367843229735e-05,3.66675327858088e-05,5.63216345191123e-05,0.000127273411875278,0.00021044832810633,0.000540001240527439,7.82890666626912e-06,0,0,0
P031,Petróleo crudo y gas natural,1.27427596901559e-05,7.13097147808201e-06,2.73667139245921e-05,2.16382396299198e-05,1.2129417657761e-05,2.22413717882912e-05,1.9524856681548e-05,1.79647427755487e-05,2.57042226080234e-05,3.52977808806844e-05,2.24738874652607e-05,3.55385475534155e-05,1.81670888539039e-05,1.93598235510153e-05,2.79230483681574e-05,1.00585874404112e-05,1.76494013775905e-05,5.88793140315068e-05,0.000137024856977934,3.95678892678327e-05,1.12546143788607e-05,2.14377915458713e-05,1.78903223420648e-05,2.38126597671642e-05,1.27806937206601e-05,2.62424904629108e-05,3.07759817014035e-05,4.10943353572008e-05,0.000110416273490848,2.78751958527692e-05,1.11320964814901,5.12604573594323e-05,0.000129053591542721,2.88646328449888e-05,2.43097234605398e-05,2.7990697271453e-05,2.97213919796154e-05,9.14203391607441e-05,0.000121795996330403,4.89624121784361e-05,2.1138725461024e-05,3.70907468123351e-05,3.57493854560465e-05,3.91425664267841e-05,3.85594099094398e-05,3.72280293500197e-05,3.12830423193349e-05,1.79027106792164e-05,3.33227833101506e-05,2.07502750210484e-05,1.91154281014229e-05,3.6484623527735e-05,8.70553402690619e-05,1.31090110921476e-05,2.62714692840534e-05,4.1051262993755e-05,3.57838120944522e-05,2.58516184291662e-05,2.29598375683233e-05,3.18791006010336e-05,4.14528054685374e-05,1.90796803068985e-05,0.000182495676433773,4.28494516671499e-05,3.92786234841972e-05,2.64189461453712e-05,3.24339421217759e-05,0.0632981667269713,0,0.131028625741279,2.29326252372441e-05,0.000388544918173649,7.72798213955107e-05,0.000109867221459027,0.000162813687099043,0.000124044074085574,9.50930583315485e-05,6.75528828952565e-05,0.00134316039440521,0.000460056933834222,0.0100752768097719,9.05735773396164e-05,1.648415282414e-05,3.49866481167602e-05,1.23119853717923e-05,0,0,0.000378008202024348,0,3.15883919048443e-05,3.25393028535415e-05,8.79115883291936e-05,0.000544252441365241,5.01140127473771e-05,0.000108230493984168,8.31118413850442e-05,6.30773995347229e-05,0.000155549521867902,0.000182118684156807,0.000424972023352956,0.000267333629906506,2.17766997006333e-05,5.4248191838961e-05,0.00018063685128622,0.000198152187687198,0.00347594010004356,1.67959740642058e-05,4.11019677640603e-05,0.000101131711224361,3.58885771904875e-05,2.08773999337434e-05,1.32879385972914e-05,3.71476960419304e-05,1.81372015520833e-05,1.10072118312787e-05,7.21572569366285e-06,1.32142317407187e-05,1.20979443236949e-05,2.55244258401194e-05,8.10970727522655e-06,1.86648730115943e-05,2.46754861380535e-05,1.1516436586313e-05,2.08659187709733e-05,2.26174980549183e-05,6.59623822564883e-06,2.40790278711369e-05,1.32108276359423e-05,1.84670292860531e-05,9.83111494807634e-06,2.30984581547628e-05,5.92840386302748e-05,1.26679289387453e-05,1.32046388890645e-05,4.23575684266591e-05,0.000125566679755908,0.000114861871514427,2.74965487725816e-05,7.42016216581357e-05,1.14655864613197e-05,1.15900047235069e-05,8.24656300045819e-06,1.66358665386015e-05,1.82082446539347e-05,2.09145452977154e-05,3.90358355203074e-05,4.80301053091407e-05,3.51939034873377e-05,1.03561173043812e-05,0,0,0
P032,Minerales metálicos,4.47043782025443e-26,4.2424976747551e-26,5.04822237546903e-26,6.4381176453278e-26,5.30359238279181e-26,1.00627719399446e-25,1.03620143438618e-25,9.64636407035014e-26,1.417370688365e-25,2.24727662701605e-25,1.6523417518358e-25,1.05377815859183e-25,3.2664202880817e-26,7.384139709772e-26,7.36944128444879e-26,4.88557464707054e-26,5.60730043419726e-26,2.02873511213378e-25,4.19491201997903e-25,6.56917868351067e-26,6.72185098398469e-26,1.02169741764966e-25,8.27646243005745e-26,1.43013645608431e-25,5.40546004180346e-26,1.09071584085001e-25,5.2438816643582e-26,1.18969619130507e-25,4.92045200082867e-26,1.30226237079646e-25,2.22078015803009e-24,1,5.06366987068228e-25,1.1827026574273e-25,1.02021513181288e-25,1.51715552189697e-25,1.90763766975117e-25,7.97145090634938e-26,1.6077846528474e-25,2.85997446734259e-25,1.10730715634607e-25,2.06869539392568e-25,2.64803159029796e-25,2.74407820479632e-25,1.62933267432111e-25,1.60564000220711e-25,1.93927227995521e-25,4.77380408051185e-26,2.12514339989254e-25,1.54700128582697e-25,5.52217678540082e-25,2.66721623833798e-25,1.57945653252818e-25,1.11001198244392e-25,2.26474741785579e-25,3.02498679212606e-25,2.63578599304708e-25,2.42433403557843e-25,1.85720163712309e-25,2.69879490854776e-25,2.08739403253555e-25,1.42409392325245e-25,4.89769832313081e-25,1.91929416715376e-25,1.9649370679338e-25,2.21621787183793e-25,3.22481080666358e-25,2.31086954301691e-24,0,2.83501376212454e-24,8.35882203461362e-26,2.24275786136202e-25,1.85707581591166e-25,3.20920562894416e-25,1.84698724723649e-25,2.08973121349086e-25,4.8277190565581e-25,4.95690560335748e-22,2.62058694619321e-24,1.68877632428813e-24,1.57662116812083e-24,1.89765386146773e-24,2.77068996540546e-25,1.96699287006661e-25,2.80758960276455e-24,0,0,2.76576901165166e-21,0,3.45902897925546e-23,3.59349702180874e-25,2.48089790650336e-25,9.92331837128728e-25,8.71180021268696e-26,7.6433964375639e-25,5.9810893398896e-25,1.42291922196497e-25,1.40397172685028e-23,1.56071168822807e-23,1.78816313802307e-24,8.25604515812224e-24,2.62131118997264e-25,4.72946502633943e-25,5.50352389760197e-25,4.86922698691046e-25,8.76472431021129e-25,2.60748653675002e-25,4.47268966224745e-25,2.03407960465852e-25,6.53921399343406e-25,3.04769731431547e-25,8.32660474302823e-25,4.54639411163272e-25,3.68536182080599e-25,2.29278967139495e-25,1.23616721234521e-25,2.40967799775717e-25,3.72643391113179e-25,6.57647288963727e-25,1.17683441616128e-25,7.25346004250344e-25,2.68621727530622e-25,2.88449094794939e-25,5.60751591403784e-25,5.75151774793493e-25,5.38685140085769e-26,2.85316033890475e-25,2.58166594429536e-25,2.85403468886909e-25,1.87565410698706e-25,2.32609216860142e-25,4.06364110543977e-24,1.44038808003877e-24,6.67448445779822e-26,3.46425358780715e-25,9.8908344933526e-25,4.37107787549536e-23,6.87472483401282e-25,1.97565573212789e-24,2.39048374812092e-25,4.08403342195937e-25,1.6452807262286e-25,1.32562926678414e-24,2.81492227590948e-25,4.94469987155924e-25,6.54394616428364e-25,3.59738569267609e-25,6.32804281999389e-25,1.17979888884703e-25,0,0,0
P033,Minerales no metálicos,0.00116399117965713,0.00130769998017727,0.000975854945905433,0.00168754304246976,0.0011650426171746,0.00134489605778837,0.00106617893901962,0.00100045967702852,0.00138885659851365,0.0013542604790275,0.00156579723046557,0.00108472031171467,0.00138247528200483,0.00124065865067451,0.00144085902284896,0.000854574036735374,0.000742081784400382,0.000788275847105926,0.0501731997408988,0.00546170226937718,0.00198091740417504,0.000697845223588011,0.000252728777895491,0.00384464200275374,0.000141522565595458,0.000350940784763427,6.39604209390256e-05,0.119337633043676,0.000125254397215579,0.000317870749160031,0.000719168915190504,0.00136183249390974,1.02949683985306,0.0014128537961027,0.000536476704873627,0.000372716848816271,0.000560266434140807,0.00155993998943491,0.00209784694627273,0.00261723631223764,0.00231332023352394,0.000939988960770331,0.000773891937282678,0.00074426302661529,0.00201801618817246,0.0019001913490824,0.000144638474222155,0.000321655869452446,0.000384222477644027,0.000852679150187926,0.000450180338410046,0.000928130195491732,0.00281659231580317,0.000396341602311335,0.00103793461148828,0.000995116884402256,0.000598456734267101,0.001592583426504,0.000373190697848817,0.00056949725077234,0.00405271064110892,0.00138022974829307,0.000232256395687747,0.000196396694054532,0.000190711107022306,0.000223729037456937,0.000469505075907654,0.000296558816469435,0,0.000550762663577195,0.0112085811600189,0.00187342034726927,0.000978602530035372,0.00102021662929442,0.00110691801091191,0.000823798308317996,0.0496183674056497,0.132617284407488,0.0228715073428084,0.114597231029586,0.0140494785792233,0.000596560253549597,0.00031952586329139,0.000174352980977535,0.000929248911548907,0,0,0.0021528687434131,0,0.0396807138310038,0.000867798599302575,0.000257504733932957,0.00220616304869987,0.000117692771532457,0.000714764019097048,0.00173721596851175,0.000296225572563727,0.035058181920866,0.027227285753673,0.0212247626149791,0.0344138751309374,0.000556502052069329,0.000465546294068019,0.000198501343564345,0.000386545367614104,0.000398185072101109,0.000562366376641397,0.000605707714801331,0.000376863059897092,0.00178401567494881,0.00100002880384514,0.00043203026201645,0.000944359860972872,0.000758266077358545,0.00046401165298941,0.000239148413604032,0.000357008659666766,0.00154905086973962,0.00222631681626805,0.000295433888099508,0.000269897904780041,0.0004786869321003,0.000505204566834459,0.000564145613391782,0.000295885545485927,0.000112420309175471,0.000587875716413933,0.000213371005263008,0.00075371465322826,0.000439479512212791,0.000735911626256302,0.00199186076585862,0.000329848152779024,0.000140916455199528,0.00656330989513514,0.00023507098252094,0.0141109048636807,0.00160223368647084,0.00904943044893048,0.000912481070255874,0.000537094271201588,0.000407910005862867,0.000565305528355661,0.000678528477458625,0.00103250913264111,0.00132167608038942,0.00106842491945153,0.00172965407154509,0.000312467111697607,0,0,0
P034,Carne y despojos comestibles de ganado bovino; cueros y pieles de bovino y de otros animales,3.19334975944876e-05,4.67575428802132e-05,4.92708332438264e-05,8.35969822777735e-05,3.63898107637074e-05,5.5034247215024e-05,4.80928311299819e-05,4.36015516229486e-05,6.80771561762487e-05,0.000152226613600199,0.00016904682261019,7.24128293690241e-05,4.70930259214052e-05,3.70598553838457e-05,8.65821080186724e-05,0.000150854556576445,0.000112849279257139,7.1042848456735e-05,0.0016339153934701,0.000175971285106934,5.61237449102362e-05,0.000139873924593021,0.000162693814143073,0.000133060474984115,9.680989477508e-05,5.15371621591942e-05,1.65262630789606e-05,2.86144474388843e-05,4.03082623112312e-05,0.000113250910132225,4.35645828064012e-05,0.000333180395226778,5.85832994871686e-05,1.00039683860258,0.000108208560090404,0.000136752936305062,0.0440321245433617,2.17322020387829e-05,6.83402987516889e-05,0.000173281016852109,6.90649001201917e-05,0.000150362992932982,6.96978815665409e-05,7.59428241873896e-05,0.000113241313252889,0.000110017801512168,5.62196527888433e-05,3.42582404362125e-05,4.51038808949739e-05,0.000145921808746168,3.08318005055246e-05,0.000102333667826226,0.000209272720172628,0.000246146013633376,0.000113053446489413,0.00028198745008222,0.000291184936182846,0.000268794609033177,0.000460936105113343,0.00408649067277018,0.222293267543084,0.0521577386762401,5.15390072506644e-05,0.000152255429527039,0.000129369353044518,0.000276415722718157,0.000125205941774566,2.13380649343059e-05,0,3.24365776146311e-05,0.00010957725589738,0.000193243245805646,0.000137502461258207,6.41645162402142e-05,0.000499732628630959,0.000120541559796928,7.33795663550617e-05,5.10509851756729e-05,0.000148193250634527,9.11809329833518e-05,5.81973494270502e-05,6.31081974812999e-05,2.94609608287192e-05,6.94854928380599e-05,4.67073660098742e-05,0,0,5.643689891962e-05,0,5.44085215052862e-05,4.48346956080402e-05,0.00209165381924058,0.000693108582912847,5.04925723339659e-05,6.26712218883976e-05,8.61562841405015e-05,5.11836113497551e-05,5.43864908084694e-05,6.61388948831341e-05,6.79485655910726e-05,6.75300376521999e-05,0.000241119219907214,0.000613181419641068,8.61461896057678e-05,9.46134711792462e-05,0.000606870988307833,0.000132090641079646,0.000189027318904149,0.000158651983214861,0.000378102684549412,0.0417215974019893,0.000103438418347287,0.000424547120671238,0.000252915970704397,0.000159804469007955,0.000145819689484328,0.000238898311321366,4.41177677401188e-06,0.000216917070153732,0.00023056852423809,0.000254054211839124,0.000373084783298869,0.000285232093708279,0.000593619609311122,0.000119977250150357,0.000196043989119154,0.000904937359350097,9.61920708597949e-05,0.000154557379187517,5.43389761946269e-05,0.000237581045833982,7.66488762341968e-05,0.000168015795184474,0.000501758672240553,0.000223431214996371,6.29791912202358e-05,0.000877971044512308,0.00159413333687856,0.000404552550706599,0.000307909082749095,0.000293976538201695,0.000210472332708251,0.000551609871075008,0.00023272991263323,0.00183089687452431,0.000665639007860833,0.00100153547890458,0.00262982928350566,0.000108965514096032,0,0,0
P035,Carne y despojos comestibles de ganado porcino,1.38710390004981e-05,2.08389876881037e-05,2.19539842553306e-05,3.78718347717189e-05,1.58137257621546e-05,2.31896430694763e-05,1.98586088168611e-05,1.77700289239606e-05,2.79212845268348e-05,6.51169154259066e-05,7.54837816808498e-05,3.18122935049737e-05,2.1572514189792e-05,1.64236430569317e-05,3.93323174417539e-05,7.05772666660208e-05,5.25060412918656e-05,2.55932482051555e-05,0.00077176492026146,8.21411967424766e-05,0.000163835269580544,0.000940162888457767,0.000935372298147948,0.000607353126579181,0.00051278052035409,3.27766567665854e-05,8.14169802101436e-06,1.26653246152133e-05,9.8524368869546e-05,0.000553602397164451,1.57074099713363e-05,0.000154028710120386,2.23242296572249e-05,0.00011040791315089,1.00063703967769,0.000574360475583781,0.0457821412589638,1.06427696466711e-05,3.46325629354448e-05,9.11352620259693e-05,3.10735030919175e-05,6.9944503376154e-05,4.87192363638536e-05,0.0321042010942905,0.000277057083077074,0.00026218421492191,3.25183877683984e-05,1.53644639470178e-05,5.28017010812817e-05,0.000499770377908975,3.84153088281073e-05,4.39273265039739e-05,0.000238511376444242,0.00194969225383279,5.05366742105926e-05,0.000132861977435834,0.000140873183648822,0.00012490495924184,2.01431164392176e-05,2.87204819079913e-05,5.30689722857557e-05,9.52936193246487e-05,2.22203811997062e-05,6.98799341914215e-05,5.83253111036046e-05,0.000127898376958691,5.52930478027697e-05,7.75751557792761e-06,0,1.35955920813463e-05,4.77770281036387e-05,8.81882705610818e-05,0.000471820901223533,2.71141774467446e-05,0.000121066147776727,5.36142426933479e-05,3.08364286823912e-05,2.156443957624e-05,6.68467739459935e-05,3.7786046449155e-05,2.51722538810765e-05,2.83191667708289e-05,1.2559146040688e-05,3.12682047733374e-05,1.99996938430411e-05,0,0,2.44171459085561e-05,0,2.92300148007668e-05,1.8407320376865e-05,3.13465926251451e-05,5.3417060963514e-05,2.81799357303901e-05,2.78651220688029e-05,2.62408215696127e-05,1.20248055702699e-05,1.93834522612199e-05,2.20241556214092e-05,2.92105694813907e-05,2.71232542614586e-05,0.000103196924181779,5.15157558716417e-05,2.65495533175014e-05,3.40987718325309e-05,0.000285136066819389,5.84275712991635e-05,8.14966166430475e-05,5.51874636017779e-05,0.000173518255391065,0.0199262364073217,4.18269046021081e-05,0.000180105747068255,0.000111148560784686,7.12784442042558e-05,6.75097849542256e-05,0.000109599552541455,1.83108388855968e-06,9.76311471661642e-05,0.000107959977116824,0.000116882540840514,0.000174287526837814,0.000129648052921411,0.00027099765540621,4.20607128420055e-05,8.98910970816752e-05,0.000360999221394416,3.19519805728381e-05,5.76491878392011e-05,2.30399586708697e-05,0.000109942420950748,3.05133589714221e-05,6.29256332286175e-05,0.000238345650228878,0.000102124718537297,1.79022151118802e-05,0.000411103838984006,0.000752406821979652,0.000188833114928391,0.000135645319440818,0.000137424007432428,9.63331373094715e-05,9.4713409518351e-05,9.56606329858114e-05,0.000578410510942123,0.000321686162916866,0.00047479874184696,0.00121701862970956,1.90829251869453e-05,0,0,0
P036,Carne y despojos comestibles de aves,3.77078365174013e-05,5.67487511306671e-05,5.98444580526589e-05,0.000103296321160218,4.30161556385593e-05,6.32534243655707e-05,5.36525009532259e-05,4.84315072610449e-05,7.61128182208716e-05,0.000177890503591187,0.000206298540460741,8.67509984610896e-05,5.89102248997554e-05,4.46992407094087e-05,0.000107391009572916,0.000192895828713225,0.000143172853759851,6.96251697039743e-05,0.00211283444990959,0.000224661925901756,6.64912445523708e-05,0.000174116628289026,0.00019639606574202,0.000160652921398564,0.000119189816750101,4.87726555359769e-05,1.56333504373017e-05,3.0313097745443e-05,4.67901197093072e-05,0.000130088036172046,4.28620436519402e-05,0.000421637784934071,6.0504812187446e-05,6.65758100672082e-05,0.000133395384383167,1.00014302315272,0.056644438266438,2.46217432844811e-05,7.74181720148895e-05,0.000212171197478394,8.41504854672977e-05,0.000186081142007566,8.40694657545482e-05,9.12920079902574e-05,0.000136344617500419,0.00013260598908271,6.36883807060043e-05,4.01557911675704e-05,4.96575104065362e-05,0.000115552389120543,3.45622707544192e-05,0.000119686304943765,0.000260307498823422,0.000310955138074155,0.000136922521612907,0.000359742535099757,0.000366272122280485,0.000340112829631288,5.38147965011424e-05,7.6465981244222e-05,8.41774085505885e-05,0.000246495653818773,5.87482498121498e-05,0.000190275739215759,0.000158987745662438,0.000349537632359311,0.000150781489662862,2.11467495848278e-05,0,3.70864908711981e-05,0.0001287451661962,0.000240828060174034,0.000159774058033414,7.08024581867756e-05,0.000316732258477902,0.000144500251487261,8.40799597620268e-05,5.83139056056934e-05,0.000182549584395945,0.000102881565897738,6.85388885265217e-05,7.40059663882348e-05,3.38234693548539e-05,8.51502227311365e-05,5.39736211369883e-05,0,0,6.52567631876928e-05,0,6.3957431129754e-05,4.8850529915821e-05,8.42795918213961e-05,8.06477374945001e-05,2.89802005855363e-05,7.59282275640692e-05,7.13836195380124e-05,3.07441829233633e-05,5.23879717974694e-05,5.97070372120234e-05,7.95595746767715e-05,7.37255035809025e-05,0.000281754906114954,0.000136761552948664,7.21398728059258e-05,9.27724198928283e-05,0.000780451642144399,0.000159403199136475,0.000222413700633026,0.000149796235380951,0.000460398624927621,0.0545693582755526,0.00011417232070878,0.000489388122505239,0.000303750117276985,0.00019475311110953,0.00018457241276024,0.000299577453463675,4.98592882661697e-06,0.000266803261227906,0.000294297177670729,0.00031841494579744,0.000476816993109636,0.000353048365638821,0.000739976389697588,0.000114620014620347,0.000245882078558504,0.000987639234258793,8.72720558552359e-05,0.000153844274480148,6.28014724964489e-05,0.000300515127770772,8.22447763763608e-05,0.000171182067286536,0.000652578145279033,0.000279355267008198,4.70329448442722e-05,0.00112252227075515,0.00205869455968426,0.000515400364086017,0.000369966515594218,0.000375907096306607,0.000259171913261142,0.000698661730772884,0.000260072256790663,0.00157010285132057,0.00082640611854982,0.00129916753508765,0.00333321449027847,4.81490494186428e-05,0,0,0
P037,Carne y despojos de otros animales y conservas y preparados de carne,2.12394014579276e-05,3.19548893593019e-05,3.36999881212106e-05,5.81582362763604e-05,2.42285355386108e-05,3.56009305847653e-05,3.06311428170057e-05,2.72650460030655e-05,4.2858174414583e-05,0.000100118783169964,0.000116024640377583,4.8852180610114e-05,3.31484800363909e-05,2.51765851837454e-05,6.04363444888137e-05,0.000108476663865805,8.05404804377246e-05,3.92508884471935e-05,0.00118787232901818,0.000126347548985691,0.000377720718002944,0.00224386007797262,0.00222413557076314,0.00143160740530954,0.00121507478437154,6.35081580966907e-05,1.4689239630936e-05,2.08219707565459e-05,0.000223749754977825,0.00131053803200333,2.42020414800593e-05,0.000237116700525751,3.41627158933347e-05,0.000246943201358248,0.0015113869265803,0.00135875393443575,1.00236176761747,1.7267244111998e-05,5.95230259762279e-05,0.000120719726533546,4.74275193730084e-05,0.000130495884463847,4.89150563738686e-05,9.78394678407589e-05,0.000586323129789796,0.000547433142538865,3.77016714484579e-05,2.26672040909681e-05,4.21106096101653e-05,0.000144900136857288,1.99161771516429e-05,6.74452452533374e-05,0.00234637857932996,0.00467115722954615,7.86489258841115e-05,0.000213936761881138,0.000304314476485742,0.000191675702232453,3.04346180418454e-05,4.39681032152242e-05,9.39333125098843e-05,0.000149603571610144,3.47565809866733e-05,0.000107148030731083,8.95105326307086e-05,0.000199183631506048,8.49208455374916e-05,1.19367408004475e-05,0,2.09405615839026e-05,7.2496931270968e-05,0.000135705299910785,9.20544164050523e-05,4.07079340242855e-05,0.0001838026881067,8.13935139860549e-05,4.7359363193068e-05,3.3191410357341e-05,0.000103014965324662,5.81037475848619e-05,3.86529697056287e-05,4.1720184237274e-05,1.90776792021292e-05,4.79584304557522e-05,3.04449523791966e-05,0,0,3.68931769260484e-05,0,3.61045829967571e-05,2.75417434998675e-05,4.84582954158821e-05,4.56325976043575e-05,1.63718339287664e-05,4.2866490994075e-05,4.03348251497321e-05,1.7339528935112e-05,2.96008722749532e-05,3.37289595239814e-05,4.48385427608693e-05,4.16167257677755e-05,0.0001588973780543,7.71424268508147e-05,4.06530391223422e-05,5.22751870379141e-05,0.000439188047329525,8.9974867712808e-05,0.000125358365873698,8.44482349531554e-05,0.000260411990466912,0.0306755193395051,6.4455112145041e-05,0.000272362737008796,0.000171305103700301,0.000109869049743836,0.000104118282884417,0.000169191649067785,2.81383291627291e-06,0.000150176861471236,0.00016554766902628,0.000179224340659003,0.000268208467771211,0.000200058321553769,0.000434522409622805,6.44978621649548e-05,0.000138329069928835,0.000557220928215894,4.91325510613988e-05,8.65910873877719e-05,3.55159698523345e-05,0.000169134396531118,4.64128962853819e-05,9.63359498561857e-05,0.000366869572314647,0.000157158516561024,2.65129334630472e-05,0.000632359864495113,0.00115800111277879,0.000291032208029848,0.000208922073158366,0.000211429845663874,0.000146712488392504,0.000164822777168514,0.000143307637129603,0.000772565478738735,0.00116508348996681,0.000731756628873467,0.00187679965490696,2.72676675616205e-05,0,0,0
P038,"Pescado congelado, preparado o en conserva y sus productos",2.46778142132346e-08,3.71324378025776e-08,3.91593926106395e-08,6.75736218053591e-08,2.8151885161e-08,4.13943946609211e-08,3.52021300868322e-08,3.17044287024078e-08,4.98240106503243e-08,1.16478080374508e-07,1.34881449154211e-07,5.67823868161328e-08,3.85294570396101e-08,2.92526467112927e-08,7.02670882144046e-08,1.26124868421519e-07,9.38352155652815e-08,4.58007292057223e-08,1.38113852564898e-06,1.4688202888901e-07,1.08115555089742e-07,5.21232204098211e-07,5.29672201076403e-07,3.59737047162387e-07,2.95873973704559e-07,3.87971953352138e-08,1.1508707163231e-08,2.07337564202107e-08,6.80867035857315e-08,4.41931447397632e-07,2.82218438131161e-08,2.75724864737443e-07,4.0339088208182e-08,8.33547142945724e-08,3.59923824809415e-07,3.38998430984279e-07,2.2413399722921e-07,1.0072119540223,6.21635231164379e-08,1.40769577078326e-07,5.51085377074745e-08,1.61712749924252e-07,5.55693883672149e-08,6.88585855818621e-08,1.93626726015156e-07,1.83824035950562e-07,4.44219815676351e-08,2.62881721090893e-08,5.42839973704779e-08,1.64654412654485e-07,2.27859692026338e-08,7.8524177931205e-08,3.5839632836114e-06,1.05687726177407e-06,9.11764661342438e-08,2.52529060876006e-07,3.91443912666281e-07,2.22353151363819e-07,3.53130753280971e-08,5.02248360992743e-08,6.39287943426633e-08,1.63253997538743e-07,3.88502739900985e-08,1.24488601362694e-07,1.04019970952315e-07,2.28536574042948e-07,9.87000190995162e-08,1.39256751301877e-08,0,2.44406971594961e-08,8.42489635231895e-08,1.57599689184005e-07,1.06803596777511e-07,4.76263968372813e-08,2.10010865323366e-07,9.45652172450195e-08,5.51158330872425e-08,3.84199954795671e-08,1.19600301290551e-07,6.77506540161539e-08,4.55051086585497e-08,4.84430718624923e-08,2.21810412823353e-08,5.57512630961653e-08,3.53543725050038e-08,0,0,4.27572043415665e-08,0,4.19301242345774e-08,3.20034353128382e-08,5.54322168019221e-08,5.28594752531714e-08,1.89877455979106e-08,4.9828710573692e-08,4.72992894422212e-08,2.01405022262085e-08,3.47457031629848e-08,3.9616027719157e-08,5.3105574538458e-08,4.88676279224299e-08,1.84393649067994e-07,8.95639061155303e-08,4.72482712594539e-08,6.1078170581905e-08,5.10261132465989e-07,1.05218236378935e-07,1.46005716660629e-07,9.81756290495649e-08,3.01111463169825e-07,3.56605330021761e-05,7.49375223135832e-08,9.69724164954439e-07,1.98948429880327e-07,1.27531068861959e-07,1.27341417502699e-07,1.96007462606856e-07,3.2914843887836e-09,1.74774428181631e-07,1.92435199113323e-07,2.08290239197476e-07,3.1230377406941e-07,2.31236340695266e-07,4.83525142556663e-07,9.68955502461774e-08,1.60762995927563e-07,6.46820896626775e-07,5.72899915732718e-08,1.00772694387392e-07,5.22185931659237e-08,1.9656479862818e-07,5.41445987397225e-08,1.11918381453546e-07,4.26558324553514e-07,1.82949387280037e-07,3.08130886762163e-08,7.34804753648035e-07,1.34959797914858e-06,3.38175471901958e-07,2.42417817916445e-07,2.46052802384196e-07,1.74967799296392e-07,1.11351982927323e-06,7.44760154168834e-07,2.18215360147952e-05,5.14657498507105e-07,8.4939596012558e-07,2.32774920012439e-06,3.16843571253424e-08,0,0,0
P039,"Crustáceos, moluscos y demás invertebrados acuáticos congelados, preparados o en conserva y sus productos",4.13192301243073e-07,6.18641561671298e-07,6.52968909511506e-07,1.12032623300349e-06,4.71148945142513e-07,6.87579837270799e-07,8.71095640185525e-07,5.28060651683829e-07,8.32434838884087e-07,1.92170325761824e-06,2.22363954355303e-06,9.44572080679233e-07,6.40253293436243e-07,4.91091373064651e-07,1.1617440490141e-06,2.0770991612285e-06,1.54186944643139e-06,7.66988104601231e-07,2.26638232011e-05,2.41852718297727e-06,0.000229179553130508,0.00144249187771851,0.00142111197831165,0.00090215386580326,0.000772007778678971,2.47174660796038e-05,4.1180794586095e-06,2.83966380295941e-06,0.000133027161937955,0.00275935707277866,4.71285412475439e-07,4.53178042678482e-06,6.64785396297866e-07,0.000141345842077429,0.000965688754538002,0.000858378244856987,0.000377812564732085,2.54059057510024e-06,1.16624253667942,2.34147464483972e-06,9.32461657486671e-07,2.67589007957196e-06,1.87541662862336e-06,3.20173223662019e-05,0.000339915923186825,0.000315294775270612,7.46341544863247e-07,4.42860062587443e-07,9.57370945067282e-07,1.97760435437505e-05,6.40678518303032e-07,1.31107915151205e-06,5.94548453443476e-05,0.00302189628553775,1.93215262143554e-06,4.17655055399928e-06,6.48235483804845e-06,3.67239777690697e-06,6.49554003017142e-07,1.40157895778696e-06,3.21624002700966e-05,9.97203320863437e-06,1.74904058886655e-06,2.05986908322604e-06,1.72323415864893e-06,3.77131774883957e-06,1.64774698158429e-06,2.31632135555697e-07,0,4.06232805339764e-07,1.40344155838683e-06,2.60064207593075e-06,2.20601458059242e-06,8.09476229234256e-07,6.06035712289533e-06,1.59046416224319e-06,9.16574110432919e-07,7.88782152478724e-07,1.97884111373964e-06,1.12627649487531e-06,7.49515522663518e-07,8.13694351650928e-07,3.74427429546749e-07,9.25939687977053e-07,5.96533156256491e-07,0,0,7.26739135612913e-07,0,7.21508465450855e-07,5.38988472151566e-07,1.56365435938359e-06,1.01376660376142e-06,3.40866570872631e-07,8.4383633566519e-07,7.90665969357944e-07,3.42752695272114e-07,6.08587949042974e-07,6.87497414856093e-07,8.7342980302395e-07,8.31990354830974e-07,3.14677677577077e-06,1.55123881266702e-06,7.93321907522989e-07,1.01447355505537e-06,8.38672155343499e-06,1.7255859003771e-06,2.46683598929797e-06,1.64211236064677e-06,4.97720755377248e-06,0.000584557251196913,1.24857088275368e-06,5.09039480521701e-06,3.28229789694573e-06,2.10466406197811e-06,2.00155443576725e-06,3.24049524414519e-06,5.5464350180853e-08,2.88078808527172e-06,3.16678705570758e-06,3.43019203425375e-06,5.13351870146377e-06,4.63512168574356e-06,7.98739209708576e-06,1.24823648002961e-06,2.65243410274399e-06,1.06377511644792e-05,9.53964210049264e-07,1.66959529224859e-06,6.78465816969028e-07,3.2475340086519e-06,9.13598671214461e-07,1.85398704565722e-06,6.9947118408626e-06,3.01080226980031e-06,5.20952202495108e-07,1.23404486617658e-05,2.24258681013193e-05,6.15363767469048e-06,4.5679192539221e-06,4.03790167887746e-06,3.29369206968663e-06,2.97703526026006e-06,2.64252343716424e-06,1.08447759472273e-05,9.6182296390377e-06,1.39687717070053e-05,3.59448093553613e-05,5.37955105030222e-07,0,0,0
P040,"Vegetales preparados o en conserva, legumbres y papas",5.73573149171074e-07,7.99684885610763e-07,8.29263247362829e-07,1.4020871710628e-06,6.52753958826282e-07,9.06901497904307e-07,7.93867639753129e-07,7.18650678942452e-07,1.11619251197962e-06,2.45904434113525e-06,2.7035858158869e-06,1.38363413841715e-06,8.11622622416269e-07,8.28809976336657e-07,1.45563065724469e-06,2.48243879297671e-06,1.85963386035592e-06,1.13416659682231e-06,2.6772108104071e-05,2.90143793186239e-06,7.24575844489126e-07,1.21930795740035e-06,1.52068556140556e-06,1.47575994799498e-06,9.88787495797118e-07,8.7775329541182e-07,2.43200061447847e-07,4.90532529429746e-07,6.19414196830255e-07,1.29725399155247e-06,5.835205037539e-07,5.34678848445222e-06,1.00143288461214e-06,5.36796480510338e-06,1.77426226039223e-06,9.4559550082898e-06,0.000142599680070145,3.5087421786411e-07,2.24885565500618e-05,1.01372970385221,5.59360490673039e-06,0.000123226863637199,2.11058573769657e-06,2.47368131008928e-06,2.29224351880541e-05,2.18851872871093e-05,1.06413871077216e-05,7.58188177726477e-07,5.57501093668132e-05,0.000205304354121549,1.27222148347762e-05,1.71329067161497e-06,0.00823645736568472,1.7443271844504e-06,1.39763751908219e-05,4.65883546014149e-05,0.000396082297347632,6.60399076215769e-06,1.11525312112799e-05,2.41625391044361e-05,2.27040668692671e-06,3.76599526861822e-06,1.43576101745608e-06,4.39688377203533e-06,7.23343602450034e-06,2.13686298807255e-05,5.85184874844586e-06,2.90855135891477e-07,0,5.05204968914724e-07,2.11900427383064e-06,3.30454690964487e-06,7.24903273110898e-06,3.91994401003086e-06,1.07323930470161e-05,2.20180936105985e-06,1.29553254038769e-06,9.59581769611333e-07,2.69062010595819e-06,2.2426765596287e-06,9.86090164030216e-07,1.4483081620487e-06,5.0047818632371e-07,1.14900602297896e-06,7.57513364083158e-07,0,0,1.05887147721192e-06,0,1.0514281806282e-06,7.95830333859554e-07,1.6363350511395e-06,2.86753243881587e-06,4.93680165726266e-07,1.03960333373498e-06,1.18497087071112e-06,4.98048007143515e-07,8.41595428103305e-07,9.58245891837761e-07,1.17029946957205e-06,1.12601756227064e-06,3.81650976543835e-06,2.00043650237274e-06,1.02146716676558e-06,1.37576237106174e-06,1.02130756015637e-05,3.09316185097456e-06,3.04646510417146e-06,2.0689345795874e-06,6.22730351458047e-06,0.000683711419850329,1.50446048385509e-06,8.80241713352616e-06,4.22639124121656e-06,2.69346986087673e-06,2.45725396931055e-06,4.04888375802171e-06,7.37651317916847e-08,3.42869701828809e-06,3.81194278944064e-06,4.19804191196626e-06,6.15652144740886e-06,4.85698000801617e-06,9.65493158134638e-06,1.88964237855539e-06,3.15890467968313e-06,1.4651110476364e-05,1.22349265053199e-06,2.30812330495232e-06,8.97480359928189e-07,3.98552914701553e-06,9.73663196876292e-06,2.24381187132295e-06,8.23005438642173e-06,3.68556981783344e-06,0.000236505329465141,1.48189158024776e-05,2.59998169022337e-05,6.62548331339567e-06,4.8050011065488e-06,4.78292151053822e-06,4.00158579754942e-06,7.24644471156922e-06,4.70327904271816e-06,5.98461808558443e-05,1.03644276970423e-05,1.64302631628832e-05,0.000125609358056093,1.15188141883163e-06,0,0,0
P041,Preparaciones y conservas de frutas y nueces,7.29399602268708e-07,1.09607234897107e-06,1.15511866536526e-06,1.99080247077798e-06,8.31726389029228e-07,1.21938468359375e-06,1.03487967311086e-06,9.34501524747131e-07,1.46948745300245e-06,3.42128829644593e-06,3.96389912570493e-06,1.67256489670489e-06,1.1339777487511e-06,8.63876434923256e-07,2.06754391278434e-06,3.70771257441801e-06,2.7533499163909e-06,1.34704470427905e-06,4.05637964087355e-05,4.3182679550492e-06,9.3563998177318e-07,1.15871741361846e-06,1.6175405796343e-06,1.72301214085336e-06,1.1203411288995e-06,9.15093203763874e-07,2.95940024790881e-07,5.8177581382865e-07,7.09809343225123e-07,1.27776874399744e-06,8.28698256018839e-07,8.10016867224801e-06,1.16838004630968e-06,1.07150708291904e-06,1.11347505978124e-06,6.2836263765298e-06,4.4323864613054e-05,4.75684126638581e-07,1.97316843605795e-05,6.89793864835189e-06,1.03121927656896,0.0157400237963421,2.00333573783031e-06,2.20650890622028e-06,4.20103841685566e-05,4.34825037616218e-05,5.17424262101603e-06,7.81198035025838e-07,3.39806595493736e-05,0.00166401924345822,7.91847300738552e-07,2.30740843718115e-06,0.00520791741710685,1.37485658139632e-06,9.98261715142471e-05,3.33349800650733e-05,0.000633579627839043,6.54231448935892e-06,1.06724301356342e-06,1.48357045967861e-06,1.58259776090398e-06,4.74322101469572e-06,1.14429691454952e-06,3.66694462827535e-06,3.06481958603657e-06,6.71916171267091e-06,2.91440931806235e-06,4.09538754237956e-07,0,7.17215053992044e-07,2.49907943687375e-06,4.72867467647225e-06,6.23876498175727e-06,3.12609091680776e-06,9.42016151884673e-06,2.80477258939349e-06,1.62282428543833e-06,1.13100846537847e-06,3.51146622441405e-06,1.98971875277492e-06,1.32174864386111e-06,1.42862524098315e-06,6.55926367866695e-07,1.6425845088242e-06,1.0447260194311e-06,0,0,1.2697408759586e-06,0,1.28820160029648e-06,9.47982228298981e-07,1.63078749150931e-06,1.56801497160808e-06,5.6684777489958e-07,1.46306460530433e-06,1.37824599198309e-06,5.98160625988763e-07,1.01286937433178e-06,1.15507005068022e-06,1.53466238407285e-06,1.42469560467732e-06,5.46143018612441e-06,2.64348402985203e-06,1.39236521401239e-06,1.78976737404132e-06,1.49890950721079e-05,3.62938457764355e-06,4.29927591237064e-06,2.88885451750572e-06,8.98004438485753e-06,0.00104737430262874,2.19814466691069e-06,9.78315902792905e-06,5.83864440668864e-06,3.74371324519291e-06,3.55358012065156e-06,5.7596775881614e-06,9.6179274852941e-08,5.12733657990813e-06,5.65563077818777e-06,6.12214041319292e-06,9.16103160689942e-06,6.95634751292899e-06,1.42163279441385e-05,2.22066776807504e-06,4.72463658502384e-06,2.02024546738951e-05,1.67955208109618e-06,2.96799316756621e-06,1.21470686921059e-06,5.77640449420238e-06,1.59238483531012e-06,3.29432870649242e-06,1.252739114515e-05,5.37896975836348e-06,9.19448796251489e-07,2.25740357320974e-05,3.95452490755035e-05,9.93327834118866e-06,7.11396404382701e-06,7.22016590424954e-06,8.84485384872548e-06,6.06501977274196e-06,5.41843078166821e-06,4.22676029684046e-05,1.59388663197737e-05,2.49500665749205e-05,8.00652441905399e-05,1.19157630156779e-06,0,0,0
P042,Jugos de frutas,8.2201873042942e-07,1.23733866612858e-06,1.30485841909672e-06,2.25177069471673e-06,9.37742725537108e-07,1.3789550069946e-06,1.16913787924439e-06,1.05585547961451e-06,1.65931419328111e-06,3.87873137467781e-06,4.49725798349645e-06,1.8916468515724e-06,1.28421909317297e-06,9.74439299061671e-07,2.34109878467988e-06,4.20498578038375e-06,3.12167354311202e-06,1.51855905602923e-06,4.60575073766319e-05,4.89739682749245e-06,1.01779728061574e-06,1.07344789763052e-06,1.59950992721491e-06,1.80069406338063e-06,1.14163791279458e-06,1.01782890771231e-06,3.33881417242826e-07,6.56698453668121e-07,7.69544258487458e-07,1.27124247224049e-06,9.35738231467965e-07,9.19019354896404e-06,1.32138127325805e-06,1.1857331912983e-06,1.08597326860666e-06,1.51087124525668e-06,1.45606861435645e-06,5.32664543857811e-07,4.84167494011611e-06,4.6323314175389e-06,1.83455734233254e-06,1.01219409510645,1.83212487446335e-06,1.93297740720726e-06,2.82118805868043e-06,2.76090478622183e-06,1.39837502394813e-06,8.75504957564234e-07,1.16389187580721e-06,2.80359378484882e-06,7.53296605383422e-07,2.61093096759617e-06,1.84716111766704e-05,1.07381171235357e-06,0.00136033724378641,7.90562121707379e-06,0.000436728860211712,7.41302590066633e-06,1.17331352258573e-06,1.66589997963987e-06,1.77618474655314e-06,5.35935592583323e-06,1.27889525936524e-06,4.14819140091725e-06,3.46607316238785e-06,7.61857061668427e-06,3.28733622864954e-06,4.61757619803674e-07,0,8.10015338589103e-07,2.80651046390812e-06,5.25068018973757e-06,3.49026865870418e-06,1.54918762293819e-06,6.90770172219887e-06,3.14995711479166e-06,1.83326738866004e-06,1.27156830401719e-06,3.98133670822279e-06,2.24522673640897e-06,1.49622921490537e-06,1.61361229427935e-06,7.38080176832586e-07,1.85646979277407e-06,1.1770017601405e-06,0,0,1.42289755484192e-06,0,1.39449727035859e-06,1.06508792111273e-06,1.83620552066138e-06,1.75794473496409e-06,6.32290108211935e-07,1.65566034142668e-06,1.55773897789323e-06,6.70966009713731e-07,1.14345647908451e-06,1.30326433278296e-06,1.73766178896111e-06,1.60957106302718e-06,6.14181015842195e-06,2.98176406452076e-06,1.57350709587968e-06,2.02516695269805e-06,1.70124666469729e-05,3.47812108726871e-06,4.85013713116733e-06,3.26726184736587e-06,1.03962416279484e-05,0.00118933089228527,2.49028848822338e-06,1.25032739728066e-05,6.62266358529333e-06,4.24591220819419e-06,4.04208214966628e-06,6.53013138922838e-06,1.08802098471644e-07,5.81674962404088e-06,6.41629787506621e-06,6.94343824418675e-06,1.03971395389609e-05,7.69454684346159e-06,1.61090822015303e-05,2.56091158420392e-06,5.36072437371665e-06,2.15376422019858e-05,1.90354958588685e-06,3.35418596349667e-06,1.40063739688104e-06,6.55078275461852e-06,1.79460001099326e-06,3.7311710768426e-06,1.422544546715e-05,6.09026779513243e-06,1.02538191043353e-06,2.44685950658859e-05,4.4882452422257e-05,1.12424260486732e-05,8.06449242369047e-06,8.19603154444546e-06,5.66375150055467e-06,9.31062389968869e-06,7.29314813101891e-06,9.2983235616149e-05,1.71443294148521e-05,2.83176397855968e-05,7.44831377022028e-05,1.05017186624674e-06,0,0,0
P043,Aceites de origen vegetal,1.15354697277725e-05,1.58540078843499e-05,1.57263398373808e-05,2.63113136962152e-05,1.272338077518e-05,1.56472035872657e-05,1.45184208864031e-05,1.24917429481107e-05,1.94052585606662e-05,4.09165500287852e-05,4.36857525706582e-05,2.20804643188804e-05,1.37794018150689e-05,1.27574299875138e-05,2.55999057868416e-05,4.32265045561921e-05,3.70809856440682e-05,1.99081595702625e-05,0.000417725266924199,4.76428572293612e-05,0.000594193876257076,0.00365677292617498,0.00361700729275351,0.00229917386125195,0.00197428626069442,7.49611226684246e-05,1.42059816548617e-05,1.43940052940923e-05,0.000466967399796518,0.00215097026696459,1.04074712542019e-05,8.36574017140893e-05,1.5912994943976e-05,0.000378820111329903,0.00252283700662295,0.00312181328912409,0.00717341956496558,2.386814499533e-05,0.00472561627508918,0.000123792818829606,0.00917448393100076,0.000235116202244215,1.13295677290976,0.139834471305365,0.00352143919887313,0.00335258006046063,6.03845307904794e-05,3.88326172633633e-05,0.000194279865412876,0.00390518995443423,0.000316400625822518,3.20775216811986e-05,0.00401855711283969,0.00762634741251445,3.67336164333062e-05,0.000111469218225882,0.000282153541114816,9.5656395738004e-05,2.8502340757109e-05,3.22219363873459e-05,0.000135218849166588,8.12828399881718e-05,1.93071376265653e-05,4.89006526052588e-05,4.10765207823521e-05,7.9909272667098e-05,5.25430420436554e-05,5.407704817398e-06,0,9.25758899164733e-06,5.80653737419269e-05,0.000855250445795159,0.0185987720311797,6.17364538335926e-05,0.000683953388896454,5.96480529013623e-05,2.27022818471958e-05,3.35530684119468e-05,4.15643239862244e-05,2.81990387392572e-05,1.83219453590148e-05,2.619830217517e-05,1.63661282740389e-05,2.6040038113707e-05,1.98447789025458e-05,0,0,3.57504527957811e-05,0,0.000275973966677173,3.08638411175126e-05,2.5633866401082e-05,0.000162113874634709,0.000118766079947487,1.96079916314356e-05,2.12368415604126e-05,2.08760843865844e-05,1.66729098581467e-05,1.70426979204566e-05,2.01748311928642e-05,2.81022424204713e-05,6.49987948019989e-05,9.61394410843417e-05,2.24355310497147e-05,2.63562290301097e-05,0.000156142785399624,4.0116372800821e-05,5.28836502461891e-05,4.82821597076233e-05,0.000324653303506729,0.010539413856027,2.68807315210494e-05,0.000114480282001786,6.80930682601569e-05,4.42966070262947e-05,3.97418208154772e-05,6.59085239479447e-05,1.64157807747472e-06,5.98830333755584e-05,7.62922827786319e-05,8.41730940456946e-05,9.92829487152759e-05,7.8864717955698e-05,0.000155281782915981,3.01024283855193e-05,5.18704236483535e-05,0.000203899686228996,1.9666482591098e-05,8.79049196361728e-05,1.59852036004274e-05,6.60829588896326e-05,3.65732227903392e-05,4.94231132231341e-05,0.000128310350202953,5.83337692627445e-05,3.7269257823399e-05,0.000258054916874689,0.000424159582941507,0.000117162256373,8.33698455221635e-05,7.99356685542809e-05,0.00168363923190775,0.00020904305348905,7.18863081387639e-05,0.000268042917498,0.000204216303945333,0.000265550343560332,0.000717224828005377,7.38276639262036e-05,0,0,0
P044,"Margarina, grasas y otros aceites de origen animal y vegetal",4.7217279339328e-06,5.97835094455183e-06,5.62239004564388e-06,9.01082927519099e-06,5.07457917922896e-06,5.49163503718298e-06,1.02059562988825e-05,4.64681352076586e-06,7.12926860218526e-06,1.23118248938796e-05,1.33495200943604e-05,7.76331336943831e-06,4.34525335480814e-06,4.99756491298066e-06,8.1167955734835e-06,1.24116706971203e-05,1.29851267449223e-05,8.10329717355703e-06,9.60680371396829e-05,1.2615972950854e-05,0.00408779427271847,0.0256596875190175,0.025282834389466,0.0160651949524737,0.0137379635923383,0.000440476628609029,7.18986529834765e-05,4.80817282034149e-05,0.00238672815116697,0.0148172636583761,3.45564505533319e-06,1.95902733169531e-05,9.60117004783547e-06,0.00252335330654289,0.0172256340389076,0.0152856922541953,0.00808479937923877,4.98685562015507e-05,0.000189098627536132,0.000434255094821065,1.42071917563866e-05,4.93487358882125e-05,0.00056491514141607,1.00143099326523,0.00669399247514929,0.00630152816635662,0.000290365712101926,2.35041714748487e-05,0.00107328955420913,0.0142292851380631,0.000806535286368509,1.18394412220189e-05,0.00272695115399983,0.0537451128801764,2.11971624843901e-05,5.24923391941238e-05,0.000158965454423605,3.60297171812149e-05,1.74765543522667e-05,2.73425958079319e-05,0.000663476593518976,0.000166469618132646,2.50529756684637e-05,2.02862210153502e-05,1.49695247047364e-05,2.06582069517193e-05,1.34924269412869e-05,1.95728992262497e-06,0,3.13731508594819e-06,2.91716493700871e-05,1.7568591985709e-05,0.0129164170872996,4.15853082574247e-05,0.000177552720718341,3.24261472741745e-05,7.62767373067456e-06,1.05623139687993e-05,1.31757425208017e-05,1.08963294830322e-05,7.28379675155392e-06,4.34520838575526e-05,7.86720958284246e-06,8.95424625354568e-06,1.12571575945584e-05,0,0,2.0929336793583e-05,0,0.000186027097520695,1.97536600447741e-05,2.04993875780414e-05,0.000751575098104323,0.000550661679336805,7.38150843664277e-06,8.26756822970201e-06,2.61706237388972e-05,9.98624368888588e-06,9.28447521517581e-06,8.18724597088847e-06,9.24480021071569e-06,2.11288052646146e-05,5.47350107911196e-05,9.40759570992932e-06,1.07203400799604e-05,3.69360358356118e-05,1.32524408597765e-05,1.780385064076e-05,2.13222789797105e-05,0.000186622008831353,0.00227966722552907,8.80539369181661e-06,6.0204309296037e-05,1.95120551121968e-05,1.2925692005201e-05,1.08636766292431e-05,1.83622469244447e-05,5.25447716470499e-07,1.74414818209266e-05,2.76949268168221e-05,3.22238254648418e-05,2.52630715523907e-05,3.62915574606832e-05,4.07653512768183e-05,1.09789482581655e-05,1.34995981381514e-05,5.08192619722318e-05,6.21409858503372e-06,5.23116705471941e-05,5.7091185393033e-06,1.88854317204486e-05,1.83179507606578e-05,2.01095768354875e-05,2.89203667111626e-05,1.52201374599661e-05,2.4635822280443e-05,8.35887770276042e-05,0.000106163025439802,4.02220053222522e-05,3.18783586827182e-05,2.05986656192224e-05,6.28987350222492e-05,4.02927251244408e-05,2.93146255168111e-05,0.000111973519505242,9.48945969987757e-05,6.56675324019921e-05,0.000179475872121702,4.87237484577757e-05,0,0,0
P045,Leche líquida y crema procesada,2.92060410960247e-06,4.38860858207035e-06,4.62811162346982e-06,7.98545951001506e-06,3.33130770794e-06,4.91163908357679e-06,4.16890317338588e-06,3.76570952252034e-06,5.91378531694632e-06,1.37384722839651e-05,1.59389522997504e-05,6.72053468485586e-06,4.55712295737207e-06,3.45631890400922e-06,8.2970146279091e-06,1.48959487005897e-05,1.10592015630047e-05,5.38391673404081e-06,0.000163132362329465,1.73509608699152e-05,3.68471555556341e-06,4.30048168386246e-06,6.16214576063458e-06,6.69102303768955e-06,4.31503857269758e-06,3.63052746534194e-06,1.18500018024125e-06,2.32992017657218e-06,2.77481704842201e-06,4.82936304334136e-06,3.31072516548145e-06,3.25553761891608e-05,4.6785474033245e-06,4.24949880559902e-06,4.18329726573274e-06,5.64155705133325e-06,0.000219414368539387,1.89140174437171e-06,3.70301715748372e-05,1.641134497595e-05,6.5013382999337e-06,1.47799700102889e-05,6.49450750826694e-06,6.86271743555352e-06,1.00910865726017,0.00844977272807196,4.94859539804179e-06,3.10697086814275e-06,4.06402957020853e-06,0.00203346693744853,2.67193294796645e-06,9.24906142962422e-06,5.48107687422097e-05,4.84876124014659e-06,1.05885554754007e-05,2.79540432428421e-05,2.98419407898298e-05,2.6277723989881e-05,4.16742871043605e-06,5.90921700922576e-06,6.30583543908181e-06,1.89900432254757e-05,4.53121427548276e-06,1.46954746683457e-05,1.22775729809722e-05,2.69819769109236e-05,1.16501953034955e-05,1.63388773812241e-06,0,2.86489494262694e-06,9.98854642280219e-06,1.85972398116725e-05,1.31332580818931e-05,5.48955849522601e-06,2.44672979179156e-05,1.18692307813108e-05,6.49318016400891e-06,4.5043191824571e-06,1.40950367890601e-05,7.94711130686512e-06,5.29314646750511e-06,5.71510604916044e-06,2.61409171588249e-06,6.57691692596248e-06,4.16876832900981e-06,0,0,5.04734866618897e-06,0,4.98907772655346e-06,3.7790924303327e-06,6.50730507412811e-06,6.27085202909487e-06,2.24507614492378e-06,5.86296474463893e-06,5.52178192335905e-06,2.38081935261842e-06,4.05470339701697e-06,4.61950067350033e-06,6.14547825246991e-06,5.70315054849919e-06,2.17572969534255e-05,1.05640229958649e-05,5.57734780846288e-06,7.17050438807402e-06,6.02557026699579e-05,1.23113103391147e-05,1.71828681570411e-05,1.15754768150022e-05,3.55524490955471e-05,0.00421297338967087,8.81622428107282e-06,3.77018471123372e-05,2.34514850237326e-05,1.50361194456889e-05,1.42489905266442e-05,2.31292059267241e-05,3.85442196073863e-07,2.05993962413414e-05,2.27222635059049e-05,2.45842017314679e-05,3.68136253285538e-05,2.72538747244507e-05,5.70786660205577e-05,8.84801675942268e-06,1.89839221562731e-05,7.62555513384133e-05,6.73897107126675e-06,1.18833728190525e-05,4.84707201252375e-06,2.32028780222081e-05,6.35393574146559e-06,1.32248423649026e-05,5.03819656944705e-05,2.15712502541257e-05,3.64684115475818e-06,8.75413541596606e-05,0.000158954123631019,3.98080931561272e-05,2.856606970057e-05,2.90232328219483e-05,2.46534177966602e-05,2.38503452292011e-05,2.00086010048914e-05,0.000118550365370158,6.18002730419221e-05,0.00010029895562354,0.000257765222243353,3.72317673321227e-06,0,0,0
P046,Otros productos lácteos n.c.p.,5.06474581351477e-06,6.81444888192816e-06,7.19938717906476e-06,1.20651350466247e-05,5.72494635050069e-06,9.96479052446369e-06,8.99790737466472e-06,8.22425828035425e-06,1.24252154427695e-05,1.91587963103628e-05,2.29637503321304e-05,1.18120390275401e-05,7.23043696542962e-06,5.31692157302493e-06,1.19433642170172e-05,2.05781132720605e-05,1.56414757348076e-05,8.3236282944272e-06,0.000222168876844395,2.42005296443101e-05,5.8380251464701e-06,1.03580085986991e-05,1.33107299873352e-05,1.21182803600214e-05,8.73375146788637e-06,7.17424657629046e-06,1.98704506171772e-06,3.82627968434983e-06,4.57265201913949e-06,1.47190224031564e-05,4.70133458888712e-06,4.44329587152068e-05,7.24971995421429e-06,6.43038946299358e-06,9.12687446702942e-06,1.13284629454941e-05,0.000531200191054547,3.15270087644916e-06,0.00299447121397232,2.397474045929e-05,9.36850323563889e-06,2.69444749079392e-05,9.72540791930172e-06,1.04159893467356e-05,0.00186560445934993,1.0017824064611,7.77674251295597e-06,5.02268135944856e-06,9.99365722139362e-06,0.00122450931070084,4.1576295732354e-06,1.35957685269643e-05,0.000584596452382223,1.5710200962673e-05,1.53437704087469e-05,4.10639898625188e-05,6.54745597439061e-05,3.79948582702135e-05,7.17812837632803e-06,9.12339615820435e-06,9.2598973049419e-06,2.64379278117934e-05,6.4565747778122e-06,2.05633075410153e-05,1.70033176628269e-05,3.6942984987279e-05,1.6885341588298e-05,2.3746855687571e-06,0,4.10085533851438e-06,1.92687480512127e-05,2.56843766555984e-05,0.000109634114250439,9.01256798045699e-06,3.45790658573391e-05,9.97678247327984e-05,9.02899000563686e-06,6.5272114279572e-06,1.93661040013716e-05,1.13353746111359e-05,7.40343048541039e-06,7.94785703650497e-06,3.88086486502106e-06,9.27052259853812e-06,5.87946800448449e-06,0,0,7.97463106627448e-06,0,1.27758237647425e-05,6.0262804774336e-06,9.38372716041323e-06,1.38233163177004e-05,3.96360727367477e-06,8.11000676310389e-06,8.80015407038994e-06,4.08517323984727e-06,6.73760712896496e-06,7.47517099926779e-06,8.73859587054113e-06,9.10010930603243e-06,3.01287697110573e-05,1.50232667094231e-05,8.49540970505877e-06,1.06912175183629e-05,8.18228141577513e-05,1.68670350140122e-05,2.45789186249617e-05,1.69712854191481e-05,4.94741333722428e-05,0.00569645837924391,1.22138937120155e-05,5.34266887233084e-05,3.19533277723921e-05,2.04839411957422e-05,1.93778626567317e-05,3.14422709545556e-05,5.84838699355134e-07,2.80453122886914e-05,3.09162761399317e-05,3.34683411777848e-05,5.00140596636474e-05,3.71096239820059e-05,7.74854768406505e-05,1.2291118983207e-05,2.58045070203489e-05,0.000103463141196997,9.27913205242626e-06,1.67978714125373e-05,6.67462553855437e-06,3.15730846784877e-05,9.15990291606123e-06,1.89598845228797e-05,6.81677698644054e-05,2.96615402188376e-05,6.78891182491441e-06,0.000118505794845094,0.000215313981604146,5.43984085388154e-05,3.88642977396789e-05,3.94860291924983e-05,3.00063054712899e-05,0.000131808595827824,2.923116151686e-05,0.000224118809371192,8.36180181048513e-05,0.000135874431690622,0.000349739007171823,5.57446052941198e-06,0,0,0
P047,Harina de trigo,9.94576593401891e-06,1.49630726516952e-05,1.5777568890499e-05,2.72244840874411e-05,1.1344891966283e-05,1.66708845422018e-05,1.41380432885777e-05,1.27676097583252e-05,2.00678151719664e-05,4.68610710138149e-05,5.43247021257184e-05,2.28680761734076e-05,1.55196151319024e-05,1.17871719610264e-05,2.82946440121808e-05,5.07977526946828e-05,3.77103765113534e-05,1.8368685320936e-05,0.000556243207938054,5.91636542112919e-05,1.26106360058694e-05,1.48746578800854e-05,2.11941638120391e-05,2.29503789547592e-05,1.48115302816768e-05,1.23683084553168e-05,4.03757236021687e-06,7.94070534346042e-06,9.50727059745292e-06,1.75677646403162e-05,1.13122135517279e-05,0.000111025608968375,1.59629782929658e-05,1.45262546857313e-05,1.44338872866057e-05,3.21328666810436e-05,0.000392361173458449,6.45523478432924e-06,0.000715939868795896,6.34162194504557e-05,3.66300061984515e-05,0.000211371001612353,2.31603957216582e-05,2.47141803870494e-05,6.44260758890524e-05,0.000402135838325093,1.0000273290678,1.06095679001431e-05,0.000101129837642618,0.226966567486893,9.47075840525401e-06,3.15518158763492e-05,0.0139375392295984,1.69136402509258e-05,4.15810404035057e-05,0.000165224298125561,0.000713859738123727,8.96350283759805e-05,1.42666074867928e-05,2.01789597825378e-05,2.15329091018478e-05,6.48102888454457e-05,1.54995540384062e-05,5.01510536154585e-05,4.19035215383296e-05,9.24262817360739e-05,3.9762546994593e-05,5.58258936045189e-06,0,9.78876337213735e-06,3.39790023484557e-05,6.37167574534892e-05,5.05632414732153e-05,2.33658786641036e-05,9.2300046383992e-05,3.81580340277374e-05,2.21681508611199e-05,1.54029645539482e-05,4.81293093841426e-05,2.71556673818135e-05,1.80749954135734e-05,1.95159337224303e-05,8.92822892673307e-06,2.24478924598762e-05,1.42423861984889e-05,0,0,1.72488255761151e-05,0,1.70101602019573e-05,1.28977394841597e-05,2.22240327877017e-05,2.12930885451874e-05,7.66171558331269e-06,2.00248275148592e-05,1.88359443350155e-05,8.11984419855093e-06,1.38207904816057e-05,1.57537741945172e-05,2.09733731183427e-05,1.94506303998193e-05,7.43566819236824e-05,3.60689840379475e-05,1.90222924704882e-05,2.44599102788188e-05,0.000205545560553416,4.34995914352128e-05,5.878543020822e-05,3.9502716571978e-05,0.000121628316761231,0.0143652528489945,3.0106326183864e-05,0.000127540014728384,8.00925018003709e-05,5.13614946440933e-05,4.86961776169527e-05,7.91549473024821e-05,1.31522842749073e-06,7.02856314489872e-05,7.75048701766697e-05,8.38781056130687e-05,0.000125562347563492,9.34430711874479e-05,0.000197468789554324,3.01654033974879e-05,6.47532103795437e-05,0.000263518880655281,2.29971078775645e-05,4.055355062075e-05,1.65530678076067e-05,7.92429078171779e-05,2.17051866195603e-05,4.50976133000225e-05,0.000171800743890485,7.35985717400455e-05,1.24332331714236e-05,0.00039436243836029,0.000543649557028084,0.000137702434660517,9.79825183129143e-05,9.8984723149347e-05,0.00058923240246428,0.000128767357736627,6.74146271212321e-05,0.000366035910563331,0.000317622886950095,0.000342235106377016,0.00099632543046454,1.33973162107662e-05,0,0,0
P048,Arroz sin cáscara,1.95302044616728e-06,2.93998043319828e-06,3.10049138529265e-06,5.34900313763491e-06,2.22801431007946e-06,3.27698371842377e-06,2.77886773355414e-06,2.50970288820134e-06,3.94383244465007e-06,9.21211976950964e-06,1.06822838820113e-05,4.49673340941889e-06,3.05054305585255e-06,2.31500801792969e-06,5.56128949342637e-06,9.9884810048389e-06,7.41439103581535e-06,3.60865724654466e-06,0.000109383750408333,1.16318726897305e-05,2.41611004465375e-06,2.53916580341095e-06,3.78998664922838e-06,4.27084698805893e-06,2.70686544597365e-06,2.41813417658632e-06,7.92595008847784e-07,1.55949615464325e-06,1.82731432376046e-06,3.0020610963143e-06,2.22273608468643e-06,2.18296259781647e-05,3.13671556422707e-06,2.8167823367706e-06,2.57284479258183e-06,3.54841509002502e-06,3.1499980915315e-06,1.26580363916447e-06,3.96175771307683e-06,1.09878836092866e-05,4.35947720453231e-06,9.56219627627627e-06,4.34993173330297e-06,4.58858228379165e-06,5.52339631688492e-06,5.44076536671106e-06,3.29594762728019e-06,1.00000208055798,2.53064912891138e-06,5.74421031615132e-06,1.78892106363768e-06,6.20181895689181e-06,6.83934867298465e-06,2.52948867259428e-06,7.08761378360379e-06,1.85920063361184e-05,1.86676166872631e-05,1.76077894285929e-05,2.7880216586733e-06,3.95951849323411e-06,4.22029525501176e-06,1.2730749179395e-05,3.0398641453718e-06,9.85339612947442e-06,8.23323078213049e-06,1.8104700580344e-05,7.80896159137558e-06,1.09682880898683e-06,0,1.92384915972497e-06,6.66653922389011e-06,1.24691746412468e-05,8.26806517436753e-06,3.66765014568883e-06,1.63832138367445e-05,7.4834531749403e-06,4.35599117098992e-06,3.02089824053259e-06,9.45888869697032e-06,5.33127338373424e-06,3.55838391719956e-06,3.83315166327828e-06,1.75274449740672e-06,4.41064291499626e-06,2.79573611534063e-06,0,0,3.38198717024778e-06,0,3.31272341986825e-06,2.53575125835492e-06,4.36331992006028e-06,4.17738964005496e-06,1.5015651028646e-06,3.93826362086276e-06,3.69884599050271e-06,1.59301018320087e-06,2.7152578988927e-06,3.0947571313344e-06,4.12394800444912e-06,3.82786313579033e-06,1.45915004376353e-05,7.08245796848908e-06,3.73975438579802e-06,4.80993604916713e-06,4.04241494119028e-05,8.26333376061615e-06,1.18128854448084e-05,7.77455889414153e-06,2.38360174524959e-05,0.00282494132275281,5.91307249688846e-06,2.65935400838763e-05,1.58104203193432e-05,1.01451983340035e-05,9.68938678918387e-06,1.58784598365473e-05,2.59143811066089e-07,1.38400144636398e-05,1.52393722043984e-05,1.6487569978305e-05,2.46896828536284e-05,1.82802364607269e-05,3.82608589257011e-05,5.97479541243452e-06,1.27311067951614e-05,5.11337569631683e-05,4.53233238601321e-06,7.97556506149368e-06,3.27460061121851e-06,1.57610710577345e-05,4.26183195509909e-06,8.86315752033666e-06,3.37905904425476e-05,1.44672585993806e-05,2.43805805373308e-06,5.97385612258405e-05,0.000110278271882083,2.95278539322729e-05,2.04351650849058e-05,1.94656441843097e-05,0.00118308634016955,5.90911722049539e-05,1.44478288004606e-05,0.00011665277385784,4.07016894978506e-05,6.72575978087153e-05,0.00165617146371955,2.49480793467182e-06,0,0,0
P049,"Otros productos de molinería, almidones y productos de almidón",3.22609070566049e-06,3.86820927266347e-06,3.59787050846545e-06,5.80597928223361e-06,3.5085789455327e-06,6.29550886652703e-06,6.06104133759751e-06,5.59731601387058e-06,8.13491010475406e-06,6.92729584725855e-06,8.45768984617276e-06,7.51888105452633e-06,3.56374595701442e-06,4.03105252839431e-06,5.06913299305497e-06,7.0052726202675e-06,5.59405100529583e-06,5.65348148506998e-06,6.83144321042939e-05,8.5416034354115e-06,2.32695229706696e-06,4.52289585054836e-06,5.56755398868404e-06,4.79844225912492e-06,3.67797752356719e-06,9.26637547531491e-06,9.4069686356855e-07,2.09974195828637e-06,2.16885077919275e-06,4.74817942151906e-06,2.76574091370954e-06,1.52494382425759e-05,3.80162810790577e-06,2.59619701247716e-06,4.22930136263071e-06,0.00312003630932048,0.000300674205809443,1.66506280048737e-06,4.11783531354683e-05,0.00265041859964045,4.18863104725721e-06,8.84935593204779e-05,5.20153552932709e-06,5.66879210362838e-06,3.48863440197724e-05,4.24126934571922e-05,8.40544470312909e-06,2.77191413767468e-06,1.02482510227162,0.00678034850817423,0.00380447600878189,5.61030291261464e-06,0.00682373588895617,6.40145383554346e-06,0.000274527105300516,0.0082016115757775,0.000321439380917388,1.47089054730651e-05,1.7159817630513e-05,9.13246719960944e-06,6.43019549020066e-06,1.69683467186709e-05,9.8030302860877e-06,5.58037086018623e-05,3.96784491882333e-05,1.35435946454176e-05,1.4676431551039e-05,1.90124832619665e-06,0,2.45691245013682e-06,1.82769166753405e-05,6.81291582757264e-05,0.000146456821127034,0.0010608241099553,0.000219024382108019,9.37468437615115e-05,4.89983525551637e-06,5.37134264391134e-06,7.37565322558136e-06,8.31158900013315e-06,2.89271476148716e-06,3.08331476545413e-06,2.22066633472648e-06,4.62555912672394e-06,2.76197140678947e-06,0,0,6.62876562965766e-06,0,1.36551063225192e-05,3.74890227599486e-06,8.22733252601169e-06,1.20963824829779e-05,2.19237349844304e-06,2.83393115365838e-06,4.41491400090461e-06,3.31000274954626e-06,4.06675529319462e-06,4.76376603480768e-06,3.77812327502915e-06,5.58209554718592e-06,1.01486399422372e-05,7.39278626015843e-06,3.52683016818443e-06,4.22478451498688e-06,2.5302867461622e-05,6.16776388184517e-06,9.43094216739894e-06,6.522091079571e-06,1.86300631348295e-05,0.00170139659821978,4.02181174994362e-06,1.82269576959793e-05,1.03171982809094e-05,6.60773690797216e-06,6.24065113028439e-06,1.03255180459001e-05,3.07488669515547e-07,8.83312055484333e-06,9.84976491175896e-06,1.14274827844677e-05,1.58227142219768e-05,1.24920655804986e-05,2.41688340652445e-05,4.20193039916304e-06,8.03935973829955e-06,3.32226774271638e-05,3.07260020543877e-06,6.1942090608899e-06,2.22246932517153e-06,1.02097661963077e-05,4.12605832494817e-06,7.81991841451237e-06,2.04600743352666e-05,1.55546073952131e-05,9.09263576133322e-06,8.2850579064278e-05,7.01325500753364e-05,2.13478503274969e-05,1.38917522206874e-05,1.25197083839287e-05,0.0015492140073835,4.42834017644516e-05,1.45600466439656e-05,0.000102305883823692,2.94158542875662e-05,4.10993820852083e-05,0.000226772596429673,3.88618365091851e-06,0,0,0
P050,Pan y otros productos de panadería y repostería n.c.p.,1.22901473620956e-05,1.84936998756199e-05,1.95037637518564e-05,3.36597161568136e-05,1.40200701425094e-05,2.06083978381928e-05,1.74781167879819e-05,1.57838623975904e-05,2.48075458939557e-05,5.7949655828643e-05,6.71521362163204e-05,2.82822184461091e-05,1.9182517319095e-05,1.45659124976057e-05,3.49787078115637e-05,6.27833273022155e-05,4.66194587258057e-05,2.27160516111205e-05,0.000687530371133708,7.31252250418696e-05,1.57711663986734e-05,1.96192609254461e-05,2.73946693118078e-05,2.91242609069646e-05,1.89553769903103e-05,1.52840251409395e-05,4.9987977240911e-06,9.82614955332007e-06,1.18390063837949e-05,2.57835782423713e-05,1.40136882029986e-05,0.00013723947977562,1.97829789323648e-05,1.80696512051005e-05,1.86287067754693e-05,2.44863915924351e-05,2.16799480188436e-05,7.97831181477662e-06,0.00293693374313626,6.91641856862135e-05,2.74357421628712e-05,6.01822975419325e-05,2.73628523582399e-05,2.8963132579361e-05,3.84455716703858e-05,0.00153758537130158,2.08352960066508e-05,1.31182057518336e-05,1.5995803451607e-05,1.00019886851449,1.12623405484542e-05,3.90355959281244e-05,4.42149095107663e-05,2.34786312471832e-05,4.4630018861227e-05,0.000117176771100366,0.000117670272553586,0.000110962627368737,1.7556051091119e-05,2.49477999721414e-05,2.66202395198399e-05,8.00931020844188e-05,1.91322421478831e-05,6.201724184827e-05,5.18042085009168e-05,0.000115557394026366,4.91376479699157e-05,6.91254203579186e-06,0,1.21280849238672e-05,4.19529570180886e-05,7.85329386436726e-05,5.22392849106138e-05,2.31110005878864e-05,0.000103254372005518,4.72081134148727e-05,2.74096898406333e-05,1.90864807444632e-05,5.96581114326179e-05,3.36422612572528e-05,2.23907454922044e-05,2.41402983322001e-05,1.10385966938912e-05,2.77570246322357e-05,1.76145829424896e-05,0,0,2.13514181135483e-05,0,2.08710891131267e-05,1.59453646223033e-05,2.74746721733826e-05,2.62953502650279e-05,9.45401191181717e-06,2.48128864850157e-05,2.33492694576947e-05,1.0030125997014e-05,1.71076535681481e-05,1.94988724350261e-05,2.59555449794652e-05,2.40858961515196e-05,9.18867011192211e-05,4.4589293906216e-05,2.35288054033879e-05,3.02631077019292e-05,0.000254261380736722,5.19605001253328e-05,7.3086680745722e-05,4.89028080048598e-05,0.000150829508229348,0.0177547253350081,3.73132835461538e-05,0.000162413482836248,9.93469592256228e-05,6.37368706682905e-05,6.05627976799533e-05,9.87014015523834e-05,1.6297687554921e-06,8.69735546231231e-05,9.58216543720518e-05,0.000103743634665921,0.000155240129355161,0.000115032947707724,0.000253281245983878,3.74778080193913e-05,8.00595568559912e-05,0.000322328775241829,2.84537843515652e-05,5.01272920824728e-05,2.06599983119345e-05,9.82846471686103e-05,2.68552083274139e-05,5.5750870920883e-05,0.000212355461634382,9.0964276628858e-05,1.53402088817661e-05,0.000797337226072743,0.000677211984756004,0.000176442537872891,0.000122912745773775,0.00012238639409994,0.00237999973467244,0.000305702215797557,8.68500101340876e-05,0.000589101394146694,0.000742605601970436,0.00042363450288321,0.00142398744351901,1.57100335431112e-05,0,0,0
P051,"Tortillas de maíz, incluso tostadas, horneadas o fritas",7.99950316229776e-06,1.20390462067758e-05,1.26957644925097e-05,2.19140464709792e-05,9.12564307966068e-06,1.34191912115545e-05,1.13769857099896e-05,1.02746424484035e-05,1.61470568193024e-05,3.77393994215353e-05,4.37673054654553e-05,1.84038627660257e-05,1.24978962071156e-05,9.48270027834458e-06,2.27830507236839e-05,4.0923972215431e-05,3.03744838629317e-05,1.4770010367992e-05,0.000448254007151414,4.76632571220103e-05,9.89682798929278e-06,1.03958623238525e-05,1.55215402684399e-05,1.74928214499426e-05,1.10861875367555e-05,9.90107119542799e-06,3.2436417893052e-06,6.38426838865271e-06,7.48461710082493e-06,1.22932790224071e-05,9.0920872840252e-06,8.94528184458951e-05,1.28342294543991e-05,1.15329789284139e-05,1.05335807498562e-05,1.45311101983423e-05,1.28931870237915e-05,5.18128908565439e-06,1.6226923872713e-05,4.49958669447048e-05,1.7851668449794e-05,3.9158336778447e-05,1.78155175882907e-05,1.87929013076721e-05,2.26221581656746e-05,2.22840325268077e-05,1.3488405075396e-05,8.5182130238725e-06,1.03595773643797e-05,2.35264952387853e-05,1.00000732663274,2.53902566520617e-05,2.80132009124316e-05,1.03546696768361e-05,2.90283910917847e-05,7.61775937683533e-05,7.64903717316897e-05,7.21518546199965e-05,1.1414943722043e-05,1.62107051086014e-05,1.72823411836184e-05,5.21596107054953e-05,1.24424443854849e-05,4.03662654797556e-05,3.37288685297721e-05,7.41239995682994e-05,3.19875271098566e-05,4.48578802937568e-06,0,7.86694041915193e-06,2.73128151450309e-05,5.10896399075284e-05,3.38696402851824e-05,1.5010011267768e-05,6.71262634656383e-05,3.06548891445705e-05,1.78370188814971e-05,1.23665459913859e-05,3.87243791353086e-05,2.18235427873058e-05,1.45391073420268e-05,1.56994987075682e-05,7.1751032172667e-06,1.80641584787083e-05,1.1449636262868e-05,0,0,1.38421318270164e-05,0,1.35671950050949e-05,1.03630187837833e-05,1.78671668328897e-05,1.71063759299432e-05,6.14737866855284e-06,1.61064227876878e-05,1.51416634293506e-05,6.52191426297552e-06,1.11123600389237e-05,1.26649356281576e-05,1.68770957730031e-05,1.56389219009177e-05,5.97702977657405e-05,2.90117955155514e-05,1.53037985725285e-05,1.96806472209741e-05,0.000165573724854363,3.38137773253042e-05,4.71825015947442e-05,3.17774077283675e-05,9.76576012237393e-05,0.0115773678327732,2.42190460186446e-05,0.00010342604615385,6.44360723372762e-05,4.13135661187522e-05,3.9149653552477e-05,6.35480721300834e-05,1.05764991606885e-06,5.66019403281406e-05,6.24362677458445e-05,6.75515262394651e-05,0.000101158315382651,7.48824446080758e-05,0.000156762564372846,2.430208667383e-05,5.21646351173585e-05,0.000209510773530634,1.8514452459522e-05,3.26379090928036e-05,1.33137501006688e-05,6.37542869991431e-05,1.74464659943504e-05,3.63164114307482e-05,0.000138449728867024,5.926590179124e-05,9.9774947813394e-06,0.000238135643050954,0.000436758284708252,0.000109329756401528,7.84795750604953e-05,7.97502579588298e-05,5.4969442654082e-05,0.000253896303530548,5.48269190434839e-05,0.000320526800570504,0.000166663752334636,0.000275611621904951,0.00070614605669638,1.02127263393773e-05,0,0,0
P052,"Azúcar de caña sin refinar y refinada, melaza y los demás azúcares n.c.p.",0.000172184623081318,0.000226959067626534,0.000146344805842651,0.000249232158704811,0.000174272387224104,0.000163238340942403,0.000168619959006788,0.000153914553014839,0.000214748670714995,0.00212745560607063,0.000113953537760409,0.000374118097361473,8.80328385321611e-05,0.000205647378010657,0.000192268225054799,0.000121340855618884,9.22654006336059e-05,0.000445671443691423,0.00037814505601198,0.000167058565173048,0.0123069294774889,0.0202196932782438,0.0199010905781977,0.0251385135688686,0.0108055082144428,0.142702173161301,6.96398785789989e-05,9.09169407691465e-05,0.00189457054884643,0.0117242929174368,0.000224544418175974,0.000361782831248874,0.000173490587394279,0.00760870039675381,0.0135566847434731,0.0121500977079209,0.00600960353585247,7.14314512154921e-05,0.00038825796572134,0.000477943247349652,0.00795847998413949,0.0222122799424053,0.000224592239919956,0.000651777883465137,0.0142350489290733,0.0144448609146697,0.000115677019965693,0.000118204519004223,0.0286623818159296,0.0397368314348205,0.000195605450079281,1.00106430568315,0.028748734454235,0.0422388197644297,0.0053096371696729,0.00697585306687859,0.12745906398153,0.000311051521769222,0.0027052071992551,0.0010503360547274,0.00226496176703872,0.00199079669299167,0.00142934332764314,0.000353206533625877,0.000347694047718639,0.000236708631767627,0.00111114606407692,0.000200808768759399,0,0.00019929719828517,0.00158068878005894,0.0112541318380451,0.00364094714710059,0.198214866088066,0.0022511986323929,0.000803309973925495,0.000376104907507689,0.000545666218145186,0.000117356432305962,0.000771211987724662,8.10056109617022e-05,0.000102086880281852,0.000147457225666615,0.000294974504928973,0.000152787756339289,0,0,0.000617235534718038,0,0.000858184069218114,0.000233929951758492,0.000956132753799815,0.000715928028238964,5.04400339761315e-05,5.40910392421264e-05,0.000149925956886265,0.000269019242634049,0.000200584577406309,0.00029313454049118,0.000147857164737329,0.000331807052409163,9.38927642230607e-05,0.000436119423857946,5.40457163088849e-05,5.74370290965506e-05,0.000192950429896413,6.36412946412677e-05,0.000121574956548915,8.18357922274289e-05,0.000334055574141705,0.00689667840434854,3.63722417831213e-05,0.00018818615499262,0.000106723871648952,6.67686767427533e-05,5.39382596632096e-05,8.23860855167472e-05,1.5474475952981e-05,7.36304404077369e-05,7.18865637902686e-05,0.000227452709437181,0.000173254113170667,0.000227412237737556,0.000179687178236078,6.29079590700228e-05,5.96606280029975e-05,0.000211395177909728,3.68181719666612e-05,0.000105589527128502,2.70364447407215e-05,8.66230138415053e-05,0.000171396571866638,0.000263740885878025,9.01363725980301e-05,0.00121179068113272,0.000913599811804313,0.000363379262788442,0.000376989223222368,0.000232165368368595,0.000125560436619152,0.000137554778774489,0.00224219928772684,0.000987274537135908,0.000841063051459545,0.00147105082246718,0.000230998148827494,0.000203167573632185,0.000661187802220356,0.000240259900497624,0,0,0
P053,Productos alimenticios n.c.p.,1.98241764756857e-05,2.95114839785117e-05,3.09762814737428e-05,5.29003160141029e-05,2.25464157664335e-05,3.24394750052287e-05,2.77040822208392e-05,2.4999051050678e-05,3.94588104430997e-05,8.9705942194306e-05,0.000103319313975328,4.4522784132765e-05,2.98994134014939e-05,2.33563235874368e-05,5.45792506958194e-05,9.68746853057651e-05,7.21638003842653e-05,3.66505254921066e-05,0.00105188299079879,0.000112822173749599,3.07810461942539e-05,6.53741778088081e-05,7.64731543624317e-05,6.7402397299721e-05,4.80482774763801e-05,2.68832360060841e-05,8.0628077769055e-06,1.57424463864621e-05,2.373622121626e-05,5.86271540781109e-05,2.24254005142163e-05,0.000210971813167359,3.14025927949061e-05,3.23267599549917e-05,5.49198734496538e-05,0.000994709756638875,0.00837590546851924,1.34605579265878e-05,0.00264997588796063,0.000652329934767428,4.40057828828223e-05,0.0118661450512293,0.000117463527102942,0.000141921759229366,0.00261536427984734,0.00249720107974809,0.000796544267641455,2.19680794681295e-05,0.00641741906180451,0.0248809999121456,4.21094338925343e-05,6.13898829272368e-05,1.00719574998953,0.000106577552784375,0.000469052615481895,0.0052945425617821,0.045011006304617,0.000171765446682376,3.33912085907471e-05,4.1222851456813e-05,4.41229392180467e-05,0.000126852516565983,3.27271545640161e-05,9.74042830720961e-05,8.15551197397164e-05,0.00017553605696586,7.88480473017808e-05,1.11932510047154e-05,0,1.94272885764773e-05,6.93621059220081e-05,0.000140208545445105,0.000692972313858545,0.000377177926488028,0.00080473665806558,7.73934813925019e-05,4.3517933037436e-05,3.12788470240997e-05,9.21214442803246e-05,5.39719847973521e-05,3.52371376372799e-05,3.83448229588597e-05,1.80855128404345e-05,4.38966235049306e-05,2.85047180311418e-05,0,0,3.57413781092772e-05,0,4.34824079132997e-05,2.62681146640923e-05,4.46003193827852e-05,4.39683471488611e-05,1.64365130005339e-05,3.88259126997081e-05,3.70252624642721e-05,1.68097607907628e-05,2.74409729561003e-05,3.14082414381404e-05,4.09779014856723e-05,3.84577191348703e-05,0.000150379280587333,7.15394929437352e-05,3.73094944902759e-05,4.77914205550518e-05,0.00038959053968439,0.00018947954265466,0.0001161994579702,7.70202729842499e-05,0.000244226884413802,0.0271185007036274,5.80013858401459e-05,0.000309683581437433,0.000152497798756809,9.7814356299802e-05,9.36607661728722e-05,0.00015049914318808,2.56826107698377e-06,0.000133790554257082,0.000147548623350569,0.000160183639121191,0.000238632729845278,0.000210508233499749,0.000369929324875619,6.06412905379413e-05,0.000123164048730025,0.000731689570002919,4.42047341764132e-05,7.93632706606586e-05,3.2835564982542e-05,0.000150838012000764,4.35032270745894e-05,8.67516147169178e-05,0.00032463576487068,0.000142117348076752,2.65952529200127e-05,0.000628909033765313,0.0010270284866813,0.000260532441316738,0.000185757209025118,0.000187734139377536,0.000196700149191497,0.000222519673400993,0.000203959989003034,0.00284422163445581,0.000412351979217568,0.000648320304070874,0.0039596542295213,7.56865555200888e-05,0,0,0
P054,Preparados para alimentación animal,2.5933065765046e-05,3.79343348187739e-05,4.0206080299086e-05,6.70875635775826e-05,2.95126649739428e-05,4.16114659334464e-05,0.000134252154061073,3.24089190441248e-05,5.18093267438052e-05,0.000112936280597999,0.00012925075980619,5.7613165207453e-05,3.87170544614033e-05,3.11865990578983e-05,6.87237974550737e-05,0.000120134329624666,8.92533286200324e-05,4.93051554835743e-05,0.00128601858205269,0.00013970215723573,0.0785755233260018,0.495319082582418,0.487901169972191,0.309619879658528,0.265009944623398,0.00834641001501213,0.00136746995564265,0.000882822474773421,0.0455838647990597,0.285625786173596,3.00625430208076e-05,0.000259725146034912,4.2323868880624e-05,0.0483825147276957,0.331543810723825,0.294609090716328,0.129422461928986,0.000797513357084748,0.00241374440590939,0.000141662646791039,6.14460680245501e-05,0.000130034876018299,0.000384475535015533,0.0107231026243293,0.116379005112047,0.107929182210152,4.64410358531527e-05,2.85866538113266e-05,5.84498296278249e-05,0.00598484070701617,0.000113377779548521,8.22261503397957e-05,0.00107781552025869,1.03781651134128,0.0002352970834039,0.000233987433366273,0.000274656147096043,0.000215331723044046,5.75055276061792e-05,0.000246347857351051,0.0107966038589339,0.00266894870676424,0.000420323776354314,0.000122273494175423,0.000102875272017979,0.000220743720290272,0.000102169395978388,1.45250083851853e-05,0,2.54816813590392e-05,8.59944214750264e-05,0.000152225569877763,0.000255177433019138,5.40181328912609e-05,0.00109629056004217,0.000101778899224556,5.6215267500178e-05,9.16281765236559e-05,0.000118288015111485,7.04600698394898e-05,4.670585234729e-05,5.18617367297298e-05,2.45699399966519e-05,5.61363533563978e-05,3.88815385122805e-05,0,0,4.8891099535154e-05,0,5.09216110553043e-05,3.48631216643996e-05,0.000278019942345394,0.000100145747864183,2.79243314295269e-05,5.63363163947921e-05,5.20915295354792e-05,2.31523959020154e-05,4.79553290572257e-05,5.25524018999495e-05,5.54040819370095e-05,5.9074395753229e-05,0.000214160558937793,0.000112169018378133,5.06051361665008e-05,6.31403365002526e-05,0.000480258989885665,0.000100477894175658,0.000163231855872266,0.000103316784982625,0.000293512916315755,0.0329410742971843,7.77497398222825e-05,0.000307003922345206,0.000193255344794002,0.000123972203643034,0.000120499022984128,0.000191750361988546,3.71890991198235e-06,0.000168922974883153,0.000182545130535409,0.00019885749658411,0.000296752730664565,0.000505822573454572,0.000470853250433822,7.8359366344359e-05,0.000154790986960057,0.000612004055785717,5.9262021468296e-05,0.000100270856267331,4.1012019706263e-05,0.000191174223622445,6.08586991089068e-05,0.000110283422112819,0.000395374702057057,0.000174916974285768,3.42333310150428e-05,0.00078508069120695,0.00137124743270638,0.000528671740214532,0.000431241167644013,0.000230779666634692,0.000333599630255705,0.000319236929716104,0.000163768839779673,0.00093425896961107,0.00088711171620798,0.000802307850519375,0.00207138901633791,3.57484370273204e-05,0,0,0
P055,"Aguardientes, licores, vinos, demás bebidas espirituosas y productos del tabaco",5.02697288189493e-06,7.73041749700841e-06,8.16671890986572e-06,1.37666548940837e-05,5.73700164192675e-06,8.44831652275591e-06,7.16979438375361e-06,6.47219710184898e-06,1.01677203397358e-05,2.40689821106835e-05,2.7626198913456e-05,1.18842471885629e-05,7.87205219305081e-06,5.96832661939621e-06,1.43084648467079e-05,2.57431890639488e-05,1.91155919450918e-05,9.37139767656613e-06,0.000281883031077516,2.9967462728428e-05,6.73256129529244e-06,9.96194334430203e-06,1.28063031060463e-05,1.30076138104855e-05,8.62102746569299e-06,6.40957058681987e-06,2.10657252190258e-06,4.09234379155365e-06,4.98238945642399e-06,1.35698950683389e-05,6.36105930120333e-06,5.53806674638253e-05,8.33559525620698e-06,7.6030906259264e-06,8.93080326565651e-06,1.12395804445666e-05,9.15477626788509e-06,3.31609962823155e-06,0.00245425017673091,2.82676661492839e-05,1.12495832027967e-05,2.4613919730247e-05,1.1329732321005e-05,1.20165330883881e-05,1.50633242630521e-05,1.47953476812823e-05,8.50693911695078e-06,5.45695210072232e-06,6.56113862016073e-06,1.48681839026203e-05,4.61438576772033e-06,1.68436958047575e-05,1.77602662824388e-05,1.29983680340993e-05,1.05908600421642,4.73208986020376e-05,4.77823947906277e-05,4.4958392871492e-05,7.22297105307714e-06,1.02078391709982e-05,1.10314346958823e-05,3.26919513098226e-05,7.85461827582895e-06,2.55766819427995e-05,2.13471716703273e-05,4.79435794544002e-05,2.02909137189343e-05,3.1952834960613e-06,0,5.71061201898321e-06,1.70877869948145e-05,3.25738112651486e-05,2.14366092718301e-05,1.01983051460203e-05,4.24895737562694e-05,1.91763910113762e-05,1.12756051141131e-05,7.87906351646582e-06,2.54735111315676e-05,1.46923203321351e-05,9.35701095319752e-06,1.00879251411044e-05,4.9490480099343e-06,1.14520675191377e-05,7.44125725506442e-06,0,0,8.93032323849035e-06,0,8.58886491312349e-06,6.57935600655456e-06,1.11722203845646e-05,1.07356401830164e-05,4.23329841446632e-06,1.02524673669174e-05,9.58862829305119e-06,4.59367495733893e-06,7.15633785906182e-06,8.1536040417456e-06,1.08712162353537e-05,1.03464357912386e-05,3.75033432794224e-05,1.85157107157116e-05,1.01690006945852e-05,1.35693418823813e-05,0.000103905597869913,2.14146029189506e-05,2.9959167181267e-05,2.09589645999688e-05,0.000308649307007695,0.00714580613513569,1.58553563787492e-05,6.00553660609941e-05,4.10388427788418e-05,2.61936388294937e-05,2.46781363251678e-05,4.00003612527726e-05,6.90162635588968e-07,3.55248716606867e-05,3.98675249218703e-05,4.39603527947163e-05,6.46208572496077e-05,4.6835985714048e-05,9.8606670389481e-05,1.54303314730126e-05,3.33387697821601e-05,0.00013562075918578,1.19986497948446e-05,2.05772268101202e-05,8.55748278876114e-06,3.99251356925918e-05,1.15773067332685e-05,2.2598767438892e-05,8.70576858615122e-05,3.71188564086486e-05,6.27384321947341e-06,0.000147840624814925,0.000271382080551709,6.84460710064906e-05,4.91009331782014e-05,5.07276185671332e-05,3.43255771861366e-05,2.76247302973675e-05,3.01278073222373e-05,4.50712030093393e-05,0.000105083611942487,0.000172181174902894,0.000445042073652192,6.37730025068705e-06,0,0,0
P056,Malta y cerveza de malta,2.75754319031285e-06,4.21350591914801e-06,4.44896900851723e-06,7.55244062254827e-06,3.14664383852155e-06,4.63177363551063e-06,3.92940762713102e-06,3.54777006711511e-06,5.57408440590052e-06,1.31451096744516e-05,1.51344551254743e-05,6.46682327246308e-06,4.3152508646409e-06,3.27239921141324e-06,7.850335183098e-06,1.41172773037544e-05,1.04811045794009e-05,5.12567925750156e-06,0.000154596781792163,1.64363034643581e-05,3.42466736822654e-06,3.74023798103493e-06,5.37969270349157e-06,6.07851356505518e-06,3.83606872312342e-06,3.46567032214979e-06,1.14099731606354e-06,2.22942833834585e-06,2.58044328000071e-06,4.26200035153589e-06,3.38308309847267e-06,3.05156564219959e-05,4.5272696543953e-06,3.99888874972654e-06,3.74214015774534e-06,5.12862245834363e-06,4.54522537008553e-06,1.80730236155616e-06,5.59299711979607e-06,1.55074366820163e-05,6.16575733382551e-06,1.35003156908081e-05,6.19211437770579e-06,6.53271153347838e-06,7.85089802803796e-06,7.73284139230405e-06,4.66121544762178e-06,2.97636053427847e-06,3.59026815654239e-06,8.12714999147144e-06,2.5293130194764e-06,9.09386795833944e-06,9.66996676823226e-06,3.63074156852624e-06,1.00438407917449e-05,1.00002604796138,2.62558405378457e-05,2.4724844461179e-05,3.95389291087282e-06,5.59560689163607e-06,5.99805339624676e-06,1.79414614534062e-05,4.30181031500453e-06,1.39957077433637e-05,1.16851855000207e-05,2.60762770581747e-05,1.10994855927714e-05,1.69101599937084e-06,0,3.00671821398442e-06,9.38594530260023e-06,1.77916831284864e-05,1.17336076705719e-05,5.46863477374342e-06,2.32554896318154e-05,1.05335321003338e-05,6.17420077052094e-06,4.30401156211591e-06,1.37867861895805e-05,7.89871687388328e-06,5.09586246639351e-06,5.49731366884944e-06,2.64264699055234e-06,6.26555545032708e-06,4.04153105165342e-06,0,0,4.86069252996145e-06,0,4.70102209566245e-06,3.59806603031097e-06,6.13700481545227e-06,5.89120165464918e-06,2.26149941608073e-06,5.60234111456784e-06,5.24707710004977e-06,2.43871444052053e-06,3.89664740573724e-06,4.44005901139569e-06,5.91863099437239e-06,5.58978127829226e-06,2.05817439365738e-05,1.01100987529231e-05,5.48774526515814e-06,7.24614854509566e-06,5.70213470547906e-05,1.17191759394908e-05,1.63828712090655e-05,1.13347317535222e-05,0.000128805775393325,0.00394111126286613,8.59301372247537e-06,3.29518820165353e-05,2.24220951603783e-05,1.43304367809962e-05,1.35166283247215e-05,2.19313814517891e-05,3.7437165469766e-07,1.94942092289339e-05,2.17660114181631e-05,2.38671674512822e-05,3.52751279030297e-05,2.57275676056173e-05,5.40751043001551e-05,8.4113371802413e-06,1.81967594509374e-05,7.37460978627703e-05,6.52201431387399e-06,1.12765085148091e-05,4.64920626869622e-06,2.19237607039294e-05,6.24979072664966e-06,1.24331797566491e-05,4.77471897337996e-05,2.03817682678509e-05,3.44084256413365e-06,8.13937003808548e-05,0.00014936829121628,3.75869480003313e-05,2.69691213762244e-05,2.77263634404068e-05,1.88583618752037e-05,1.51581170623491e-05,1.65271686983235e-05,2.47073967192527e-05,5.75867712906388e-05,9.46173181422215e-05,0.000242406236830832,3.5048858488969e-06,0,0,0
P057,Bebidas no alcohólicas,8.8653509724111e-06,1.34101574175413e-05,1.41476023981061e-05,2.42801615682958e-05,1.01142143371661e-05,1.48783023372855e-05,1.26176777408179e-05,1.13941938752918e-05,1.79047467771064e-05,4.19625609585316e-05,4.85430616658001e-05,2.05284439483713e-05,1.38559034435443e-05,1.05121197321794e-05,2.52401230181077e-05,4.53519817704826e-05,3.36663357844024e-05,1.64065272069098e-05,0.000496698720302684,5.28142887405677e-05,1.0991893298906e-05,1.17583400965336e-05,1.72966816828806e-05,1.94784103001834e-05,1.2335998746658e-05,1.10349529205856e-05,3.62059812625965e-06,7.10734937387443e-06,8.30315641107689e-06,1.37014291311049e-05,1.0347868768629e-05,9.87563573976375e-05,1.43387904246848e-05,1.28120287181155e-05,1.18429051389214e-05,1.77359758523013e-05,2.81574240253457e-05,5.7664306298632e-06,2.48802614097104e-05,5.0704443718636e-05,1.97950512357579e-05,0.00440888521148718,1.99127277078132e-05,2.10344184485263e-05,0.00109273081887636,0.000967541251182969,1.61544260633753e-05,9.48493472113469e-06,2.15000230134804e-05,6.81586048582466e-05,8.16078392941626e-06,2.8507817031216e-05,0.00160636986478948,1.16789449776405e-05,3.86592888910765e-05,9.21676246384331e-05,1.00015658613287,7.97816639391545e-05,1.26795011190613e-05,1.79742627436815e-05,1.91977629341969e-05,5.77523917770272e-05,1.38051891021425e-05,4.48148355039272e-05,3.74359869052885e-05,8.26975563278309e-05,3.55257550670951e-05,5.12953188583456e-06,0,9.04052752496947e-06,3.02416311964812e-05,5.68312177078368e-05,3.86345551231233e-05,1.7488183869092e-05,7.55085803130945e-05,3.40136475994424e-05,1.97928717412377e-05,1.37509524038359e-05,4.33841794598401e-05,2.45960646175454e-05,1.62053423804606e-05,1.74894513622811e-05,8.13671337560826e-06,2.00583012691528e-05,1.27914216735948e-05,0,0,1.54394767903699e-05,0,1.50816677979507e-05,1.1513442940614e-05,1.97762091918837e-05,1.89572936115267e-05,6.9703048550618e-06,1.79017451153031e-05,1.68124409999724e-05,7.43697284683634e-06,1.23894177574368e-05,1.41194288645436e-05,1.88167364539228e-05,1.75510535291087e-05,6.62119382147659e-05,3.22679436874021e-05,1.71902576591803e-05,2.23142514546271e-05,0.00018337951838587,3.7706720642672e-05,5.24151448457118e-05,3.56278060472793e-05,0.00021212794123253,0.0127718690103775,2.71025783608907e-05,0.000115422472443386,7.16215762395696e-05,4.58706809166074e-05,4.34371924947287e-05,7.04350625801175e-05,1.18281389962322e-06,6.26936067176393e-05,6.94399317349345e-05,7.54775639079393e-05,0.00011251887274298,8.29228699645287e-05,0.00017372195999744,2.70914458882254e-05,5.80284329111959e-05,0.000234156886748766,2.06672278245394e-05,3.61932433043327e-05,1.48812715035675e-05,7.057690174707e-05,1.95927648892376e-05,4.01443176427956e-05,0.0001534091548339,6.56142916645566e-05,1.10625359369098e-05,0.000263308427097907,0.000482603873360425,0.000135433365178769,8.68595338043544e-05,8.861393220303e-05,6.09438446761008e-05,6.01154592143289e-05,6.15258112583209e-05,0.000382541821276219,0.000184863970395763,0.000304923248914378,0.000860824333380188,1.13790612932734e-05,0,0,0
P058,Aguas minerales y otras aguas embotelladas,6.53054453847832e-06,9.48392196961556e-06,1.00724778883672e-05,1.76146218133147e-05,7.5678414879333e-06,1.01973432498362e-05,8.78025743692221e-06,7.93733659979093e-06,1.24332724011859e-05,3.22392984663791e-05,3.17891425852363e-05,1.62553823502288e-05,9.19096748050862e-06,7.68646490665138e-06,1.68905384949051e-05,2.96761309015892e-05,2.25172726665767e-05,1.14597935782554e-05,0.000316803890894188,3.41511532424828e-05,7.34578409882125e-06,9.35623976929925e-06,1.17958181794623e-05,1.33792215223778e-05,8.22781645475785e-06,7.85937684004775e-06,2.51366646311232e-06,5.08522429165901e-06,0.0230418441783495,0.00141580112775944,7.80592777846974e-06,6.19281754812133e-05,1.04492041904453e-05,8.82095817192681e-06,9.09823767789658e-06,1.16190448486666e-05,1.01937017269714e-05,0.000397890968248175,0.000244560381498751,3.27857842311739e-05,1.32624908543613e-05,2.85366114920391e-05,1.33832103085222e-05,1.41344148519622e-05,1.70317940378729e-05,1.69186188528879e-05,9.78803291358917e-06,6.76081404882771e-06,8.23674089463245e-06,0.000122350758820767,5.81130577369167e-06,2.24395507226974e-05,2.14174000843325e-05,8.63008196412344e-06,0.000100580234610104,5.32520068659089e-05,5.47857939620834e-05,1.00005101585335,8.77745613087133e-06,1.20029065195066e-05,1.29409288930159e-05,3.7320884097216e-05,9.18333149847292e-06,2.95162728378392e-05,2.47358429487168e-05,5.52787770536655e-05,2.34398200171066e-05,3.96721258431845e-06,0,7.16506737148415e-06,1.94173349696245e-05,3.72116172751779e-05,2.46729522601779e-05,1.2870021356968e-05,4.83434066421133e-05,2.20144201943339e-05,1.30636434583558e-05,1.0062145217441e-05,2.97233920994186e-05,1.84553432083285e-05,1.10657896821086e-05,1.19870072856751e-05,6.39555156478715e-06,1.36488885729292e-05,8.88194894879834e-06,0,0,1.07445574814243e-05,0,1.02940118551489e-05,7.90348447122868e-06,1.31845483015199e-05,1.29190070412144e-05,6.0531118542211e-06,1.19020744787959e-05,0.000126161441679421,6.83457699726995e-06,8.68813313187909e-06,9.94379006892537e-06,1.28122783650105e-05,1.24639313717041e-05,4.49796809994249e-05,2.1577325843302e-05,1.25839733732054e-05,1.68176414653619e-05,0.00011661960163286,2.47886922755429e-05,3.43859578474683e-05,2.47606414206647e-05,0.000525106332090306,0.00791283422676789,1.8397657041856e-05,9.8078993545065e-05,4.68766195674092e-05,2.98005500851867e-05,2.84541458356307e-05,4.51270499900457e-05,8.16545133058127e-07,4.0934329014621e-05,4.54120079149043e-05,5.06988614058102e-05,7.35376733120815e-05,5.28678428017335e-05,0.000111381185367258,1.89664390296914e-05,3.79162108996632e-05,0.000219001616928061,1.39693994155992e-05,2.42372569611552e-05,1.1368098236269e-05,4.52754373823161e-05,1.39961008417956e-05,2.56049483860592e-05,9.78364972852578e-05,4.18970895731071e-05,8.38740673979432e-06,0.000165495973733597,0.000311837325002106,7.88313889188568e-05,5.64276375965834e-05,5.79115994311573e-05,4.01630348571771e-05,9.55735589569959e-05,0.00124802356445953,0.00102733199575704,0.000124020338098398,0.000192753908142409,0.000560110388362937,2.03553970099699e-05,0,0,0
P059,"Hilados, tejidos, telas y otros productos textiles excepto prendas de vestir",0.00107454443909319,0.000543783152658059,0.000423345933029965,0.000680275629382102,0.00126224976507159,0.00144435502882069,0.00182776940032176,0.00174212926458627,0.00233947712963407,0.000493210222213782,0.000532153727786391,0.00307333835966459,0.000258943355262971,0.000498062680322893,0.000520116781996967,0.000620596251710111,0.000249179744821578,0.000310024782668765,0.00112160789990781,0.000474788673062766,0.00032626960224763,0.000282029617860458,0.000487805604201527,0.000334138225911528,0.000232481275006547,0.017173267961949,4.67641705459512e-05,0.000140573048532708,0.00318488664705459,0.0145082339941983,0.000296454317639496,0.000653925040645838,0.000217391849902544,0.00189489168096263,0.000278227319544446,0.000505789512259626,0.000405341066641235,0.000125874544227894,0.000242312870617674,0.00169392237891533,0.000672609299168968,0.000756217095645686,0.000330366359579164,0.000337201245417523,0.000299264067434499,0.000287256055827727,0.00303103868886176,0.000195681055265633,0.000950772989618602,0.000863016311255442,0.00131790720243606,0.000771681669407943,0.000475398054849677,0.000397956740398163,0.00125921406423653,0.000280375479742744,0.000777527305169604,0.000559008482631209,1.15605567062308,0.147553549635928,0.00662047912929871,0.0318350257846043,0.000180629854273331,0.0023599178969611,0.00276594001955573,0.00199355984709385,0.00225519729728899,0.000163312630185408,0,0.000287910754108596,0.00436987637329025,0.00152153283464722,0.000543414778938255,0.00336566286708055,0.000964376955847943,0.00235406611605262,0.000533659713295079,0.00115454005736243,0.00130072984885501,0.000638577901023738,0.000273607589787329,0.000278050757374236,0.000137175105840381,0.000104362134638329,0.000355739638698074,0,0,0.000807314762382301,0,0.000332181684799805,0.000243541540336416,0.0247603035630859,0.0108317014317815,0.000327460492256717,0.000187694952663241,0.000414354306369438,0.000216409797881714,0.000379622901357893,0.000457022227265056,0.000774260482846033,0.000560805048108705,0.000358313803093775,0.000866060951192889,0.000196103474763671,0.000308373223055533,0.000819226709456794,0.00025061376166232,0.000445542592282173,0.000566122172752814,0.0189504113514177,0.000729402178227775,0.000148901277284449,0.000910345180691821,0.000793373976153299,0.000421979643182192,0.000180097427273614,0.000354515442959635,2.89837721396662e-05,0.000193321671383282,0.000225365534067751,0.000341600805345898,0.000345000809031875,0.000626888193933145,0.00146238525790313,0.000291375490869533,0.000334568308769665,0.00155440807122657,0.000520284829118954,0.00253779909045949,0.00013788454442875,0.000259629622105051,0.00118047002108765,0.000298301233535172,0.00015258163909796,0.000680491491737072,0.0213902289919299,0.000864013029630144,0.00128243705001377,0.00108944483282069,0.00154122195957628,0.000424205771326259,0.000481436735850731,0.00505001359265232,0.00151032934028981,0.00255292041173788,0.00304072471388377,0.000399268188877816,0.00139122848424268,0.00279778018502146,0,0,0
P060,"Prendas de vestir, adobo y teñido de pieles",0.000232874067596145,0.000288555813220898,0.000259213502003586,0.000331409849142947,0.000245380635406178,0.00105616626884057,0.00109695381902021,0.00104210305813455,0.00145425680922088,0.000566380284441452,0.00166428068172181,0.000312663455548561,0.000157322239713632,0.000235691047727851,0.000300019916811843,0.000164153626773173,0.000159651645072987,0.000283138137994023,0.0023772741828119,0.000409319325823031,0.000336556422814139,0.000237758971456055,0.00192309494932597,0.000790217709808344,0.000739968502440885,0.000193506340396508,6.47015919862658e-05,0.000123683498275873,0.000109863994926347,0.00021425773287412,0.000198540519010596,0.00036713795937081,0.000248835654218436,0.00118308385997836,0.000224008832203357,0.00185421159515681,0.000852487187731943,0.000182756135609532,0.000301056999501178,0.000831439591596688,0.000294482920729571,0.000546619301808384,0.00040913324211408,0.000431838322673409,0.000579092173771934,0.000551746656731617,0.000939546280546771,0.00022460103768881,0.000807276774638476,0.000662812115820167,0.000299982207502824,0.00040526513112525,0.000560227792555011,0.00032511217206174,0.000837856341820476,0.000672556823967513,0.000896938940872703,0.000827776094906672,0.000692443106107638,1.00582432956443,0.00398599430560974,0.0014444234671988,0.000239492361446153,0.000245872260207612,0.000272257226234419,0.00070087457365075,0.000416876119213807,8.85320237487985e-05,0,0.000112800733896406,0.00166003634912174,0.000660021239367984,0.00224040328947922,0.000510489837507874,0.000479871448117788,0.00128119617089278,0.000765006712857272,0.000208943728656192,0.000282698368723713,0.000282539805581873,0.000349109176801914,0.000427299879092995,0.00011635284062845,0.000156251630290924,0.000169977215836312,0,0,0.000537548733069091,0,0.000268641676345423,0.00102265252795635,0.00241770066780717,0.000695435639646304,0.00117137925384234,0.000505664615444069,0.000751474561950132,0.000187319753755747,0.000180204168135342,0.000236434425415255,0.000225957476721275,0.000500111785928273,0.000783544555714118,0.00157034123491177,0.000380615632693413,0.000465587270519035,0.00100616429227025,0.000860488081986297,0.00133255977021392,0.00149832643560278,0.000774177333112215,0.000776305675173461,0.000127571450698546,0.000860474864969227,0.00367482558654124,0.00182496945425153,0.000404171272448973,0.000969625126754324,3.9229442427294e-05,0.000414429686356975,0.000212054235260349,0.000231382149054206,0.000686495447373383,0.000470784071337475,0.000753852061666593,0.000402101421702003,0.00141161709907069,0.00324326637242128,0.00295158609869053,0.00679254646366329,0.000313572729522472,0.000490809376291076,0.00121923105050516,0.000764329619424275,6.14562400348736e-05,0.00103875211963751,0.00335909789235369,0.00186878475216235,0.00371807127724166,0.000813311670204405,0.00458944963658207,0.000439912654519499,0.00199886998869935,0.00225790963830302,0.00269034171127318,0.00233650552369448,0.00313262710514408,0.000444100659039212,0.00171648522622637,0.00302552879959429,0,0,0
P061,Cuero de piel curtida o adobada y cuero artificial o regenerado y artículos de cuero,1.48427107611289e-05,1.61266418052667e-05,1.68394944560597e-05,2.21424203291497e-05,1.67501300339289e-05,3.1968384241485e-05,3.38680844780898e-05,3.14766000559427e-05,4.73387595680121e-05,7.77103276568727e-05,5.43312893313262e-05,2.91561758667994e-05,9.85445909662716e-06,1.38044278697601e-05,2.14603109551276e-05,1.62904593098023e-05,1.62726072234938e-05,8.52355194588877e-05,9.05228870820519e-05,2.02801829620925e-05,2.33792131156064e-05,2.42795619889847e-05,5.2236041653105e-05,4.3162990847292e-05,2.28872748758559e-05,6.80063408232432e-05,2.1853630563592e-05,2.59986411867262e-05,2.00810608771421e-05,6.07818663791552e-05,4.96797614837719e-05,5.19728393993273e-05,5.89021112136335e-05,0.000195446602563215,2.43993573379863e-05,0.000120255176302865,6.06291659711091e-05,1.37703662003182e-05,4.28962643578061e-05,5.187641423956e-05,2.24199411818715e-05,3.81182100004747e-05,2.59788573193855e-05,2.92741211770785e-05,4.08939088403865e-05,3.89444896211876e-05,3.5834639166039e-05,1.70351947354945e-05,3.40737960930856e-05,3.31563112826944e-05,2.1102945610471e-05,5.17472635724283e-05,4.07161923055551e-05,2.42330662083831e-05,3.96151954039428e-05,3.34829845079205e-05,5.32593078970901e-05,4.22035538295861e-05,0.00200917896508716,0.0192786147942824,1.0636114160747,0.222216251704754,3.17076950210242e-05,3.25772311996318e-05,3.75093963485646e-05,4.4164684051809e-05,4.75964589238463e-05,2.35621128043704e-05,0,1.92450172670203e-05,5.30717226824849e-05,4.37685238894109e-05,7.32717630537234e-05,4.72706770027547e-05,4.03550403276402e-05,4.8261964200525e-05,4.35659927039069e-05,3.0944581041427e-05,4.13646432797982e-05,5.99216643659997e-05,2.76605293059253e-05,3.12762337856211e-05,1.72444442482113e-05,2.10299523706447e-05,2.60702081193951e-05,0,0,3.13466661823544e-05,0,2.53878761228189e-05,3.58409892271207e-05,0.00970251614892579,0.00302210325277413,0.000135627910193485,2.2063330046731e-05,0.000151043577005826,0.000132479492168885,6.8561546394501e-05,9.80192725965955e-05,3.39766734121599e-05,5.33773087798717e-05,0.000123170638551837,0.00243439319874832,0.000148361947593679,0.000113347243415327,4.8830031200124e-05,4.89198791443363e-05,9.09261035131692e-05,0.000211231898355961,0.000124175290349466,5.10385539658904e-05,7.73298552810494e-05,0.00017023486439994,9.91386124670494e-05,5.22971474349207e-05,2.1914421530166e-05,4.73366869866063e-05,2.86919037700165e-06,6.20461015115267e-05,2.68510530613413e-05,5.10083363634869e-05,4.1139817363181e-05,7.34847867005284e-05,0.00013381458432498,0.000151646847154461,3.87375890591159e-05,0.000717136124018437,0.000139999848429288,0.000176851795701507,2.90765580907932e-05,3.76625542064699e-05,6.58913580207659e-05,0.000177874982211006,1.40944412188243e-05,4.7316512172126e-05,0.000129335527021562,9.41871190338789e-05,9.77409054359136e-05,5.05261141075787e-05,0.000120142949177653,3.17184546461856e-05,5.80437797927852e-05,9.77347278075992e-05,9.79610007823599e-05,0.00073899775179733,0.000158115862037803,4.05672217078469e-05,0.000389727658803009,0.000317143436927653,0,0,0
P062,"Calzado y sus partes, de cualquier material y de cualquier uso",2.24542316652725e-07,2.90510412121644e-07,3.39295332627616e-07,3.65110241798814e-07,2.59477326952528e-07,3.07673754673082e-07,3.00315282455939e-07,2.73213233436051e-07,4.25560154994457e-07,1.07986747002373e-06,6.81769972434792e-07,7.56586597883301e-07,2.14375689869711e-07,2.42955859009702e-07,4.2849553086746e-07,4.88949733561471e-07,7.07154809461047e-07,8.57000047648885e-07,3.64076020309991e-06,5.33744561348627e-07,3.70558872555863e-07,5.30827923766963e-07,4.93649532742376e-07,6.57989879201241e-07,3.20758412428252e-07,3.66464933620105e-07,3.58308536587555e-07,5.72576431074806e-07,2.65917334757574e-07,4.8809576408474e-07,7.7890616177211e-05,6.08880214475607e-06,1.78266321117494e-06,0.000666843564441069,4.74493974208931e-07,0.000242921165817818,4.35796582853712e-05,3.19949917539662e-07,4.96279214016068e-07,9.57771545511736e-07,4.18258749158017e-07,7.6366201308034e-07,5.90348500303095e-07,6.13755417060427e-07,8.23325867481417e-07,7.94761688095322e-07,6.21904683578912e-07,3.71893963771458e-07,4.83422805837837e-07,6.88862005416426e-07,2.32360119930451e-07,1.17447140689156e-06,9.97129037769581e-07,5.78139002679697e-07,8.04166356818189e-07,9.14291125896696e-07,9.26784653633786e-07,7.30824870807429e-07,7.78355771847935e-07,3.19588958408632e-06,0.000148530608121675,1.03485709573207,5.38403742145348e-07,8.50063157539866e-07,7.42247322613114e-07,1.33470124582505e-06,7.69465242084279e-07,4.64111871752314e-05,0,1.17195583225137e-05,5.75124953145225e-07,9.54431562941994e-07,6.93498334333063e-07,9.52466812558865e-07,2.3014248388087e-06,6.35625222691386e-07,8.3401281212714e-07,8.94795620099381e-07,1.60636443518494e-06,1.64141811409531e-06,2.28884437672479e-06,6.23046426421137e-07,3.85903961647284e-07,4.89905477960628e-07,3.90218061678174e-07,0,0,6.72206399523497e-07,0,6.521232705351e-07,7.46924251313976e-07,1.89305850409057e-06,9.27893280144508e-07,3.34046685545848e-07,3.62057201304138e-06,1.76747734478669e-06,3.78304152461404e-07,1.0407131715924e-06,1.23219130222052e-06,2.0275658171272e-06,1.45753351585687e-06,1.44898053855308e-06,1.05931729401884e-06,6.78613908475273e-07,1.49570369993138e-06,2.14194439447426e-05,2.13118844126389e-06,1.71393400004137e-06,2.21702649310722e-06,4.43689981473932e-05,4.20541425014532e-05,7.92347000833029e-07,4.61464588498682e-06,2.79366374155169e-06,1.58775694537417e-06,5.90012006220248e-07,1.00955201176404e-06,7.95104628914338e-08,1.58694952458137e-06,1.09785531123185e-06,1.27408519772181e-06,2.19002499263719e-06,1.22815261777718e-06,3.88162973118136e-06,3.26020140807116e-05,7.49461228894187e-07,3.14825574838547e-05,4.24490750095398e-05,1.33664828761739e-06,7.61940887880876e-07,8.49548344640549e-07,1.22390688900651e-06,7.80204554373135e-07,1.07051408421507e-06,1.11741478826958e-06,5.39751629928992e-07,3.96605263396279e-05,2.98919908654125e-06,2.02220314789036e-06,1.02140981774907e-06,1.99752392034803e-06,6.71129917718522e-07,4.61181071030806e-06,4.09913388314038e-06,5.13466667618859e-05,6.29102275516742e-05,2.61008630971871e-06,0.000393283184129447,0.00106855578747063,0,0,0
P063,"Madera aserrada y acepillada, productos de madera, corcho, paja y materiales trenzables",5.52966236960705e-05,6.41762186713102e-05,7.47477056681418e-05,9.87401732355627e-05,6.38917508085832e-05,0.000229649307838498,0.000271112497715013,0.000226286488890966,0.000326435361468399,0.000304710234605248,0.00405560725887402,0.000187179207153827,4.83591137171932e-05,0.00214240422518726,7.78659574385363e-05,6.48839162700817e-05,6.96234366171586e-05,0.000216652246802522,0.000405883909024569,7.99319145077806e-05,0.000814841850995911,0.00017243105367857,0.0013791477399749,0.000672562117921724,0.00119025769961707,0.06436233778608,4.00449456443444e-05,8.68287386754476e-05,0.000130336177186701,0.00136846872707949,0.000317142419422894,0.00034202990033116,0.000288122466997515,0.000640020864955118,0.00017166509897682,0.000993203182043499,0.000428888366458936,0.000111134327858969,0.000189093294788002,0.000527613676518229,0.000286876392468548,0.000524002819025393,0.000207567941629361,0.000221424158622284,0.00151288931041194,0.00144127417487747,0.000183483761035805,7.96047642649952e-05,0.000249198562594395,0.000326515234694464,0.000174505359270024,0.000363904487039365,0.000241772505442179,0.000148271638869248,0.00413019830669706,0.000398099779037838,0.00286611501603062,0.00296255958151501,0.000415255672256133,0.000706497548682506,0.00646454162509965,0.00158079920831723,1.09260412045119,0.000305658893540806,0.000350448168069823,0.000330401961778888,0.000397968048116404,0.000181602884630667,0,0.000362010595091161,0.000126357253078976,0.00218836243724425,0.00029152193382175,0.000880173997068185,0.000267762019061242,0.000436378346589363,0.000242068692741454,0.000225547611178005,0.00046006065376064,0.000339973162381101,0.00137247831514423,0.000147547159834156,0.000226401794948608,0.000146417765664024,0.000123335809431709,0,0,0.000252214864610139,0,0.000143771948514985,0.000427290974142705,0.358737593801899,0.00884060917550047,0.000118793048062367,0.00112281692279149,0.00114876525031472,0.000255391422966176,0.0275587338980861,0.025148292333791,0.00459840225139758,0.0220215895168335,0.000470980324005403,0.000290475759479624,0.000175985199569077,0.000316689513088069,0.000513087845937282,0.000406528423318767,0.00451546830444674,0.000479055997054479,0.00120451272350202,0.000562658996562514,0.000293021105964137,0.00126480562235832,0.000532586658715538,0.000326664160460364,0.000177466871151182,0.000279064220559662,0.000991501479286981,0.0014572603819022,0.00024302717335291,0.000237634746240938,0.000318433957080763,0.000358013487326533,0.000633903545793302,0.000253835897813997,9.14304660337443e-05,0.000473825113507706,0.000160941574210807,0.000521921891848769,0.000316699378376485,0.00073841980984072,0.00127401446602648,0.000246146830098429,0.000102276293995222,0.000260953247624813,0.00227028597177106,0.0035960586987542,0.00118397006989797,0.00513464580014429,0.000542237652701765,0.00105485645760279,0.000269174331512087,0.000414717774355764,0.000434885844381354,0.000478752921314585,0.000840075584999115,0.00073427195445012,0.00187497550113784,0.00129176055880281,0,0,0
P064,Pasta de papel y papel,0.000143580339837716,0.000176839828965451,0.000193313517928035,0.000216014741221846,0.00016073852952822,0.000552226837482328,0.000596778136327792,0.000535448647001754,0.000780940194323796,0.000388066985159644,0.000831357975574252,0.00362692239036835,0.000667450223939975,0.0025007379781732,0.00018863225880347,0.000157456136947878,0.000142636850743595,0.000713327869435303,0.0015669104577328,0.000275475683130957,0.00049176837251678,0.000894916285430895,0.000234593835536182,0.000602789742875513,0.000772733532190963,0.000368951575644594,7.87002326110816e-05,0.00110901713117473,0.000194030206690207,0.000234743533192149,0.000171174874879891,0.000216942125876337,0.000614686370837244,0.000451204577637114,0.000693989357261997,0.000448526808469485,0.00141724910733711,0.000244726468016093,0.00038389760193832,0.0071256571568679,0.00156586501980548,0.00693641175408806,0.00120185729850381,0.00103898885850377,0.00081695626715699,0.000721842389527659,0.000272121037297573,0.000312029996914285,0.000704305116774483,0.000507406564444451,0.000336469864292345,0.000442862796263697,0.00348234999196396,0.000234778404796681,0.00346863900286998,0.00190013367621587,0.0029984793635669,0.00228370724359376,0.000678542866325818,0.00185912927311254,0.000415203964901915,0.00106709720693148,0.00168508012330437,1.07874480253054,0.0741850204511608,0.0194383596563074,0.0620282426789725,9.5470625825323e-05,0,0.000166470535887259,0.000454113654688246,0.00175954767478227,0.00367727377406368,0.000967620960649644,0.00372329224801949,0.00235849626952123,0.000509166472544009,0.000944459612878746,0.00224733713571695,0.00149627550973608,0.000519109269288947,0.00032823685524749,0.000291877634000173,0.000345583153468898,0.000233901374289061,0,0,0.00150139556702714,0,0.00914617713671382,0.000365370838226565,0.000783739543133096,0.00521682663995481,0.000303647885080256,0.000248771793543225,0.0006292825503387,0.000281057793332476,0.00052145703553835,0.000619561803837699,0.000477637856596192,0.000768229775544394,0.00149396338578357,0.000627575967296421,0.000447102359766936,0.00049292221881913,0.000750529904335641,0.000539345500655378,0.00405313314166817,0.00157149212145863,0.00343547779768476,0.00176644109202872,0.000345789521993915,0.00199134790075238,0.00160806511793712,0.000908090860600339,0.000485602403487366,0.00064133134021285,4.25527628307394e-05,0.000387429349398101,0.00224881056763506,0.00158494974907055,0.000862454674326265,0.00111587204276523,0.0035975276748176,0.000362947996372583,0.000966396923826398,0.00114675629733024,0.000243026332554785,0.00103120472910954,0.000360455330505129,0.00107693580791059,0.000613873647639953,0.00082644707487011,0.000102709508671644,0.000371787199274436,0.00351693163198158,0.00114151833133556,0.00104240586675337,0.000801570601065223,0.000637194871574438,0.000842746538777452,0.00118244020095951,0.00135218663439206,0.000891605543830178,0.00159404305631848,0.00168467510198775,0.000792266329101661,0.00119280695124,0.000665589997227751,0,0,0
P065,Envases de papel y cartón,0.000432451407110453,0.000518819206196323,0.000575072618263848,0.000648869926237912,0.00048381801181185,0.00319318995421976,0.00360601571729713,0.00315204128777519,0.00444959074506225,0.000704819922997888,0.00274177436026916,0.0345742984219421,0.00615323075324146,0.0274374815117622,0.000501401848797213,0.000354050301275756,0.000408878249713406,0.00155738281835491,0.00461311282089244,0.000868025070200092,0.000586877713399401,0.00210549180796966,0.000640168220688047,0.00125532096394313,0.00165782440753716,0.000730645625702706,0.00018166884183162,0.00502346059140995,0.000557139572289409,0.000640397652772235,0.000431462445199072,0.000759891585942777,0.00187065582879046,0.000675913671708613,0.00171797731307018,0.00134583912145074,0.00457277980014538,0.00174982528482762,0.00239897109229147,0.00209717103631342,0.00391111087987657,0.00382331062947234,0.000879947758116839,0.000996198755478713,0.00338550307129307,0.00319895934261974,0.000595619295950158,0.000526492343430107,0.000976573431011069,0.0015329003060138,0.000807872922944426,0.000691534964346916,0.00323023404590679,0.000583766312842301,0.0190217370241095,0.0104427110797657,0.0067396681309427,0.000607016788549239,0.00167983308713462,0.0040234623818983,0.00108781290915459,0.00413915971967358,0.00177106044392888,0.0042056529618362,1.00362209188521,0.0070384784181518,0.00865948833979474,0.00022518273092995,0,0.000414601043538788,0.00106004977513801,0.00450446681419932,0.00763782748837252,0.00201274847403635,0.0445368389609647,0.00131585600295835,0.00140820390552245,0.00653630289414397,0.0253831661977526,0.0126247980054555,0.00257381768410392,0.000769589621187544,0.000712434668824191,0.00133697465093665,0.000773514299809867,0,0,0.00228573576782491,0,0.00153758245065655,0.000754250705971138,0.00121887111845478,0.014648822536348,0.000699079358475045,0.000430897335102799,0.00113806085816304,0.000837009694659411,0.00322353790978565,0.00321055229161358,0.00316507240630438,0.00336157032816264,0.00641074581486283,0.00106229402317425,0.000868691342131682,0.000906841178439759,0.00116563515251263,0.000748995025414533,0.000913048649412303,0.00154369907549476,0.002306771914374,0.0109920417099507,0.000526580978876222,0.00226977935508568,0.00103627272587394,0.000609271039438,0.000610195148074373,0.00120082123730756,0.000156272885498354,0.00130626018329337,0.00536200289909353,0.00530607549420129,0.00171106574304074,0.000884335459708418,0.00221532857342319,0.000534321299748983,0.000895490298555992,0.00169409451627362,0.000303958256117614,0.00177690040250157,0.000634399849527509,0.00161045766060328,0.0012104342524574,0.00127732362804253,0.00025508165482321,0.00123849666733142,0.00350377547447435,0.00153993253909187,0.000861265340954002,0.00132239840252154,0.000367611007085727,0.000513854870722212,0.000577645128379666,0.000689592413219745,0.00146041447177288,0.00204959533061695,0.00143292442798256,0.00168122433132144,0.00189860496799851,0.000970056368712804,0,0,0
P066,Productos de la edición,0.000221631551954534,0.000264980347823112,0.000220066692772268,0.000341738006856064,0.000227137510522713,0.000126353157194862,0.000126779174035398,0.000114518964427503,0.000178466369855163,0.000241881144307121,0.000131520040949521,0.000325361777530252,0.000109327746112989,0.000205089337733463,0.000254453563615627,0.000143856544401511,0.000128856022943398,0.000594863465914803,0.00025302364500768,0.000210572701673916,7.76121996310716e-05,0.00139015892755878,0.000216527531825839,0.000137095538174087,0.000159408799894663,0.000145316545836179,3.12690734885796e-05,9.85688406121255e-05,6.68715249784526e-05,0.000114881769700389,0.000191512084138148,0.000188046016628714,0.00029984185788342,0.00011417770396467,0.000967687388712032,0.000197687731424723,0.000890544944483756,6.14751750957974e-05,0.00010336516584665,0.000438552176985338,0.000254023536538663,0.000318825065191983,0.000412985642889908,0.00048485872656209,0.000284404301120456,0.000301477313521683,0.000160349314707519,0.000139242760072543,0.00015298484216106,0.000206469141746807,0.000168620865397471,0.000214105180937406,0.000471653700822002,0.00012865288089779,0.000331186018287659,0.000490817778240201,0.000366090640163509,0.00029415312238734,0.000276566409991954,0.000462654507749248,0.000138211852149205,0.000147811937942997,0.000441921792236453,0.000265589606218542,0.000275011877555184,1.00056834933549,0.00388451260019293,0.000109929409380382,0,0.000182837114270325,0.00183889008584516,0.000929730031517849,0.000358351015607884,0.000819976765915994,0.000853549710938285,0.000272732727271109,0.00561365111024511,0.00019418337146187,0.000295547989452013,0.000247363054652456,0.000166801461132549,0.000167011337204567,8.36695325951573e-05,0.000100626014569777,0.00011447316135719,0,0,0.000387026117753869,0,0.000136969323539556,0.000169211476502198,0.000230561992362953,0.00084452616826536,6.22066609162092e-05,0.000191622851113369,0.000249449991450075,7.31479347145808e-05,0.000131542841241677,0.000142804129846856,0.000170017224666008,0.000204794792218071,0.000625082167796855,0.000153482871267191,0.000141407620049188,0.000210753038491876,0.00164864651429375,0.000880537862789764,0.000577996238989802,0.00141379502393827,0.000498112329294515,0.000283710632057706,0.00055169982740676,0.0669016332185508,0.00154216652583587,0.000466882516782445,0.00165371015492837,0.00129932113199914,1.42657690340581e-05,0.000259373968020774,0.0010298895979262,0.00468538582282568,0.00131447084640523,0.00131452660906722,0.00717676179438705,0.000267986831626431,0.000115962240484064,0.00112352153052959,0.00133241087840496,0.000230842029129044,0.000185135185127769,0.000571507318236399,0.000267063147193475,0.000161311709414161,3.90875533492569e-05,0.000596607915148089,0.0016252240221101,0.000722469561902078,0.00126658404990378,0.000674423698708116,0.000225306613050932,0.000263235460646699,0.00440007829854895,0.000619813596404754,0.00124575130757527,0.00140340832895016,0.000649094746354445,0.00136533580823282,0.00393342659718992,0.000105966038019445,0,0,0
P067,Productos de la impresión,0.000428385855121239,0.000602820996366404,0.000682722760782005,0.000645283190932658,0.000487675385341811,0.000403492094503395,0.000431253036718293,0.00037356200147608,0.000729723691798418,0.000753845088392941,0.000414113727351989,0.000626523413025982,0.00028519065817797,0.000420092453801784,0.000567264890076579,0.000347470628431567,0.000446911115953374,0.000954900980921495,0.00109463220636707,0.000565534669212541,0.000388773214184921,0.000792712685095022,0.000794806737866959,0.000835439483490168,0.000492830154214098,0.000645028640838887,0.000260351539216552,0.000429360620264357,0.000719291863665573,0.000722782708149669,0.000504912336457102,0.00059347442455997,0.000750324294127201,0.000504464046661095,0.000821184216364573,0.00106530589580702,0.00471658190933988,0.000548678391572867,0.000892432332655117,0.00120696119542946,0.000636983708324073,0.00101050335422991,0.00136861678276442,0.00148988970572223,0.00112745748741262,0.00113797160636559,0.000654558530405573,0.000620126981447048,0.000718741452632165,0.00104713294954166,0.000583721599938232,0.000921806815005027,0.00321729973490149,0.0006673020925481,0.000909195831039754,0.00166235630136667,0.00835483644956178,0.00834290617647114,0.000749155733209002,0.000760494772533461,0.000665467603621799,0.000814328860508936,0.000730036910509762,0.00131742192879627,0.00113425470135264,0.012425528590557,1.00215260265435,0.00024369091091081,0,0.00046839839371632,0.000773498988762973,0.00117930805285568,0.00308547368294564,0.00281340831929874,0.00133725457629298,0.000699640926733335,0.00112361079185227,0.00111937650719263,0.00127322132419194,0.00114288575037853,0.00133549018941145,0.000884701903542094,0.000645756193545876,0.000703935624477417,0.000776146361948495,0,0,0.00135997698938593,0,0.000919720365848025,0.000973398258271739,0.000721257377970921,0.000952097385530214,0.000479632249894225,0.000902528080094964,0.00125511684092594,0.000540701856239775,0.000734972798490948,0.000898680015927132,0.000885647548460476,0.000969860027665284,0.00634639107416875,0.00229674163569639,0.00197661577498187,0.00195913970497993,0.00128298332213886,0.00101451158013117,0.00172159448753607,0.00195717577253873,0.00258497191148527,0.00425304215814364,0.00225786564906928,0.0020279485155422,0.0108494481805371,0.00624486716140566,0.00142364303368742,0.0020448278829743,9.87175363517323e-05,0.00075336466124656,0.00506496893063973,0.00146473250917894,0.00161336271252535,0.00560968682203148,0.0171178630362641,0.0015938557090213,0.000735535436797841,0.00368321113856199,0.000931698266497352,0.000673644876544092,0.00114407712845745,0.00279451417399742,0.00115285184664261,0.00241018443134778,0.000217908832447033,0.000862213464024894,0.000504009924663907,0.0056407005700951,0.00653441942834036,0.00350084370347331,0.00349095175275938,0.0040508510482794,0.00716847097613495,0.00291751022545183,0.00199851949598402,0.00391729609661151,0.00325056567220709,0.00197846530806491,0.00381624416699937,0.0016227364309535,0,0,0
P068,"Gasolinas, diésel oil y fuel oils",0.000141668883754091,5.64918927338099e-05,0.000370370037146611,0.000250127343070263,0.00012588425518251,0.00021415143014615,0.000176807559752504,0.000161821345108932,0.00023074161783641,0.000426313260019676,8.69566586504159e-05,0.000410254910025821,0.000221713459961524,0.000216496348978657,0.000379291121340794,0.000113568519017662,0.000225535873145043,0.000747078286940926,0.000637674054909897,0.000449875661378944,0.000112579291578488,0.000240016507308039,0.000183912411162741,0.00025360266808203,0.000127401137370611,0.000108338384720301,0.000458918596723788,0.000467265230218072,0.00170762674628252,0.000316089717721383,0.000875394035857911,0.000258027171446479,0.000847862434603102,0.000349142672531796,0.000289038902641907,0.000318041787533711,0.000304134328194176,0.00011626447340105,0.000187616448047797,0.000490164813152727,0.000224714775068096,0.000395611656697577,0.000230142490651342,0.000264731515852887,0.000328589930712295,0.000313927706179412,0.000360413639296534,0.000227629340834361,0.000402171342638254,0.000211338967607755,9.92721014196008e-05,0.000372627394462893,0.000498652443430464,0.000116147482304771,0.000154541695181994,0.000451479876478666,0.000333056038349658,0.00025366321014013,9.5833237267709e-05,0.000173800683273072,0.000327601083609221,0.000122054907082375,0.000462613363903969,0.000147393539608616,0.000127184022078671,0.000177784190267781,0.000197370082234724,1.00044871668783,0,0.00092010464688952,7.58177560847309e-05,0.000122845630510691,0.000165414093234227,0.000221178130520731,9.68053909515819e-05,0.000102304130579036,0.000295326130798314,0.000326283647285377,0.000387995736551239,0.000502787328566162,0.000338411370884043,0.000172771325835942,9.86048310373292e-05,0.000180423525283473,5.92599152700598e-05,0,0,7.99241852932322e-05,0,0.000112127080922522,0.000248649385619273,0.000320970620612661,0.000155416274313202,0.000670829743793181,6.93204148304813e-05,0.000724879706898649,0.000774987773840671,0.00014175278993508,0.000164220048643406,0.000515123444741132,0.000370220424010036,0.000174617049847548,0.000198786779017284,0.00274647099039587,0.00298679910474497,0.00028601090190266,9.16689119831574e-05,0.000443001952344559,0.000903385405597468,0.00017765901383411,0.000158321804780591,0.000125493156983909,7.47980011122259e-05,9.70147480345838e-05,5.59031678431049e-05,3.3414076137871e-05,5.34649430282837e-05,1.71149114626894e-05,7.38187942677961e-05,3.28092424134964e-05,0.00016619668702244,0.000218634880890863,5.77846502456055e-05,0.00013313454770056,0.000210369628212713,5.16106968538105e-05,0.000176070690352086,0.000139296253817343,7.19593460193293e-05,4.73543447099489e-05,0.000223145139367733,0.000239614647431591,6.06240585494897e-05,0.000179582336061767,0.000138594254421476,0.000249757618650799,0.000485316228371465,0.000106092002180697,0.000166356530130735,8.55883806191594e-05,8.75123315894875e-05,4.68202482072575e-05,0.000114485152685989,9.65618366626975e-05,8.46087787806245e-05,0.000224706219351131,0.000172619996991399,0.000132984519133638,6.2910945161906e-05,0,0,0
P069,"Aceites, grasas lubricantes y otros aceites preparados",0,0,0,0,0,0,0,0,0,0,0,0,0,0,0,0,0,0,0,0,0,0,0,0,0,0,0,0,0,0,0,0,0,0,0,0,0,0,0,0,0,0,0,0,0,0,0,0,0,0,0,0,0,0,0,0,0,0,0,0,0,0,0,0,0,0,0,0,1,0,0,0,0,0,0,0,0,0,0,0,0,0,0,0,0,0,0,0,0,0,0,0,0,0,0,0,0,0,0,0,0,0,0,0,0,0,0,0,0,0,0,0,0,0,0,0,0,0,0,0,0,0,0,0,0,0,0,0,0,0,0,0,0,0,0,0,0,0,0,0,0,0,0,0,0,0,0,0,0,0,0,0
P070,"Gases de petróleo, otros productos de la refinación de petróleo n.c.p.",2.90710747632656e-05,2.72759697927593e-05,3.04954130364167e-05,4.47460480672855e-05,3.20027358786158e-05,6.67393511066702e-05,6.39922739457222e-05,5.92937784723523e-05,8.52223470919237e-05,6.41585657887828e-05,0.000129960330611196,7.37578919529172e-05,3.19110149355761e-05,4.35576875122409e-05,3.04429990700041e-05,2.21063740367887e-05,2.6103361238865e-05,8.96524992008456e-05,0.000740452242697505,8.54505616178612e-05,3.17359460188924e-05,4.8096335614139e-05,4.80531734854967e-05,5.9705443740994e-05,3.62534157224405e-05,0.000148468304577905,1.38086924616184e-05,8.87304911240497e-05,2.0005573246224e-05,6.06064738176922e-05,0.00179494001209505,0.000267592398815042,0.000577925816476215,5.22110869417317e-05,4.63912792271111e-05,6.05473107805457e-05,8.05082287829064e-05,0.000643365468615196,0.000841326211237147,0.000137873489132996,5.31994993420847e-05,9.27084314266551e-05,0.000162375029655103,0.000171630534535836,0.000136321352726666,0.00013321656772254,6.52717242496315e-05,2.70303697031878e-05,6.07081662662473e-05,5.66883907223076e-05,9.8313160867022e-05,9.91731337817331e-05,0.000425251824945232,4.42017370983441e-05,0.000126371393518228,9.60260746868108e-05,0.000112925750624415,7.52778407498334e-05,0.000129390850438273,0.000159976583657233,0.000158938614705501,8.7034323073572e-05,0.00117294808139154,0.000256675234594969,0.000239114349037866,0.000116272494207276,0.000152836832972932,0.00107318176843759,0,1.00215640413515,0.000138851167305211,0.00291371526053047,0.000511423609682512,0.000733837900264557,0.00119905069179265,0.00089973836008848,0.000584971988898395,0.000359286787016752,0.0100901314327945,0.00327737673412144,0.0769302267973964,0.000609590434436264,7.85015755214538e-05,0.00018055563739222,6.55827929850966e-05,0,0,0.00285382407083435,0,0.000187543769775915,0.000128872404805263,0.00051763338541605,0.00408942001383559,5.9414524540364e-05,0.000794669372293796,0.000285797308806797,0.000108293519555768,0.00112175499420003,0.00131420322620374,0.00300295608183466,0.00186673925207265,8.22809905502998e-05,0.000319070107480343,5.55003731595445e-05,7.34324627560423e-05,0.0264589345693813,8.42379767231627e-05,0.000100509343073075,0.000337453478881334,0.000188792396621653,8.32712238064266e-05,4.10563924383416e-05,0.000248114210608996,9.19184180842702e-05,5.72204534934778e-05,3.90722993650372e-05,7.5285853431719e-05,8.43032730784135e-05,0.000159648633146983,4.62050072896117e-05,6.25374914898685e-05,8.31988888611949e-05,6.02080682012733e-05,9.53501541027552e-05,7.14441936451081e-05,2.55421907013776e-05,9.91956899124691e-05,3.37987290134208e-05,0.000106545272450541,5.23507661824745e-05,6.89531398387492e-05,0.000337881220573267,6.76474375924278e-05,1.42910589980959e-05,0.000257161978939252,0.000840161129908659,0.000644463096617729,0.000159149191859207,0.000487414687290765,4.63882978272985e-05,4.64109473153289e-05,4.04841366073751e-05,7.19914160137916e-05,9.26808037581857e-05,0.000119162754065208,0.000190148196023206,0.000284130685634478,0.000205057064652249,4.88532998936145e-05,0,0,0
P071,"Abonos, fertilizantes y pesticidas",0.107483955919373,0.120945409187108,0.0872194576942204,0.153178404207878,0.106406402398217,0.0426914951207245,0.0410475349470191,0.0378792239277503,0.0518116641335192,0.0742996525807322,0.0390099880813027,0.0726190985155926,0.0467422792474471,0.0941427452123836,0.114169055029405,0.0612632810895741,0.0430036055305632,0.0387603859782964,0.0392717662100816,0.0892487328622722,0.00731360137221852,0.00600522926297175,0.0061040609207477,0.013593141225176,0.00325423923873171,0.0167036926323548,0.00101710306848771,0.0132842615296071,0.000571368717035933,0.0034503742292887,2.38893972440818e-05,5.72768326815907e-05,3.35092059951634e-05,0.0045247900036828,0.00404032063369841,0.00378321623301168,0.00213917760448181,2.32648684389701e-05,0.00028787205042754,0.00975824171734785,0.0130167347059536,0.0118781786676228,0.0420413463547595,0.0372730772264681,0.0058014365888653,0.00545961371022409,0.000131923842297791,0.0240130928801365,0.0128291942052158,0.00240573578470561,0.016638884982284,0.0348126401072219,0.0062861094624372,0.0123872225132505,0.0114306239873193,0.000435662260882763,0.0047375738869436,6.77213089956915e-05,0.00112444990123392,0.000346674780772866,0.00375927994140799,0.000934504987453895,0.000986723715284625,5.25662755182525e-05,4.98312133172854e-05,5.96656462177667e-05,9.09643633081539e-05,1.59637094593697e-05,0,2.14708710719427e-05,1.08762165115338,0.000573606532499653,0.00169296096553665,0.00894942558974537,0.00849500459458368,0.000258426037293328,5.1467028450575e-05,8.63192922859309e-05,3.90134916912019e-05,6.57130501048548e-05,3.02235241903e-05,2.51068704715549e-05,2.06658205861236e-05,3.3478194756853e-05,2.8074572571459e-05,0,0,7.05798213661035e-05,0,0.000101491762603619,3.35080955187635e-05,0.000415342769196987,0.000262517225043671,4.29457052985694e-05,3.50241300332317e-05,0.000109554412113692,3.44554522438237e-05,5.47073665378346e-05,5.82907416150961e-05,3.71392840550051e-05,6.3906129514576e-05,0.000110078221948908,7.45861730606094e-05,2.99903513077325e-05,3.69040890541576e-05,9.12526160041252e-05,0.000141325003334867,0.000194881664614762,5.39193016118252e-05,0.000142314789210844,0.00406313640482831,2.4756238736619e-05,0.000111148973682208,0.000111601090151544,6.51512423437546e-05,6.82962730969242e-05,0.000152837433173523,3.44274057874594e-06,0.000324521377564546,5.53957950103055e-05,0.000101239436665497,0.000119902935538574,0.000121043812752224,0.000144910743097142,0.000137895895566014,2.93373164750738e-05,0.000128319316520168,2.31673137285089e-05,0.00697107436381583,7.53714011554117e-05,0.000247758550928856,5.09476717032115e-05,5.00366806739202e-05,5.51476219939679e-05,0.000105114439405828,8.57808368177868e-05,0.0015380355756304,0.000316850811082257,0.0032673049461272,7.5685878595668e-05,8.56470213180345e-05,0.00032239488978644,0.000865828383623817,0.000364681922774984,0.000381464042608345,0.00190298039670789,0.00113552231614827,0.000403552045446636,7.27282511870639e-05,0,0,0
P072,"Pinturas, barnices, tintas y productos relacionados",0.000178509390958271,0.000194060619200177,0.000213241382066628,0.000274681563317077,0.000208549154279205,0.000273576527824435,0.00028553544725552,0.00025922126334251,0.000393124983653761,0.000718460244578207,0.000393826444929103,0.000469970093145664,0.000138872693698812,0.000265704496678614,0.000202047372479451,0.00021867536131418,0.000156022470711185,0.000880847533106809,0.000578504958769874,0.000167665787538462,0.000170638900639391,0.00141624931742519,0.000288741687990439,0.000331682559743358,0.00020262241964106,0.00056629058173552,0.000143810601316675,0.0002267692126683,0.000141920098642114,0.000362662988465945,0.000365966912434004,0.000420647934986303,0.000464221223540035,0.000298618721930289,0.00103355508956345,0.00038846233137059,0.000767948111927806,0.000195092353279282,0.000385388258065156,0.00133015986703752,0.000490373401387754,0.00099543692806507,0.000713805754227705,0.000780984384050914,0.000461805393856844,0.00045048750468964,0.00136207080884129,0.000279542068965106,0.000340692896277416,0.00063836115756703,0.000306503338066273,0.00067753580036941,0.00060465945497968,0.000265799172036309,0.000692884309217474,0.000864299993379705,0.000882076199051938,0.000647991106924815,0.00429662404959331,0.00205863114891557,0.00178374760153962,0.00236026915475864,0.00235877302012589,0.00487926972529035,0.00430223560861093,0.00774566715666373,0.0203713636924463,0.000255047956448459,0,0.000351330087649708,0.000470776105943025,1.02987694825194,0.00095836057360427,0.000813419799884034,0.000836368932104664,0.00362081754884936,0.00465123280895593,0.0201551673812053,0.000682862691466841,0.00117146014027852,0.00200460595709127,0.000334333228789351,0.0040677429580538,0.00418644641732231,0.000811074396555643,0,0,0.000633383369563776,0,0.00549959085435519,0.0019745908616868,0.00273817262299261,0.0105118961522791,0.000426038971294814,0.000533386973351155,0.00161828679108883,0.000533947410625516,0.00362780392166574,0.0020918019823348,0.00171362489133589,0.0122071664558103,0.000975556748639128,0.00613198542712869,0.000603455497867431,0.000690460867169909,0.000724995229136715,0.00136966255113237,0.00155352308674759,0.0014113342867286,0.00183742350485812,0.000692602921389165,0.000397836402710415,0.00205996420788637,0.00183638751628802,0.00119587652334552,0.000873144392917724,0.0012220727558416,0.000558295432812765,0.00112502584911924,0.00080367051763978,0.000968140862892357,0.00100698600146261,0.00110779515174367,0.00319512422378278,0.0006944774465159,0.00129808258250433,0.00255802656485075,0.000548913800905307,0.00187762182937207,0.000504992637037812,0.000760793336902839,0.00345036472635731,0.00217592307812041,0.000129465567406316,0.000665110783596751,0.00302544192631668,0.00389721438546563,0.00286082957171138,0.00417827433381716,0.00137498317706361,0.00126200959817541,0.00120984600950111,0.00143432488016804,0.000613516813449198,0.00223602220853912,0.00185577062887917,0.000810874434395479,0.00297820337506457,0.00093453320266434,0,0,0
P073,"Jabón, preparados de limpieza, perfumes y preparados de toilet",0.000219393740179865,0.000253464223613183,0.00021358981561088,0.000329374456803221,0.000226736258343678,0.000169182182255846,0.000168661573644104,0.000153881565326848,0.00023050998603346,0.000321963356031271,0.000176935004450052,0.000262735454150193,0.0001223464947079,0.00020816435691531,0.000252424168048164,0.000315158740984601,0.000501583962733704,0.000302821312686161,0.000545084805026754,0.000224706126236394,0.00035825283693514,0.000692431033747313,0.00129395930081456,0.000442252625753211,0.00109205931034583,0.000201610028251438,6.30027521792448e-05,0.000106682523955509,0.00198894612545397,0.00196753466085971,9.70709681584748e-05,0.000108483646067003,0.00017336294430467,0.000646714829752109,0.00434773658139259,0.00176583120366131,0.00335536675259883,0.000629530317154524,0.000840472049598929,0.00119492063324945,0.00042433385886503,0.000682654086831208,0.000687523526976433,0.00114868396108374,0.000654211607342857,0.000620643218601261,0.000243615138364432,0.00166410346261884,0.000726034191706464,0.000454891081366793,0.000208252043974785,0.000446670744949392,0.000352890308742782,0.000232945221648322,0.000306919589761442,0.00107997044756341,0.00166522737554262,0.00158905694007882,0.000755613965639129,0.000746866535284265,0.00148275845430436,0.000596558960342489,0.000176826583542069,0.000401300346994976,0.000354313544703012,0.000339507572934534,0.000387351290252142,5.85926533695443e-05,0,9.61991613146816e-05,0.00175717586822015,0.000420510990088566,1.00286861188125,0.00242245316408907,0.00247261894456711,0.0015003635346252,0.00013757767298122,0.000328838711052507,0.000303397182989131,0.000390472359800545,0.000175026212312277,0.000361068202080287,0.00034561066891911,0.000335933241750493,0.000451570026486042,0,0,0.00120380249902952,0,0.0139548114488782,0.0010424133025023,0.000291116665936763,0.00202596179949838,0.00216195291374583,0.000237035611062835,0.000326386138653423,0.000661212233062448,0.000159047407119989,0.000176566873307243,0.000169169709853936,0.000210776743737549,0.00051351968613677,0.00347951797972828,0.000428282045111346,0.000417134166046317,0.000273876084114299,0.000419688848918249,0.000430834948167634,0.000968095232512841,0.0126291215976245,0.00154317571404153,0.000239509065501407,0.000946533457778299,0.00042276229333832,0.000304208177299946,0.00017419838935605,0.000352163645352354,1.20140911768352e-05,0.000399933280188341,0.00100554598419902,0.00116188029814268,0.000351817797971615,0.000407057358361134,0.000532416208179982,0.000400725415752545,0.000181238663578489,0.000564167020996582,0.00012232955880509,0.00301357473633979,0.00018575073659557,0.00038420895207994,0.000954266803042269,0.000773588005989745,0.000134214654920362,0.000208145279725076,0.00135611758477043,0.0018137481427421,0.00103887787667319,0.000480982940100703,0.000415056044077434,0.000349364734526553,0.000631938633776309,0.00126874309968961,0.00123618752656242,0.00320632859230349,0.00223571902494704,0.00077909145267544,0.00186393007354904,0.00339335564316384,0,0,0
P074,Otros productos químicos,0.000879713830652771,0.00115515562133873,0.000729059979865855,0.00124150552787959,0.000887091463968974,0.000815320068935829,0.000829054665778625,0.000776092285956853,0.00107686157602242,0.00072552552986749,0.000462462554083429,0.000852750693017648,0.000423344275163045,0.00105086566658643,0.000939583963210553,0.000510744723920176,0.000390503324606679,0.00229564358802711,0.000602289241426976,0.000730210210544883,0.000349249052975032,0.00147234376240484,0.00135401272919206,0.000906326808279739,0.000707591077566667,0.00544063681875449,6.84590715838617e-05,0.000274966106994428,0.000296291535777076,0.001170549983774,0.00115120580044045,0.00162522712563262,0.000870691092808661,0.00037359242035732,0.00109466959073351,0.000913712269014388,0.00156790398869343,0.000193564300474167,0.000319073919098457,0.00190646007657552,0.00070829222180211,0.00140257380323667,0.00104395934371491,0.0010966826214648,0.000888052765640624,0.000855692488650863,0.00045163901370669,0.000593824647169086,0.00053126069369953,0.000524431569522995,0.000428922458763385,0.000677614093452004,0.00217902462160857,0.00244930302385719,0.0105172779784155,0.00126592067534637,0.00201718126381144,0.00141002147524152,0.0141731608984012,0.00531248834125101,0.00305799928055042,0.00824882263313519,0.00739650852833725,0.00172370277925791,0.00171756149928135,0.00101236268253909,0.00574107132757827,0.0010414533301372,0,0.00102261641885544,0.00822487972801195,0.0590252102948969,0.0188972466815634,1.0423549433743,0.0113092643976274,0.00410922094991858,0.00192118348848882,0.00281893615704654,0.000494874449969295,0.00398550649767657,0.000379444294244931,0.000486362823813418,0.000751963722353556,0.00149408698012494,0.000766317961230711,0,0,0.00320038672423982,0,0.00446562806975053,0.00119637552554966,0.00486521802174963,0.0036812699523928,0.00024263738090041,0.000232084219727329,0.00073834865947297,0.00139234483954989,0.00101617686661384,0.00149784915460131,0.00072330346722231,0.0016925256119595,0.000297511259867182,0.00218210279938399,0.000233972404339657,0.000238233812420206,0.000501145167554055,0.000212666127795647,0.000482964888947904,0.000327133574237928,0.001372560986781,0.000594057831549494,0.000113711535402969,0.000641950608873169,0.000358400545217455,0.000221073753913637,0.000159087937593428,0.000230609045603487,7.79063179946428e-05,0.000210055207014516,0.000183725424413331,0.000985194398746198,0.000596244172233848,0.000897285387900002,0.000452042338819991,0.000251770293504612,0.000150862520577742,0.000420474172963355,0.000133836205584835,0.000451230390183271,9.96078821180336e-05,0.000254344651100041,0.000844036291232817,0.00127203350548146,4.63733340081022e-05,0.00618798370103817,0.0047709900782398,0.0010339249722208,0.000571756898829637,0.000798851147288464,0.000360750233868529,0.000475926886274452,0.000242249579225208,0.00458682561832663,0.00422881420816926,0.00600392868444911,0.000508107151551128,0.000213728089327846,0.000746569103004549,0.00122072703278086,0,0,0
P075,Productos farmacéuticos,3.21154446709386e-05,3.63241896705342e-05,2.72693402291979e-05,4.61411468493342e-05,3.21648118727293e-05,1.41146072778061e-05,1.38770304040602e-05,1.25911441989334e-05,1.84486927284263e-05,2.61745347427649e-05,1.33850383087552e-05,2.37269782493363e-05,1.43842950200991e-05,2.85549064187306e-05,3.43324660949411e-05,1.90134658497041e-05,1.44782474896127e-05,1.55806260750434e-05,1.81851460805079e-05,2.7718764786243e-05,0.000641440037738157,0.000447972411096288,0.000341365910672899,0.000969547635324041,0.000268669332013192,7.11982770511002e-05,1.57202216953413e-06,5.94400874154836e-06,0.000802680214951389,0.00077263980167437,2.92889677216366e-06,4.06922983598496e-06,4.30582361777153e-06,0.000396278462613889,0.000302251696439758,0.000209397746352324,0.000204685950454061,0.000118150661034036,0.000153364324502715,0.00102664299632588,0.000219762449531555,0.000554849420946725,1.5291716311827e-05,2.47698172435859e-05,0.000369888967706968,0.000343349351900158,0.00016927410948379,9.98375361646792e-06,4.73572359399251e-05,6.76272193454777e-05,8.15743921693025e-06,0.000100456541213035,0.0006076304089411,0.000195182531943083,0.000433715000620655,9.46036173954994e-06,4.69315719005934e-05,5.42176944451846e-06,1.24645476510525e-05,8.30508630227272e-06,9.33708595915733e-05,2.92790351378335e-05,8.11542917280921e-06,6.81049087567698e-06,6.26272725895372e-06,5.03424644273546e-06,8.72232661082548e-06,1.71768133994962e-06,0,2.70545397400565e-06,0.000304548262330292,3.98412226205517e-05,0.000235700896109375,0.000641568671117408,1.00508618253022,5.9211309517045e-06,5.25955026799764e-06,5.96818779887142e-06,3.58963014178114e-06,6.93002062612121e-06,3.83331893383192e-06,4.26471277462841e-06,3.45770558173769e-06,4.29457892769013e-06,4.47569009139055e-06,0,0,6.63760666024117e-06,0,0.00085458092230497,4.2410783428803e-06,7.30269117401193e-06,0.000108936102707776,3.45306602390739e-06,2.48800677831845e-06,4.202540855989e-05,4.14257822611631e-06,4.33463680001371e-06,4.98206220154254e-06,4.28524181669816e-06,5.02690834668395e-06,3.57999816318263e-05,4.87303736877303e-06,4.04994364703002e-06,4.49863294662859e-06,4.48152653757592e-06,2.75205882294474e-06,5.42152126806349e-06,4.29185524169772e-06,1.16262068686296e-05,7.89028953675361e-05,2.33925341408085e-06,5.32049742010621e-05,6.56375997779379e-06,4.22421049885014e-06,1.45106322337954e-05,4.3629869779467e-05,2.62005119740429e-07,4.56039947942577e-06,2.32585343457496e-06,4.10876393194247e-06,3.77468770259636e-06,4.13780849411684e-05,8.35949636931117e-06,1.52483644337012e-05,7.08579350788763e-06,1.36303115597675e-05,1.82648597625628e-06,6.13568510010636e-06,2.46325403452522e-06,4.77375457845854e-06,6.0849591925789e-06,3.70697246425356e-06,1.66447597319336e-06,7.96027201424804e-06,6.58545842812889e-06,9.18485118242492e-05,5.60126803643595e-05,1.78781862314344e-05,6.63276470283872e-06,2.96347871420236e-06,1.49615069630992e-05,0.000157337014858131,0.00121076976922173,0.00106499803688387,0.000129231216382347,6.20376308387645e-06,0.00138514334077823,0.000716480872923255,0,0,0
P076,Productos de caucho y plástico,0.0133203540427564,0.0103727083196917,0.0112226369878828,0.0150138827192635,0.014603723473579,0.0406621613281476,0.0411094282836264,0.0383282183750357,0.0541801047425099,0.00671611006963725,0.0171501970801077,0.0331274476725995,0.0129556803627986,0.00754507353857052,0.00847565490093953,0.00495918337400295,0.00785661030527194,0.0124415310949681,0.0193303961928395,0.00875447565219365,0.00198770679532955,0.00390167452329843,0.00937270636250212,0.00526244728561985,0.00706020659316427,0.0265748855225226,0.00451964285982973,0.00808428824145018,0.00313519305956711,0.00903813594250176,0.002651124716212,0.00503772036649067,0.0111286826329097,0.00267366746123053,0.00356194176730072,0.00728070517195536,0.0118767738387053,0.00654126252101382,0.00870965354788835,0.0172357987686767,0.00661458471886177,0.011619218808503,0.0102966593160065,0.0109621459427143,0.0101979806585982,0.00940358084316884,0.00830821456831377,0.00822073121942336,0.0147448140577224,0.00857005937907663,0.0062781056339298,0.0128618767927987,0.0134886718617956,0.00505764715140275,0.00977262055569787,0.00722318229615272,0.0283742129390381,0.0286135845087156,0.00679710499348409,0.0116393812639406,0.00619162382584605,0.00814931522883456,0.00380542402216357,0.00808008580597394,0.00454484792006901,0.00533714712196473,0.0134894288982031,0.00196661322191025,0,0.00268089943184478,0.0673046710363215,0.00605796226791859,0.0112007711610619,0.0147061042973676,0.0115741829892408,1.02918926469349,0.00290098664038943,0.00497978927541852,0.00345557722049757,0.00680333881189886,0.00281586219479417,0.00230874917397712,0.0038714729499641,0.00427733171217701,0.00247527139807362,0,0,0.0128007441559385,0,0.0586482160908273,0.0101159930237679,0.0066062895755777,0.0591667037814575,0.00899155855559725,0.00198207987331176,0.0160387249864352,0.00989060882353662,0.0152441098012203,0.0149098652798722,0.00505146663063761,0.0168325636609023,0.00814946050861525,0.00521367505176568,0.0112698561317585,0.0117836057803498,0.00412680290549234,0.00156377424491468,0.0160723555564657,0.0151625929063331,0.003006077153996,0.0089200409163829,0.00334449858497762,0.00472776668705779,0.00256174569963185,0.00156838890137657,0.000958117502122843,0.00173707249296813,0.000769346988413672,0.00194862768788469,0.00128728461672464,0.00152675914879634,0.00258497491166397,0.00254073939972421,0.00347114384077514,0.00277284025856202,0.00150422560493793,0.00242005870899375,0.00191691952294453,0.00556606558925955,0.000869530533644146,0.00207736916727486,0.00590768893239617,0.0124214518223987,0.000526513335952185,0.00586985203973894,0.0211190171752124,0.00758641699012232,0.00396074093004268,0.0066716963189195,0.00253905778787486,0.00265215900512432,0.00120166620414937,0.0075865839432593,0.00385489553487407,0.00500278191163715,0.00538586122488428,0.00253155186654992,0.00319948299161217,0.00251903583465483,0,0,0
P077,Vidrio y productos de vidrio,2.54434050086948e-05,2.70840487733295e-05,3.03065746454804e-05,4.17267943122794e-05,2.87936099709165e-05,5.09561648739241e-05,5.21774007643067e-05,4.78048725756705e-05,7.18622533005387e-05,0.00012154780253764,0.000136427187397339,6.08783725877202e-05,2.1530145535897e-05,2.78130527259104e-05,3.5828082157659e-05,2.87589252884045e-05,3.31957219611541e-05,0.000102917258390933,0.000153057886703206,3.38964853047691e-05,6.4288133997437e-05,7.141192693741e-05,5.21975415485896e-05,0.000102791705152764,3.54332385800338e-05,0.000150195684436093,2.48028186934245e-05,4.63788715247962e-05,3.47718828667904e-05,8.77572060940373e-05,0.000106231828705709,0.00100423215337764,0.000150094629338844,7.86552563421376e-05,6.94599859600744e-05,9.00148895036382e-05,0.000123770689106668,3.85694362468993e-05,8.39682058860109e-05,0.00809546659796785,0.002500024376398,0.00653530351183045,0.000101104961284917,0.000132906423339127,0.00106193308508462,0.00109474215490754,4.96266129308627e-05,2.97542908741173e-05,7.41996482142572e-05,9.99061642023888e-05,2.92464014345686e-05,0.000127226943845502,0.00145558063619502,6.10299888521322e-05,0.00414052070896179,0.0102279578054807,0.00205678957666691,9.33139074639661e-05,0.000132671755060817,0.0001465237667588,0.00014344257134023,8.97342768265883e-05,0.000569477977630796,5.88928895333371e-05,5.53702593463026e-05,7.64845313507804e-05,0.000124309838297545,7.01825396958244e-05,0,0.000109302234020337,8.59492555600124e-05,0.000126468141068055,0.00109333167673022,0.000817302399658641,0.00935881168699362,0.000659713214324148,1.08753377534379,7.24711490166324e-05,0.00011720789486382,0.000112823686357118,0.000380219445256685,5.23873163334404e-05,0.000254087165427223,5.06642043077841e-05,0.0011677587851718,0,0,9.62663975780349e-05,0,0.000100193925047255,0.00658474980122399,0.000933601194984087,0.00976726493319033,0.000111158368240454,0.000265728728677468,0.000286338400176674,0.000177900464346456,0.00103283628085726,0.00040779919749095,0.00056581216436563,0.00652051791544903,0.000156738305012323,0.00117856394013315,0.000109688217034981,0.000190346192099292,0.000109690929148774,0.000136191143725743,0.000155376280145378,0.000137610669484004,0.000549734179577301,0.000508006682338674,9.89158593696819e-05,0.000742836646769062,0.000177471661271795,0.000108327991790541,6.6574150195802e-05,0.000103916266980417,0.000293682240040277,0.000444934707666686,9.58800419902027e-05,0.0003160351458655,7.88495250455787e-05,0.000124121694245386,0.000315155690548135,0.000112737628758721,3.69595307239589e-05,0.000166739685509067,6.55642192379517e-05,0.0002268800774957,0.000103240863341583,0.000300208073451419,0.000379433138761197,0.000108746875684743,3.82779610273549e-05,0.000103467531548438,0.00013204463539299,0.000914317193487521,0.000375341118034476,0.00153580809981383,9.5783072417116e-05,0.000138945916697292,9.20073732313236e-05,0.00110216269561583,0.000918826464447635,0.00582932305917768,0.000303209878081979,0.000244505726879064,0.000481804976836553,8.30243873591662e-05,0,0,0
P078,Productos de cerámica y arcilla,3.64216488208457e-05,3.85664843192479e-05,4.32784757560295e-05,5.79621460296386e-05,4.31136885013431e-05,5.34307901138714e-05,5.34159196595056e-05,4.85237618330899e-05,7.53127082408356e-05,0.000228243859656809,0.000223400575792824,7.4847318909766e-05,2.85070377646273e-05,5.35716174780698e-05,5.4367117419431e-05,4.82260772407825e-05,5.04605691146996e-05,0.000145784729437865,0.000550868608587646,7.56166118836095e-05,7.82834248698317e-05,9.60129807059541e-05,6.83213089621696e-05,0.000158188615473445,4.06896664562673e-05,7.97246176448603e-05,3.1699255770841e-05,6.73927275413934e-05,4.17158519400479e-05,0.000126404520088696,0.000217470828566798,0.000984877936704246,0.000179266536204679,0.000114230314045675,9.52450397243429e-05,0.000147077372350859,0.000180396451280061,5.63998949680619e-05,0.000113183239197788,0.000229748149945087,9.01779417290989e-05,0.000190024663572222,0.000156555860962495,0.000163561482876599,0.000156716365217489,0.000152121495311296,8.8328245451536e-05,3.51725742143477e-05,0.000116543136892501,0.000103677308681257,0.000969092147116247,0.000245029825284261,0.000126841486810877,9.4253366664279e-05,0.000185021744189221,0.000270100776092379,0.000185271613547433,0.000151428487159151,0.000170793230149492,0.000232714460866137,0.000278692337884475,0.000154300610629421,0.00010372840644321,0.000102436701494705,0.000103509920347077,0.000125168630570684,0.000237949659334197,0.000165147167200931,0,0.000233197413433695,7.22274522874331e-05,0.000266994527566248,0.000106596132496205,0.000159267996865493,0.000152843337739322,0.000134249488490275,0.00065420373392241,1.00400161642856,0.00456524171331673,0.00250146513143464,0.00109746734031796,0.0030688329908359,0.000244290426854285,0.000111527690004159,0.00558010592401119,0,0,0.000305851291314714,0,0.0699054499983122,0.000494246782408474,0.000104287996487784,0.00180704625145784,6.4979720144795e-05,0.000325060237158502,0.000656097464543649,0.000147109503596406,0.0274516928556918,0.0287244174886659,0.00183812137692953,0.0147535944997241,0.00025094447339023,0.000210597504862857,9.92138025755694e-05,0.000199011063828384,0.000250307555059955,0.000277937161887247,0.000285451325666253,0.000179447746122836,0.000990576378023505,0.000431535464668967,0.000194365711013009,0.000506904273214078,0.000382499531996265,0.000236923505547803,0.000118954666529223,0.00020273778970028,0.000664419991862603,0.00105111945810842,0.00013807144215328,0.000137477642540612,0.000167337034227272,0.000254500662123513,0.000276644241153354,0.000213519241195307,5.45263183331169e-05,0.000296288899107158,9.92013936011457e-05,0.000335842052806517,0.000206829031706278,0.000224398746326063,0.00274538094304071,0.000163418732855911,7.52965381367047e-05,0.000327877904413748,0.000136951679631192,0.00203843191974406,0.000669371354897737,0.00335028478548831,0.000275995142196035,0.00042979223222796,0.000221532381176777,0.000264111309474151,0.000368139031250827,0.000367151182399317,0.000640473988746734,0.000474525967679896,0.000968441870949448,0.000160784395616998,0,0,0
P079,"Cemento, cal y yeso",0.000314053779538576,0.000352990220288081,0.00034149167583098,0.000537687749612794,0.000344945964564162,0.00139485026489308,0.00104985717195067,0.000982935515904738,0.00139943055173196,0.00171148935733495,0.00440947179604723,0.000771090085686219,0.00111797630825775,0.000610825951461786,0.000649291587066412,0.000498616231782884,0.000575566347239776,0.000906795115147324,0.0678557914849745,0.00638160785708043,0.000504146234319935,0.000583023485081173,0.00100182264984915,0.00130180482718961,0.000271154343449131,0.000532759759221829,0.000142953997316796,0.000280670512034428,0.000227389472722492,0.000706907661720956,0.00173273002611831,0.00925155398286984,0.000776077382819579,0.000760276808383066,0.000609341937214378,0.00121391871887167,0.00192107756959672,0.000353987216336331,0.000575841036228617,0.0013532519961852,0.000615218531799711,0.00117505298606782,0.000904292490804039,0.000932413754147508,0.00105036983425492,0.0010121872723649,0.000374527210984212,0.000231347797321244,0.00067636000187863,0.00058443591018111,0.00382896737541655,0.00227081284810642,0.000738335043190387,0.000561416552606473,0.00191224519231992,0.001445850659868,0.000977424667596532,0.00067522220309886,0.000977676003343112,0.00153377114178667,0.00982536276037852,0.00259589269907962,0.000580871597493377,0.000507492533355609,0.000499859520538554,0.00055303358687984,0.00119330962498399,0.000754120979425394,0,0.00151608548552474,0.00166407291332453,0.000777429350729627,0.000538850502902589,0.000937981188133535,0.000810276457829239,0.00079377363084908,0.00071136394773818,0.00798236254065989,1.03617692780476,0.324503411608381,0.0643917121529384,0.000627707733998513,0.000819983055419627,0.000461575108045872,0.000458877180013174,0,0,0.00305167687553306,0,0.00441704927931783,0.00152360279041109,0.000594736089855635,0.000822957948023521,0.000286964516842679,0.00199209767550512,0.00523771208534863,0.000780520320850128,0.0907564687677248,0.0848161482574246,0.0967504245323204,0.0984199274889184,0.00155149479284388,0.00119306790648573,0.000532387357055018,0.00105749574698473,0.00106898869900485,0.00155755334703464,0.00187181201167652,0.0010229726755957,0.0048059122412083,0.00153323175479174,0.00121297680318206,0.00239980544252188,0.00211934607794322,0.00129438417869084,0.000651855313722016,0.000961393691902695,0.00442983887058817,0.00630173677007261,0.000805585194971121,0.000689818182289237,0.00168092029438332,0.00139723302320521,0.00151457283174853,0.000809363305327978,0.000306666082542524,0.00159983605833083,0.000594566119718208,0.0018961664291596,0.00123649359339493,0.00125478561997587,0.0052876131245944,0.000859350126808067,0.00038127724361883,0.0117188044781441,0.000564963896368309,0.0207679199046284,0.00441188204890184,0.0252136162609873,0.0013906897688772,0.00136814983959669,0.00107204408218178,0.00132963845222803,0.00308767260673911,0.0025653406296332,0.00333079308390365,0.00296901788765451,0.00476583172894167,0.000877098939556267,0,0,0
P080,"Artículos de hormigón, cemento y yeso",6.48263869075565e-05,7.1168856089897e-05,8.09289072309244e-05,0.000123064196456937,7.6133653791089e-05,9.67205878723126e-05,9.96829819661108e-05,9.04463249608071e-05,0.000142011876272328,0.000429416997604199,0.00041975972640616,0.000158089327447163,4.38060865529095e-05,8.04488534458616e-05,9.11359065689493e-05,7.68143864634595e-05,7.94626554809832e-05,0.00022336782749796,0.000455431760083544,9.00764826071237e-05,0.000150035147330354,0.000183447272742608,0.000120924804450709,0.00029932167012996,7.50282965924648e-05,0.000129902154682302,4.74234696683183e-05,8.95677735156006e-05,7.46600376816611e-05,0.000229578617776018,0.00185420667012157,0.0027517850419181,0.000261533916915931,0.000220467774945893,0.000183616632756873,0.000274474499596859,0.000319978118850501,0.000118150300523681,0.000191293301668142,0.000416662133613902,0.000164151884094999,0.000343797110809031,0.000255153803928696,0.000269416648799156,0.000294167835056113,0.000285091965225761,0.00012690852696074,6.86217006191496e-05,0.000211971363928755,0.000181690908366688,7.24495501703296e-05,0.000456457007456229,0.00021669844639981,0.00016684810955245,0.000337317287597401,0.000477187165717688,0.000291160673666369,0.000229961969661165,0.000295510277521368,0.000452874963160219,0.000504736483768077,0.000285566507294382,0.000163822591763434,0.000169665012667632,0.000166758225918597,0.000187281718619168,0.000397847295980946,0.000319636947434441,0,0.000647720083518467,0.000130405101542983,0.000247268740599417,0.000175239056262458,0.0002525182810187,0.000265499198215065,0.000377620454147606,0.000228830915941203,0.000199853699231279,0.000372373006295613,1.00391391835858,0.00700610688766311,0.00013949406395015,0.000269561845017568,0.000147731262124458,0.000135914680817551,0,0,0.000494152650697395,0,0.000136511155671405,0.000497340857503767,0.000146297631121674,0.000216869914451489,9.65018877940474e-05,0.000688626419827553,0.0019808092174424,0.000259042043720789,0.0512522993084881,0.0686162068971359,0.0465419680779721,0.0323560699022839,0.00051109400120499,0.000343785088693002,0.000176120256314882,0.000349901124132371,0.000356087113413953,0.000516668122405593,0.000542929252151838,0.000334949817696705,0.00158801620443349,0.000458494232659554,0.000400249569148299,0.000788782880192557,0.00070177758527051,0.000428820196696862,0.000215958886614959,0.000320709510034063,0.0014563602973334,0.00207619375087565,0.000265475291555472,0.000228935101219466,0.000720619738983844,0.000463713069325699,0.000523694648340654,0.000274541697239936,9.74206753619276e-05,0.000527392730601007,0.00019549674212717,0.000681870808797351,0.00040942579613643,0.000393514523174875,0.00186944750627471,0.000284184962858495,0.000126053859329025,0.0338962705409392,0.000193109871148689,0.00773391937575584,0.00160033059133709,0.00971932765911082,0.000755242591718403,0.000451939823847392,0.000349898129400892,0.000686844114783897,0.000568076138718903,0.00111481042688789,0.00139766804142091,0.000979244655925147,0.00179968654365316,0.000754345505723705,0,0,0
P081,Piedras talladas para construcción y otros productos minerales no metálicos n.c.p.,3.07377944070947e-05,2.90041312912008e-05,3.28017780585655e-05,4.59788567157679e-05,3.70138731839708e-05,3.89265822097668e-05,4.00133986028049e-05,3.63891479942924e-05,5.54685978382129e-05,0.000208168434250577,0.000125203589430038,5.7566971121726e-05,1.84897046539789e-05,4.53090507295383e-05,4.34378464067613e-05,3.30240233257095e-05,3.4928705394554e-05,0.0001975979423944,0.000206170524591219,3.49895368471449e-05,5.4157088377038e-05,6.87386007828022e-05,5.76011168713837e-05,0.000113287262476734,3.55652709901363e-05,0.000219271173079475,4.95388515410718e-05,6.3335889218306e-05,2.96983604903174e-05,0.000109184251879042,0.000332851778004802,0.00133018331845379,0.000156319515270291,8.27258615874828e-05,6.542305537856e-05,0.000117175995006089,0.000140760379622537,3.62240700724329e-05,0.000109593344951064,0.000168607162182304,6.81623978603999e-05,0.000144159491879105,0.000152081821035848,0.00015604725183882,0.000116303938294046,0.000112398554720763,7.7439397848576e-05,2.81203248715171e-05,9.40320885544485e-05,8.72278348777776e-05,4.92367065673123e-05,0.000441904726311693,0.000108537922489994,8.43431645084074e-05,0.000128362841405965,0.00018637669110498,0.000192304434915035,0.000130501355287964,0.000114272909523236,0.000134964931781935,0.000176393187270011,0.000103942397175272,0.00221135489371696,7.50480058348788e-05,8.32833015261177e-05,9.41234685722667e-05,0.000176323547687219,0.000173229940238241,0,0.000288711719662241,5.39733203530009e-05,0.000546205011848771,8.49135402834154e-05,0.000312745849912615,0.000100256955025783,0.000199139670906484,0.000568183146286693,0.00149393899225695,0.000412770991149681,0.000521008912874151,1.00972682497313,0.000719950371188189,0.000134625056026122,0.000525693828440201,0.000106173987232841,0,0,0.0365616066557563,0,0.000191802041454398,0.000234511566251699,0.00195752769515906,0.000256895380685248,0.000171356743570175,0.000240692547059458,0.000359995108313651,0.000215073107988098,0.00153970176044764,0.00479976605426172,0.0260996933554127,0.00729450494378455,0.000150283654346885,0.00339365427131837,0.000201395187392377,0.00024870710747451,0.000220593314467346,0.000187184776334934,0.00018945444405484,0.000165500703787111,0.000410185810159377,0.000139279407034026,0.000117622880110202,0.000249444939887307,0.000239992411501777,0.000150127140889739,7.65222516761479e-05,0.000149062074379863,0.000328786674256091,0.000495946476203811,8.11284753178624e-05,0.000114276091375969,0.000346741310248553,0.000139332118314829,0.000176876775223842,0.000434654255907626,3.67075885980695e-05,0.000196859502544391,0.000117738703113271,0.00019360505906762,0.000118450471092129,0.000154997971354906,0.00262826550132423,0.000115977395655546,5.48243634856219e-05,0.000783424182215869,0.000111283155046185,0.00416036574295349,0.000342176448275268,0.00167560353631018,9.18844423812184e-05,0.0001254719027886,8.63154632195226e-05,0.00012906853411535,0.000162330005053095,0.000216626940810073,0.000298079898591361,0.000261403316739742,0.000454414827458152,5.72511290796357e-05,0,0,0
P082,"Métales básicos de hierro y acero, productos primarios de metales preciosos y otros metales no ferrosos",0.000262710112052788,0.000266330568194559,0.000296783293114294,0.000408450307016692,0.000324801253830554,0.000242931396274494,0.000250376597461712,0.000227929023445401,0.000343869771062625,0.00103363567507144,0.000764398486538553,0.000403054955798457,0.000136986700083571,0.000319278804333162,0.000271953694760051,0.000241249253083337,0.000280999624767232,0.000802549135469065,0.00125359996130628,0.000252120033319788,0.00029923219591989,0.00041166813150583,0.000307745429208515,0.000631490744442205,0.000190960604236476,0.000587976031032976,0.000249746755066934,0.000479436799988107,0.000174002002267706,0.00054682406657788,0.0017613968569213,0.00609456426905217,0.00110345899513662,0.000434941437894041,0.000399277635224266,0.000631233142026833,0.000903832012973589,0.000210431388724622,0.000563793355642122,0.00113657524295274,0.000441704396926594,0.000936121075706492,0.000785610503648437,0.000815779073484607,0.000697750403686263,0.00068641450414033,0.000517729769163778,0.00018968141699904,0.000558679416694415,0.000494146607296503,0.00019059742196476,0.00125365067913664,0.000624616376994393,0.000446277672831381,0.000821572831436106,0.00176767268173049,0.00113470314035396,0.000857833967166353,0.000775584317475967,0.000866091475044895,0.000935351704153349,0.000643116583966,0.00289664068204272,0.00134933827103697,0.00107992384639695,0.000726642539624504,0.00113229820853349,0.00406701104285543,0,0.00172168663105262,0.000311387756292859,0.00069660080150082,0.000540481841544077,0.00124997553010798,0.000717533488697802,0.000758104782278312,0.00081025450770845,0.000788459787189846,0.00131711154640664,0.00158798859243391,0.0430820904409605,1.03456791238054,0.0383394373046735,0.0119487403488923,0.0520941275292679,0,0,0.0422708730098609,0,0.0404069253072743,0.0853488461844144,0.00789465980625736,0.00226839466549574,0.000321561468555451,0.00119543453473171,0.00277102432424266,0.000598798721681884,0.0751309013947744,0.094304243716894,0.0493947490575843,0.0436457594441162,0.000878449635321643,0.00131598782705174,0.000610175552985036,0.001043554794309,0.00196236397308205,0.00106758250446017,0.00170641425454165,0.000798128965147002,0.00252711352615153,0.000817489051232192,0.000733334058975654,0.00162539709469426,0.00161303050013701,0.00102650001411801,0.00052769062748658,0.00105887715903253,0.00196832874155448,0.0029745031548589,0.00048742660320637,0.000603037901648424,0.00397701273861533,0.0017041548023928,0.00250195572122943,0.00150256780639593,0.000224963414376164,0.00128023626928532,0.000495564009253014,0.00130144554719456,0.000741640893226997,0.00101646588035055,0.0214668740522191,0.000824005533373953,0.000340204883176637,0.00442459102753973,0.00077689554369482,0.00700729767882977,0.00204082757055733,0.0118255736030537,0.000586697592799796,0.00221327755056778,0.000608234225498551,0.000891763179126823,0.00104123602022954,0.00164162052208319,0.00228803706534051,0.00167522732949336,0.00249828110262244,0.000506642058043892,0,0,0
P083,Productos metálicos estructurales y sus partes de hierro o de acero,0.000120730763349486,8.29022421026354e-05,9.31403838035119e-05,0.000117473232281469,0.000150200652520302,0.000107755967762111,0.000110116817043169,0.00010063550789736,0.00014809332550621,0.000556069282684695,0.000198509068370377,0.000154648159637584,4.63879907308182e-05,0.000221046284727207,0.000145311885154128,8.62323343344908e-05,0.000115992082909941,0.000605695973108243,0.000653413740670182,9.77120098742592e-05,0.000116943471186965,0.000221363405591371,0.00020010894530897,0.000302205275109906,0.000122105531103135,0.00021566682750163,0.000134830851788972,0.000211969938288397,7.87198409439874e-05,0.000293650396925631,0.00110289748707194,0.00283493951972695,0.000625287101378908,0.000168526605367448,0.00018976430072315,0.000315561534141758,0.000405061338880226,7.27673641919136e-05,0.000356065151882649,0.000573077431173593,0.000220682407330477,0.000459372159685946,0.000485556669115667,0.000497425409504148,0.000319958680830301,0.00031464578371672,0.000416144625328686,7.3729506026946e-05,0.00032650267756569,0.000291727432367304,0.000133766195056116,0.000829249826186496,0.000336715426341639,0.000342854860474019,0.000375030611042276,0.000589616531699906,0.000707055834053562,0.000591089504696912,0.000406723742730881,0.000373663502208285,0.000258666984981958,0.000250190078228678,0.000608597917060707,0.000263264926667259,0.000273001836244083,0.000532467309404873,0.000614211582656541,0.000360753736422728,0,0.000592229996995815,0.000144226104508979,0.000211442613396261,0.000319687639747513,0.000575998819360534,0.00026879721699302,0.000250110016357652,0.000422138876620896,0.00051124689942662,0.0018705601808392,0.00107610108406264,0.0271967940838183,0.00294082187493016,1.00181880285271,0.00155232036934486,0.000284301665177986,0,0,0.0328045047999537,0,0.000361801472126915,0.000674901823617301,0.000827095172312672,0.000381247793841482,0.000236928472102725,0.000975593651883853,0.00139380467239075,0.000274565302208737,0.0139622343305423,0.00545598095536064,0.0304723056451664,0.00655347072263644,0.000277909917831207,0.00121197358653796,0.000272388990172246,0.000542691270354727,0.0010983242272467,0.000561633185257747,0.000794803129095735,0.000338051996740312,0.000734938271315684,0.000299919547320553,0.000267761087113891,0.000667057451681145,0.000821129955068224,0.000540201135833357,0.000257324696756289,0.000673672301438972,0.000298839467948099,0.000784439421765522,0.000167805589407678,0.000250044152449592,0.000400717581569163,0.000374666568838339,0.00116659562562858,0.00218367803965844,9.55773867898923e-05,0.000661634906685351,0.000207927803174143,0.000558003598516945,0.000292085656353602,0.000543177194575074,0.0219460825199395,0.000211470497114727,0.000154966884299782,0.0149484885024894,0.00123087074091182,0.00376003304151748,0.00076820823935403,0.00312899827623611,0.000539076837746598,0.00020390191502172,0.00041668385967093,0.000493485220923654,0.000378865727462238,0.00058610080635669,0.000691573139075952,0.000491649033131526,0.000985618707556311,0.000195129693566806,0,0,0
P084,Otros productos elaborados de metal,0.00775096960144141,0.00880488582325645,0.00972073934713204,0.0155063514377351,0.0100873106094914,0.00225378119542407,0.00236214009766389,0.00217437501027016,0.00301069062410605,0.00331153748140335,0.00284504575017804,0.00143547912422716,0.00151561110440975,0.00110862920296641,0.000743946442360385,0.000592677120940027,0.00271717468159109,0.00100483307811201,0.00434865712376665,0.00158977914819027,0.000859933235102821,0.000946030409479357,0.00181736315417124,0.00176150949727707,0.00136861426967567,0.0105022030558469,0.00624292170344129,0.00523650838056541,0.000239754971777884,0.000727551633541584,0.016419743456835,0.0110651542229331,0.001254173988802,0.00242214072087319,0.00184084443785758,0.00174381538333308,0.00225464135451037,0.000725418913707827,0.00128224198815748,0.0135462909607225,0.00472314551587386,0.0106619276756606,0.00106951570491668,0.00110608664850514,0.00126658080528875,0.00123530865650201,0.000637732477362691,0.00257034294893664,0.00218874331056203,0.000837606346681898,0.0018754996102367,0.00250775316437005,0.0018098493431484,0.0013121550041885,0.00489077753927313,0.0540611158681438,0.0112301124157332,0.000884382336030495,0.00151319400920439,0.00300020129018203,0.00870067140560974,0.00382265231975873,0.0061780291052018,0.000987820456776271,0.00101521806454007,0.00237889615895525,0.00137196774061153,0.0201889351541335,0,0.0111065005882652,0.00048570428991368,0.0112535683581212,0.00157218273015267,0.00539121345439755,0.00435833261195395,0.00139848757946847,0.00120606188705335,0.00246323144088302,0.00277768558958924,0.00449698614265263,0.00293647182274372,0.00126842093425944,0.00438325792721503,1.00397409587174,0.0346036815146971,0,0,0.0104958081733315,0,0.000756120954643226,0.0718754509508193,0.00467048878163613,0.0183225969003032,0.000901426278298328,0.00133990067263837,0.00254307666698515,0.000664709167678142,0.00267017540879524,0.0034039917540179,0.00435058785626091,0.00663527540976195,0.000988657963548253,0.00181674383164055,0.000904329200140326,0.00110452629020754,0.0066499686364464,0.000999186809527596,0.00138621275879096,0.00106863360661793,0.00324531946706062,0.0015021849168658,0.000434387709368874,0.00197776112848606,0.00134283039708291,0.000857968327584246,0.000537537117654701,0.00121873683274456,0.00030528122546063,0.000802735768259577,0.000471420660237356,0.000643542625502213,0.000953887953686191,0.000746480410519485,0.00117115365454367,0.00286368731024159,0.000263000413863191,0.00138998060068699,0.000562209996875427,0.00222884489907377,0.000752743457598719,0.000803828667583431,0.0256426696735875,0.01586453778511,0.00131978277991924,0.0597434519571983,0.00396514427399084,0.00284021119774978,0.00118527447330366,0.00260382463665313,0.00146386165253534,0.000776921915606958,0.000569582038088631,0.00156786343228112,0.00101113905507196,0.0013844584373858,0.00219990407402784,0.000828671382034312,0.00126432819709632,0.00196306336378805,0,0,0
P085,"Maquinaria para usos generales y especiales, sus partes y piezas, excepto electrodomésticos",9.17012812485939e-05,0.000367644101602469,0.000408091061366128,0.000131068930572126,0.000103794065705727,0.000248345809933694,0.00024715541426179,0.000226060491160519,0.000319492460073573,0.000918317684574591,0.00154666206290289,0.000260186739777159,0.000492144829693584,0.000223387269116176,0.000432000435878115,0.00138791914108004,0.00134699092096808,0.000308393258558467,0.00277536504765107,0.000580761425513136,9.65774624722077e-05,0.000202369292902027,0.000186233035947471,0.000368861913008218,0.000115720689786848,0.000264593890432735,0.000220463996380058,0.00217317444301461,0.00022856802995568,0.000713892444759922,0.00199025498939528,0.00223550821949134,0.00171117945214747,0.000130021360796879,0.000165190981011183,0.000527030095847007,0.000504156362383735,8.92728022934664e-05,0.000199567697428018,0.000441283548341434,0.000210513219336455,0.000375972978656315,0.000698197027036111,0.000702208631401697,0.000480549135130063,0.000469462437403687,0.000217204225407713,0.000139781082324099,0.000196478681300749,0.000275195526021631,0.000105210172255053,0.000869424654297808,0.000593163954992947,0.000316637088428926,0.000754403257535128,0.00215172886359883,0.000695542238418701,0.000500322023987188,0.000945633331069418,0.000550274627630731,0.000178432684231122,0.000233310266924177,0.00102740089609126,0.000408836227295593,0.000968080640779249,0.000468502527601887,0.000996705029578677,0.00681085354929702,0,0.00139179926611724,0.000192782040826541,0.00134890777021395,0.000406587784223385,0.0018436763337411,0.00121351550416681,0.00102524280822207,0.00363079267458695,0.000627395609337768,0.000860287339165067,0.0015846060184634,0.000888325526864371,0.00121068706888894,0.0010149089639783,0.000307283476657161,1.00611034184052,0,0,0.0017257509750314,0,0.000290332188406893,0.00030738462798289,0.000469461347549389,0.00116537319771333,0.000184611551668703,0.000905894072606871,0.00131976283012574,0.000840478744338176,0.000655883169836041,0.000788002922620297,0.00100788280716489,0.00327614507662371,0.000249498779037382,0.00230034868651601,0.000329264819440114,0.000395335384816729,0.000771138863947709,0.000276314351881577,0.00158144862720538,0.000290174552263546,0.000372388872702231,0.000270823132719751,0.000129128421993464,0.000430111453958455,0.000387316761244423,0.000240678080804624,0.000209228713305821,0.000554383257811389,0.000149169481086399,0.000333619381666066,0.000121511015079615,0.00133882201916748,0.0010122821343511,0.000206468579516863,0.000524678653343797,0.00141135297400725,9.01107264830633e-05,0.000297118611478441,0.000347771352976914,0.000764912774373864,0.000152914359538512,0.00110114801272269,0.00509654813275568,0.0024151760568454,0.000814272871469406,0.0165815863984085,0.0007949656908207,0.000697505187306536,0.000259776339845895,0.00103947828501406,0.000301550101931249,0.00197160709954006,0.000254000735757968,0.00149902127979899,0.000285793289087379,0.000317830634133032,0.00175001957632192,0.000252907585242958,0.000376903816130441,0.000105648468757887,0,0,0
P086,Electrodomésticos y sus partes,4.67272211039076e-15,6.01250297324995e-15,7.05249628489975e-15,8.23362313830368e-15,5.37219757939736e-15,8.02353213906349e-15,8.36886277339357e-15,7.59435548615308e-15,1.1999684011017e-14,2.36195743621939e-14,2.08362353368759e-14,1.06463441651525e-14,3.49771656946849e-15,6.09371897661949e-15,7.54367012582127e-15,5.08329284674924e-15,5.82553378511631e-15,1.82300234548349e-14,2.51857615255546e-14,6.42070152209493e-15,1.06074049607008e-14,1.3676245618221e-14,1.09210865299611e-14,2.1710443733383e-14,7.39590434835724e-15,1.19703344516505e-14,3.831266598837e-15,7.01592993142129e-15,5.85938767215633e-15,1.43994093638209e-14,4.48203685680669e-14,2.01292708885286e-14,1.91712241490327e-14,1.48282772028085e-14,1.35455190210717e-14,1.78974255514651e-14,1.91465590323768e-14,8.33043999072802e-15,2.38644973188414e-14,3.01216261483039e-14,1.22188360128182e-14,2.45510887313414e-14,1.28918674461985e-14,1.40516780078186e-14,2.40898291334356e-14,2.35516298450367e-14,1.24287431428013e-14,6.42237530167666e-15,1.26925819828304e-14,1.60825712423336e-14,6.22074992363602e-15,3.96359558974817e-14,2.78767013397517e-14,1.4011504688511e-14,2.86805026015775e-14,3.00765016169092e-14,2.87595907925714e-14,2.20523990371463e-14,1.80398773073985e-14,2.33401298919933e-14,2.27525832044861e-14,2.17123564830137e-14,1.2685042512657e-14,1.92740788633904e-14,1.66449558765341e-14,7.0694741672945e-14,2.94544574996758e-14,3.35027128357064e-14,0,5.29921313125821e-14,1.02665224056815e-14,2.00535840139388e-14,1.44855628972146e-14,5.33360712954947e-14,4.02951436765961e-14,3.10626319248732e-14,2.37759456193442e-14,1.61739543843361e-14,2.6687109712168e-14,2.17177479822836e-14,5.60454089408005e-14,2.40895242333663e-14,1.5418469779119e-14,1.55572854814942e-14,1.48380660030381e-14,1,0,2.14353204286702e-14,0,1.1529564529151e-14,2.57572700987095e-14,1.4972813514201e-14,1.95177101498779e-14,1.2360095739022e-13,1.00254466277912e-13,5.45607150991227e-14,2.14042974338872e-14,2.92468484992827e-14,5.79419778563817e-14,7.13170236313184e-14,8.69143210949254e-13,4.50296328870446e-14,2.60566661646407e-14,2.22920183857061e-14,3.33151881131198e-14,4.86994631857237e-14,1.33473105087151e-13,4.8300623629307e-14,7.06744473940539e-14,9.31364295656464e-14,2.69227891745663e-14,4.72783114454013e-14,7.69912663988719e-14,1.01986100540717e-13,7.02146734201164e-14,8.83557802146592e-14,1.45654152338719e-13,3.96148360575678e-14,1.18059165780163e-13,4.98445995380365e-14,3.86870959555745e-14,4.42623341657084e-14,6.35453952736584e-14,1.54162663756076e-13,5.93727385526238e-14,3.08512482806562e-14,1.09568127318866e-13,1.49894937278711e-14,9.43389678851832e-14,6.7951891141911e-14,4.2979074370959e-12,5.76249670592581e-14,3.77800468279673e-12,6.31229438577306e-15,1.86755367224882e-14,1.78194803006738e-14,1.3602657669529e-13,4.5617170768633e-14,2.07832363360399e-13,1.42347168545359e-14,2.56570731060024e-14,2.0313539978889e-13,1.61796062282786e-13,4.64891369850504e-14,8.44519880382772e-14,2.19021181723582e-12,6.72652331260795e-14,9.49033077457866e-14,2.19819727802057e-14,0,0,0
P087,"Maquinaria de oficina, contabilidad e informática, sus partes y piezas",1.59517987523045e-15,1.29426726713988e-15,1.40259734376446e-15,1.92609756137398e-15,1.95175380546696e-15,1.32807716574321e-15,1.35989166200797e-15,1.22976789035838e-15,1.87967570711312e-15,7.25794653703621e-15,1.80886479222398e-15,2.34333326236309e-15,7.50603956870248e-16,2.98772146743901e-15,2.34081649327865e-15,2.52243562733593e-15,2.50022673091328e-15,7.44472998169795e-15,7.51820532635676e-15,1.38216406327456e-15,1.231639282976e-15,2.79862317474467e-15,2.14053441069627e-15,3.20483744878997e-15,1.24816909392393e-15,2.29224725278285e-15,1.5591168351851e-15,2.60080609640031e-15,1.29560771273961e-15,3.27104916113029e-15,1.77707304767883e-15,1.74958322111815e-15,7.91319641816508e-15,5.42319704903753e-15,2.91848491499192e-15,4.04812470909893e-15,7.2454375222386e-15,7.64565088002042e-16,4.51422080890994e-15,1.97827860926539e-14,6.68431459687834e-15,1.07027631324453e-14,6.23904831461043e-15,6.86450300758524e-15,5.34854100802101e-15,6.22062280734571e-15,9.82680178654647e-15,1.68143568364755e-15,7.18204187093328e-15,3.63025633333406e-14,1.16171930011002e-14,6.90039569602683e-15,8.30950794549175e-15,3.33200662314204e-15,2.77190348354319e-14,1.10607195384111e-14,1.56284907798006e-14,1.39764070894969e-14,6.57539125105574e-15,2.27565073241185e-14,4.62439975861414e-15,4.26521753169621e-15,8.36887271798838e-15,6.04626493902766e-15,8.27055897773477e-15,5.22931317762083e-14,1.07325852710921e-14,5.43400962163135e-14,0,1.58482673257299e-15,2.61607108822695e-15,5.95735162352087e-15,6.55924745104623e-15,3.12033915204467e-14,9.05324598128767e-15,3.37708373751142e-15,3.97168507507516e-15,6.94773948008117e-15,1.3641492212459e-14,1.06343471233355e-14,7.41136413600522e-15,2.55507383105828e-15,1.528128341322e-15,2.31364942285167e-15,1.67028282253205e-15,0,1,6.97609529647202e-15,0,3.66177482779034e-15,3.63642988474565e-15,6.46724526670465e-15,5.27594167231112e-15,2.685066452548e-15,3.54341099901369e-15,9.78183812141276e-15,2.80350886767688e-15,3.11363643983353e-15,3.44874585722112e-15,3.63314638212462e-15,4.54733355383737e-15,5.45848581182915e-15,7.94703671761465e-15,3.38066207944961e-15,6.5797893988012e-15,1.68808526630678e-14,6.27399670374127e-15,7.25296668272021e-15,5.15150857863661e-15,2.25774245767306e-14,6.07893265017291e-15,4.22458870060132e-15,1.53787014611571e-14,1.47130345555848e-14,1.00938295978675e-14,7.02031352785183e-15,1.66829526877419e-14,2.93527550329987e-16,3.6251928881666e-15,2.41927249206173e-15,4.74871737785876e-15,5.34925249669307e-15,5.94435511010665e-15,2.42171564691705e-13,1.38445428620976e-14,1.88803378967468e-15,2.45183124293106e-14,1.46164008082341e-15,6.01863496171674e-15,5.40998770113956e-15,7.37170496537534e-15,2.80590599619627e-13,2.23635192451532e-15,7.40120828655516e-15,3.99400520438501e-15,2.09104558003488e-13,1.19100105938708e-14,3.61455996584886e-15,6.55688568107281e-15,1.40584710781061e-15,2.25847751751656e-15,3.08859563510149e-15,5.06573272658408e-15,3.91621788484611e-15,8.46098282805074e-15,8.99632168805265e-12,2.01937229305692e-14,1.11669603136613e-14,1.30331288135487e-15,0,0,0
P088,"Maquinaria y aparatos eléctricos, sus partes y piezas",9.66466383574264e-06,8.44673059419332e-06,1.05214164635083e-05,1.29326836647861e-05,1.14838372994294e-05,2.69041838703992e-05,2.79910224735176e-05,2.62746974171592e-05,3.78775640079262e-05,4.05919257110909e-05,1.98849968370365e-05,2.47729229296853e-05,6.72718108137889e-06,1.71698184726405e-05,1.69402675394082e-05,9.06197123629604e-06,1.12773341281967e-05,4.7393034067407e-05,5.34271553783018e-05,1.02540640351922e-05,1.03410484627811e-05,1.98223584998108e-05,1.7752646687633e-05,2.35000489489162e-05,1.2301863924851e-05,2.5253110637615e-05,1.3329610261546e-05,3.10473403204543e-05,1.03487970543161e-05,2.45684163077043e-05,0.000766778112324423,0.000476565143719945,0.000151490185670064,2.20823773112612e-05,1.9793742642473e-05,2.86512316777668e-05,3.67915761427056e-05,1.87921574171059e-05,3.80027075718639e-05,6.24973350770926e-05,2.39703735232429e-05,4.09261200553225e-05,6.79952054245222e-05,7.0215968723593e-05,3.09487164807601e-05,3.09157045068929e-05,5.44699226447913e-05,1.09876532938969e-05,5.61877057092615e-05,3.73978926870546e-05,2.67815076927799e-05,5.2827786018556e-05,3.45101443533224e-05,2.33544377997409e-05,4.89540254059859e-05,6.12384730228461e-05,6.23284496141685e-05,6.07536514646798e-05,3.67173350703844e-05,5.59476727718444e-05,2.55964714871724e-05,2.38779233364424e-05,0.000159036056457931,5.12067244585708e-05,5.26802856673461e-05,5.79109602906546e-05,7.41727347143678e-05,0.000808854257457476,0,0.00098682610956387,1.73346358033957e-05,3.35024812459846e-05,4.82472192779229e-05,8.78354955619975e-05,3.95506022428083e-05,5.1700079352766e-05,5.79540557415358e-05,6.17980806764121e-05,0.000133219336838874,0.000164626700236638,0.000375395465905435,0.000138910769323205,5.67155441333489e-05,5.12844222755466e-05,1.93124420952409e-05,0,0,1.0034437020668,0,3.21619349059748e-05,4.18189284822517e-05,7.12291091324467e-05,3.62765595854111e-05,1.98987764537286e-05,0.000219046417943122,9.94137787178995e-05,2.52102110266068e-05,0.000178115115854502,0.000518891483641226,0.000319561582081645,0.000353475793286645,4.97885206406437e-05,0.000133656176091999,0.000181771576099773,0.000140878006507741,0.000273101237454499,4.41092920258684e-05,0.000110863584960698,4.1393161680533e-05,5.97896571705709e-05,3.30252173534173e-05,0.0002671803929788,7.40487762111029e-05,6.48456113335849e-05,4.05424148362173e-05,2.34142592174988e-05,5.08310202267533e-05,1.62203332718318e-05,4.28396326529594e-05,1.78360936844663e-05,0.000238360803032816,6.72338803439253e-05,5.87395224930878e-05,0.00015363417928967,0.000170222786895644,9.74137678993818e-06,5.02312595283554e-05,7.5797533147749e-05,4.3267317095934e-05,3.05522196790374e-05,4.399691647977e-05,0.000982522808654397,0.000493196035705031,1.07019421055614e-05,6.68635902146582e-05,0.000334271730234331,0.000193360323635259,4.55607910026346e-05,0.00011675323304133,3.72032621395173e-05,7.11396980270248e-05,1.99673677639304e-05,4.96991135884088e-05,3.60630564147038e-05,0.000113358812795842,0.000122450732332499,4.5264930997506e-05,5.59425818280453e-05,1.37786938857506e-05,0,0,0
P089,"Equipo y aparatos de radio, televisión y comunicaciones",0,0,0,0,0,0,0,0,0,0,0,0,0,0,0,0,0,0,0,0,0,0,0,0,0,0,0,0,0,0,0,0,0,0,0,0,0,0,0,0,0,0,0,0,0,0,0,0,0,0,0,0,0,0,0,0,0,0,0,0,0,0,0,0,0,0,0,0,0,0,0,0,0,0,0,0,0,0,0,0,0,0,0,0,0,0,0,0,1,0,0,0,0,0,0,0,0,0,0,0,0,0,0,0,0,0,0,0,0,0,0,0,0,0,0,0,0,0,0,0,0,0,0,0,0,0,0,0,0,0,0,0,0,0,0,0,0,0,0,0,0,0,0,0,0,0,0,0,0,0,0,0
P090,"Aparatos médicos, instrumentos ópticos y de precisión, relojes",7.35817109277745e-07,7.70397110697489e-07,8.36226108995663e-07,1.03670327579677e-06,8.39182825782011e-07,1.27066817836107e-06,1.29913995651176e-06,1.19314296792585e-06,1.75226952145521e-06,2.08976760156845e-06,1.3160350515368e-06,2.82751434144456e-06,6.63574010145972e-07,1.6435126869967e-06,9.22675652581193e-07,6.96963171461039e-07,7.53245800755849e-07,2.59880424419364e-06,4.76126138220996e-06,8.98233375080799e-07,1.03485600127869e-06,2.02151557098663e-06,1.04715983078028e-06,1.64780588342874e-06,7.61967267034965e-07,1.74251435459002e-06,4.41956534656581e-07,9.80935048960042e-07,2.43453083728061e-05,1.82004685754163e-05,6.8688957209301e-05,0.000133734186816552,2.42669513528793e-06,2.07361560791848e-06,4.44993891107815e-06,1.55031785374106e-06,4.39071186948453e-06,1.08874124845452e-06,1.9524780573354e-06,7.43453967591916e-06,2.63751625524923e-06,4.71004811298388e-06,1.81454238184194e-06,2.08667343053199e-06,2.31762609897341e-06,2.51692563149167e-06,2.62093510469222e-06,8.36600816196666e-07,2.13655727634477e-06,1.787778367549e-06,3.41778446553585e-06,4.21801044277611e-06,3.16075627926501e-06,1.25846079141809e-06,5.44606034816768e-06,5.09815588714204e-06,5.38670040116654e-06,4.07450154644542e-06,8.06332328200725e-06,1.04305555607216e-05,1.53711980261444e-06,1.92026844038752e-06,1.81268960461657e-06,3.59921090774347e-05,2.67251685615337e-05,0.000116313660767713,7.22897953459452e-05,2.71998772742695e-05,0,9.18358155080851e-06,2.72133334979171e-06,4.72335712102403e-05,4.40320193465933e-06,6.18375827415451e-06,5.48902496792211e-06,1.50529774083921e-05,0.000186702630081772,4.25796683637764e-06,8.59115102895016e-06,4.83872257222561e-06,2.62992636223888e-06,1.91753214810251e-06,1.31565891807977e-06,1.4820981478252e-06,1.32534126687901e-06,0,0,2.38097921799703e-06,0,1.00284879059276,2.86022716722168e-06,1.74785693877899e-06,5.25586093865042e-06,8.04749983370701e-06,8.0397245689025e-06,8.6052991168313e-06,1.37473237940809e-06,2.07547262571079e-06,2.04795266982687e-06,3.00848063300972e-06,4.60824001518987e-06,2.89604380458475e-06,2.62946868524002e-06,1.80001302234088e-06,2.55986960333072e-06,1.57784667863471e-05,2.36408826783447e-06,1.93002430314689e-05,4.14186059136774e-06,9.24109390368555e-05,4.59557266405306e-06,1.28345405016219e-05,2.69451989859023e-05,5.69403029026324e-06,3.51540585046148e-06,2.93058364817024e-06,4.36932398158649e-06,2.37417501393132e-07,2.43658743306302e-06,2.50145126646992e-06,1.13241564203831e-05,3.19113263090289e-05,3.35876163996484e-05,2.56844023662792e-05,4.34470980042221e-06,1.66760545693016e-06,6.65031836135239e-06,2.91592450776667e-06,2.57046168843168e-06,2.51653122190542e-06,3.14904920181029e-06,3.58540246100446e-05,8.28849182473199e-05,1.13189953508302e-06,0.000185678693863472,5.69252811367042e-05,7.05750314312417e-06,4.9645776649742e-05,3.56971074750194e-05,8.86617294911719e-06,2.21534692598494e-06,8.68934577494748e-06,0.000185344551987117,0.000234166776117413,0.000460437668406307,0.000729185762697007,5.40915252496027e-06,2.29675727360379e-05,1.40322224515275e-05,0,0,0
P091,Equipo de transporte,2.96067260599033e-05,3.47435044988052e-05,4.14260212559628e-05,7.09722678875123e-05,3.39603371927495e-05,5.4611593784616e-05,5.71688828793324e-05,5.17977536405719e-05,7.84162355995703e-05,0.000158303642869324,4.99553435273272e-05,0.000192147011671811,3.84243351367184e-05,3.54795985660286e-05,0.000151594131349887,6.02782353638121e-05,4.41267862308409e-05,0.000113077591687397,0.000229922921568437,0.000244357520785554,7.87803627338092e-05,0.000153740849831968,6.14051940485283e-05,0.000137462286215942,3.42629563989358e-05,7.04480114862693e-05,9.51322171530858e-05,0.000354875657481029,2.70497785917352e-05,6.20108544429001e-05,0.000357761694031985,0.000853050596049736,0.00172691250647721,0.000250662930241875,0.000207831916633732,0.000204155554829752,0.000131550648552748,8.77451294900224e-05,0.000119713463491316,0.000320524589251612,0.000111170860125721,0.000226474501803957,0.000183244003269731,0.00022358226763614,0.000402617730037649,0.000427303549484509,0.000150201037145135,0.000163810400006181,0.000120611419955561,0.000203351505354528,6.04649027353553e-05,0.00017550321482562,0.000309282503459539,7.84151172595683e-05,0.000180065782808763,0.000113199185195354,0.000286809542774471,0.000278426786299662,0.000200701734309885,0.000205869835020475,0.000403367551729474,0.000401919732729262,0.00023921547802124,0.000154251593167718,0.0001259697948249,0.000707299489696593,0.000255804161951251,0.000210574252967048,0,0.000221066298564972,8.99937385975221e-05,6.18978929425495e-05,7.34686672501109e-05,0.000168762701868841,0.000128151088626536,0.000233880258293778,0.000602531361309052,0.000547543581083309,0.000509009645134031,0.000796911913362455,0.000186081309357654,0.000143341379105308,0.000192101544016022,0.000348973083222894,7.50818142656098e-05,0,0,0.000477221901975592,0,0.000181451730904161,1.00020941954495,0.000142937226321707,0.000311898245053469,5.4427977502059e-05,0.000242216830413492,0.000118453560652566,0.000315850242451942,0.000188652388850859,0.000192031616721945,0.000235675647453056,0.000498123423355471,0.000152472696461508,0.000452011589817629,0.00179723825867011,0.00156125396426569,0.00180412760329317,9.36138554205464e-05,0.000508855233671753,0.000746972529451965,0.000701452835684205,0.000148853156653627,6.72374827841336e-05,0.000161735735262149,0.000117805325569031,7.20684989399411e-05,7.66825248895707e-05,0.000207102575125969,2.29906181793868e-05,0.000129476487980599,0.000111773852541161,9.14808225071211e-05,0.000564781466062085,0.000158598661028094,0.000295925774039247,0.00021748702818535,8.37198146005683e-05,0.000203773818566205,0.000169057785767609,0.000115094880594953,0.000109382165323925,0.000331674838554521,0.000686022924555502,8.35255235674937e-05,3.15204993427587e-05,0.000816992651166711,0.000340087624848268,0.000176965175975761,8.52928507095576e-05,0.000174891292824426,3.57758642709348e-05,3.44614531497689e-05,6.58186664821961e-05,7.02000736858e-05,0.000180519542491053,0.000261463123292192,0.000346213444169994,0.00023754401231488,0.000291773998113244,7.71535799071515e-05,0,0,0
P092,Muebles,9.3408221346332e-07,1.09721936580716e-06,1.25008869125817e-06,1.7787211035067e-06,1.08436571857646e-06,1.44058608628167e-06,1.48885099928384e-06,1.34582560499411e-06,2.14501011718617e-06,6.49018192674483e-06,7.01020081932996e-06,2.18824893512735e-06,6.67363330571603e-07,1.14401862963137e-06,1.38762429787763e-06,1.17304922835598e-06,1.17522728943072e-06,3.36653053655377e-06,7.38791020438082e-06,1.43237870528699e-06,2.50574300610657e-06,2.95637188650196e-06,1.95298538322145e-06,4.96562167741957e-06,1.21245424925225e-06,2.02722359616665e-06,7.40320417294583e-07,1.38020188423764e-06,1.22716845547563e-06,3.75202567842694e-06,6.99610906853194e-06,7.15195506965114e-06,4.06707804017316e-06,3.66577299370459e-06,2.98101919485616e-06,4.51833893104803e-06,5.25755708931259e-06,1.95696322004152e-06,3.07227241211971e-06,6.76798319032134e-06,2.64919736737819e-06,5.58478709954624e-06,4.07907549245562e-06,4.31625691771348e-06,4.80932696291863e-06,4.66444836326829e-06,1.94777984232889e-06,1.07353830314896e-06,3.38144455444508e-06,2.92347402132406e-06,1.13047334571057e-06,7.18635420230841e-06,3.46210434615057e-06,2.70817313414521e-06,5.54216614598833e-06,7.90159511833653e-06,4.49466064174929e-06,3.52564555871245e-06,4.78617757269278e-06,7.57635972641993e-06,8.51777381892557e-06,4.69785428021131e-06,2.39457609536419e-06,2.716407837442e-06,2.66950796159166e-06,3.07233415057476e-06,6.44715061650249e-06,4.02050942408977e-06,0,8.1314586166833e-06,2.00803594528126e-06,4.09162210381825e-06,2.79382527903874e-06,3.93056040505632e-06,4.38329794799095e-06,4.05779196192463e-06,3.69495740436669e-06,2.89757731132512e-06,5.95271447701855e-06,4.73364876011252e-06,2.53931819126879e-05,2.1931268366059e-06,4.45657467708821e-06,2.30343825747289e-06,2.21528035872082e-06,0,0,4.79125826546085e-06,0,2.03893614665986e-06,8.32261873490564e-06,1.00119549205043,3.30301597966207e-06,1.40166261094395e-06,1.10309976120967e-05,1.83927871037948e-05,4.15084706493308e-06,0.0038704021577809,0.00729601966557437,7.25401732407209e-05,0.000554795912075839,8.59348583462887e-06,5.26571200156963e-06,2.7954632801603e-06,5.67791469392863e-06,5.53318030219375e-06,8.54226115836187e-06,8.40891084264043e-06,5.5016342410916e-06,2.68091782813126e-05,7.58746595161999e-06,6.75989277838631e-06,1.29545436435625e-05,1.1655239936218e-05,7.10910216876399e-06,3.57758674685693e-06,5.17547195309237e-06,2.49695020204683e-05,3.52843115111411e-05,4.45249003111732e-06,3.71325268474197e-06,3.79937299150304e-06,7.65897896499757e-06,9.27429582602042e-06,4.03378875606547e-06,1.61132494391639e-06,8.79011361974888e-06,3.25217023069413e-06,1.00557152663034e-05,6.84388863695678e-06,6.4008420641533e-06,2.17655254128336e-05,4.73674002525934e-06,2.05017093441288e-06,4.25630102495052e-06,2.86114192329402e-06,6.91055120852093e-05,2.29226146030096e-05,0.000123708684348535,3.93065174260796e-06,7.57472385796601e-06,5.09139405392353e-06,6.10709140619387e-06,8.94476156185165e-06,9.34035418186364e-06,5.86054901061617e-05,1.66314781492158e-05,2.54853226217819e-05,2.54954102165796e-06,0,0,0
P093,Otros artículos n.c.p.,7.82528886941031e-05,0.000101274634848988,0.000108519319321258,0.000137337801326347,8.91637393210813e-05,0.000334117750844291,0.000356581036948924,0.000326138015659629,0.000464612928255371,0.000508266671117121,0.00297569667104541,0.000210267840762607,6.78892824187715e-05,0.000105157180477457,0.000142943617316085,0.000159432616825819,0.000531680494018842,0.00103857837747581,0.0010986480993297,0.000168087279243539,0.00209812465666818,0.00146376130158523,0.000445539784833002,0.00153618664474918,0.000377736898666192,0.00694551564606994,6.88842194580545e-05,0.000796315723866444,0.00022781245138304,0.000713217242002296,0.000158445953077992,0.000223209887816358,0.00617509616277061,0.00150834607482866,0.00106268574269732,0.000442221126133055,0.00158720122348133,0.000176102187411288,0.000301948722909833,0.00103685893353414,0.000375110190371525,0.000693371619138044,0.000698797083151455,0.000775850103641159,0.00104814417789512,0.000972713659738642,0.000286655642058543,0.000173417039579656,0.000298267293346674,0.000314828573779239,0.000433939126580236,0.000521672957968641,0.000798122095036583,0.000327893564095899,0.00143824613219325,0.00115403646638886,0.00103409845127901,0.00101886612079252,0.00322429010780238,0.00321249311064404,0.00130720190607233,0.000586119206286882,0.000263559276617978,0.000354961028801263,0.00041279878680274,0.00146982330317305,0.00152370438821062,0.000100190560622354,0,0.000152618335829604,0.000262186471293956,0.00144085162235251,0.00148370985315884,0.00161572250504299,0.00299544220308632,0.000618009332305116,0.00276347183346988,0.0011526840142341,0.000911375844008898,0.0011491989114917,0.000473859477732675,0.000446565463866663,0.0006381180361317,0.00053454334675381,0.00131752941101649,0,0,0.000306060705386761,0,0.000597354524226129,0.000319591042922853,0.000446142825647091,1.01100236268917,0.00394789561532937,0.000306662845478695,0.000490399236558569,0.00709567423289036,0.00310984531666594,0.000446631513797693,0.000756785498332524,0.00146185947920183,0.000556184471853503,0.00151657172344227,0.000514602324853343,0.000690619444716881,0.000691471779321121,0.000900436874911408,0.00180835090102177,0.0024879223061128,0.00566977197065064,0.00114872803025473,0.000662924651130139,0.0378140706185904,0.00119166399143479,0.000747816136632519,0.000640155312936434,0.00106089899836726,7.20996612484176e-05,0.000967022868746639,0.00316639096481928,0.00510774340036239,0.000473443095608232,0.00147712592938354,0.0023325824712737,0.000597859472232411,0.000871597916529828,0.00147614895504767,0.000875747218450825,0.00907460313267269,0.000699289970816898,0.00123517699064817,0.00138963148634053,0.00318639960530997,0.000106697794478691,0.000473282357560377,0.00636907338651547,0.00230713167119276,0.000930608581737138,0.00111833269100359,0.000479323987673122,0.000310440040768088,0.000756243025548904,0.00144685934758869,0.00266474496554326,0.00294131459611598,0.00604198375073038,0.00112280278484602,0.00255761478122189,0.00344709538453295,0,0,0
P094,Residuos y desechos,0.000213477298411345,0.000186125666602585,0.00019595157445619,0.00027817190719041,0.000235113856836038,0.000529890097545583,0.00054131022115748,0.000500318948474366,0.000711104808855935,0.000286281043067496,0.000329461518796726,0.000703257050580318,0.00022740997362528,0.000327630730718499,0.000218098257390617,0.000125379502121325,0.000153092957510044,0.000372736762044849,0.000548676066305237,0.000172416351429781,0.0256855710271941,0.00892093125886476,0.00882785986046801,0.053800309565524,0.00484001334461194,0.00060496483988299,0.000160600324084874,0.000246469520881342,0.000889784269275621,0.00532054261493652,0.000180829170426851,0.000600802133273415,0.000327369562340091,0.0159063330629567,0.00602219398472395,0.00545153398072484,0.00328901940676926,0.000182820199491937,0.00179975546363769,0.000467997741189704,0.00019274337835125,0.000379809579179805,0.000270631415571605,0.000466658329253264,0.0204243502001502,0.0189434625723629,0.00031980843154454,0.000159584341542233,0.000294481253519523,0.000418716043604,0.000202016887963757,0.000458402462848482,0.000384712818883127,0.0185446429834069,0.00248297393519942,0.000361085647109108,0.000590655859007846,0.000495008703750484,0.00338894338425891,0.000797831176414793,0.0037455156514565,0.00114798827555045,0.000384576520984328,0.0129420289106677,0.00618577878097916,0.00044874707373444,0.0011096294625334,0.000312528762862564,0,0.000172794320443081,0.00108240823844562,0.000325056316777017,0.00207664320420517,0.00217912511693418,0.000795469340220128,0.0114247039780873,0.000226824473586776,0.000297966658365286,0.00126278133244538,0.000665531358882154,0.00311320839449312,0.0692993419843122,0.00265781240656743,0.000931104156155525,0.0038416230761417,0,0,0.00397581425618463,0,0.00537435215937969,0.00752370336914493,0.000824847743807157,0.00188260026862288,1.02485536757155,0.000833807294676595,0.000543967078069927,0.0219368253374584,0.00533978726087458,0.00662205673240078,0.00353537805816086,0.00329529853754398,0.000281004242487829,0.00297838366858114,0.000324579332400895,0.00126327553064575,0.000271046748886556,0.000197853007591235,0.000467924580816454,0.000411585875141778,0.00047257408619054,0.00170568733313871,0.000117432262376064,0.000306810777655816,0.000245014285466156,0.000151942908199552,8.83519822186443e-05,0.000170267175665625,0.000149260679663815,0.000298284046139175,0.000145220023176119,0.000229097162742523,0.000388992969126953,0.000267235101854139,0.000345780517386658,0.000313435742011973,7.29152263457693e-05,0.000227989774154592,0.000102041638611219,0.000655780196636922,0.000107880770944033,0.000215327668773652,0.0020793588533174,0.000844151498478704,7.23880796658124e-05,0.000562562532071693,0.000564988358935386,0.00073624858376751,0.000319727223598142,0.000991508578191416,0.000141487000666196,0.000238806411835542,0.000114360989585648,0.000303409663534773,0.000264613987832109,0.000677105801407669,0.000375377807450568,0.000252446363244107,0.0013798932337171,0.000137521011097701,0,0,0
P095,"Generación y distribución de energía eléctrica, gas, vapor y aire acondicionado",0.00429285124808479,0.00302060122137164,0.00737325418645641,0.00558302616656788,0.00470234721012781,0.0121170125559404,0.0120988248004388,0.0112451567267828,0.0159245156831295,0.00804556439994352,0.0336596093261639,0.0155953138302923,0.00366749099868912,0.0159737540417385,0.0037427875971875,0.00442557075018708,0.00377268906692776,0.0538008234238926,0.0186036662275752,0.00360328726470384,0.00645454632307193,0.0147573563276483,0.0144747063296091,0.013860771013554,0.0205800131367257,0.014495965946315,0.00181372679403853,0.0128102423399957,0.00542186506670608,0.0274938567334962,0.00503765644008789,0.0528526787676176,0.0465832143422309,0.0100358405750727,0.0139764411338827,0.0213880685876546,0.0211947375335999,0.0240293468501427,0.0272816659467186,0.0344786084884317,0.012804022022545,0.0236317776438663,0.0145547828664779,0.0166413435012312,0.0190590676780313,0.0181615228383445,0.0402093274009085,0.0102982456175503,0.020564947066629,0.0192932202199637,0.0117705352235458,0.0208219028357313,0.0245359640004911,0.00981445854995624,0.0377765545072705,0.043775515393233,0.020713581158919,0.0143472119677748,0.0475033311320575,0.0339270262341838,0.0189755811605674,0.0192685383537189,0.0315134566147789,0.0179667112300229,0.0197383114384856,0.0139470798388349,0.0267467793181569,0.00332657885301516,0,0.00541669207786399,0.00811734456656583,0.0157611624452587,0.0130852871867113,0.0270735833074412,0.0194307909177751,0.0451232968269926,0.0548543230167222,0.0473984864818825,0.086641275388293,0.0475576197974501,0.0161422126668953,0.0534966959152135,0.0263595167001729,0.0298364614854906,0.0100785936393632,0,0,0.0250655817057679,0,0.015482093094972,0.0310263261495658,0.0233578474301067,0.0313733792259213,0.0198309159868069,1.04047817009751,0.101684990122206,0.0165260931802521,0.0189686992258408,0.0235504746842837,0.0167212300282855,0.0214336230903947,0.0142313876607631,0.0150754578855033,0.0137435767354997,0.0127414519433356,0.0104374467389829,0.0452223848233994,0.0312097376178188,0.0107805862035116,0.0561324139991967,0.0231433427871424,0.00462267515793066,0.0170568771007675,0.0232699302058636,0.0140899192319395,0.00754957511897858,0.0128543088157549,0.00108520242809732,0.0319925955786642,0.00803941665243689,0.0105102381020947,0.0117610891765135,0.0119802179010253,0.0148823425509651,0.0104036671480997,0.00432079960546704,0.010570230042038,0.00433606823730232,0.0228486049134126,0.0242168202035721,0.0232997185425722,0.0163672491145425,0.0164589338150764,0.00301195555348364,0.00832697460574027,0.0728982440102027,0.0705354559858272,0.0182101443585615,0.020483909789527,0.0121512242902548,0.00913641830767524,0.00801776447978957,0.0224083378504951,0.0143492073866666,0.0220494074937903,0.0453814694480723,0.0349372630248029,0.0260348216572935,0.0137889000097517,0,0,0
P096,Agua natural y distribución de agua natural,0.00667411422807386,0.00472023156052349,0.00521859832099603,0.017603773718216,0.00863522997337894,0.00537566774990524,0.00541674685415011,0.00506674600299244,0.00706544392291944,0.0430149352954527,0.00574546546715759,0.0225695313204797,0.00240945235145868,0.00760952358906463,0.00635661522529742,0.00632163957008757,0.00836926946027696,0.00618402934823169,0.00568645799216619,0.00344875186554581,0.00158132289400012,0.0073322901824599,0.00226893443330465,0.00347457960915288,0.000865617426738862,0.00411607095555013,0.000455516039767884,0.0029042411702509,0.000903698378340882,0.00328077186445975,0.000716188018161134,0.0030657607922969,0.00648292972439865,0.00384353657267624,0.00658140005500452,0.00307695126043435,0.0029851323261456,0.00147224266304411,0.00162822596742179,0.00730610040586698,0.00401648987471845,0.00639597679539604,0.00404701516998508,0.00426212757248913,0.00438483776280039,0.0043458590584155,0.00140532604729927,0.00351018640840976,0.00583797431154939,0.00374094404440261,0.00373172287616101,0.02476718911487,0.00560937069953114,0.00251721414395568,0.00504448944786225,0.00399589930775712,0.0105949032717915,0.0070947255588533,0.00417667590340752,0.00343240774650686,0.00347579802593977,0.00522639412999302,0.00131934072528859,0.00296887544125345,0.00330049997349858,0.00355943642272553,0.00264361444225506,0.000439237796457316,0,0.000717961595056054,0.0010114839319736,0.00159802282511667,0.00328644364778017,0.00649099867695384,0.0027429193147606,0.00396087488744766,0.00124881516178865,0.00809153360747756,0.00181759959013336,0.00931334547144917,0.00180137230256814,0.00248619130494289,0.00302949993191725,0.00485803223881015,0.00101923297044228,0,0,0.00279401237473051,0,0.00313213629419246,0.00242586350444553,0.00440876287826631,0.00638732460139996,0.00821474783503657,0.00198520915504154,1.01679475593463,0.0105424460471142,0.00283369966411501,0.00355784719081743,0.00171626762355674,0.00221212818345209,0.00367700974007669,0.00447361248470716,0.00494750731004885,0.00429831293398107,0.00145763619131327,0.00522839910054251,0.00413302251357106,0.00385805750715473,0.0142890637564808,0.00623345116819389,0.000901298500747893,0.00209370474094591,0.00355669035830276,0.00202958142509123,0.00116044312694907,0.00177155404449756,0.000117305984905259,0.00972000083128083,0.00221480708779338,0.00234589434985318,0.00241661643124171,0.00382333170239785,0.00517252725172698,0.00285527436416479,0.00125725995785526,0.0028151824859712,0.00192185574561024,0.00930443301273054,0.00446939011082685,0.00431471032193208,0.00239647286887025,0.00295518683839343,0.00209113489083581,0.00146059908172106,0.0107966240596844,0.0047692070669374,0.015053036630365,0.00707282254551695,0.00959784448946626,0.00518187273835479,0.00364427139584001,0.00818296174239004,0.00584188591889081,0.00761974609224516,0.00659886274160006,0.00436481048165576,0.00444076858851481,0.0032145054615288,0,0,0
P097,"Evacuación de aguas residuales, recogida, tratamiento y eliminación de desechos",8.10338833245507e-05,8.73861696170976e-05,8.79640864871228e-05,0.000144082016107073,9.22214892950665e-05,7.08960892598556e-05,7.23300160081669e-05,6.54698618394529e-05,0.000103830377870879,0.000240591494445726,9.0699737884457e-05,0.000149596061109676,4.56359893504374e-05,8.19895870228136e-05,9.64568755042644e-05,6.78470418626367e-05,7.60055573601025e-05,0.00016528416214125,0.000289022243191152,8.38638025679879e-05,4.08261648698689e-05,8.15622812462992e-05,6.83083318739256e-05,9.1555306937318e-05,4.04936694957041e-05,0.000104329399052359,4.8592360363922e-05,0.000167699246415548,4.3022751522375e-05,9.11966889422886e-05,8.39459867604957e-05,0.00154077342200625,0.000966944071459141,0.000150567262859223,0.000113943182425989,0.000481668071125269,0.000516257179056743,0.0014003412392669,0.00186950378264828,0.000705227545350899,0.000254305341132954,0.000431123161132927,8.77013272361045e-05,0.000114248446327058,0.000660407389182128,0.000631609293189395,0.000196824546385875,0.000396240881671273,0.000734588619571949,0.00145384426949029,0.00339785453960024,0.00018903247238128,0.000611032300389408,7.23294413691125e-05,0.000381023640811637,0.000233515701534797,0.000229281937388686,0.000141123800081426,0.000576775422520273,0.00195522096116724,0.000187488395563199,0.00049808512489345,0.000332439346046482,0.000171540081745672,0.000232782746035531,0.000405511934227315,0.00104180547353763,5.84840510002756e-05,0,7.88087528031954e-05,0.000327417035138057,0.00047704271848174,0.000204866620354268,0.000135627334339625,0.000128883894796185,0.000265638464996446,0.000143437265697835,0.0021653830822177,0.000584228807914669,0.00071283155551322,0.000210711870124457,9.87299847572723e-05,0.000219075100058441,0.00115207167167049,0.000406554740449712,0,0,0.00012797770105377,0,0.00605134365526775,0.000159403601750866,0.000866066324582149,0.000397691198501011,0.00013851330100343,0.000321952777256469,0.00247176326587973,1.00015334896313,0.000277236127284846,0.000254337429396906,0.000332458285255499,0.000505348990922095,0.000397297341333237,0.00191737993530814,0.000491471741903536,0.00036030500462301,0.000166587219673866,0.000169812500248975,0.000774238497417751,0.0014329195041583,0.00206476375584554,0.00112048684306121,0.000100581051101301,0.000390280115029234,0.000170229702713177,0.000101671145916927,9.0692917435258e-05,0.000162553097363454,2.35778602967684e-05,0.000275238310338113,0.000381527108452868,0.000157160677963582,0.000349430289289766,0.000220321627373486,0.000408523362844665,0.000655697607141418,0.000122673526397321,0.000385325191555434,0.000110861918335379,0.000995529855881865,9.17582445614274e-05,0.00171690777686883,0.000510745834740476,0.00063774815065811,5.69062914313769e-05,0.000200053426434712,0.00355105717252233,0.000543851909859856,0.00111979150134155,0.000749800295234119,0.000345863783023234,0.000672783439054144,0.000539439015513532,0.00130324628354647,0.00329877164201822,0.00792923698212856,0.000611221010037157,0.000162070860011874,0.00047673996524188,0.00102539361587079,0,0,0
P098,Edificaciones residenciales,0,0,0,0,0,0,0,0,0,0,0,0,0,0,0,0,0,0,0,0,0,0,0,0,0,0,0,0,0,0,0,0,0,0,0,0,0,0,0,0,0,0,0,0,0,0,0,0,0,0,0,0,0,0,0,0,0,0,0,0,0,0,0,0,0,0,0,0,0,0,0,0,0,0,0,0,0,0,0,0,0,0,0,0,0,0,0,0,0,0,0,0,0,0,0,0,0,1,0,0,0,0,0,0,0,0,0,0,0,0,0,0,0,0,0,0,0,0,0,0,0,0,0,0,0,0,0,0,0,0,0,0,0,0,0,0,0,0,0,0,0,0,0,0,0,0,0,0,0,0,0,0
P099,Edificaciones no residenciales,0,0,0,0,0,0,0,0,0,0,0,0,0,0,0,0,0,0,0,0,0,0,0,0,0,0,0,0,0,0,0,0,0,0,0,0,0,0,0,0,0,0,0,0,0,0,0,0,0,0,0,0,0,0,0,0,0,0,0,0,0,0,0,0,0,0,0,0,0,0,0,0,0,0,0,0,0,0,0,0,0,0,0,0,0,0,0,0,0,0,0,0,0,0,0,0,0,0,1,0,0,0,0,0,0,0,0,0,0,0,0,0,0,0,0,0,0,0,0,0,0,0,0,0,0,0,0,0,0,0,0,0,0,0,0,0,0,0,0,0,0,0,0,0,0,0,0,0,0,0,0,0
P100,Obras de ingeniería civil,0,0,0,0,0,0,0,0,0,0,0,0,0,0,0,0,0,0,0,0,0,0,0,0,0,0,0,0,0,0,0,0,0,0,0,0,0,0,0,0,0,0,0,0,0,0,0,0,0,0,0,0,0,0,0,0,0,0,0,0,0,0,0,0,0,0,0,0,0,0,0,0,0,0,0,0,0,0,0,0,0,0,0,0,0,0,0,0,0,0,0,0,0,0,0,0,0,0,0,1,0,0,0,0,0,0,0,0,0,0,0,0,0,0,0,0,0,0,0,0,0,0,0,0,0,0,0,0,0,0,0,0,0,0,0,0,0,0,0,0,0,0,0,0,0,0,0,0,0,0,0,0
P101,Servicios generales y especializados de construcción,0.00178177955868677,0.00209243756409069,0.00238415461368758,0.00339094605496071,0.00206855225257524,0.00274950561487629,0.00284166140873487,0.00256875197267029,0.00409358490134884,0.0123903594810126,0.0133907254032836,0.0041742606333681,0.00127310455767468,0.0021826316197387,0.00264583008808385,0.00223851056905393,0.0022404412755494,0.00642377137742578,0.0141018707856035,0.00273266111278384,0.00478463050677483,0.00563769164138047,0.00372568855360429,0.00948142645559905,0.00231305994877366,0.0038683256745434,0.0014126723713831,0.00263320988665899,0.00234044542735413,0.0071633984563779,0.0133577905046208,0.0136570769524275,0.0077567374939204,0.00700018114838845,0.00568661382933904,0.0086249269730586,0.0100179202437396,0.00373555264565291,0.00586431482459066,0.0129090995749899,0.00505363672128434,0.0106544576185937,0.00778885893451794,0.00823786272675978,0.00916986544339771,0.00888495075454141,0.00369914786322579,0.00204318187968062,0.00644573191882785,0.00556460366821859,0.00215636430288638,0.0137177419611138,0.00658052938131571,0.00516732859030409,0.0105731869245733,0.0150427697844511,0.00853756006302034,0.00668697814097852,0.00913825141290282,0.0144640603631053,0.016270278482925,0.00896391438232367,0.00456891549841432,0.00517336625511718,0.00508904890679003,0.00556978677324199,0.0123069369608225,0.00767754928271461,0,0.0155282767765622,0.00382802986883789,0.00778925236549504,0.00531387294688947,0.007497388923209,0.00832732496953584,0.00774317467228853,0.00705235695073771,0.00551804820948893,0.0113331850290387,0.00901862993431279,0.0485083084742813,0.00418090514667604,0.00851041102817134,0.00439344839638,0.00422445543355601,0,0,0.00913648994927284,0,0.0038875552003557,0.0158963204428449,0.00404301862748931,0.00630365526831263,0.0026746384402462,0.0210618374930733,0.0351248627472754,0.00792735463106332,0.0116052662357941,0.0590904722606906,0.0739481664410419,1.06006356019918,0.0163858736139992,0.0100468421173234,0.00533377141711565,0.0108385835978278,0.010524028575246,0.016309216016628,0.0160449133573693,0.0104915271410808,0.0510548061562348,0.0144717314526107,0.0128897287742751,0.0246790549582098,0.0222120593016436,0.0135425321774035,0.00679534521891173,0.00980516831317982,0.0477095579289401,0.0674009648812032,0.0084974086034418,0.00707235119813031,0.00724434181779355,0.014605590946051,0.01562865628641,0.00769173186367949,0.00306963868903675,0.0166318317442087,0.00620897723820058,0.0192056964293428,0.01304771916893,0.0122122610765656,0.0415739383188822,0.00904220071750837,0.00391432154473126,0.00812239102705121,0.00546214830940135,0.131959799672082,0.043777103811889,0.236335211085129,0.00750495128573941,0.0144617032259229,0.00971292102207809,0.0116542543435024,0.0170809465886862,0.017820859901478,0.0327341605287385,0.0316233870551134,0.0486322369038946,0.00486474583646974,0,0,0
P102,Servicios de comercio,0.055615074808457,0.0662160955804093,0.0765181634655644,0.0776193289774084,0.0625979919254631,0.0432017304760526,0.0463690720586893,0.0388489814851136,0.087875077172047,0.0533590428144566,0.0386758267601961,0.0590817555745955,0.0333656630229649,0.0509627121408453,0.0561521937233169,0.0390181872651121,0.0473634602659122,0.0696947374388166,0.0864961662808855,0.0690387930213614,0.0343028383942157,0.0646841834041084,0.0728405619364367,0.0991146212760648,0.0392582484401293,0.0635263485094746,0.0228781688875073,0.0438884781361378,0.0747485620428616,0.0673159502543868,0.0475009868959153,0.0500832123260304,0.054275085207595,0.0479645627978614,0.0819854092058473,0.105648581668376,0.0799651426454615,0.0643905714880006,0.10632768902538,0.110569909106812,0.0694768527845907,0.0842898716965897,0.0523861855733983,0.0583610259297858,0.107898575055134,0.10166289556146,0.024309941911314,0.067994149229777,0.0691582535039695,0.0765418680748812,0.0830366508634143,0.0420596102439816,0.0639188291263336,0.0601431375602974,0.0702488976153301,0.0663137596541354,0.0837367882623743,0.0399473470201401,0.0671510052151509,0.062874446692982,0.0693408763078133,0.0740852048079181,0.0807932421486606,0.144700675625682,0.130663765959135,0.0606326878436101,0.103405250448325,0.0240461599266153,0,0.0485023845697285,0.0822473967380917,0.0760423879950764,0.0651086341072983,0.0579326153552243,0.0821587709156727,0.0546276727770802,0.0917628676748495,0.0888856462491495,0.0550194499584079,0.0817244574137897,0.0711458111849551,0.0939905536351397,0.0739236897633088,0.075115543661457,0.0980355762557287,0,0,0.0982871023218237,0,0.1046722966174,0.0807646597172111,0.079537380642984,0.0679218121493212,0.0439984124935149,0.0315645516961666,0.0464370451299783,0.0534419247267233,0.07808080237691,0.0923585416951521,0.0738500476594112,0.082717486505613,1.01833330271389,0.0445093970674096,0.0888719850010274,0.0947699440910413,0.0487535290636251,0.0168623687072138,0.0353758707935706,0.0436116375327433,0.0522279405499218,0.0839328431452057,0.019305661157503,0.0347070571000565,0.0211887291165602,0.0127042323041526,0.00829552747499532,0.0165028569458812,0.00382471922505494,0.0156793590243884,0.0145713543260248,0.034703903010984,0.0237421904600978,0.0151453921775044,0.0342127716741903,0.0260635110712579,0.00754009984922618,0.0230509606189902,0.0130811271536516,0.0262886396545131,0.0094500608981769,0.0223911254489128,0.114591422792839,0.0435562515659341,0.0115927978088789,0.0853456303751967,0.0507449912832843,0.0511322921376206,0.021981031502325,0.0349797467074453,0.0158190964413503,0.0120663051235566,0.0127367077315255,0.0307691871338785,0.0381157776364891,0.0409640695485113,0.0405898340943677,0.020557038041648,0.0349137307689565,0.0161044662855542,0,0,0
P103,Mantenimiento y reparación de vehículos automotores y motocicletas,0.000930290090538265,0.00100553871692708,0.0011890042607406,0.00192455103900644,0.00109667874735881,0.00138580804541204,0.00142555267477738,0.00127852958127391,0.00200912267814839,0.0220907960670498,0.00330081969037722,0.00306853821776985,0.0010882458885945,0.000872615453215543,0.00318281684058026,0.00281501025719212,0.0020255803433981,0.0280292602973805,0.0113765232265493,0.00165755320335843,0.00240790007589161,0.00254575292205906,0.00254406206002592,0.00524420900770781,0.00135255620371909,0.00299616786263391,0.00734356316309409,0.00651747172359736,0.00191619672857561,0.00923401906778029,0.00146234941038584,0.00314490700973721,0.0106443787732024,0.00624783472064516,0.0026027983671933,0.00830445585546409,0.00818750163047938,0.00126267058018058,0.010435191302475,0.00667257479302743,0.00275711058939178,0.00555927228105428,0.00382133460876117,0.00458037359020228,0.00562428350665384,0.00525938953992683,0.00291240227051841,0.00187380413263751,0.00327968198822458,0.00344926012950693,0.00154302000765688,0.0129810442302205,0.00713328717157833,0.00402189686264371,0.00333009339122775,0.00215633874258975,0.00767518050525705,0.00576325847891421,0.00282183846695455,0.00255186122881256,0.00984433320155346,0.0045931627613311,0.00717452268757211,0.00322898468721904,0.00262856740681537,0.00491138696184442,0.00743040059137903,0.000721117626957706,0,0.00128994464200975,0.00186645278495572,0.00609011987366935,0.00328946029715187,0.00765544226920149,0.00349112910729632,0.00463418478802957,0.00412361361455689,0.00414564220355566,0.00872784504110819,0.0155012811449971,0.00352154433651141,0.00475372202946837,0.00212089594687171,0.00319970183825352,0.00336606640617927,0,0,0.00287121586518146,0,0.00287028922871673,0.00222438127705804,0.00640844572634271,0.00291753888682634,0.0402068202345367,0.00185733966727912,0.00604510584387595,0.0422367718666775,0.0036364345181615,0.00437265714107618,0.00610533766461565,0.00943757636367284,0.00604290354910782,1.0052623810923,0.0416945503639061,0.0367661083938904,0.00375855462810131,0.00814160060735364,0.00582776392106777,0.0194711602405396,0.00720617196374098,0.00381529414922709,0.00197839389707963,0.00448399013010249,0.00438136654440009,0.00262499775716847,0.00228396435523272,0.00555422835705072,0.000446664225632293,0.00442230739609088,0.0030112700051466,0.00741306144558009,0.00698563202217334,0.00273995450267205,0.00471862843011698,0.034217686372439,0.00208971819956453,0.00800930234116198,0.00928305158156349,0.00407174580739136,0.00237789803945988,0.00688208866731455,0.00909136723332954,0.00444800509835166,0.00408930743679661,0.00600316622429579,0.00141830750905868,0.00893930897285645,0.00495602013215673,0.00685782180521985,0.00808020652772165,0.00255763413424654,0.00209822581219591,0.00300877344639964,0.00385654550153476,0.00708587052917405,0.00610125028088821,0.00523384570153123,0.0166738190026459,0.00244290496388503,0,0,0
P104,Servicio de transporte de pasajeros por vía terrestre,7.57199595961003e-05,0.000142537280331377,0.000159297661494305,0.000191066529273978,9.1425613457775e-05,0.000173527334959777,0.000139414377973114,0.0001280958149347,0.000197789925515992,0.000382764182227127,0.000264271635748861,0.000181129792358457,0.000172040441965632,9.19085592817585e-05,0.000173374050806524,0.000636350867642529,0.000466727329463088,0.000139476925634091,0.00724524431738456,0.000725395931184962,4.71323777909726e-05,8.26567659640105e-05,8.08094582459757e-05,0.000120379004395249,4.89186861934672e-05,8.60768852904523e-05,3.74606684548436e-05,6.2396149219099e-05,6.35473629103238e-05,0.000125157087316472,6.37781796113023e-05,7.38554575955846e-05,8.83979436251707e-05,6.6975077592935e-05,8.49865061135902e-05,0.000102867963227226,9.58073815778294e-05,5.32279784090851e-05,9.50923791527873e-05,0.000156777248220046,9.30000572485419e-05,0.000135213369981844,0.000107513719516126,0.000109632659965855,0.000122774075713639,0.000117839630253341,6.99682496867535e-05,7.89728365038779e-05,0.000233883703141668,0.000255443426254712,6.70984661740821e-05,0.00023599527127455,0.00015336160088066,7.73205511370224e-05,0.000212192116205331,0.000109927567603739,0.000130478562300214,7.30676888070235e-05,9.99716766228057e-05,7.43846027880003e-05,7.91723921796185e-05,0.000310518744761124,8.63756336722979e-05,0.0002114281304019,0.000138767411999503,0.000608273312644717,0.000122029563317665,3.04276654008961e-05,0,5.42990652957595e-05,7.98353557229331e-05,8.80177132073951e-05,7.2351232487578e-05,0.000137695859765571,9.80026123804647e-05,9.5011843438075e-05,9.96168017280391e-05,9.75156512218401e-05,0.000123481187014237,0.000124086400402174,0.000195884401040086,0.000493887327473229,7.93779687960884e-05,8.54856089109626e-05,0.0001047782832053,0,0,0.000138037456296486,0,0.000108189131897459,0.000148046463821444,8.52418287966818e-05,7.34954144474474e-05,6.84636656612551e-05,0.000142072092848831,0.000190152708111381,7.55030298558898e-05,0.000111128862912645,0.000139718965369572,0.000142990999537993,0.000135160689335253,0.000655991975949133,0.000679883153714447,1.00411897729502,0.000163431350854126,0.000367824128453544,0.000146463572899911,0.0010828219570377,0.000182217452228294,0.000138686105106865,0.000109937803979627,8.00130764178677e-05,0.000339303197653055,0.00196057723861923,0.000896023926757029,0.000232208026457075,0.000386397532551246,1.4507479600949e-05,0.000119679989550914,0.000253455299940544,0.00017459018106031,0.000650020129623356,0.00040109516459481,0.000434969313985975,0.000378029155385612,0.000247490478103099,0.00194465526655519,0.000517102281178704,0.000262970122707549,5.94699632377371e-05,0.00063374900437963,0.000129999243759734,0.000122475146319013,0.00227696699591747,0.000262642091903925,6.43120850091054e-05,0.00318222696519392,0.0144436971407975,0.00409968724914689,0.00204751968949428,0.000139740848918718,0.00151456413493375,0.000235276852477664,0.000705733387360617,0.000795595762310836,0.00522763611549388,0.000491341583145259,0.00134153394570075,0.00151007240215689,0,0,0
P105,Servicio de transporte de carga por vía terrestre,0.00591747781071364,0.00825280703019261,0.0115987252422421,0.025272518312683,0.00690037794950813,0.0127820587523326,0.014124199321222,0.012387319097184,0.0189175026142165,0.0290339316842776,0.00809333130436916,0.0417073434206594,0.0160578793089078,0.00710479619967343,0.0573029447628652,0.0153727347117684,0.016410878671028,0.0215449517547387,0.0275311677891809,0.00633321147371446,0.00498755075508871,0.0128202286144313,0.0148348643084994,0.0112838745312563,0.00625392562301626,0.016317729167364,0.0462851541802559,0.0334183465514061,0.00425793496136075,0.0117350046413296,0.00417952068565407,0.00755211390078893,0.00796961273947583,0.0380715283896342,0.0240141044759819,0.0307700122160275,0.0165066804363227,0.0183756490877879,0.0176941088541191,0.0212950725407935,0.016259030880106,0.0228067979684134,0.0340457149184735,0.0344276629803878,0.0313365827452636,0.0296128609840932,0.0484690801350349,0.0169235923136571,0.0258260592702933,0.0262557849059806,0.0104562966402645,0.0596346101743766,0.0200544095582849,0.013465658516579,0.0147786683369885,0.0197368720084687,0.0484143845751311,0.0376864842867353,0.0071255070289636,0.0122085995308297,0.0186018452547349,0.0108031634070861,0.0457020484995935,0.0258929591365906,0.0180916594456751,0.0144016501458475,0.0153114539277386,0.00235643851938361,0,0.00426079711195806,0.0115358348714915,0.011915668696696,0.00847296054146768,0.0452608230712195,0.0181843345775452,0.0120418004834107,0.0607403286467646,0.028729951471379,0.0463444695025837,0.0310989139358798,0.0153258881335947,0.0244936796958108,0.00901257970160579,0.00854752374321219,0.00758590103240292,0,0,0.00733706456376884,0,0.0135538433082116,0.00649491230318923,0.0227166726082053,0.00968703888581431,0.0025365732542991,0.00373208657421403,0.00583527397481825,0.00326768965874907,0.0139729041051609,0.0165142644654448,0.0300150697858997,0.0211711142791046,0.0178645667316039,0.00685511392726468,0.00352781662702044,1.01117189410065,0.00796029132747759,0.0196036590971555,0.0500307253959343,0.0574070839043148,0.00620477231710058,0.0168990733910198,0.00272648936396647,0.00456204078988741,0.0137206944658389,0.00851772772099572,0.00261399972288834,0.00402912397269064,0.00102434429309804,0.00463616947933727,0.00260706137470316,0.00581640937379884,0.00887174438584614,0.00225069135357812,0.00797048435222944,0.00450563138780749,0.00154321967694916,0.00540774879833327,0.00299495017746826,0.00288617437158768,0.00138123718008709,0.00447700640650607,0.0225333411757032,0.00312621946469617,0.00618967537677204,0.00659974165857511,0.00591948307815481,0.00934766236918462,0.00317870226422427,0.00963098857566155,0.00269734845167566,0.00175160656032305,0.00184257278057113,0.00390506805196913,0.00346461328243406,0.00500825270523506,0.0057107955353279,0.00404596776562147,0.0112821955317857,0.00156385886747383,0,0,0
P106,Otros tipos de transporte,3.63343731504047e-05,4.73452114113991e-05,4.90940599239977e-05,0.000215692199462774,3.96403943816165e-05,3.87729980891566e-05,3.90342254380522e-05,3.31758552280761e-05,5.49633023764939e-05,0.000107894421754891,0.000605643983119246,0.000250295706010441,2.70967069644103e-05,4.25246364463566e-05,6.76463639568759e-05,4.01604474858263e-05,3.89350967502773e-05,8.45215041183085e-05,0.000152305224985189,4.70795599118629e-05,7.04762182256778e-05,0.000123820345851739,0.000119539718715137,0.00018311515656881,6.96214152041844e-05,6.5480531722334e-05,3.19797248946131e-05,9.55193973643103e-05,4.21911300356967e-05,0.000113637747700368,0.00111187542578878,0.000891674887402861,0.000541329340539024,8.52402078337425e-05,0.000106452981193853,0.000129978518365212,0.000106241613414795,3.7996478470469e-05,0.000401464324239454,0.000194043227199149,8.79183065573668e-05,0.000160478671965762,6.44776620725848e-05,7.08157202806986e-05,0.000516294809706192,0.000477076645074595,6.22928570684692e-05,6.39599832067161e-05,5.89518305706918e-05,7.12222220606547e-05,4.30211808417985e-05,0.000154740472126121,0.00018748831303796,0.000194978658450649,0.000261677753368836,0.000107281075763285,0.000187830173753408,0.000151097678782971,0.000512402457625442,0.000153844778290942,6.78075926082839e-05,0.000184915975018987,0.000141063874207605,0.000105168774771514,0.000102120764823162,9.1837836816334e-05,8.92266376387878e-05,0.00151748846195656,0,0.00124829229154977,0.000176705161664157,7.83523348342967e-05,0.000220933602315838,0.000102916817222339,0.000461896095541741,8.66469748612341e-05,0.00156529317103643,0.000142601466335784,0.000588403381285284,0.000301612234589809,0.000238408234468335,0.000342872090304441,5.1292916274295e-05,5.47428814482707e-05,0.000148857930621546,0,0,9.61643762211519e-05,0,9.04389305030149e-05,8.91995016259354e-05,0.00030388867363934,8.17683090563055e-05,3.33968364518505e-05,0.000207697259986293,8.38188407481484e-05,0.00109356287096066,0.000135661881238755,0.000146816012892759,0.000169384615912397,0.000174462352893172,0.000262903829032522,0.000171470170867116,0.000192576296881159,0.000435894524918807,1.00133242549052,0.000285150370223483,0.000325546673465819,0.0104091830759062,0.000622366964086279,0.000125994919866716,0.000228944367543902,0.0008384609482349,0.000588116195394021,0.000382889519149372,0.000487099595678747,0.00119302535215242,1.11159298679538e-05,0.000357808245987707,0.000219276193799601,0.000369306255336007,0.000730193368430335,0.000373892369668014,0.00100557067696665,0.000420536221560816,0.000249824676844108,0.00145959943137115,0.000248342890919947,6.7084753340412e-05,0.000168600720385901,0.000499695347483568,0.000136621848758597,0.000135439541532692,2.89406504038701e-05,0.00197843459956899,0.00013940371159913,0.000284397124727324,0.00176277956699646,0.000470437369586487,0.000165370612533654,0.000121038972483471,0.000211870439730762,0.000286147002151341,0.000494819481416571,0.000852985484864226,0.00211638840453283,0.00723017975282996,0.0024315389816619,4.35251488230145e-05,0,0,0
P107,Servicios de almacenamiento y depósito,6.99690585095051e-05,8.91197024433102e-05,9.97486603227684e-05,0.000116838105392756,7.80207478051393e-05,0.000110144978835869,0.000118030659821377,0.000105923629276462,0.000177580636154849,0.000122435473481916,8.16168709921901e-05,0.000279761936253294,6.72904377224934e-05,0.000113894228214429,0.000130050762742101,0.00167544448972188,7.95677308136863e-05,0.000137299298146763,0.000231154675228938,8.85982233747259e-05,6.4768785795768e-05,0.000180925172848368,0.000182243582879031,0.000178948644903416,0.000101524138204724,0.000227993492324514,7.83846875476296e-05,0.000100782400465358,0.000251484474558006,0.00116582563483973,0.000102540397999305,0.000771824114618596,0.000136743526501477,0.000116072054966507,0.000177937982355512,0.00185305928853511,0.00196040355002427,9.5949023325434e-05,0.000920865310659008,0.00403694007857069,0.00132808484798178,0.0036535710408825,0.00144340170712661,0.001571141821145,0.0024758419852059,0.00245838331893119,0.00015383358591692,0.000116309507741475,0.000160498442929802,0.000695063370096079,0.000113419781414741,0.000728355207563531,0.00065450509475813,0.000270983606577513,0.00027551036709128,0.00487288123579361,0.000889667700436286,0.000858493573763772,0.000313739331060765,0.000332724075319644,0.000130855150441977,0.00420095626398993,0.000689907285643307,0.00208571073772983,0.00172749156443437,0.000172177195717929,0.000432459961298981,5.58870298989741e-05,0,0.000102800522406142,0.000195644283032847,0.000315437912015954,0.00104016579572988,0.00355044828850977,0.000589690169794179,0.000457056013666624,0.000178996029833813,0.000151503727898891,0.000292354386804923,0.000212477567020209,0.000127297875462369,0.000119803292288638,0.000106546286337113,9.91914746640807e-05,0.000210935239526221,0,0,0.000140199351535199,0,0.000182070788864407,0.000192184107406492,0.000323368104854228,0.00017374546504491,5.53810819626888e-05,6.35130756465826e-05,9.7625940680806e-05,0.000579272363607308,0.000141200476771039,0.000158928782493244,0.000161016220321278,0.000168342330198506,0.00090241434646954,9.62825265960036e-05,0.00015166582167928,0.00119287202852488,0.000541701478119061,1.00010059441832,0.00778487271486469,0.0030131365505435,0.000125937609072963,0.000422212520120296,6.73333751300376e-05,0.000107596369928161,0.000142373699907416,7.88267767049656e-05,0.000297854249015775,0.000164742860825457,8.26141890264451e-06,6.67734394248597e-05,9.22615108713251e-05,0.000120327343783459,9.3518074895539e-05,0.000201807403180757,0.000130946956373018,0.000727129126411094,0.000115349501236932,0.000830852955629144,8.38129908748617e-05,0.00194233220874587,5.57903371742247e-05,7.28630351446354e-05,0.00023038455415825,7.4020624268072e-05,4.60217709764402e-05,0.000215938600124042,0.000474831792894513,0.000121245973684958,6.96714234292767e-05,0.000221491770296547,5.1485787068629e-05,0.000555962750224295,0.000120428643226023,8.90859226657779e-05,0.000148984677476409,0.000163216837289352,0.000126827417479934,8.58564175769854e-05,0.000160853108884654,3.84001180517185e-05,0,0,0
P108,Otros servicios de apoyo al transporte,0.000757300908220518,0.00175725759752316,0.00196874851204305,0.0014246122892033,0.000854698752453425,0.00518667255963586,0.00562161799714637,0.00533166599679083,0.00761606307498479,0.00188066396309413,0.00284219420701145,0.0156437771417277,0.000810686986113431,0.000837930460057512,0.00161828647723178,0.00137016993754398,0.00126735121421028,0.0041615569958959,0.0120936484064936,0.00181996002511559,0.000939160934453502,0.00291233003650943,0.00290879768514315,0.00277522184525948,0.00159528157824333,0.00254424424361367,0.000911373605551256,0.00159678998464953,0.000960450743707668,0.00221024624676088,0.00661767172081579,0.00238443148323215,0.0060173418535682,0.00151940962223184,0.00256507106057299,0.00303625654805593,0.0069560310545997,0.00197979679366274,0.00267739530230056,0.0177151285966314,0.00709292052738691,0.0151269879539223,0.0025342584811708,0.00287083293710059,0.00409718996430364,0.00393061667881319,0.0088993149235882,0.00448073276565283,0.00529064445618409,0.00523627778087865,0.00134294129700364,0.00927200224097955,0.00496368954529245,0.00490059083886482,0.00300844230644938,0.00560294626365135,0.00317839208132288,0.00142845605257183,0.00245355600420546,0.00536141950881351,0.00399027341731262,0.00403305347796246,0.0073998143108447,0.0046073274399531,0.00368103395593362,0.00295913009341861,0.00237474212438188,0.00356801072776494,0,0.0067470769149814,0.00198292716996698,0.00366612275712318,0.00685221594259952,0.00950394788456975,0.00236693177820664,0.00326087804739606,0.00344500880950242,0.00240533719812553,0.0204365471249774,0.00815628680115694,0.00302269629652565,0.00163012561717824,0.00246791743458764,0.00219090366356901,0.0012047335291715,0,0,0.0023677760620434,0,0.00177558732189275,0.0151324332322189,0.00609508696112774,0.00413695821993649,0.000818910898847376,0.00248453750514411,0.00138731737987818,0.00101727422488739,0.0031091961708863,0.00316512883156578,0.00333687320577119,0.00378702650300234,0.00885037525182914,0.0036666405696699,0.00913552833026024,0.0145342518809157,0.0666598580310101,0.00135661085645649,1.10272690068857,0.0560662389022707,0.00256069126449526,0.00261189533814352,0.00122049918683843,0.00267954142042833,0.00407877312942219,0.00246480287000309,0.00193705398315282,0.00555647192367956,0.000191552225029395,0.00160717288645341,0.00603803425858055,0.00607532606204662,0.00165449201821223,0.00373111702738919,0.00444888398672734,0.00290373611616826,0.00200556255613296,0.0146559595727634,0.00342562920551969,0.00129165098316692,0.00300306491663182,0.00265426340940765,0.00301112795897967,0.00120347577920186,0.00291834538863088,0.0140109834759673,0.00729684099428025,0.00197058668228308,0.000975453187156951,0.00177189091492609,0.000594182548796185,0.00116566286128429,0.000543922299536201,0.000891762014514438,0.0019477248541848,0.002971766470426,0.00279805949734692,0.00324049792345627,0.00320014588661291,0.000527767014597014,0,0,0
P109,Servicios postales y de mensajería,0.00028760305788122,0.000433896259291906,0.000491517246623617,0.000427334849070082,0.000328412378781147,0.000317710875963397,0.00034098027866702,0.000299987866050939,0.000552849870556601,0.00051278357138965,0.000299328223514671,0.000543359503842942,0.000195022094775275,0.000280688692938869,0.000383258940513881,0.000233506821097821,0.000296540101048612,0.000667528742821454,0.000803856905490569,0.000379070239000939,0.000267103474669065,0.000569330472668126,0.000558227382432534,0.000619982929252244,0.000318981346008847,0.000425076547471616,0.000176150682898356,0.000471643397716907,0.000361807678030072,0.000508895357315182,0.000385276743883012,0.00489334435741013,0.00204016786598628,0.000352032907042374,0.000569584808606729,0.000688016976321819,0.000608100517357443,0.000495763029541277,0.000778132250283602,0.00200090748112788,0.000871343617050404,0.00174462123591831,0.000450513168752257,0.000509684547652245,0.000800013431428848,0.000773235652031768,0.000366785610738424,0.000389461598470904,0.000473501220574972,0.000545438613318221,0.000397993160092531,0.000635609778398848,0.000887714894330343,0.000651646954941339,0.000628442924731271,0.000679339809926093,0.000740759110579623,0.000537770183670465,0.000540874889795998,0.000790988848728163,0.000479946063170623,0.00179268037409193,0.00053088061940734,0.000978412858349495,0.000925358693694406,0.0007345653144318,0.00123649427189579,0.000196076913682378,0,0.000359402606800086,0.000513435862646369,0.00184676760604729,0.000561040426206518,0.000589144861293073,0.000845009322689203,0.000810574566970384,0.000702190997125726,0.000797889579771197,0.00081869445451265,0.000888284773760826,0.000839789237026347,0.000530591036951835,0.000397208911303547,0.000454228431896349,0.00120997858471926,0,0,0.00169190315553181,0,0.000639905694549306,0.000717176969399487,0.0005002463394474,0.000864670584032425,0.000299639586883386,0.000574874448032773,0.000492063696957143,0.000345473079479719,0.000522747922379515,0.000604626591512986,0.000646142402547089,0.000674563020340437,0.00410964163653911,0.000605905607855775,0.000618098723752241,0.00155118047685565,0.00282631440075492,0.000828975737125673,0.009481631865596,1.0343475875931,0.000946299874922975,0.000599560367089243,0.00319664098759565,0.00289132687386898,0.0101239306455584,0.00336468384644176,0.00243248393953985,0.00783296411514711,6.55654740920166e-05,0.000577737900652469,0.00360425237901878,0.000729677942629872,0.00231217327673154,0.00211399366979025,0.00381408119494517,0.000806506267513095,0.000647591737013594,0.00155552866628662,0.00288572769723958,0.00092475398524646,0.000913109324601854,0.000767321350988071,0.00166587335853523,0.0030509157443987,0.000145839649974892,0.00121931336613334,0.000588524825884565,0.00119518267371417,0.000510731296220671,0.00101266876093857,0.00178401160683374,0.000850251780389988,0.000493967632379922,0.000481799254300292,0.00123403038798751,0.00224000463728473,0.000898558104531284,0.00164304155522565,0.00263654112850645,0.000188585743005208,0,0,0
P110,Servicio de alojamiento,0.00036265625654245,0.00121096877129605,0.00133601646117563,0.000975349752323912,0.000423201283477606,0.000671199715850791,0.000595875926971353,0.000528661232680842,0.000816101702658864,0.00313777088799035,0.00247484617337967,0.0021216627010585,0.000639615424741958,0.000467363721876465,0.000997971294204462,0.00195820280765665,0.00149449473116918,0.00103859173121117,0.0210749896121363,0.00221953281924907,0.000586638902636339,0.00211468670726838,0.00101001696689788,0.0013039124199724,0.000654443851631162,0.00100211362956976,0.000393695440627781,0.000598082123171135,0.00034332974598162,0.000813242768649441,0.00302882798863479,0.000693862108471285,0.00169474008563842,0.000768551356905885,0.0016431564246716,0.00191291770339091,0.00164478563130568,0.000459657420459125,0.000730503986463164,0.00200919283348481,0.000936913369745349,0.00179700777809801,0.001342121604291,0.00142470990706482,0.00158354898760003,0.00155201511392793,0.000739529620025176,0.000805849120455343,0.000675311420207563,0.00124988738746241,0.000371646398409406,0.0047393778649382,0.00141110038347208,0.00111496651232879,0.00171201401299449,0.00122794163596292,0.00229211010096504,0.00172273843596829,0.000719244965454215,0.000814890788200994,0.00120915693674495,0.00195409701990141,0.000701039865694693,0.00267695177897068,0.00214014591025844,0.0088563649725115,0.0022156549841617,0.00172393138284762,0,0.00345503075495364,0.000931896188153468,0.00420494065029374,0.00214873699326628,0.00377310757801021,0.0042537399277939,0.00103660365095796,0.00108022105473839,0.00100056398203384,0.00635309730699449,0.0049472814167401,0.00156790892234129,0.00160823418563506,0.0021017403209445,0.00122466303013722,0.00151286102604118,0,0,0.00156361707856357,0,0.000870416389500093,0.000741426189319275,0.000582768419018871,0.000718320688880212,0.00177202545956442,0.00126270792336519,0.00100004309255474,0.00229352106980715,0.00121557680757523,0.0013755377794033,0.00186684228573762,0.00281941748855148,0.00247885043467636,0.00246324407697521,0.00292098880421046,0.00575042752757317,0.00692049391083102,0.0022175793544748,0.00339896303173928,0.00543680748341891,1.00176718775942,0.00120228708385492,0.00366938676373184,0.00412165859606551,0.00513203027089444,0.00281107643717355,0.00227771437485479,0.00314784823677129,0.000151737153717677,0.00239328996741319,0.00537580917206546,0.00915252395520006,0.00883863171450313,0.00249373894603741,0.00748972783031323,0.0023937795134624,0.00461190855613491,0.0254739529053469,0.00231274346710681,0.00175380384778256,0.00170553094577614,0.00232899061938806,0.00327574453770804,0.000744914741758032,0.00648461334284215,0.00218978606425241,0.000468668581395412,0.00351090146647385,0.00744688454081968,0.00393473704854932,0.00268556097534564,0.00608608286039719,0.00175892867601105,0.00186231768481067,0.00215491211299659,0.00344808422099321,0.0088249407245258,0.00837996304990563,0.0239818389056657,0.000299652443061697,0,0,0
P111,Servicio de suministro de comidas y bebidas,0.000692649068903039,0.00104242400882447,0.00109928544709517,0.00189748218083794,0.000790157254292845,0.0011619188906608,0.000985082498863534,0.000889634581330017,0.00139810269867214,0.00326764254777567,0.00378976875960322,0.00159351202324539,0.00108216995391642,0.000821074605529185,0.00197271020971755,0.00354356132988041,0.00262986295149733,0.00127864059885306,0.0388141149692108,0.00412712159105681,0.000856913448377015,0.000900106562355601,0.00134394874340618,0.00151457942937013,0.000959918199619074,0.000857261533513725,0.000280687414575105,0.000552597059899416,0.000648068233681748,0.0010644109396585,0.000787072799389884,0.00774557579768477,0.00111049788070094,0.000998566541599823,0.000912032702092182,0.00125817283062991,0.00111627693470084,0.00044857789384042,0.00140499068887036,0.00389594457105174,0.00154567759291208,0.00339053278615072,0.00154254948936225,0.00162718452929573,0.001958643063836,0.00192937726173767,0.00116774914529326,0.000737555897690969,0.000896885817082423,0.00203701116832731,0.000634374882118607,0.00219824396595985,0.00242555223180379,0.000896512901393363,0.00251335520415962,0.0065961446640232,0.00662320089937477,0.00624757056383137,0.000988317080539101,0.00140360651465131,0.00149641180810751,0.00451643653219853,0.00107726028050858,0.00349519522930478,0.00292048305018048,0.00641822420270272,0.0027696634429371,0.000388318565605476,0,0.000680992846566378,0.00236493393476916,0.0044237168074862,0.00293259136907247,0.00129952367659512,0.00581238634739389,0.00265431017307994,0.00154434789995431,0.00107055139325704,0.00335284412131566,0.00188918208072678,0.00125821137512539,0.00135935199875522,0.000621221536800005,0.00156408118404199,0.000991351999137132,0,0,0.0011984939094084,0,0.00117469950308337,0.000897265481263866,0.00154695728445867,0.00148114197189001,0.000532268155408468,0.00139445262007764,0.00131045609537446,0.000564692523864865,0.000961711139033323,0.00109605965664944,0.00146024909002769,0.00135348263047946,0.00517532311153722,0.00251198024078761,0.00132506272593368,0.00170369667559345,0.0143368573528395,0.0029272502998654,0.00408490879018716,0.00275133899921108,0.00845597525090362,1.00249014907004,0.00209680315414559,0.00828210796589439,0.0055790786807572,0.00357708605819467,0.00338301634244237,0.005502400609856,9.15486015894028e-05,0.00490075864460469,0.00540627418475794,0.00584910866935016,0.00875862341871278,0.00648392985506907,0.0135734998429384,0.00208154370934211,0.00451688340310223,0.0181409872482366,0.001602914536855,0.00282590109598888,0.00114125294353079,0.00552033558554153,0.00151029902811129,0.00314461085972736,0.0119883248042326,0.00513146990280326,0.000863890614833773,0.0206193052649393,0.037814819078812,0.0094656892403559,0.00679509613545418,0.00690520181640407,0.004754408711943,0.0038106509198308,0.00415180322874655,0.00620126601160362,0.0144308086673005,0.023864903840392,0.0610800859988282,0.000884282876828756,0,0,0
P112,"Servicios de información, telecomunicaciones y radiodifusión",0.00260969142147165,0.00297929041696606,0.00335054041214178,0.0029272234185129,0.00311637266111529,0.00220520177517182,0.00238020140523206,0.00210651610840406,0.00368057953526613,0.00462836448023733,0.00316018869663664,0.00343778339849145,0.00133450259125087,0.00244206491368392,0.00367891800016785,0.00270006406639377,0.00283810763792594,0.0104519964655622,0.0107632856280448,0.00267547514343403,0.00377385511092365,0.00659467751780922,0.00380109672581015,0.00483147567251716,0.00185789134529228,0.00488716369353401,0.00142269323760724,0.00284799555937356,0.00452530816297367,0.00406513064658499,0.00320284346440388,0.00316971216978375,0.0105355496449904,0.00438565930018331,0.00579258627166393,0.00512340093841983,0.00541490924716854,0.00272694963308876,0.00388267134112313,0.0100950196675595,0.00429704426322665,0.00814219455916404,0.00457538075428275,0.00525980235483718,0.009360911643933,0.00915895888600888,0.00423175629148384,0.00354633188519829,0.00329673115622161,0.00572673224267699,0.00375656732694953,0.00535553715410281,0.00576016537759328,0.00284631537420257,0.0049313171651413,0.00648529913995793,0.00634457142018903,0.0050625610133945,0.00664269525794771,0.00763792873883528,0.0100362920514148,0.00882055696809684,0.00629381879557465,0.0072997968492254,0.00630199813318693,0.0325518832590588,0.0184378322483002,0.00166961408503936,0,0.00295189841209906,0.00369463737734531,0.00769778110396165,0.00603752381302134,0.00530212987362942,0.0066926375837467,0.00476603946967656,0.00832132392263242,0.00592503582992529,0.00667352722799558,0.0100314957458818,0.00503905035694745,0.00428625762686773,0.00490802168986733,0.00518014600083865,0.00561975232546205,0,0,0.00689637356970922,0,0.00576072556008905,0.0113416285897852,0.00789324583949695,0.00771192332923666,0.00205677466099219,0.00437936422178055,0.00498840157119323,0.0117732347556541,0.0067582460993346,0.00421089722517779,0.00435808180110536,0.00564396099079887,0.0227193116943739,0.0108597397482885,0.0145727367771198,0.0170163326883914,0.010234116255647,0.0122949816414865,0.0149154502640226,0.0136222065938846,0.0290074257700659,0.00910726870765595,1.11438191370905,0.0188589355254081,0.0182434643164546,0.0119796897930529,0.0124818930414848,0.0300291877411687,0.000355931530979881,0.0110582934384806,0.0127201941763702,0.0503092650187818,0.0130728769617026,0.0119918888983698,0.0346970754715351,0.00832349917091055,0.00565606752863682,0.0195134294000226,0.0148718943289188,0.00711358015059671,0.0312438626155485,0.0219390267535305,0.00987055154005632,0.0157219562912262,0.0024407887846679,0.00651519972533391,0.00810545511579264,0.0128906711759851,0.0138756179185597,0.0122069649816667,0.011006664087563,0.0102943962042435,0.00547539042542975,0.00728851673661407,0.0166291404090241,0.015879412029002,0.0127603791436334,0.0147611635761627,0.0252286448592525,0.00667917135542368,0,0,0
P113,Servicios de banco central,0,0,0,0,0,0,0,0,0,0,0,0,0,0,0,0,0,0,0,0,0,0,0,0,0,0,0,0,0,0,0,0,0,0,0,0,0,0,0,0,0,0,0,0,0,0,0,0,0,0,0,0,0,0,0,0,0,0,0,0,0,0,0,0,0,0,0,0,0,0,0,0,0,0,0,0,0,0,0,0,0,0,0,0,0,0,0,0,0,0,0,0,0,0,0,0,0,0,0,0,0,0,0,0,0,0,0,0,0,0,0,0,1,0,0,0,0,0,0,0,0,0,0,0,0,0,0,0,0,0,0,0,0,0,0,0,0,0,0,0,0,0,0,0,0,0,0,0,0,0,0,0
P114,Otros servicios financieros y servicios de banca de inversión,0.00172541334143702,0.011455402988291,0.0125980605260118,0.000742575375450437,0.00214632275058508,0.00294322103322773,0.00348602042455227,0.00322870811633231,0.00455026721372688,0.00278720194393864,0.000641047871704105,0.000908338317341691,0.000715254647320868,0.000589552197850722,0.00143699007974475,0.000600569835572445,0.00340019505182711,0.00146761192950372,0.00204724690350199,0.00190551464988265,0.00088412285761889,0.00299926639767059,0.00364730625772467,0.00242963061082672,0.00217310379197605,0.00118290526203499,0.000212101587099263,0.000727427078512352,0.000605241843390959,0.00202551219666629,0.00114505508966474,0.000712834221001932,0.00151229641897587,0.000866245641331403,0.00231243738282829,0.00259509152004858,0.00155729304279383,0.000623784876850138,0.00105141150129588,0.0075429184140576,0.00332449033399406,0.00727696048002185,0.00160814086046701,0.00177611602902841,0.00364035377036396,0.00355889269614209,0.00053797597496461,0.000478776415693523,0.00076794663839256,0.00172221272890193,0.000675842273867789,0.00445815093515128,0.00113249321271323,0.00560763987646971,0.00869643884999255,0.00147598708515415,0.00189187404715957,0.0013736988245278,0.00228486035230219,0.00111229353325865,0.00302653517496236,0.00401861930659041,0.00148439189010609,0.0029468578303884,0.00323131238725659,0.00172307277335663,0.00530590565189813,0.000331630134619757,0,0.000529529161597828,0.0023322410972768,0.000964755724757687,0.000901686063657976,0.0023949424790884,0.00257622079152453,0.00224949850860804,0.0018080757132521,0.00134779191237954,0.00620712623990589,0.00341809460766052,0.00680632579380263,0.00190360875937504,0.000612956470249116,0.0028142643334108,0.00114774941112478,0,0,0.00677896010042325,0,0.000845440870072812,0.0106499952351688,0.00159673188237849,0.00153473355379615,0.00156836829782275,0.00524041240138173,0.00246895078007587,0.00289734566269126,0.00124789723816557,0.00141896645000353,0.00751244040344157,0.00201454885120134,0.00383227809337973,0.00135252410605812,0.0049660594811653,0.00117984320778865,0.00948939608031436,0.00095865190595226,0.00150606104866043,0.00247288083837876,0.00224365710827369,0.0018596223091944,0.00060873119039468,0.00163878323253758,1.0293321635447,0.00483278148712329,0.00284698794496553,0.00352448255057282,0.00145458295273989,0.00322571274066463,0.000459492930570169,0.000586003754054622,0.000944697668854637,0.00346981323606713,0.00110224486464235,0.00254343395847806,0.00300199954260773,0.00677431616747075,0.000569203750537541,0.000942450891981485,0.00415048165855352,0.00129633014170024,0.00302676117125336,0.000673375492979212,0.000342359930824692,0.00114440030931086,0.000978503400574174,0.0358964427923662,0.000813622998848775,0.0162626218479901,0.00116683790000498,0.000851044558880498,0.00101710667872835,0.00529264738158167,0.000934194774309715,0.00145478229989662,0.00275001785682136,0.00131705111158743,0.00251722141336645,0.00099115954196865,0,0,0
P115,Servicios de Intermediación Financiera Medidos Indirectamente (SIFMI),0.00473954816958753,0.0047996150399968,0.00524628819106188,0.00678509544213785,0.00583165567777783,0.00645354252635798,0.00670222110043997,0.00625247699872822,0.00902729150512805,0.00903068172159171,0.00855190395492289,0.00957138473785221,0.00494111588004226,0.00672130735747897,0.00837530235457643,0.00412064969276014,0.00428437751271234,0.0102054651411672,0.0109005676829471,0.00761643261560206,0.00586300423828929,0.010158218343774,0.0148300989413598,0.00764008071337673,0.0122460331323957,0.00915642782652339,0.0046301852980788,0.00445947236877172,0.00470145618384557,0.0107010620013998,0.00270879010696219,0.00467808836574731,0.00766318570888336,0.00571285416407675,0.00829060193260341,0.0118743146396057,0.00859598788006222,0.00474452729335924,0.0065531686641764,0.0193868484050118,0.00760251757559827,0.0153777869359432,0.0130660787734926,0.0138818231286471,0.00867454924364059,0.00834683747401906,0.00820212066504091,0.00298781410910691,0.00632109393927582,0.00777843876748522,0.00424539800625588,0.0116961828710024,0.012273673051318,0.00542061273325378,0.0116382639602097,0.00938106399164656,0.0111354533159911,0.00880676774377039,0.010574499681808,0.00631525459485357,0.00766235621602503,0.00921671523812515,0.00726006119849923,0.00934218664196165,0.00756471447946869,0.0126263476955505,0.00901952251825764,0.00111134292785231,0,0.0017682173817871,0.00736239385626864,0.00950103697479697,0.00558677073135336,0.00867732411340931,0.008655219514659,0.00836606591920889,0.0158765190102267,0.0122088505039396,0.023241077172626,0.0176977471183852,0.11127477463022,0.00771990561393252,0.00478965672464819,0.0101246222539758,0.00767550156651996,0,0,0.0303209363124816,0,0.0124641980727507,0.0188242002928778,0.00649172952518016,0.00711326889590981,0.00571649293364269,0.0342078257426776,0.00731002940716437,0.00201627796529586,0.00987178850826044,0.0198095488722906,0.0145646599226878,0.0264111186103198,0.0134135028498192,0.00602578190833326,0.00824054792908626,0.00777138560757732,0.0148964170752194,0.0040659028307402,0.0122401805725314,0.00529396144607478,0.0109444958090507,0.00807793192102605,0.00510175829927609,0.0139926592460008,0.0247457049514886,1.01181018063095,0.0262426725771563,0.037667950707376,0.00788205797843083,0.00866355406447884,0.00471858846350635,0.00647016786708265,0.00563247659252352,0.00548176126964814,0.00723424481445204,0.00531473422477876,0.00405635376554471,0.0112322691318303,0.00425667217501434,0.00746353630471139,0.00543845807531517,0.00784244407997615,0.00741694852856288,0.00396498954647507,0.00253048490381455,0.0035034648439117,0.00563764740973544,0.0327211018668162,0.00296432061478952,0.00802445236709087,0.00150051072446464,0.0603802373862567,0.0022905709450572,0.00356562928959781,0.00630282894823062,0.00664332396245225,0.00949550437744897,0.00566067805281484,0.0109853354629613,0.00176202746356168,0,0,0
P116,"Servicios de seguro, reaseguro y fondos de pensiones",0.000661422778879427,0.00148667677947025,0.00167694333206596,0.0013029233325977,0.000773523877101115,0.00106948927107842,0.0010819005875395,0.000978826947200562,0.00152897264753462,0.0018007739341232,0.00299320951248034,0.00267837312034767,0.000677444783831082,0.000812745848879996,0.00187819643830616,0.00126573831889274,0.00118592325424827,0.0125943725505237,0.0132383467405768,0.00174861301201278,0.00091493725374187,0.00142055538913214,0.00141948313950406,0.00183989737684233,0.000927413282074362,0.00139129251397752,0.000612612990010778,0.00113781326084417,0.00077180090384044,0.00224448460212334,0.00477521414460304,0.00687077659767547,0.00410730130777162,0.00133402017108746,0.00141429899656653,0.00219197048893164,0.00309351987030664,0.00175721185020168,0.00287854863769462,0.00443402955409466,0.00205670508668627,0.0043544675444695,0.00448474515459401,0.00414612074039682,0.00239716446509124,0.00228859668731402,0.00687911907054365,0.00137850345791006,0.00166004618226252,0.00306371410678239,0.000809397952134487,0.0037307020177401,0.00293740126226713,0.00179388462727496,0.0061194052332358,0.00500202337218838,0.0031827040196418,0.00253760754597106,0.00311607437279081,0.00277205385548424,0.0022382163969794,0.00264481230702326,0.00332912104129026,0.00574055108463567,0.00466048844769503,0.00228322315888546,0.00545219351386014,0.00261733238398821,0,0.00418552575031331,0.00139376890998793,0.00283569741715616,0.00556643495126554,0.00380065968548462,0.00488944888854579,0.00329912417949,0.00457877820863234,0.00351523470671152,0.00864171739993561,0.00510546132310653,0.00343787934416378,0.00319217076654011,0.00200710538557441,0.0036940897232732,0.00190754915385913,0,0,0.0023222801411677,0,0.00169437173908529,0.00259433389481457,0.0028930690509621,0.0037498344512099,0.000933937681046435,0.00851236743516334,0.00234908090563322,0.000775945854698509,0.00205365183432963,0.00237946153447617,0.00262547681448049,0.00382073153678444,0.00519975633292583,0.00197817393690695,0.00668531474594579,0.00730239093722111,0.0158525166858738,0.0240594148300814,0.0181507105353952,0.0112970926746559,0.00817041264877947,0.00225434504748948,0.00148046422516165,0.00622996151394072,0.0229719206720094,0.0135132439539721,1.11353238126469,0.012267773322303,0.000290273775933022,0.00689044780672216,0.00413162792306051,0.00265536052715888,0.00500239879228572,0.00468582289146691,0.00292756097385723,0.00884064377275488,0.00129083991751596,0.00549866622008242,0.00326816155288301,0.00580129985451818,0.00206183248845169,0.00376660332750118,0.0054454911381753,0.000970972857370972,0.00301867762324002,0.00276190580040745,0.00195025535612141,0.00485750214650305,0.00700836749251575,0.00586355003250516,0.00847021155688383,0.00482243494182756,0.00119370887733827,0.00270531582462257,0.00458692151363694,0.00554613588362139,0.00326479708380794,0.0143422683273221,0.00537847855175249,0.000767661596948737,0,0,0
P117,Servicios auxiliares de la intermediación financiera,0.000551355631983565,0.00145207461380356,0.00160851958967795,0.000788594850464232,0.000666141143076344,0.000826027579765958,0.000878743004232917,0.00080769104005666,0.00120426586039237,0.00116462256313315,0.0013063067466979,0.00129428450367014,0.000489637084706117,0.000608099380539519,0.00104973170178796,0.000620265524615715,0.000794108789587207,0.00404907937744934,0.00449146607741265,0.00101773056387869,0.000611647883746946,0.00112025835459474,0.00138069959954426,0.00108688740995147,0.00100462036351306,0.000932285336396065,0.000420099427971448,0.000601315190187385,0.000510672996689125,0.00129685778842159,0.00154675042280349,0.0021775982968356,0.00163004662246998,0.000764185139157321,0.00100014481239469,0.00140310567789041,0.00141411401959702,0.000778504403817558,0.00122156395326718,0.00271840431248382,0.00118998021607578,0.0024732642551992,0.00198670315080048,0.00194936167744992,0.00138495496217081,0.00133098772253633,0.00232072412647146,0.000589623928693611,0.000844840027262688,0.00138041426596792,0.00050877231316883,0.00193831301929375,0.00151826719104535,0.00116422680612426,0.00285873197659016,0.00197109737240917,0.00160039236615788,0.00125217016646381,0.00154593338599231,0.0016843929014144,0.00124311958807222,0.00150048919462597,0.00140275756510283,0.00229433708544756,0.00192447665072729,0.00144185569982847,0.0023546494589975,0.000809083926586556,0,0.00130192257872517,0.000938485614412342,0.00135711410246744,0.00188699361705604,0.00167501603460713,0.00199856600553615,0.00148795331104478,0.00217630065666713,0.00168885152093154,0.00395102828759091,0.00254579038396581,0.00672010506256631,0.00142191968897776,0.000866575532905505,0.00172636319010466,0.00102456058453479,0,0,0.00259469022439904,0,0.00116481287543692,0.00236584584420511,0.00125445538850029,0.00151247375594267,0.000669539474500951,0.00431896236053083,0.00119506534213427,0.000549483378150327,0.00115835095703607,0.00173751738227313,0.00197798896234539,0.00249277798282122,0.00277674328569158,0.000978077143541538,0.00286442741320635,0.0026546517593896,0.00574483729185944,0.00807586262827928,0.00569423145204418,0.00357979251329989,0.00948984375724608,0.00258306380519114,0.000735708621514668,0.335107098228171,0.0776213597317345,0.0519341614992889,0.30315482585255,1.12385956032503,0.000554448102671436,0.00333547452663453,0.00143898743694881,0.00117294070691344,0.00204403386072799,0.00189845749824423,0.00135665990474755,0.00287750497277499,0.000792381507306088,0.00271656514224327,0.0011635529401486,0.00203815144822355,0.00116671408744305,0.00153841832354155,0.002136267675829,0.000541327107937231,0.00103013460539212,0.00107781472002047,0.000897863789174902,0.00540936713747447,0.00223097463013415,0.00315704060003012,0.0024956306924345,0.00428757103180154,0.000533792250639104,0.00147470357556338,0.00216279154622239,0.00201047489787588,0.00268917109722641,0.00504331321932403,0.00245960331304076,0.000401246882330341,0,0,0
P118,Servicios de alquiler de vivienda,0,0,0,0,0,0,0,0,0,0,0,0,0,0,0,0,0,0,0,0,0,0,0,0,0,0,0,0,0,0,0,0,0,0,0,0,0,0,0,0,0,0,0,0,0,0,0,0,0,0,0,0,0,0,0,0,0,0,0,0,0,0,0,0,0,0,0,0,0,0,0,0,0,0,0,0,0,0,0,0,0,0,0,0,0,0,0,0,0,0,0,0,0,0,0,0,0,0,0,0,0,0,0,0,0,0,0,0,0,0,0,0,0,0,0,0,0,1,0,0,0,0,0,0,0,0,0,0,0,0,0,0,0,0,0,0,0,0,0,0,0,0,0,0,0,0,0,0,0,0,0,0
P119,"Otros servicios inmobiliarios, excepto alquiler de vivienda",0.00460760010271883,0.00555319263830688,0.00623565861366157,0.00654472044514666,0.00535446002530347,0.00532525064249965,0.00554141828918441,0.00495835717759111,0.00862502303114353,0.0101884978508142,0.00856944498297545,0.00804596063559887,0.00270242923066941,0.00398332846883322,0.00866362162476868,0.00392624952680593,0.00435950994767753,0.0151372775929527,0.0181462640709392,0.00553669234868461,0.00406787789118371,0.00754834096987906,0.00585625729687418,0.00861749556996619,0.00336589158300315,0.00619262782060133,0.00280208252799709,0.00693416556107569,0.00469095615719048,0.0063501627177283,0.00558968482895889,0.00587494200402243,0.0183453412430591,0.0518285565141046,0.0231197893666176,0.00803881827715369,0.016483832197774,0.00427796029022235,0.00891066724846106,0.0178960486415904,0.00796941403556274,0.0143965541131497,0.00666011134142909,0.00798610203377282,0.0144896747348114,0.0139612742514336,0.0104237972441883,0.00479922946481037,0.00677152824969341,0.0230016142472284,0.00573479240068153,0.0094722647273248,0.0115344346335765,0.00579071534221014,0.0118040498788551,0.020661087516708,0.0177847499910886,0.0126679294523633,0.011487079113061,0.0415173999705917,0.0324414719436763,0.0223548980045179,0.0126591632854502,0.0120742003142985,0.0107309184996327,0.0118440427188875,0.0308169161594237,0.00288843242243054,0,0.00517405485083875,0.00826147085212595,0.00829454134312023,0.00614387308614001,0.0115125615449247,0.0129350886733166,0.0112152905096327,0.0082638027514171,0.0217694300270091,0.0133854599234857,0.0230893156127573,0.016820137484063,0.00963367406006357,0.00932875642965013,0.0155397025290684,0.0165774122498785,0,0,0.0191618051949955,0,0.00876031504299212,0.00797076802092715,0.0152147963700424,0.0246768691596235,0.0102612078004989,0.0094654426798342,0.0150097740569243,0.0102715290814509,0.00847297154782901,0.00999217329128905,0.0108482342324392,0.0131221449633691,0.0530683252994004,0.0318756066304326,0.0201393500859751,0.0213328375026159,0.0117118313809736,0.100745354381148,0.0418328547932935,0.0381005920427437,0.0120536914111804,0.0385176598291846,0.0175675525821528,0.0186886485750404,0.051936838020799,0.030502718017541,0.0188375316721465,0.0407772341222679,0.000857508117094864,1.04602674613075,0.0191324105758543,0.0272615431711707,0.0366251481703428,0.0476748151764675,0.039225589859701,0.0309233216476473,0.00547450322244399,0.0322075970398426,0.0150194970983677,0.0201230171274997,0.0643786346734671,0.0300368956384514,0.0359796152477304,0.0212710014388226,0.00436098564749007,0.0160117215018381,0.00988210714238651,0.0195849098869098,0.019131451130565,0.0177682502366014,0.0148600667962969,0.0106411302841281,0.00801179311132614,0.0168858131064804,0.020354593673009,0.0418990299900148,0.0403448010307308,0.0393674817138178,0.032685306023996,0.0326742716068669,0,0,0
P120,"Servicios jurídicos, de contabilidad, auditoría, teneduría de libros y consultoría fiscal",0.00184920518036146,0.00314607210562782,0.00331321851705774,0.00295834133792921,0.00208478828855372,0.00247044319580493,0.00249097839782831,0.00225505901363585,0.00356479735766385,0.00770276560690765,0.00550904147409466,0.00553025737467757,0.00118985594997264,0.00174814073033612,0.00427650115949908,0.00237488810737688,0.00274278533580506,0.0472289228864078,0.0142689225599562,0.00517662880069847,0.00609218523449545,0.00660854959125955,0.00351682765410304,0.00701410568114792,0.00188397287680159,0.00828895644452003,0.0011205392077095,0.00531256807784776,0.0024033310008043,0.0091559963093287,0.00314165728489723,0.00357136959755426,0.0147315394014417,0.0050947571208332,0.00543001333071622,0.00350846663009196,0.00525139100561957,0.00239325254997126,0.00379822853170714,0.0101250860008931,0.00413684501943436,0.00849776316318307,0.00688214440685576,0.00733875844192812,0.00930726073391467,0.00905561007790877,0.00474104027540664,0.00536475503726576,0.00290064841992232,0.00510775973325636,0.00194825437083994,0.0101377146105822,0.00911185288545741,0.00401510259858128,0.0078407693101407,0.0124666467195652,0.00667191470786793,0.00559472282782102,0.00603163642598695,0.00671130587431894,0.00998650299087946,0.00493279296253302,0.0046828080479709,0.0069172052526086,0.00548178435098766,0.00536152553820327,0.0135768356779115,0.00115065817076336,0,0.00193054506181844,0.0070989322314381,0.00966542626688377,0.00773261827015411,0.00867721358049601,0.012392349209031,0.00550061418646892,0.0119513301955509,0.00612666899400512,0.0111679485729074,0.0124182922336121,0.00524176568324234,0.0084650819406505,0.00341084249182874,0.00420475968101199,0.00348603080675615,0,0,0.00749033971605291,0,0.00499901734608068,0.00828172508597547,0.00491998229538362,0.00708631604696997,0.00656620728128951,0.00601845025456602,0.01040820830983,0.00769152270460596,0.00515707625271069,0.00738831963808681,0.0054067470303734,0.00854352974643024,0.013668069569724,0.00665631996874396,0.00648120614220419,0.00733236092021465,0.00970631973027071,0.0386581680946679,0.0122007367131134,0.00771822202056237,0.0132216870133308,0.00832552095917806,0.00530226937967734,0.0144925957178863,0.0144572246227137,0.00991291683188373,0.0158234014311903,0.0309287030938519,0.000467597618322745,0.01433044014989,1.04643563461424,0.0178847058190941,0.0357357776973972,0.0334577731939184,0.0187137014139877,0.0110536658873437,0.0110586671974794,0.0226168183882063,0.00672263237947233,0.0109387095710962,0.0153988577535478,0.0179862516547208,0.00775652107202829,0.0112569399776507,0.00380989495023397,0.00817429644576967,0.00312488057486966,0.0112279086729851,0.00395771856006675,0.0166616461713753,0.00448949281368642,0.00546703026465213,0.00359109431000507,0.00494110269126485,0.0101428536186291,0.0152088779757411,0.0151419722455039,0.022034525797406,0.0206775029734309,0.0030682919604501,0,0,0
P121,Servicios de tecnología de la información,0.000621489638134792,0.000990105698618513,0.00105221166172255,0.000878247840011799,0.000695856702440957,0.000620950057886946,0.000657662273209918,0.000587872917477773,0.000981195999502558,0.002846546408599,0.000782785798506616,0.000971378105906611,0.000389916643000973,0.000663374934761416,0.000847245782787685,0.000506865907116684,0.000709392707198239,0.00160759715235686,0.00181148150080542,0.000763609195646605,0.000585030926304868,0.00119330501538968,0.00103428322799283,0.00112010174003375,0.000674328734057417,0.00108586592586141,0.000355287535906458,0.000633366501976725,0.000565655485863388,0.00104471621812008,0.000824168260636053,0.00097076822432289,0.0016164745826068,0.000802971780771347,0.00111409040402792,0.00118410521439192,0.00127156737236342,0.00076842111499305,0.00120751814183179,0.00182913198055427,0.0008639154385292,0.00152875303355931,0.000892977405385436,0.000983886321211611,0.00143381028814469,0.00143354349544899,0.000954544096619514,0.00063998432872259,0.00091146394318216,0.00120712879950246,0.000609894855135679,0.00335519402988179,0.00207595350314516,0.00116150398154728,0.00189929623939654,0.0029376883863045,0.00193208924048337,0.00128605765289542,0.00102219723808626,0.00108212184423069,0.00100012044066883,0.00146138334745185,0.000973434408407767,0.00223143912065618,0.00187807043281732,0.00645891624137778,0.0019955420992797,0.000466595371075312,0,0.000874123688626406,0.00238781763814715,0.00520750662179221,0.0009926026915551,0.0015804956742308,0.00383625389610336,0.00123844284000644,0.0013066094764878,0.00145986541395848,0.00303184233069111,0.00219463300498352,0.00272520538535621,0.00109290074999269,0.000737453792244043,0.00100940577790945,0.000888101122255281,0,0,0.00415334775784512,0,0.00101885834604285,0.00311083681111032,0.00105955025512992,0.00103316139726573,0.000679635847020906,0.00529813099221799,0.00212853585172157,0.000797822417027577,0.00120858044155923,0.00144200076062605,0.00186616580659336,0.00185633104844797,0.00511049838300889,0.00356638124440407,0.0057864042318305,0.00170836872875574,0.00207173711564845,0.00386917390759,0.00474570298154826,0.00771960660601443,0.00806539211677486,0.00206469392929776,0.0125664821855945,0.0188607822849479,0.0313244554063497,0.0136444128239713,0.0117799359117838,0.0138325080325103,0.000213755898892821,0.00472969341610165,0.00458951385723162,1.06344265188954,0.00458385087653675,0.00884518750947889,0.0183647090776131,0.0127993539462126,0.00284349405074104,0.00327269591770699,0.00648473468127394,0.00260761075624695,0.00402457582284127,0.00880679036719613,0.00305817074185215,0.00152921509400095,0.000380059368376061,0.00173142718841024,0.000920444755361276,0.00564463360550742,0.00164083173106791,0.00709446669990931,0.00141469090002023,0.014200945554451,0.00148210904685621,0.00259977678286843,0.0061564620292097,0.00428939444347692,0.00584690051511899,0.00307237188456648,0.00361946502577712,0.00058256779649927,0,0,0
P122,"Servicios de arquitectura e ingeniería, ensayos y análisis técnicos",0.000581186580674714,0.000660586202908879,0.000729940066067885,0.00102648919957686,0.000677736691419451,0.00096897521093983,0.000966431869346568,0.00089090332090278,0.00137258939177767,0.00176541529395109,0.00104060154075907,0.00696702750144464,0.000470084585618194,0.000734436244915381,0.000776562254000793,0.00103714003403849,0.000939852801027236,0.00942944851147531,0.00863728113545516,0.00121582029427513,0.000571798749363252,0.00117898515668128,0.000764077050809803,0.0010389452343044,0.000486910580481894,0.00119199180484638,0.000490857123280215,0.00108185088803213,0.000503273338868887,0.00104507782936485,0.00721221594718754,0.0167916717647991,0.00438827911111012,0.00119391807418578,0.0012201523741256,0.00224970556208425,0.00152162504334335,0.000538429842947358,0.0012299335411916,0.00345894206447325,0.00160690354505938,0.00273221047846064,0.000847335931775921,0.000926654447366439,0.00475378447397047,0.00434346624864648,0.000907132975235442,0.000605921601470452,0.00142748331616486,0.00129721420022105,0.00060538935171857,0.00252741323037955,0.00219840266175349,0.000934279288727578,0.00146562975951326,0.00267859285759249,0.00234938601693122,0.00210805248946378,0.001090142080894,0.00148233764215158,0.00120963912328872,0.00239517918689833,0.00438908895595888,0.00402302724446806,0.00344184302796327,0.00330009757917422,0.00909138744647545,0.00307302090315922,0,0.00223573414849571,0.00140850271635786,0.00135230938551523,0.00151211362916189,0.00718614017286941,0.00285301916943482,0.00350954916680927,0.00179026508739058,0.00889405817096639,0.00282184184440698,0.00614356589960289,0.0112972401557241,0.00293652693180815,0.00761317633947982,0.00470331954618375,0.00776184711009625,0,0,0.00206743176113098,0,0.0016813155323534,0.00150603338512294,0.00242589920923954,0.0014473583252506,0.000690147740359998,0.00515478692527719,0.0146505393271148,0.000819984455691559,0.00210708172027639,0.00324079565119948,0.0385372116399118,0.0118458185606771,0.00434052246240193,0.00171808737577496,0.00166426728721961,0.00167564250508302,0.00304574872111653,0.00222968990006365,0.0100286898062207,0.002112882829847,0.0123976582417058,0.00176188180608417,0.00575600438979884,0.00262602206881411,0.00267880510998932,0.00161751574374226,0.0019547906102422,0.00363564234942146,0.000546001829276179,0.0133900393335027,0.00151486726568673,0.0109945970135133,1.1075632113412,0.0163763911985414,0.0110929171999412,0.0027132486434522,0.000694086653581844,0.00294763831353342,0.00334471166217597,0.0031785746207424,0.0016076106428328,0.00269349873308953,0.00920109071541604,0.00116152622440348,0.0025811932254448,0.0709572516217244,0.00119054303754301,0.0222986777158241,0.00306694911655597,0.0303905499030655,0.00295429157087824,0.0051596379909579,0.00163669197221536,0.00285889778333212,0.00961844583454354,0.00574684163852432,0.00252868983741741,0.00287403355400701,0.00794270618752002,0.00111879843938481,0,0,0
P123,"Otros servicios profesionales, científicos y técnicos",0.00269286990796447,0.00307797828778641,0.00309278586262999,0.00482235742988855,0.00298490690131447,0.00309527932577693,0.00323467194008614,0.0029169997691491,0.00462994155798802,0.00882813701313335,0.00324284972693731,0.00725622168221984,0.0015645673935682,0.00442671841962808,0.00498907849581586,0.00240448188307611,0.00248088578899472,0.0117796881468389,0.0121081457177802,0.00329747882481491,0.0131050600186497,0.0235471422899249,0.00337395809366942,0.00838260314912368,0.00209406510883358,0.0125506016683664,0.00150549938334923,0.00318195714371652,0.00410364030569599,0.0157410464920874,0.00572625480584746,0.00850448937369559,0.0092341904068288,0.00983507655980711,0.0169807355064591,0.00399633125675139,0.0106022203178641,0.00371628947659465,0.00591865388978622,0.00796689402167885,0.00383140035078801,0.00706767412659679,0.00455825183801741,0.00493920070416097,0.00928022790590079,0.00810053103975143,0.00831011949038309,0.00424889318752916,0.00641684611492365,0.00672426013410864,0.00224278610695788,0.0236545774228824,0.0115219424613827,0.00424606465442756,0.0115653199046552,0.0301205898761845,0.0262359932593392,0.0226106727925889,0.00536411570059617,0.0086916621781361,0.00505553677717626,0.00686118946469343,0.00562407234480108,0.00461867031645242,0.00475532679116496,0.0191809059859476,0.0227130327631196,0.00156973323745713,0,0.00278621400826517,0.0122667505855077,0.00732243368784868,0.00661499282765116,0.0128328885361024,0.0112942358499079,0.00801722972501379,0.00422900103633154,0.00950830585301178,0.0117766058948582,0.0129636325828214,0.00582244696499276,0.00903179051985097,0.00330132660179425,0.00518377602065162,0.00689855540038312,0,0,0.0177179618520017,0,0.00412599245915276,0.00434680121740085,0.00451710684215591,0.00768236148141089,0.00476344552598613,0.0163610208441002,0.0165127109733709,0.00258138222540392,0.00470001641459257,0.00542390713718025,0.00821783563495244,0.00721410425515834,0.0182927221451175,0.00897971464433617,0.00664600925420107,0.00686298031010979,0.0191335352985179,0.00914315642416604,0.025405763285391,0.0274086390293464,0.0317349861128809,0.0106120412762148,0.0250767382657502,0.0290002381856012,0.0264922061583869,0.0176918511469873,0.0293344946664343,0.0323721763528649,0.000474716969284686,0.0207086709359568,0.0130779702291125,0.0154405489692522,0.0263080002782205,1.04152814631213,0.0401780478896792,0.022768355095746,0.0198444200293901,0.022410681479096,0.01604573924275,0.0132436830766956,0.00729687755360634,0.0278578093389004,0.019282422372553,0.0109649141690839,0.00295257555565439,0.00785551732318381,0.00352146716466831,0.0449075385609157,0.0281434571559587,0.0564187194977018,0.0272534771233647,0.00918643771363598,0.00536371410159387,0.0089248634766014,0.0132772274288092,0.0361184383777613,0.0294752543136823,0.0562292400234495,0.10872332209217,0.00285445685208719,0,0,0
P124,Servicios de publicidad y estudios de mercado,0.00141050272338749,0.00188084296112473,0.00206350343000464,0.00365481293200909,0.0015840881511064,0.00144134402139327,0.00147908418365138,0.00130004520653378,0.00235884990371156,0.0048724536401636,0.00176960623101562,0.00312118584512114,0.000952158567979853,0.00154263420138103,0.0026421291824601,0.00124162952133234,0.00238687247285103,0.00422379267527105,0.00563704390801152,0.00191036104244896,0.00154716776577757,0.00522229474986997,0.0028716529397538,0.00318254887122583,0.00174337183730872,0.00247974701430123,0.000912426842625104,0.00193338182023256,0.00214469642163829,0.00279923004734484,0.00477518009940433,0.00415961831340318,0.0070344973287432,0.00200142666788268,0.00439976491534691,0.00406447023305622,0.0137713643880843,0.00180593469544198,0.00293540748010414,0.0111746793700218,0.00403165153135488,0.00812856217759733,0.0024378519227673,0.00452592675275669,0.00962815744083356,0.0136956461141933,0.0112453687087025,0.00394942581139304,0.00760109553323459,0.0106080442244861,0.00176860237368708,0.00628683337527777,0.017216352857166,0.00354629915419346,0.00807743843247607,0.0275387822840711,0.025135659942335,0.0247313469271385,0.00335651358976053,0.00610296050722746,0.00239506625812406,0.00607039289307012,0.00313482912605975,0.00827425659408304,0.00565035967843145,0.00885339029574852,0.00525691318952979,0.00218208063414478,0,0.00418445381483746,0.00408521337993899,0.0140210494768735,0.012033970854058,0.00605213452182107,0.0236954914846399,0.00499835760571357,0.00301280051753631,0.00913468731324125,0.0200429363548577,0.0126956726960513,0.0057066915407936,0.00466255844757001,0.00231455540165812,0.00379690541529786,0.00407297709028763,0,0,0.00904828698800841,0,0.00407586323422407,0.00294846994376461,0.00515450943836571,0.00358398076797163,0.00161146565046385,0.00771612589258302,0.00340618422825067,0.00170180658157807,0.00446337557360846,0.00517132902199061,0.00473899043941075,0.00599270242208396,0.0167411886283813,0.00710585376089602,0.00356535057147402,0.00477352899206047,0.0235091288510292,0.00615785460090197,0.00936446083293064,0.00971425628627015,0.0145634629402436,0.0104143110954735,0.0130859992745122,0.0219201858758976,0.0283355311284897,0.0202886367290741,0.0199557612502568,0.0417143656224579,0.00043935669360387,0.00897458637437472,0.00455461386036128,0.0100793803635143,0.00683917091554499,0.0140664151269535,1.05027998844613,0.00771750442397135,0.0042574613075219,0.0803337827711792,0.00218457871168119,0.00392421560684913,0.0145124109609159,0.0088133255888583,0.00699692958263999,0.00417609806784159,0.00101508529941058,0.00490482389313411,0.00205497229095906,0.0220515154730039,0.00645797854862556,0.0192677973464191,0.00216579557989776,0.00535210358286755,0.00592518763170731,0.00559840677040605,0.00475626406966425,0.0121273252707549,0.0175788799965073,0.0771479196959843,0.0296350146994365,0.00335073232684118,0,0,0
P125,Servicios de arrendamiento o alquiler sin operador,0.00123527801053553,0.00148155101157566,0.0016075137053843,0.00261414738935275,0.00141825273047372,0.00219402600844841,0.00222021963420038,0.00204688222788318,0.00310203925486018,0.00999313204544396,0.00207294206331629,0.00317464429421746,0.00112437985395304,0.00143413429838281,0.00334041868435841,0.00265819504863298,0.0123691133783174,0.0101356515326467,0.0159572269346885,0.00241085007203895,0.00234732267015284,0.00300556088535056,0.00269738646102157,0.00547412311919669,0.00154268584866396,0.00307059408767141,0.00807062262519963,0.00967460485548302,0.00103780457017097,0.00251311209640056,0.00843324416200866,0.006704280332436,0.0363525950405444,0.0031815944207965,0.00295079397580585,0.00310787541323686,0.00590599736609057,0.00277011995514917,0.00400156561649877,0.0109382699092127,0.00425401550377233,0.00811941560087511,0.00348398494227512,0.00343857911937669,0.00930764572166834,0.00876070340687084,0.00796914598483217,0.00140899367087761,0.0065518125946062,0.00635017787553958,0.00163730260764717,0.0130556558770249,0.00479506891989697,0.00414072742212926,0.00858454343572064,0.00362018231214095,0.00538774601978517,0.00358898931551024,0.00400177569053564,0.00306434973633293,0.00268133205975381,0.00317229296034198,0.00524114017827702,0.00469153787632089,0.0039377567233829,0.00821544837749868,0.00527417047423946,0.00416363184734657,0,0.00832087114984388,0.00396192172348707,0.0064897691577798,0.00740589568163341,0.00800265322394915,0.00361758195882646,0.00412837437749963,0.00630876934137688,0.0114155183904772,0.0120004346781584,0.0225860425931864,0.0324691574318142,0.00247621094731563,0.00276241587680172,0.00360527776201005,0.00293667580472533,0,0,0.00392605241674778,0,0.0035907753607794,0.00247602686011096,0.00684280801262107,0.00377220673881811,0.00135578705960163,0.00697376049279146,0.0297357325632431,0.00167759077596584,0.0227761941883546,0.02677534839891,0.0514989752825372,0.0306843375519032,0.00801932652344857,0.0069154913478653,0.00238845274599892,0.018803267581746,0.00703902840157917,0.0250469071387737,0.0220269656068351,0.00941696201879679,0.00878886846329287,0.00843404539517688,0.011090401805724,0.00590539061317558,0.0123357064338073,0.00768600541651795,0.00452292604970435,0.00802930328119231,0.0014441723963544,0.0166838078075512,0.00397246949848657,0.00869183141862128,0.0316795687663252,0.00641465270627039,0.0277580131872745,1.03677018845188,0.0032068753477654,0.0282914489707268,0.0109044171731293,0.00884924041673323,0.00647046527586619,0.00499121734084113,0.0165498505247454,0.00172943464495944,0.00412852857901341,0.0171583055386002,0.00236484830174803,0.0338140952647337,0.00924920133914025,0.0223016889684699,0.0100320652631238,0.0174349542832601,0.00351184863035169,0.00824437670563023,0.0232485172202525,0.0164270218332357,0.0222517115053768,0.0163142982998431,0.0180632297520956,0.00150818425558375,0,0,0
P126,Servicios  de agencias de empleo y de dotación de recursos humanos,0.0015736363370388,0.00396774155352525,0.00441361410248019,0.00234272135746473,0.00185792621104492,0.00202672787482623,0.0036415162496531,0.00195983867557741,0.00307920127200775,0.197203680608843,0.0265199923855397,0.0033358172854358,0.00114088633872797,0.00170314730114078,0.0215066475775588,0.00130955219636287,0.00172357485600416,0.00896857525626829,0.00568463204644757,0.0019744456882446,0.00330758640265076,0.00632693964630623,0.00518838297430048,0.00865401864214023,0.00326093042419272,0.0176415128071949,0.00117312519139846,0.00217948300702284,0.00279707038245446,0.00736184362671349,0.0061481164050629,0.00695249071275795,0.00767860701291394,0.00326028339872169,0.00516831316407141,0.0046334809013466,0.0255013384981914,0.00167882339850063,0.00989000704859511,0.0177897778606265,0.00693597157615283,0.0160017983523149,0.0109416749700472,0.0105300201209744,0.0158093367359561,0.0146898569033311,0.0027678100378881,0.00696426231528003,0.00561100867677298,0.00974852374540834,0.00164213913253464,0.109908623361781,0.0210910698357885,0.00747282806559393,0.0507590411253018,0.0195454486963292,0.0487030826640789,0.0346786869875506,0.00679340561035412,0.00441589410962841,0.00386310382161866,0.00367898631578646,0.00320172252863478,0.00536318059090073,0.00464495185080542,0.00816057019121743,0.010218174842779,0.00373261116247193,0,0.00690210939897456,0.00320812385647839,0.00729046689424773,0.00537377141648559,0.0339614814178083,0.00556163531625278,0.00738371054919067,0.00784440263371765,0.0100391261102775,0.0177422197154615,0.0192218172365029,0.011413921438173,0.00635889002694398,0.00216996380722201,0.0188049629930719,0.00360224470754155,0,0,0.00586350138970357,0,0.0038429351456661,0.0122811009638433,0.0038132799458644,0.0042204689370658,0.0017344238560606,0.0152378383998221,0.0125748500732424,0.00187259299381529,0.00490410067065026,0.00633761135619303,0.00635750467734152,0.00693377569526674,0.0110803581088809,0.004001648195689,0.00836837149808354,0.00987017204290182,0.00873395800887882,0.0292884112450717,0.0313299621286318,0.026702138791217,0.0197101184765462,0.0074426442464318,0.0176859659193092,0.00661352574481609,0.1188138081424,0.0692880952949744,0.0388960112191476,0.0124209046620153,0.000921452329551805,0.00907240793639221,0.00272355860053441,0.03315801124686,0.0253631473661944,0.0243565651991978,0.0185716354513543,0.00625675687402055,1.00472202092243,0.0106378700127405,0.0204129542600352,0.0321081864370233,0.0102694915212294,0.0197467590195683,0.00945787651109602,0.00807662422814844,0.00105660743951681,0.00542373470331208,0.00328084782911094,0.0107697142353453,0.00302796698662693,0.00689320371887265,0.00214451521463482,0.00611626329816519,0.00212216571358681,0.00452190076385338,0.0109589422240873,0.0140308852365618,0.0235590823133922,0.00670957693418841,0.0102586508323912,0.00494378690373606,0,0,0
P127,"Servicios de agencias de viajes, operadores turísticos y actividades conexas",1.79614907461048e-05,2.24036222200388e-05,2.53444018918979e-05,3.16891959950939e-05,2.02316496398269e-05,1.62885373229935e-05,1.70289159343307e-05,1.46239175356535e-05,2.9644447263458e-05,2.96327687702403e-05,1.9215514883684e-05,2.85844985746461e-05,1.16657886448354e-05,1.92759126126777e-05,2.191519065531e-05,1.64547080255968e-05,1.86058458869171e-05,3.67739450128632e-05,7.4342850021363e-05,2.55116154048106e-05,2.39156830571114e-05,4.39291408722174e-05,2.52509935225564e-05,3.7605899195504e-05,1.46089285826669e-05,3.12879848450275e-05,9.18022333385077e-06,1.70426847868211e-05,2.8343176716483e-05,3.61113545679175e-05,2.55970581338843e-05,2.88189167120267e-05,3.19734135547114e-05,2.46352149222989e-05,4.11153290932179e-05,0.000421517910252883,5.74708124118719e-05,2.18599893687646e-05,3.56960792778933e-05,4.36052634715869e-05,2.46030401936444e-05,3.54119000066135e-05,2.16986785588138e-05,2.39076174327196e-05,4.27869515726357e-05,3.99610823100577e-05,1.8219541992045e-05,2.41577722954057e-05,2.69197626061411e-05,3.01688987496892e-05,2.47169887949882e-05,4.4558800598459e-05,3.30104854423164e-05,2.25638435418529e-05,3.54953564817344e-05,5.12828445658341e-05,0.000220292381946833,0.000214828547852727,2.64283411132905e-05,2.83720993537899e-05,2.66387785970503e-05,3.09797870889388e-05,2.99675484048591e-05,6.4322756505382e-05,4.92841106134975e-05,7.47257638145848e-05,5.69261174458277e-05,1.20972702479135e-05,0,2.24910554935293e-05,3.60891241273075e-05,3.55702136764924e-05,2.87156442673337e-05,3.69074143312106e-05,0.000110269544957777,2.62180236426153e-05,3.28756996307273e-05,3.86406556221692e-05,6.99142900966802e-05,5.62862445060859e-05,4.11514406484017e-05,5.30958448669464e-05,2.87085355700211e-05,2.89773267627718e-05,3.75162887450753e-05,0,0,4.84619401977222e-05,0,5.75857864461659e-05,2.99517721433683e-05,2.81625204957859e-05,2.8046934469223e-05,2.01708185126287e-05,4.90074695373897e-05,3.81172526479993e-05,2.17462851359424e-05,3.37691911537321e-05,3.96656397462827e-05,4.81330683905871e-05,4.43607311278592e-05,0.00028156410116579,4.23767771835994e-05,7.17018742331219e-05,4.3945442969533e-05,0.000256071606348125,2.25716726456557e-05,5.36172054618652e-05,7.96148387284348e-05,0.00158105317886304,6.16904625155635e-05,8.15290377961314e-05,4.99318967809943e-05,4.57312058336369e-05,8.51299076509803e-05,6.17507104464239e-05,5.14448660999907e-05,2.61152194869232e-06,3.47576099808364e-05,3.56125616154773e-05,4.44261837334577e-05,0.000306774655117744,0.000997584205000458,0.000107017723402792,0.000128600622487365,2.93227543892904e-05,1.00007573627508,2.52889711199539e-05,2.53759021061071e-05,8.14261983331599e-05,6.04026039127064e-05,5.80132325289966e-05,2.46150009472611e-05,1.75151879838814e-05,5.24233538110742e-05,1.97897723489172e-05,7.5393746177305e-05,4.91122895519247e-05,8.1376527960455e-05,3.70617544050522e-05,2.85446849784071e-05,7.54919568385173e-05,2.25343236572025e-05,6.66763641706993e-05,5.70975119923434e-05,5.87467252277123e-05,0.000290412448941271,0.000422859075623716,8.67684053290707e-06,0,0,0
P128,"Servicios de seguridad, sistemas de seguridad e investigación privada",0.00246637302679555,0.00272707134244846,0.00289407181025349,0.00243021284186544,0.00294039579292318,0.00238658425361499,0.00245581918942421,0.00224293547019865,0.00347477394023081,0.0103246065738791,0.00537556015510058,0.00989057853380257,0.00178160205104648,0.00166605666996243,0.00359687013110463,0.00346186727683098,0.00276427446255307,0.00535830997889684,0.0122891373266784,0.00327198322442398,0.00439530290973147,0.00309900557043962,0.00320574048028681,0.00522378799615848,0.00172335466551689,0.00268597645625689,0.00107769977933209,0.00358713089632572,0.00142622748606294,0.00358829247645538,0.00398784807982666,0.0018888664137418,0.0080111078907927,0.00412387496066698,0.00293347612080821,0.00565670322535778,0.0035674848530061,0.00221388578014942,0.00334112048665454,0.00464480646909538,0.00253478467215875,0.00397309803060871,0.00690909711556012,0.00697109506773794,0.00565360127113368,0.00546886449624911,0.00330925681008993,0.0046991837789968,0.00243559892154569,0.00508140732962396,0.00167908726072912,0.00900971994860474,0.0106835672727112,0.00248952581397793,0.00495241012774547,0.00639121988701298,0.00560281762121886,0.00418333264209712,0.00312484952100536,0.0045751482390902,0.00455856347113122,0.00551792544706389,0.00348271053836872,0.00784980560439662,0.00702448773275039,0.00314537819222933,0.00637242936618294,0.00220075874700134,0,0.00434611328640189,0.00595962493014399,0.00627648608654119,0.00365017975535526,0.00876753990400967,0.0082586580286493,0.00438110534456403,0.00693470962529729,0.00625260071503183,0.00946348086931339,0.00991793164979338,0.00562867105352077,0.00507284119561781,0.00184218335888915,0.0032786111961115,0.00290436375964038,0,0,0.00678350571190228,0,0.00875683193815535,0.0113254475131893,0.00290516666378941,0.00317729315061742,0.0017319801893998,0.0076459538159748,0.00938144683080345,0.001520691910587,0.0033277169578269,0.00407357960880934,0.00413729303430465,0.00470796641891177,0.011486116598515,0.0052489028084853,0.00489139876259077,0.00896121891856298,0.00744131471151846,0.0240646647825629,0.0138332972299089,0.0302476921010566,0.0122244090388967,0.00623681539521853,0.00356816082147347,0.00521828558188057,0.0442445542718369,0.0240798605241219,0.00310066783393612,0.00638307269082728,0.000427240226100387,0.0156002056638357,0.0116193851583379,0.0071561486632835,0.00949749621323864,0.0133520205193433,0.0111462178182921,0.0154026378531075,0.00565877507602771,0.014905247531078,1.0198508239581,0.0185372316257621,0.00757030558543247,0.00620960858768776,0.00962092229857175,0.0113893968380344,0.00356519400039442,0.00424387077339301,0.0035247272986711,0.00843292015282147,0.0128674149660801,0.00922444785337413,0.00181300723836034,0.0138076519543515,0.00495045429489732,0.00423427447968989,0.00964784605032245,0.00575655927556138,0.01766584420262,0.00921071372029059,0.00764517962227839,0.0124393797440743,0,0,0
P129,Servicios de limpieza,0.00034010458967283,0.000479771591878489,0.000518158793840103,0.000519235164220802,0.000382807696001844,0.000386009406773797,0.000418728641435488,0.000357739700340701,0.00061037923324209,0.000713573682086224,0.000427576648265726,0.00296049019521719,0.000246484335745172,0.0021850955381405,0.000489407286376843,0.000372295223553728,0.000432142009687372,0.00091748150369529,0.0018914179307909,0.000499843656060356,0.000437789843411873,0.00239020262430129,0.000973238843648351,0.000946718059758898,0.0005670201818466,0.000617073973795568,0.000229237567035155,0.000384586373962512,0.000408116152404834,0.00088070315086327,0.000456048965820569,0.000553574517975633,0.000893348385447342,0.000774598924919636,0.00198486714450508,0.00153152348503149,0.0030869001563555,0.000345852558104086,0.000837095317370949,0.00314722238057601,0.00136205398225293,0.00259831577826761,0.000502594686087699,0.000583506131716374,0.0036101778066776,0.00330377617553866,0.00202070480863428,0.0021685365341085,0.00140862367343126,0.00152893857081229,0.000399470990353771,0.00127165386664429,0.00170311003612835,0.00152096421991957,0.00621602366514395,0.00142761251461698,0.00211800287601572,0.00179905857963001,0.000778119526092563,0.000922822861776853,0.00100154193612903,0.000856121905289694,0.000783752499481227,0.00105102627873129,0.000970473322856243,0.000878989023506678,0.00159729051855477,0.00021880557012623,0,0.00038761266428484,0.00108976342990579,0.00148786108325915,0.00147473836679737,0.00551671550786088,0.00115649427104149,0.00165623303420346,0.00276409832520284,0.000828452077294556,0.000940823290094982,0.00103278345550214,0.00127027717485829,0.000669270941323474,0.000453052844571501,0.000573409323149212,0.000917196967904738,0,0,0.00331913260545113,0,0.00129053845718215,0.00104781478800369,0.00071669247879869,0.000943520171629044,0.00101559629512737,0.0015209793213979,0.00109644985329928,0.00121474103189651,0.000642116184217222,0.000776463609288956,0.00108915102029106,0.000981790693691119,0.00344499789781734,0.00136219584024641,0.00109692212726885,0.00148954190602896,0.00158288529869789,0.0137834839157983,0.0039244963637663,0.00190366264478892,0.00564067165513628,0.00211261436783492,0.000831971025920028,0.00560711641158579,0.00951179318535235,0.00525271152108126,0.00624334448452745,0.0158044157278244,9.09894181676436e-05,0.00782219322122992,0.00316530289999938,0.00801990533598294,0.00624983876885712,0.00954021950916928,0.00264332085398471,0.00718445679654623,0.000747662161652186,0.00360656578025834,0.00113531816983003,1.01635027411544,0.00732088664004873,0.00593613959313688,0.00232192250571078,0.00190508609176696,0.00050673965080522,0.00112803446156239,0.00056639897007327,0.00266220976122542,0.000756977427750145,0.00361673833309027,0.00239792969568808,0.0046098697814215,0.00287763999563765,0.00618010697997461,0.00388847169045364,0.00960875750533324,0.00171025746833608,0.00208587277183071,0.00303669648891154,0.000446699547536901,0,0,0
P130,Servicios telefónicos de centros de llamadas,6.71055851002008e-05,0.000120238102448152,0.000135471514815442,8.60066837690452e-05,7.84148609355891e-05,8.53304100096495e-05,9.25313585687442e-05,8.34685339921107e-05,0.000140557365839465,0.00010164624901405,7.95802228378096e-05,0.000142400274940651,4.30091486576588e-05,6.55542042437618e-05,8.47503162757212e-05,5.57656130749248e-05,7.39032750566508e-05,0.000162802884564486,0.000204294824894537,8.51945991277114e-05,6.366087150978e-05,0.00013014538533995,0.000122626350744718,0.000124135285443524,7.6699579344317e-05,0.000102323226448001,3.5402479765731e-05,6.37814050298794e-05,8.63550022468502e-05,0.00010721708362163,8.82653861657568e-05,8.4937993139147e-05,0.000160399628198887,7.81089741742694e-05,0.000124236345736545,0.000141741603598403,0.00014960295678651,7.71696539587631e-05,0.000116037533353867,0.000281098412213047,0.000127203149439919,0.000229910674834233,0.000103788886601505,0.000118170684365307,0.000180395586824569,0.000179718330855774,0.000116133454908653,9.02064295894459e-05,0.000106933497208476,0.000136896562095108,8.74739076792979e-05,0.000145961238233414,0.000145968609603375,0.000108685468723682,0.000157023643366363,0.000168925827090379,0.000163919593346488,0.00011815182089777,0.000131124261301942,0.000135063969036373,0.000150426066681771,0.00043049271275847,0.000141864684511878,0.000183768470147531,0.000161310391019501,0.00140885977633946,0.000264254597743392,4.41974977114862e-05,0,8.25844269417252e-05,0.000106128333281642,0.000148413717983895,0.000132715724450009,0.000141973911915415,0.000158861604076345,0.000113286911334756,0.00017307187991615,0.000144077066074765,0.000266111847756278,0.000213288022842136,0.000323079722751251,0.000122430774146089,9.93783274610504e-05,0.000122462392639504,0.000117720347604212,0,0,0.000206202061132541,0,0.000132794994267601,0.000263873288808522,0.000146412090011085,0.000132994559676303,6.25295649700991e-05,0.000379555535998641,0.000112726776490918,0.000129790899416319,0.000129353164906325,0.00014093021625093,0.0001472886875651,0.000163089135329388,0.000764369370004232,0.000138032292424843,0.000603310698266354,0.00024430911011365,0.000453830915955317,0.000125277339554203,0.00444418572209363,0.000487665310262855,0.000288599712694649,0.000154410683093747,0.00732308692783007,0.000292914786178479,0.00456788438285766,0.00198476667862449,0.000184776966236015,0.000372450704340553,2.63072721722093e-05,0.00013570689116936,0.000134425927816323,0.000478822990034208,0.000132209959583591,0.000149412654222687,0.00172609089380575,0.000113397425355381,7.57784190569347e-05,0.000359256815280985,0.000133542609542467,9.32916910890465e-05,1.00294201576352,0.000203345282483183,0.000174031657985538,0.000149395887980349,4.21493322454537e-05,0.00016066957772037,0.000142049030344685,0.000376304403453116,0.000134367400962734,0.000220990608661084,9.68455907410981e-05,0.000201884824499317,6.83734241823122e-05,0.000108967292132009,0.000162651752551099,0.000177996611649708,0.000180786560145866,0.000250319418718831,0.00027710353579329,6.98436373689092e-05,0,0,0
P131,"Servicios administrativos, de apoyo de oficina y otros servicios de apoyo a las empresas",0.000609507283085091,0.000766735134268009,0.00092602140301029,0.00104798052300698,0.000696800477205092,0.00117073942095933,0.00122447773452998,0.00111468775053175,0.00174901805740834,0.0026670680075318,0.00212972828770971,0.00136094993553425,0.000468504651697253,0.000818818967230465,0.00102118538819776,0.000620302904872499,0.000680612640244595,0.00240554518294557,0.00256175238633968,0.000776461835266323,0.000744048171164448,0.0013604620967298,0.00114282668163788,0.00151115388151822,0.000858796648534655,0.00175961360028937,0.000481289024006523,0.000877797583057978,0.000700743756989284,0.00145866600345854,0.00516401922635152,0.00173900356342558,0.00210585381660965,0.00151651373764241,0.00149134557786987,0.00160993464785675,0.00176384142981848,0.00105333355229801,0.00159063396024132,0.00334201981051831,0.00142393350856097,0.00268930554833331,0.00119608622642468,0.00131548392136721,0.0019858327386495,0.0019255442568016,0.00170455140468785,0.000887974993757283,0.00137932939367184,0.00179011158146149,0.000861316652199942,0.00615000372249187,0.00353493335896515,0.00113420698540717,0.00387575510062518,0.00303617908070737,0.00315508767210621,0.00206126443111398,0.00182960955182658,0.00220810901173008,0.0015714549313718,0.00260107290786876,0.00170897108909729,0.00255420002888138,0.00220046083634217,0.00761873098574066,0.00227668340301271,0.00306712457909366,0,0.00620020658717337,0.00129687281640396,0.00224455934870069,0.00123149903681693,0.00287511147835273,0.00440877926568613,0.00517970204962126,0.00237597122865878,0.0021143287577957,0.00304672078275761,0.00247777095552049,0.00271974866365022,0.00271898146058135,0.00170937271289675,0.00245459540536308,0.00146124298822806,0,0,0.0022318239699398,0,0.00146355087266761,0.00178007237751908,0.00234217907284112,0.00230452056968661,0.00226613824756139,0.0171429793495853,0.00529495698870063,0.00275474923364465,0.00413146704894385,0.00185376694772118,0.00202107361122108,0.00630819875235326,0.00621303298447665,0.00312063978711758,0.00360237149090245,0.00508354286060296,0.00633487337301519,0.0254290887300545,0.00621297669770908,0.0110572199761278,0.00620072933202559,0.00271046782786656,0.00730095725624637,0.0103264168991306,0.0112027311199981,0.00852937345391756,0.0165419391172148,0.0283201930638552,0.000353890417600629,0.0140500213426581,0.0068015018372489,0.00508772847124267,0.00458210710243838,0.0108260833834747,0.0123189901398658,0.00445710935573766,0.00560246614120153,0.019490326752242,0.00129806516916062,0.013099669398819,0.00801083670203271,1.02064119799613,0.00395677766130524,0.00136414374552816,0.000585564241047196,0.00214208290032706,0.00248334263408877,0.00494223232999612,0.00162498385021798,0.00328577661116771,0.00118351139234082,0.00237600284503064,0.00234567446992214,0.00245370996661896,0.00636606190208739,0.0148934110769811,0.0262697304842088,0.00776907200263479,0.0109247252545095,0.00341574484392159,0,0,0
P132,"Servicios de mantenimiento, reparación e instalación de productos metálicos elaborados, maquinaria y equipo",0.00413665092677962,0.00220580089411987,0.00236261591804254,0.00250110952109091,0.0052018794648473,0.00318451946255276,0.00326455941299181,0.00298296025857621,0.0042907760841526,0.0197184550448451,0.00355912522185203,0.00421031596303821,0.00129220811446036,0.00874382033665755,0.00523080421684555,0.00270782988830129,0.00341820277726748,0.0230544381646075,0.0204869670845082,0.00281371184586277,0.00299694849975503,0.00516362332723294,0.00490681122632859,0.0085194946249045,0.00279743912875214,0.00447963626186451,0.00473950173097739,0.00749514624013053,0.0022844303577385,0.00879524676848009,0.00199494789870952,0.00248724906316327,0.022640298252595,0.00340833056155632,0.00419948884530555,0.00932497478504438,0.013339063650398,0.0011382518358219,0.0132943735836622,0.0174964214862599,0.00673451551161308,0.0146912553774181,0.0194258038330307,0.0196150952280073,0.00966476896314514,0.00950172805917054,0.0156362034178005,0.00185032758127596,0.0109537912071049,0.00959166613441372,0.00278561483802413,0.0183930550597016,0.0111137517900544,0.00871148276965574,0.0105212264941087,0.0169582199120321,0.0254216751980625,0.0236432115019072,0.0139519890377568,0.00784086124320802,0.00467967577422592,0.00722931488615105,0.0112891883211876,0.00888093001490037,0.00902979150242448,0.0131385037140673,0.0220057022452452,0.00103240568263429,0,0.00176871277795449,0.00463776969090729,0.00435622177209081,0.0117591452683809,0.0170842640028715,0.00772096962172203,0.00685526444643072,0.0106565548169109,0.0172185650550869,0.0271862867392563,0.023716463968941,0.00668054553088214,0.00376966271803912,0.00331402289736077,0.00494967484876898,0.002405443586371,0,0,0.0168482414533714,0,0.00927620482064569,0.0103653141637186,0.0088607663555263,0.0123373925021351,0.00805981779989686,0.00634182527927296,0.0275073274404489,0.00830126657080375,0.00627327977560744,0.00678974531994349,0.00786550662271483,0.0100767575439764,0.00522558829527511,0.02255062385833,0.00853405187242908,0.0190188378892294,0.0413293641825824,0.017427088130576,0.0168404335600421,0.00977300562146576,0.01116001289704,0.00675866113031749,0.00422839667991362,0.0217343429787031,0.0291494843424219,0.0195754561903541,0.0086891716482881,0.0260243040985994,0.000619063867636148,0.00538545417922614,0.00434256496389259,0.0073987722871212,0.0129114835844501,0.00948247017372756,0.0166922645623056,0.0440082208577223,0.00291156969768536,0.0211729183343531,0.0028820790174884,0.0179760873518211,0.00757427038575156,0.0192328075377011,1.02238674194524,0.00436422228294684,0.00546504564304138,0.009443403866681,0.0183152108793999,0.00806861130339938,0.00327427684212668,0.00636345944652713,0.00236482329866715,0.00318951987771671,0.00407852545858606,0.0116058457687944,0.00931732977605803,0.0190403307218292,0.0169224238314183,0.00910048821078696,0.0134805352994238,0.00152070966257046,0,0,0
P133,Servicios de reparación de otros bienes,0.000152759944032014,0.000257330481549971,0.000294343287056531,0.000228197326602712,0.000177629809008214,0.000202983953325371,0.000214931480970882,0.000193275248497523,0.000311619383304399,0.00060021181556832,0.000298411873358627,0.000349027133092449,0.000113061548603533,0.000204960294188688,0.000254270669751016,0.000153998378971741,0.000265859841997471,0.0007162364426619,0.000682781971556466,0.00021857937596568,0.000215330031180165,0.000571195518888743,0.000526240573938125,0.000479382735462351,0.000344406025545978,0.000305320108537394,0.000161426653387779,0.000288572305032423,0.000220731425878238,0.000482917521765068,0.00324203763189635,0.000444216154277261,0.000979607396890413,0.000278533913062229,0.000482063674353736,0.000913883542700306,0.000676886996597723,0.000219578041151969,0.00324531927529814,0.00135082717831998,0.000518645013577161,0.00113196202439974,0.000397473720781277,0.000442831176406337,0.00151523878847179,0.00148808512818854,0.000446075606287261,0.00021794679336682,0.000351153394662392,0.000703363507648404,0.000187377683135396,0.00064764505581366,0.00161932574085864,0.000745600583007706,0.000794056661697332,0.00104262323993844,0.00193397649370984,0.001788472129977,0.000571582667128225,0.000516262590669621,0.000701725453653033,0.000799071458395301,0.000385906448686754,0.000675798487979881,0.000616383605110186,0.00683536618482815,0.00252730510000738,0.00187469871023303,0,0.00383088854380203,0.000317875368263402,0.00051237596451934,0.000752278554290148,0.00115471858918037,0.00360142663062453,0.000421448157988795,0.00210831258452408,0.00061712230534363,0.000965443205109458,0.000858457649698337,0.00147236740412137,0.000424586334183762,0.000279388835925804,0.000379365406453555,0.000792286262884141,0,0,0.00101832043592996,0,0.00036280525211378,0.00124695060963268,0.000380367516995335,0.00115571194908128,0.000256979508129132,0.00296061553340009,0.00104553825763351,0.000275488161812002,0.000493496280870825,0.00061439158961235,0.00094577441587152,0.000773072916157029,0.0013489810222981,0.00112419969751169,0.000712496913762024,0.000771515341902459,0.00238406361876871,0.00362572345477787,0.00209052102198373,0.00407785069749998,0.00307892035486762,0.000842045440240885,0.0015270056454189,0.00281779340007987,0.00954075572050105,0.00602197631297711,0.00335045538912003,0.00451961412350197,8.67496708723583e-05,0.00140591947968016,0.00380494753236672,0.00293420360760319,0.00499127332010922,0.00154266440827614,0.00964481831384585,0.00863179429079612,0.00123851200827932,0.00270932402945809,0.00118336689559187,0.00618245812173261,0.00620226724883946,0.00327952863781558,0.00197221008360387,1.00397246569614,0.000157189564783253,0.000709689355573042,0.000404389409221075,0.00219819320405729,0.00076157882395181,0.00141285285111347,0.000778050242890148,0.00101575727671334,0.00125485067582524,0.00124517748039062,0.00151314796179923,0.00157506848198879,0.00411681992522948,0.00126547579051175,0.00150201264613142,0.000930086026732081,0,0,0
P134,"Servicios de apoyo a la agricultura, caza, silvicultura y pesca",0.0128012226392108,0.0309910567089948,0.0342005259927588,0.0517514584493564,0.0167078912122897,0.00390749094053129,0.00412653414720892,0.00349281357475362,0.00477769496563448,0.105203257222659,0.0510122927474302,0.0322927454182333,0.018016685708437,0.0075509512036498,0.0380719576838483,0.256077524505232,0.170891660746953,0.00399952662659686,0.00037653032806855,0.00885382710105258,0.00199679312126339,0.0030127435677371,0.00227827715761849,0.00825800209271016,0.00135134616056086,0.00710746396986254,0.00337837872204616,0.00625294552496644,0.00313790983871436,0.0212145881063367,1.32526669119038e-05,3.15051660791402e-05,1.26944692931287e-05,0.00472657903598719,0.00203217412715819,0.00142661166625203,0.00115739907687113,5.7228359767157e-05,0.00109828926142688,0.00187202283093235,0.004042589822354,0.00348910142171292,0.0140238357051413,0.0124590086476168,0.00364168656948286,0.00344647010425978,3.91847953799031e-05,0.00810929427980367,0.00372432016111297,0.00262082043424261,0.00219327512935138,0.0492124047193661,0.0157234496543484,0.00400281439745249,0.0148245107047804,0.000447450097086707,0.00691936111167265,2.94162934023467e-05,0.00141517340614157,0.000338703574074247,0.0010950494249823,0.000376330812348123,0.00101742384789608,2.65820036216002e-05,2.58069187005545e-05,2.47217072036139e-05,6.31075580151626e-05,1.10445218417186e-05,0,1.18428761818759e-05,9.093952839319e-05,0.000574933717390713,0.000563003006184198,0.00976527333814735,0.000165952129880498,6.56345429113946e-05,2.31641595208904e-05,0.000155028460245027,1.75035431418185e-05,4.42779244861613e-05,8.38040051518053e-06,9.49430091499827e-06,9.41463370353164e-06,1.79803656900791e-05,1.09239619984629e-05,0,0,3.46926051288696e-05,0,5.99958879484561e-05,1.49462898265945e-05,0.00110410779139033,0.000163589888784976,1.21881185924718e-05,2.02384158620481e-05,1.32174763782776e-05,1.63569411581875e-05,4.3694960474672e-05,4.86378900597137e-05,1.59702348858027e-05,4.35809593370391e-05,1.56431675786249e-05,3.17103542220136e-05,6.19232816359078e-06,7.23219782966339e-06,3.33592038688611e-05,1.09121278123134e-05,1.80491457814021e-05,1.08069895999379e-05,6.16474610730572e-05,0.0018204814227573,5.84153633218313e-06,3.22677382522254e-05,1.62506072613976e-05,1.01669022594524e-05,8.78641994174367e-06,1.39275466906917e-05,2.0445755992438e-06,1.3902394167588e-05,1.29843227881063e-05,2.17924957843292e-05,2.27958132590979e-05,2.36734264761026e-05,3.3702473516575e-05,7.65761785968764e-06,1.05704163819903e-05,4.47174992351396e-05,5.64898831675884e-06,1.61630058951208e-05,4.25858504349012e-06,1.69897774594167e-05,1.49088439507509e-05,1.9849669921322e-05,1.00029502323783,6.92977858094737e-05,7.58242520444636e-05,5.68909840965288e-05,7.87384276054984e-05,3.35454243943502e-05,1.99272820714469e-05,1.89215526483092e-05,0.000154051839933467,7.11545889593315e-05,5.45773764752546e-05,0.000202707167318496,6.2160392964686e-05,0.00099988179794732,0.000182067557875471,2.90775599866376e-05,0,0,0
P135,"Servicios de apoyo a la explotación de minas y canteras y los relacionados con la distribución de electricidad, gas y agua",5.04548280349731e-06,3.47955768099051e-06,8.87682567079689e-06,6.75678431923337e-06,5.45639736399521e-06,1.37132020601496e-05,1.35893716716338e-05,1.26235118552972e-05,1.78865917985409e-05,9.89540073369042e-06,3.65809864418091e-05,1.79157002535246e-05,4.59064132527786e-06,1.76947064203515e-05,5.04594735903879e-06,5.08302457185105e-06,4.68234634634923e-06,5.93536963485135e-05,2.50130496093342e-05,5.3460165568554e-06,7.28199245854137e-06,1.64839476063885e-05,1.60475214086734e-05,1.56239662548263e-05,2.23292407266878e-05,1.63914710060318e-05,3.10880277549231e-06,1.51742489272063e-05,1.00019508681809e-05,3.02463519585604e-05,0.0428415995167694,0.0670171992777765,5.43953982990884e-05,1.17597344229965e-05,1.57658307409352e-05,2.37719481161985e-05,2.36334016942806e-05,2.90153765681053e-05,3.36352643493702e-05,3.84693031525489e-05,1.43997576367342e-05,2.65029159920287e-05,1.68197064716066e-05,1.91643242168823e-05,2.17073301318937e-05,2.07037143523041e-05,4.38698644263116e-05,1.16163580233487e-05,2.3103712754003e-05,2.12704946016245e-05,1.3225268995973e-05,2.34980358350348e-05,2.93849827896568e-05,1.0918550509849e-05,4.10956054005937e-05,4.80298251429309e-05,2.33561285748698e-05,1.62185875067651e-05,5.12892511189455e-05,3.72266545229327e-05,2.17300803585045e-05,2.1180020282614e-05,4.04613358118273e-05,2.07133119275568e-05,2.2455750604062e-05,1.58158382755632e-05,2.96290488763092e-05,0.00243924026167279,0,0.00504772290577529,9.49575602944844e-06,3.16753503965026e-05,1.68585146312506e-05,3.29554492920984e-05,2.68830640986794e-05,5.26535146610332e-05,6.18650673177993e-05,5.28939387733863e-05,0.000143619755862813,6.81663321671268e-05,0.000404824662846426,6.02505805593811e-05,2.86043776025005e-05,3.30057368727969e-05,1.11681545914713e-05,0,0,4.11428120519295e-05,0,1.76435599950375e-05,3.41741278628339e-05,2.81678323508194e-05,5.42330828009454e-05,2.29709584986978e-05,0.00110821549918902,0.000111096024912487,1.99630434009805e-05,2.61132141360375e-05,3.19973135662004e-05,3.40957908297251e-05,3.30301905831724e-05,1.59388837224813e-05,1.8084027623966e-05,2.1534198868281e-05,2.11448341285375e-05,0.000144829177743221,4.8631755114087e-05,3.46982366041199e-05,1.53308173085875e-05,6.09430633278951e-05,2.53607492300725e-05,5.41643722507844e-06,1.95284841661111e-05,2.53896283653569e-05,1.53743622745004e-05,8.28851064794239e-06,1.41481827847703e-05,1.61703599913366e-06,3.49295036726401e-05,8.84268158923873e-06,1.1870631098344e-05,1.34291965683794e-05,1.31553543355184e-05,1.65945647798669e-05,1.19096455424056e-05,4.8386209374092e-06,1.21426249319844e-05,5.10935155838009e-06,2.49552520924314e-05,2.60747549881883e-05,2.56121456694898e-05,1.96485257068074e-05,1.79520266172108e-05,3.70409819943258e-06,1.00001046566523,8.21840851251573e-05,7.92650115857746e-05,2.03808397122041e-05,2.45907398914267e-05,1.33348524075616e-05,1.01406311016425e-05,8.82497268291511e-06,2.4417621907174e-05,1.59265881870101e-05,2.42014044638464e-05,4.96563485249401e-05,3.89201060966469e-05,2.89797941884488e-05,1.50298968626356e-05,0,0,0
P136,Servicios de manufactura,0.00028119729127522,0.000222893314935147,0.000219778977465265,0.00026798933369145,0.000330190861101488,0.000392855676812202,0.000413268228883581,0.000378004225308089,0.000548809729330618,0.000910105717134587,0.000455823025237512,0.00111765152847154,0.000258831282915428,0.00106400620408928,0.000332856520468751,0.000191543127153988,0.000216512359584417,0.00105526405498923,0.00133272027466881,0.0002606450402411,0.000214987096571646,0.000471319515882717,0.000506988086800787,0.000541627593337873,0.000293145885797519,0.000575553771743524,0.000210385997289109,0.000461528814787807,0.000399098076830034,0.000575653769990693,0.000159277058380275,0.000238524285654574,0.00102139130391392,0.0207263582841522,0.00356730516574204,0.00289505098277896,0.00242981172557576,0.000148478404875904,0.000787866123202708,0.0648329729765806,0.020285809758587,0.0251376990818437,0.00192655927719803,0.00247353810746832,0.00258485683939724,0.00235060914429888,0.0160395612808924,0.00104542024796273,0.012871727362183,0.00428781301623343,0.0542461601062599,0.000837294199201599,0.00652569368494948,0.000522237655417189,0.0402018919204858,0.00120067139828868,0.0156983180834169,0.010426178728211,0.00897972801981394,0.0993126021758379,0.0052472026833817,0.00187568126735643,0.00301294639829852,0.00887330190064411,0.0233758661768032,0.0762269565503303,0.0175927673517238,8.65189317426762e-05,0,0.000137161572567685,0.000925480159808778,0.000497105080379065,0.00102936300653397,0.00094774626517386,0.00659635807430835,0.00148320798282724,0.00100397987918422,0.000906530940019175,0.00172678259332758,0.00416098629446745,0.000519796031408352,0.00227797209089289,0.00029342423715407,0.000311197693203309,0.000291465968410811,0,0,0.000939074088541055,0,0.000685364386400338,0.000746611735561276,0.00170225726553101,0.00522739569040751,0.000492772706051157,0.000353650213212213,0.00123546456519773,0.000427081844925135,0.000761114495006979,0.000865522025157452,0.000698947085958297,0.000821501500515621,0.000910406839891767,0.00113380899490354,0.000471286620669906,0.000888739386691069,0.001908902015675,0.000870932996946263,0.000951075190405658,0.00075189436044898,0.000880342232644038,0.00340225366750995,0.00028540509754515,0.00623191799204832,0.00182184783707396,0.00109638229180913,0.000550333234039508,0.00127229179330641,4.64610292477784e-05,0.00034757947695845,0.000514853261123844,0.000860421024827893,0.000772011562316013,0.000660152925940772,0.00166649829025268,0.001789735777248,0.000317657142059532,0.00138984552263406,0.00053868787239557,0.00149876172486236,0.000379792360828608,0.000941435012692833,0.0389840182551085,0.000375869726977042,0.000264498521505887,0.000704774076762381,1.05920859781154,0.000812833304754961,0.000845937224072535,0.000578742772501818,0.00066319773142998,0.000301517975552538,0.000869551941797883,0.000874702477969847,0.000850300980113459,0.0013367683020965,0.00120606114352483,0.000652378910438823,0.00132671980322561,0.000466440708727368,0,0,0
P137,Servicios públicos del gobierno general,0,0,0,0,0,0,0,0,0,0,0,0,0,0,0,0,0,0,0,0,0,0,0,0,0,0,0,0,0,0,0,0,0,0,0,0,0,0,0,0,0,0,0,0,0,0,0,0,0,0,0,0,0,0,0,0,0,0,0,0,0,0,0,0,0,0,0,0,0,0,0,0,0,0,0,0,0,0,0,0,0,0,0,0,0,0,0,0,0,0,0,0,0,0,0,0,0,0,0,0,0,0,0,0,0,0,0,0,0,0,0,0,0,0,0,0,0,0,0,0,0,0,0,0,0,0,0,0,0,0,0,0,0,0,0,0,1,0,0,0,0,0,0,0,0,0,0,0,0,0,0,0
P138,"Servicios públicos administrativos relacionados con la provisión de servicios educativos, de salud, servicios sociales, culturales y otros, sin contar los servicios de seguridad social",0,0,0,0,0,0,0,0,0,0,0,0,0,0,0,0,0,0,0,0,0,0,0,0,0,0,0,0,0,0,0,0,0,0,0,0,0,0,0,0,0,0,0,0,0,0,0,0,0,0,0,0,0,0,0,0,0,0,0,0,0,0,0,0,0,0,0,0,0,0,0,0,0,0,0,0,0,0,0,0,0,0,0,0,0,0,0,0,0,0,0,0,0,0,0,0,0,0,0,0,0,0,0,0,0,0,0,0,0,0,0,0,0,0,0,0,0,0,0,0,0,0,0,0,0,0,0,0,0,0,0,0,0,0,0,0,0,1,0,0,0,0,0,0,0,0,0,0,0,0,0,0
P139,Otros servicios administrativos,0,0,0,0,0,0,0,0,0,0,0,0,0,0,0,0,0,0,0,0,0,0,0,0,0,0,0,0,0,0,0,0,0,0,0,0,0,0,0,0,0,0,0,0,0,0,0,0,0,0,0,0,0,0,0,0,0,0,0,0,0,0,0,0,0,0,0,0,0,0,0,0,0,0,0,0,0,0,0,0,0,0,0,0,0,0,0,0,0,0,0,0,0,0,0,0,0,0,0,0,0,0,0,0,0,0,0,0,0,0,0,0,0,0,0,0,0,0,0,0,0,0,0,0,0,0,0,0,0,0,0,0,0,0,0,0,0,0,1,0,0,0,0,0,0,0,0,0,0,0,0,0
P140,Servicios públicos administrativos prestados a la comunidad en su conjunto,0,0,0,0,0,0,0,0,0,0,0,0,0,0,0,0,0,0,0,0,0,0,0,0,0,0,0,0,0,0,0,0,0,0,0,0,0,0,0,0,0,0,0,0,0,0,0,0,0,0,0,0,0,0,0,0,0,0,0,0,0,0,0,0,0,0,0,0,0,0,0,0,0,0,0,0,0,0,0,0,0,0,0,0,0,0,0,0,0,0,0,0,0,0,0,0,0,0,0,0,0,0,0,0,0,0,0,0,0,0,0,0,0,0,0,0,0,0,0,0,0,0,0,0,0,0,0,0,0,0,0,0,0,0,0,0,0,0,0,1,0,0,0,0,0,0,0,0,0,0,0,0
P141,Servicios administrativos relacionados con los sistemas de seguridad social de afiliación obligatoria,0,0,0,0,0,0,0,0,0,0,0,0,0,0,0,0,0,0,0,0,0,0,0,0,0,0,0,0,0,0,0,0,0,0,0,0,0,0,0,0,0,0,0,0,0,0,0,0,0,0,0,0,0,0,0,0,0,0,0,0,0,0,0,0,0,0,0,0,0,0,0,0,0,0,0,0,0,0,0,0,0,0,0,0,0,0,0,0,0,0,0,0,0,0,0,0,0,0,0,0,0,0,0,0,0,0,0,0,0,0,0,0,0,0,0,0,0,0,0,0,0,0,0,0,0,0,0,0,0,0,0,0,0,0,0,0,0,0,0,0,1,0,0,0,0,0,0,0,0,0,0,0
P142,Servicios de enseñanza,9.08960168103217e-07,2.01035982560201e-06,2.23644223774656e-06,1.52726753172673e-06,1.08391994847058e-06,2.20056223115665e-06,2.36417658419823e-06,2.20823591455049e-06,3.23468478998728e-06,2.71630139387054e-06,2.38807353886868e-06,5.14866412464114e-06,8.23031594336901e-07,9.71215740073418e-07,1.71015269921127e-06,2.37024672006848e-06,2.07575096099602e-06,3.61624322893047e-06,6.16656501328328e-06,1.49046067652041e-06,9.85985786944109e-07,2.07180619834539e-06,2.19812207758834e-06,1.9810917490528e-06,1.48452295976613e-06,1.81101124876791e-06,7.05951327730352e-07,1.14427980966133e-06,8.52107165085851e-07,2.00982998931803e-06,3.32819164825854e-06,2.1005036596971e-06,3.17331509203837e-06,2.20065374794047e-06,2.13824336729506e-06,2.26122303333755e-06,3.23382760030559e-06,1.22739177251705e-06,1.84314136042748e-06,7.11044032603915e-06,2.94363421918303e-06,6.0775017282294e-06,2.32113551771895e-06,2.46782995465712e-06,2.68585257832509e-06,2.59530526903644e-06,3.74812644066024e-06,1.73415584764603e-06,2.24436576581579e-06,2.90899898211983e-06,9.66344729493219e-07,5.13732357631105e-06,3.27531864118668e-06,2.3546555978244e-06,3.59954756435314e-06,3.5911818146481e-06,2.93776172728966e-06,1.95814769251391e-06,2.19233770312061e-06,3.3577666250913e-06,2.76481924004703e-06,2.95974054566077e-06,3.12368669692796e-06,3.1209459607411e-06,2.62705224203514e-06,1.53455882873998e-05,3.11322657101426e-06,1.80482876447962e-06,0,3.38413489537556e-06,1.66624227881434e-06,2.42436165310326e-06,2.92429919889511e-06,4.14145517049502e-06,3.39420032207652e-06,2.88124228565969e-06,2.92807853028473e-06,2.53230322032522e-06,8.1374829733793e-06,4.59093117935815e-06,8.20320630425402e-06,1.96619191794921e-06,1.60641486320757e-06,2.35983876006488e-06,1.59033705465166e-06,0,0,3.68735905386392e-06,0,1.82480650363567e-06,6.0491461231284e-06,2.9026207428232e-06,2.74177998487404e-06,1.30889073051396e-06,6.79095832075934e-06,2.63690977449777e-06,1.34765187449855e-06,2.50554393005097e-06,2.94426209386306e-06,3.34107447625678e-06,9.22731559772036e-06,5.97522445000936e-06,2.73714944299613e-06,4.65351506120698e-06,6.02349047352039e-06,1.98826301105595e-05,9.8538177976261e-06,0.000258303867652943,1.74877205952416e-05,5.80677085008042e-06,1.27295393300492e-05,2.53738924078865e-06,0.000159109925637115,7.50845472395174e-05,5.53118631654388e-05,0.000107601419033963,0.000321347497275736,8.75768896939224e-07,2.43162228828645e-05,3.85362086702225e-06,3.75157019085914e-06,4.63203177509002e-06,7.16307824548025e-06,7.77111045470924e-06,4.58324049099645e-06,2.22739973104534e-06,9.58869909245568e-06,1.23291088421126e-05,9.82464007200167e-06,5.01457097429847e-06,0.000176599423323799,3.56350406703293e-06,1.48618881801549e-06,6.98442558844445e-06,4.70041535231343e-06,2.93074349857711e-06,0.00140866369254997,0.00319603392816408,0.00246082076577565,0.00110996819513305,4.77246832188909e-06,1.01037038609718,0.000117261945963705,2.812177842422e-05,0.000787782336247036,2.91006414366558e-05,5.54761023211014e-06,0.00575090550772493,2.40658636655762e-06,0,0,0
P143,Servicios de hospitalización,0,0,0,0,0,0,0,0,0,0,0,0,0,0,0,0,0,0,0,0,0,0,0,0,0,0,0,0,0,0,0,0,0,0,0,0,0,0,0,0,0,0,0,0,0,0,0,0,0,0,0,0,0,0,0,0,0,0,0,0,0,0,0,0,0,0,0,0,0,0,0,0,0,0,0,0,0,0,0,0,0,0,0,0,0,0,0,0,0,0,0,0,0,0,0,0,0,0,0,0,0,0,0,0,0,0,0,0,0,0,0,0,0,0,0,0,0,0,0,0,0,0,0,0,0,0,0,0,0,0,0,0,0,0,0,0,0,0,0,0,0,0,1,0,0,0,0,0,0,0,0,0
P144,Servicios médicos y dentales,3.09762153211652e-07,6.48820400274578e-07,7.25394958214826e-07,5.38915371673238e-07,3.60282755836069e-07,4.85871900196127e-07,5.0642882404229e-07,4.60367685126844e-07,7.18302682305366e-07,1.00430277007208e-06,9.17312336457933e-07,9.11161941519227e-07,2.56335630579015e-07,3.70059271502413e-07,6.66113601622851e-07,4.27585395023301e-07,6.45356651568314e-07,3.08780833776512e-06,3.402885073904e-06,5.83079644088022e-07,5.09344169044866e-07,8.97007929638765e-07,6.18621084319994e-07,8.20200571947268e-07,4.06350144974159e-07,7.20805103657058e-07,3.5672683887452e-07,5.69693433496353e-07,3.5144185590177e-07,9.14265927747213e-07,1.65145950398546e-06,1.78602862870107e-06,1.90158254588031e-06,6.78228062136204e-07,8.15026359394514e-07,8.24534056202957e-07,1.21132118865285e-06,5.88529811151039e-07,9.36348045275535e-07,1.79984295278493e-06,7.94248153153671e-07,1.60634073164675e-06,1.20081920057181e-06,1.17788376550483e-06,1.14377689609857e-06,1.12259886753473e-06,1.87429991866513e-06,5.04813258907979e-07,7.68639237634379e-07,1.13384641393439e-06,3.57525552659921e-07,1.93611280465865e-06,1.3202980854395e-06,7.35532858277521e-07,2.06427660677697e-06,1.9927424640048e-06,1.61350558441233e-06,1.28663034632928e-06,1.035137122662e-06,1.05735176353328e-06,8.56582533022902e-07,1.19524596235911e-06,1.07573470537677e-06,1.66039055331935e-06,1.38274780865372e-06,3.28115256742481e-06,1.88840681801813e-06,8.86072242352025e-07,0,1.56475096354531e-06,7.28175085393529e-07,1.15104824613542e-06,1.56814554864449e-06,1.43968054317082e-06,1.80679032288529e-06,1.35513296198005e-06,1.40657317392965e-06,1.36060288559764e-06,2.69520727190229e-06,2.04452827800341e-06,2.11633337037164e-06,1.11952474888716e-06,7.07602028565797e-07,1.18498453892179e-06,7.50693830755492e-07,0,0,1.25102711576831e-06,0,6.94072594000654e-07,1.09551910130598e-06,1.07285283924655e-06,1.21090672863373e-06,5.20578667125397e-07,3.65591982754414e-06,1.81983663638038e-06,5.56402492571169e-07,1.32539441514975e-06,1.40418955281888e-06,2.03203007053275e-06,3.67307155405023e-06,2.46682436716075e-06,1.04243418362962e-06,2.09320134313962e-06,2.42779446306967e-06,4.49718758050639e-06,7.3203955301214e-06,7.72732782639358e-06,3.93280756882428e-06,3.53220229334812e-06,1.19538021143865e-06,4.8237232668239e-06,0.000542167910378335,2.19465322870387e-05,6.85245737888324e-06,0.000214865148745319,5.91628548495218e-06,2.38444621305366e-07,4.14015641213636e-06,1.68445860612281e-06,1.60640307565867e-06,2.37946611171081e-06,1.47993474271766e-05,1.1507446982317e-05,2.09705316016813e-05,1.09660187584906e-06,4.27646131499754e-06,1.2422439708907e-06,3.42386528852305e-06,0.000457551111318803,7.80743166287831e-05,2.15797902844753e-06,6.05584157521573e-07,7.87780353857206e-07,1.26433749312658e-06,7.75442762844698e-07,0.000347557970802117,0.00691725868045001,0.00118553033474219,0.000365388863946498,1.83402763753481e-06,0.000707797467838473,0.00958882753095224,1.0186601340441,0.0172573599153616,0.000312630529648202,5.13487829638754e-06,0.0378951149883744,5.61911739090324e-06,0,0,0
P145,Otros servicios de atención de la salud humana,1.50439893509236e-06,2.0297134926309e-06,2.22382645552648e-06,3.12054479123841e-06,1.73216174970816e-06,2.62004152042987e-06,2.65502759337233e-06,2.44118420027498e-06,3.72149104060355e-06,1.08637687159134e-05,3.05381791700839e-06,4.12849899695619e-06,1.37916223394825e-06,1.75178731539929e-06,4.03454301409463e-06,3.13407632078765e-06,1.30988040604969e-05,1.41677067248465e-05,2.03626749363181e-05,3.03813291532842e-06,2.72144416194727e-06,3.58978702637521e-06,3.25988337518638e-06,6.23946207930393e-06,1.90213103465504e-06,3.62753691186441e-06,8.492315844934e-06,1.03132192782014e-05,1.34419442505707e-06,3.30532592971559e-06,1.01125881563316e-05,8.93402438192874e-06,3.86487779044624e-05,3.75584717911567e-06,3.54156758920594e-06,3.91843438227227e-06,7.07065647651774e-06,3.40411165976722e-06,5.02137016299955e-06,1.27055587885238e-05,5.04858627946758e-06,9.75278998219571e-06,4.94462798971976e-06,4.8100848067703e-06,1.03781655314519e-05,9.78425391449332e-06,1.02586403947904e-05,1.90411670568696e-06,7.28287196377944e-06,7.51582984441995e-06,1.97225105522053e-06,1.46047767512845e-05,5.88199046090262e-06,4.84412907983088e-06,1.07027984575873e-05,5.30090835203796e-06,6.58357408572269e-06,4.51537618285998e-06,5.10215565172187e-06,4.07400520406771e-06,3.52275650224236e-06,4.2880324943829e-06,6.4433368865957e-06,6.60084319691083e-06,5.49950046472213e-06,9.9242116944546e-06,7.1836667497103e-06,5.06889918648103e-06,0,9.8240922178791e-06,4.54771782099678e-06,7.58659119908324e-06,9.30362469617542e-06,9.42204223578658e-06,5.24841497104267e-06,5.28349320537956e-06,7.91542067645114e-06,1.28539962930167e-05,1.50031792204146e-05,2.48324371750559e-05,3.4561481493922e-05,3.55318758842692e-06,3.48696544897459e-06,4.86264200487622e-06,3.65544349586332e-06,0,0,4.85200959512248e-06,0,4.26545579737611e-06,3.45584975689774e-06,7.9689538242406e-06,5.06503140146564e-06,1.71444476314347e-06,9.88618320596266e-06,3.13247581413177e-05,2.03613853279737e-06,2.40832096883368e-05,2.8291990819718e-05,5.37706249040512e-05,3.27931841873016e-05,1.02300137193177e-05,7.7948626087002e-06,4.7429846878151e-06,2.15969861521766e-05,1.21037860797021e-05,3.29146233987382e-05,3.04007845154393e-05,1.3279935311558e-05,1.16045366786588e-05,9.46593590288649e-06,1.57794995566792e-05,0.0315650217176568,2.22400205668101e-05,1.29939131225149e-05,0.000326737692637125,1.21964658884123e-05,1.58663087673844e-06,2.02924282313351e-05,5.38778136434225e-06,1.00002003122105e-05,3.41209192127805e-05,8.44819377686309e-06,3.05900988894345e-05,0.00106777782003214,3.73488019410813e-06,3.09501443641319e-05,1.2258927820605e-05,1.08979446095162e-05,0.000543181155025435,8.50757766572881e-06,1.87255952970849e-05,2.16716922719193e-06,5.14578117148766e-06,1.85380824599268e-05,3.08757568382483e-06,4.61534850726224e-05,0.000201955864956168,5.77166672462324e-05,2.30277139531474e-05,1.94390833727312e-05,0.000254173811380961,0.0374231050548706,0.0279137564603367,1.00998109447943,3.24753942897363e-05,2.11343423097562e-05,0.00306796312495319,1.98927696053199e-06,0,0,0
P146,"Servicios audiovisuales, recreativos, culturales y deportivos",3.94026045166311e-05,5.31945853262465e-05,5.81295947293532e-05,0.000101124639889014,4.43833270556416e-05,4.03944556880632e-05,4.12610223174237e-05,3.63478569910824e-05,6.51856040746345e-05,0.000140401493890792,5.23906666333098e-05,9.05545426924653e-05,2.68936476915058e-05,4.31089104889608e-05,7.27623767757277e-05,3.77715600435668e-05,6.69038308526798e-05,0.000115236680939264,0.000190315504219736,5.55709364602203e-05,4.20024620436582e-05,0.000146174634072056,7.80499767517838e-05,8.66073956337209e-05,4.74832246194465e-05,6.77800906555804e-05,2.47378324799084e-05,5.23638352741808e-05,5.70112923794939e-05,7.55091434361179e-05,0.000130856267062598,0.000111220175710987,0.000188421348807985,5.47476811364158e-05,0.000122313362668718,0.000110819251272202,0.000365021468546655,4.84943742534988e-05,7.87138903471613e-05,0.000297990044217768,0.000108585970247829,0.0002176927877502,6.83245519873158e-05,0.00012304323192396,0.000255326935634611,0.000360938235791039,0.000294733976548371,0.000105518618778331,0.000200587894166724,0.000279735070198152,4.81449498495751e-05,0.000177333391217641,0.000452906493321058,9.54765421347196e-05,0.000215508593588803,0.000720778445350665,0.00066086165460409,0.000648285026706126,9.05549262219311e-05,0.000162766786196364,6.59871702642626e-05,0.000163330609086326,8.5130985219012e-05,0.000222095395058165,0.000152933846806361,0.0039261458502404,0.000156076955228311,6.05494975981383e-05,0,0.000116261468678797,0.000115219269303133,0.000376227733959416,0.000318966657498078,0.000168802896644715,0.000627549659633132,0.0001338325490542,0.00010160296259075,0.000241519211561018,0.000534862271654989,0.000341944904759167,0.000152787008018656,0.000125496388284446,6.51159782373095e-05,0.000102439441563486,0.000109559906227452,0,0,0.000240320112648399,0,0.000108915119949365,7.99010981288815e-05,0.000137053101518191,9.89888753950249e-05,4.68471574717998e-05,0.000204165719079706,0.000250001679302596,5.05894160530255e-05,0.000119511781391251,0.0001384278373299,0.00012793065903674,0.000162486664642667,0.000445598153127549,0.000190831849981508,0.000100004662129344,0.000136963184041875,0.000633210371426587,0.000168512367791054,0.000292608735759852,0.000270527249107971,0.00223050214109736,0.000339701749507366,0.000349072856502642,0.000964092777387249,0.000759761092990246,0.000537735502690359,0.000529191532417897,0.00109505492701654,1.18202238338809e-05,0.000241768014723795,0.00013298642490182,0.000296992864117135,0.000199891225092675,0.000376054173972946,0.0273195478100807,0.000206678097515323,0.00012012688885165,0.00213982702684011,6.66648054069636e-05,0.00010780981921528,0.000381778088443692,0.000236928852164861,0.000189706177810052,0.000111289777177607,3.97155198853165e-05,0.000134939007633458,6.23791198753211e-05,0.00109061479909112,0.000290800824894805,0.000536597001272083,7.23338881106151e-05,0.000152730583818603,0.000201841757041081,0.000194135982004465,0.000133868259373138,0.000342337287054018,1.0347825342744,0.00202658882124266,0.000833482627938637,8.86411233645571e-05,0,0,0
P147,Servicios de asociaciones que sirven a las empresas,0.00028770496904514,0.000317419154836945,0.000262978594286968,0.0225338780817596,0.000290759210946052,0.00060559598669482,0.000187876674228262,0.000162880123156144,0.000237784113603599,0.000274293135741266,0.00174727925068397,0.000278132272078744,0.000142340501565076,0.000934135714781732,0.000315535260989567,0.000972495762351226,0.000141250110262023,0.000388728453892348,0.000299840486732837,0.00025443062067549,0.00382001591025033,0.000158581996251189,0.000775567065840816,0.00311485188686196,0.000677128263186738,0.000427333788633721,3.15879039010018e-05,0.000142970915241098,0.000440525678199743,0.00273187320679049,7.92731702815244e-05,0.000284265018538791,0.000505285300170753,0.00241798170080402,0.000145081841140772,0.000564637045835742,0.000337694596183934,0.000137129002823755,0.000198351195758926,0.000307709352298305,0.000180008021646957,0.000286930948539709,0.000211913815825902,0.000218643529807146,0.00144794962836755,0.00134579951638073,0.00021822639751561,0.00359443775768991,0.00075592389159831,0.000233087746990407,0.000149866349880168,0.00203720138129083,0.000293980924888464,0.000184646167256469,0.00320884177887745,0.000475564217388309,0.000420938072780735,0.000128378991577001,0.00279881750782069,0.00297108176546738,0.000679353647216034,0.000326162992229447,0.000181806518549466,0.000153811206183859,0.000159204504075956,0.000146211234808218,0.000188741731018926,3.74870357378381e-05,0,6.79373617671579e-05,0.00254683550845036,0.000149181742188154,0.000118293764916512,0.000552710856975047,0.00793782164201737,0.00023136860471371,0.000296280343330755,0.000285952020453411,0.000433020019639049,0.000293946544918566,0.000165262753853793,0.000266538694766864,0.000147560671211081,0.000160234627815528,8.72142095673354e-05,0,0,0.000163920324521396,0,0.000130172896694081,0.00018063867032589,0.000206608443256903,0.000201027180770862,0.000108361384806907,0.00423446352055817,0.000595007980548751,0.000103099218469491,0.000260278647430915,0.000512269143914268,0.000549601321387297,0.00135909891386942,0.000426084022183712,0.000156383265937801,0.000300060493514895,0.000332857586406409,0.000722808424078386,0.00023893604034823,0.000231950663171869,0.000146422184422153,0.000846286927249023,0.000591905855712615,6.08370047457483e-05,0.000240473195979127,0.000209535974080096,0.000133160511671717,0.000345051023261874,0.000369638784419667,6.21651966391193e-05,0.000308459845658347,6.26857760705381e-05,8.65662609400904e-05,9.21975642367786e-05,0.000185120460415089,0.00106668626897888,0.000119745016008348,3.95176018457196e-05,0.000238061262088994,4.66648180641331e-05,0.000174161206141437,0.000200270951722116,0.000138360896719413,0.000245973743878892,0.000103442048657081,3.41413213622366e-05,0.000443182639249471,0.000862486181753614,0.000510525903946959,0.000184067091699865,0.000417633579864744,9.30617638326044e-05,7.62542116086118e-05,0.000662674029443853,0.000165078615086233,0.00013972690206294,0.000585300261773607,0.00033709770046813,1.00099782660356,0.000285775991486136,9.4155662702506e-05,0,0,0
P148,Servicios de asociaciones que sirven a los hogares,2.42424618775295e-24,2.92176095649651e-24,3.280834118694e-24,3.44344414344757e-24,2.81719962983724e-24,2.801831383173e-24,2.91556599158266e-24,2.60879377926046e-24,4.53797611259561e-24,5.36058393157664e-24,4.50873423647994e-24,4.23330778774643e-24,1.42185815046246e-24,2.09579144019869e-24,4.55828440571184e-24,2.06575988265771e-24,2.29371584675764e-24,7.96433863173586e-24,9.54748904315168e-24,2.91307948168927e-24,2.1402763369433e-24,3.97148980209696e-24,3.08121562417501e-24,4.53401560850328e-24,1.77093273213321e-24,3.25819386482936e-24,1.4742898113614e-24,3.64834709001033e-24,2.46810320502313e-24,3.34107939423387e-24,2.94096098516625e-24,3.09104641006433e-24,9.65223165640397e-24,2.72691157533217e-23,1.21642633874848e-23,4.2295499018956e-24,8.6728158855264e-24,2.250809248574e-24,4.68826517619665e-24,9.41584050873184e-24,4.19303350196075e-24,7.5746138222777e-24,3.5041559965116e-24,4.20181373790573e-24,7.62360837628235e-24,7.34559534805112e-24,5.48438453159643e-24,2.52507020462842e-24,3.56277697252721e-24,1.21020866411787e-23,3.01730799222425e-24,4.98374449663154e-24,6.06873612400382e-24,3.04673133079234e-24,6.21059169218583e-24,1.08706401446719e-23,9.35728175294445e-24,6.66511394152757e-24,6.04382045477917e-24,2.18439960848016e-23,1.70687804781809e-23,1.17618228702357e-23,6.6605017038666e-24,6.35272884572416e-24,5.64597354021059e-24,6.23163355515668e-24,1.62140354744983e-23,1.51972200984356e-24,0,2.72228111549201e-24,4.34669649535786e-24,4.364096228393e-24,3.2325420121256e-24,6.05722780066925e-24,6.80567729522157e-24,5.90082139430363e-24,4.34792340260692e-24,1.14537843076682e-23,7.04263596393324e-24,1.21482299036808e-23,8.84975980210592e-24,5.06866852450644e-24,4.90823893282546e-24,8.17607079066598e-24,8.72205216461021e-24,0,0,1.0081806614906e-23,0,4.60915875358996e-24,4.19374588883998e-24,8.00512441948861e-24,1.29835065223208e-23,5.39883959925727e-24,4.98015513942756e-24,7.8972538252746e-24,5.40427004578971e-24,4.45797563066361e-24,5.25728957998778e-24,5.7076981282129e-24,6.9040952325307e-24,2.7921408635613e-23,1.67710556761515e-23,1.05961328199768e-23,1.12240751881122e-23,6.1620717822662e-24,5.30062366194067e-23,2.20099697227681e-23,2.00462741886496e-23,6.34193827599362e-24,2.02657105478765e-23,9.24300534464855e-24,9.83285963457687e-24,2.73260870667941e-23,1.60487230275243e-23,9.91119309940328e-24,2.14545646679898e-23,4.51169966466443e-25,5.50357299909503e-22,1.00663409078558e-23,1.43434088531198e-23,1.9269983038556e-23,2.50836631580027e-23,2.06381813872322e-23,1.62700197381999e-23,2.88035924797811e-24,1.69457293601607e-23,7.90236951362144e-24,1.05875393849051e-23,3.3872223326803e-23,1.58036348902071e-23,1.89303418605404e-23,1.1191540714943e-23,2.29449227256827e-24,8.42441920844831e-24,5.19937929351995e-24,1.03044192361247e-23,1.00658361045887e-23,9.34860055969355e-24,7.81848673443251e-24,5.59873230089087e-24,4.21533086079605e-24,8.884314423541e-24,1.07093812429459e-23,2.20447871906036e-23,2.12270439955689e-23,2.07128364742075e-23,1,1.71912658682795e-23,0,0,0
P149,Otros servicios,2.90435711169377e-06,6.00203719619324e-06,6.57469821163038e-06,6.93550464951444e-06,3.35249603707388e-06,5.15076652280178e-06,4.88959640434865e-06,4.43219037126686e-06,6.81050296648441e-06,2.29032538843663e-05,1.15585740096634e-05,1.10799979918736e-05,3.74419487514499e-06,3.51126628510472e-06,7.84034654832336e-06,1.05229910611831e-05,2.02307096244203e-05,1.58029275180656e-05,9.81189116129947e-05,1.12859708987974e-05,4.96080740508911e-06,1.07019478079669e-05,6.9315578833124e-06,1.12070183132867e-05,4.27065648735481e-06,7.16840775838085e-06,1.08726069472272e-05,1.35383163759224e-05,2.62828547182671e-06,5.99754916787843e-06,1.98982060847914e-05,1.27784879893989e-05,4.8733063484288e-05,6.58670184772278e-06,9.14029746653914e-06,1.02867293396107e-05,1.29640414563454e-05,4.95192258727979e-06,7.62969319662939e-06,2.08884802343376e-05,8.63262005931779e-06,1.66289227675583e-05,8.94607209811298e-06,9.24620844094181e-06,1.69420433890026e-05,1.63048965844871e-05,1.24438160484677e-05,4.60124761069179e-06,1.04038055147886e-05,1.24447271394453e-05,3.41419490216578e-06,3.12332820423064e-05,1.14379664037001e-05,8.82507574635469e-06,1.66106933399917e-05,1.11534989708341e-05,1.65332121458728e-05,1.24577088672882e-05,7.44690655500326e-06,6.86136060225399e-06,7.57455546529319e-06,1.16010505369257e-05,8.8808844316611e-06,1.54426219878867e-05,1.25896112159506e-05,4.81957268619818e-05,1.43527150692295e-05,1.05392900683305e-05,0,2.10562021861605e-05,8.56369715211655e-06,2.2802942841632e-05,1.68482917058471e-05,2.19535999112855e-05,2.03214647544496e-05,9.18248110715412e-06,1.15313619072444e-05,1.72692615746329e-05,3.58648081702188e-05,4.32150490974389e-05,4.37823691205176e-05,8.62741868480727e-06,1.01926355097153e-05,8.77812641019487e-06,8.73208474192268e-06,0,0,1.02741301555269e-05,0,7.54347156353211e-06,5.68746427971172e-06,1.06046028099732e-05,7.34867849631058e-06,7.4297067999675e-06,1.28985810792096e-05,3.88809113127886e-05,9.47060067672563e-06,3.11339011754679e-05,3.64187042871567e-05,6.71575531672366e-05,4.56721334190072e-05,2.01067230997827e-05,1.69626579101349e-05,1.26150811580893e-05,4.10078386795402e-05,3.55329161060142e-05,3.76418695676657e-05,3.83381312500181e-05,2.94452839707289e-05,0.00316829441354369,0.000343037557177101,2.57076559873003e-05,0.000599766449128413,3.34173676268602e-05,1.96997417125607e-05,1.49049343179203e-05,2.24342071545628e-05,2.22347254549624e-06,2.90965897419999e-05,2.35348030425683e-05,4.13326082743633e-05,6.82238078621053e-05,1.79854113909982e-05,9.16455082270212e-05,0.00122862085509105,1.99129501929865e-05,0.0001218612569296,2.07297607163184e-05,1.70105048470956e-05,1.48987050945108e-05,1.53973917972111e-05,3.05764741659512e-05,5.56759349168429e-06,2.92539725707429e-05,2.89808291449879e-05,4.65328243187967e-06,0.000144391912923613,0.000195505613383161,0.000294063224437727,8.39463679781456e-05,0.000324628446037552,3.1618293832961e-05,0.000452001600553398,0.00124335984709237,0.00113033476874987,0.00117711841716844,5.57240374209096e-05,0.000166763140851678,1.00072531027481,0,0,0
P150,Servicios domésticos,0,0,0,0,0,0,0,0,0,0,0,0,0,0,0,0,0,0,0,0,0,0,0,0,0,0,0,0,0,0,0,0,0,0,0,0,0,0,0,0,0,0,0,0,0,0,0,0,0,0,0,0,0,0,0,0,0,0,0,0,0,0,0,0,0,0,0,0,0,0,0,0,0,0,0,0,0,0,0,0,0,0,0,0,0,0,0,0,0,0,0,0,0,0,0,0,0,0,0,0,0,0,0,0,0,0,0,0,0,0,0,0,0,0,0,0,0,0,0,0,0,0,0,0,0,0,0,0,0,0,0,0,0,0,0,0,0,0,0,0,0,0,0,0,0,0,0,0,0,1,0,0
P151,Compras directas en el exterior por residentes,0,0,0,0,0,0,0,0,0,0,0,0,0,0,0,0,0,0,0,0,0,0,0,0,0,0,0,0,0,0,0,0,0,0,0,0,0,0,0,0,0,0,0,0,0,0,0,0,0,0,0,0,0,0,0,0,0,0,0,0,0,0,0,0,0,0,0,0,0,0,0,0,0,0,0,0,0,0,0,0,0,0,0,0,0,0,0,0,0,0,0,0,0,0,0,0,0,0,0,0,0,0,0,0,0,0,0,0,0,0,0,0,0,0,0,0,0,0,0,0,0,0,0,0,0,0,0,0,0,0,0,0,0,0,0,0,0,0,0,0,0,0,0,0,0,0,0,0,0,0,1,0
P152,Compras directas en el territorio nacional por no residentes,0,0,0,0,0,0,0,0,0,0,0,0,0,0,0,0,0,0,0,0,0,0,0,0,0,0,0,0,0,0,0,0,0,0,0,0,0,0,0,0,0,0,0,0,0,0,0,0,0,0,0,0,0,0,0,0,0,0,0,0,0,0,0,0,0,0,0,0,0,0,0,0,0,0,0,0,0,0,0,0,0,0,0,0,0,0,0,0,0,0,0,0,0,0,0,0,0,0,0,0,0,0,0,0,0,0,0,0,0,0,0,0,0,0,0,0,0,0,0,0,0,0,0,0,0,0,0,0,0,0,0,0,0,0,0,0,0,0,0,0,0,0,0,0,0,0,0,0,0,0,0,1
