codigo,producto,P001,P002,P003,P004,P005,P006,P007,P008,P009,P010,P011,P012,P013,P014,P015,P016,P017,P018,P019,P020,P021,P022,P023,P024,P025,P026,P027,P028,P029,P030,P031,P032,P033,P034,P035,P036,P037,P038,P039,P040,P041,P042,P043,P044,P045,P046,P047,P048,P049,P050,P051,P052,P053,P054,P055,P056,P057,P058,P059,P060,P061,P062,P063,P064,P065,P066,P067,P068,P069,P070,P071,P072,P073,P074,P075,P076,P077,P078,P079,P080,P081,P082,P083,P084,P085,P086,P087,P088,P089,P090,P091,P092,P093,P094,P095,P096,P097,P098,P099,P100,P101,P102,P103,P104,P105,P106,P107,P108,P109,P110,P111,P112,P113,P114,P115,P116,P117,P118,P119,P120,P121,P122,P123,P124,P125,P126,P127,P128,P129,P130,P131,P132,P133,P134,P135,P136,P137,P138,P139,P140,P141,P142,P143,P144,P145,P146,P147,P148,P149,P150,P151,P152
P001,Maíz,53.5496715019561,0,0,0,0,0,0,0,0,0,0,0,0,0,0,0,0,0,0.00917701587214602,0,0,0,9.45412140267361,0,0,0,0,0,0,0,0,0,0,0,0,0,0.000865350283412865,0,0,0,0,0,0,0,0,0,0,0,79.3806090167235,0,876.796241100332,0,10.1740840653572,435.250084645773,0.0387257536812409,0,0,0,0,0,0,0,0,0,0,0,0,0,0,0,0,0,0,0,0,0,0,0,0,0,0,0,0,0,0,0,0,0,0,0,0,0,0,0,0,0,0,0,0,0,0,0,0,0,0,0,0,0,0,0,12.3871629782432,0,0,0,0,0,0,0,0,0,0,0,0,0,0,0,0,0,0,0,0,0,0,0,0,0,0,0,0,0,0,0,7.09818727291424e-05,0,0.0153153956231828,0,0,0,0,0,0,0
P002,Frijoles,0,69.4535819365294,0,0,0,0,0,0,0,0,0,0,0,0,0,0,0,0,0.518795873977713,0,0,0,0,0,0,0,0,0,0,0,0,0,0,0,0,0,9.91514043060469e-05,0,0,46.1219991209502,0,0,0,0,0,0,0,0,0,0,0,0,3.73931550876515,0,0,0,0,0,0,0,0,0,0,0,0,0,0,0,0,0,0,0,0,0,0,0,0,0,0,0,0,0,0,0,0,0,0,0,0,0,0,0,0,0,0,0,0,0,0,0,0,0,0,0,0,0,0,0,0,0,48.8314037881532,0,0,0,0,0,0,0,0,0,0,0,0,0,0,0,0,0,0,0,0,0,0,0,0,0,0,0,0,0,0,0,0,0,0.0445498975951923,0,0,0.486434713725882,0,0,0,0
P003,Leguminosas (legumbres secas) y semillas oleaginosas,0,0,95.8108509897429,0,0,0,10.5508936532182,0,0,0,0,0,0,0,0,0,0,0,0.018871736496168,0,0,0,0,0,0,0,0,0,0,0,0,0,0,0,0,0,0,0,0,0.650704447067228,26.2903197514347,0,0,0.616854602917568,0,0,0,0,0.143513604466651,6.58186679215893,0,0,3.87634915239046,47.9683787328151,0,0,0,0,0,0,0,0,0,0,0,0,0,0,0,0,0,0,0,0,0,0,0,0,0,0,0,0,0,0,0,0,0,0,0,0,0,0,0,0,0,0,0,0,0,0,0,0,0,0,0,0,0,0,0,0,9.02596640650324,0,0,0,0,0,0,0,0,0,0,0,0,0,0,0,0,0,0,0,0,0,0,0,0,0,0,0,0,0,0,0,0.000914656375197386,0,0.000863684119703554,0.00988657163864926,0,0,0,0,0,0
P004,Arroz,0,0,0,2.68618243241268,0,0,0,0,0,0,0,0,0,0,0,0,0,0,0.162639464378235,0,0,0,0,0,0,0,0,0,0,0,0,0,0,0,0,0,0,0,0,0,0,0,0,0,0,0,0,85.0393676679993,26.9572952856243,0,0,0,0,0,0,0,0,0,0,0,0,0,0,0,0,0,0,0,0,0,0,0,0,0,0,0,0,0,0,0,0,0,0,0,0,0,0,0,0,0,0,0,0,0,0,0,0,0,0,0,0,0,0,0,0,0,0,0,0,0,0,0,0,0,0,0,0,0,0,0,0,0,0,0,0,0,0,0,0,0,0,0,0,0,0,0,0,0,0,0,0,0,0,0,0,0,0,0,0,0,0,0
P005,Otros cereales,0,0,0,0,0.879235248388418,0,0,0,0,0,0,0,0,0,0,0,0,0,0.10441436312713,0,0,0,0,0,0,0,0,0,0,0,0,0,0,0,0,0,0,0,0,0,0,0,0,0,0,0,1.66813196186842,0,0.413359136658516,0,0,0,0.506371613833541,3.87722536470177,0,0,0,0,0,0,0,0,0,0,0,0,0,0,0,0,0,0,0,0,0,0,0,0,0,0,0,0,0,0,0,0,0,0,0,0,0,0,0,0,0,0,0,0,0,0,0,0,0,0,0,0,0,0,0,0,0.0177560996096183,0,0,0,0,0,0,0,0,0,0,0,0,0,0,0,0,0,0,0,0,0,0,0,0,0,0,0,0,0,0,0,0,0,0,0,0,0,0,0,0,0
P006,Hortalizas,0,0,0,0,0,39.8976343603438,10.0412480251273,5.92049923158053,17.447390293618,0,0,0,0,0,0,0,0,0,19.0567856464293,0,0,0,0,0,0,0,0,0,0,0,0,0,0,0,0,0,0.0846860777239155,0,0,53.3137392285628,0,0,0,0,0,0,0,0,0,0.732499726931182,0,0,42.4679865944138,0.000114071712229529,0,0,0,0,0,0,0,0,0,0,0,0,0,0,0,0,0,0,0,0,0,0,0,0,0,0,0,0,0,0,0,0,0,0,0,0,0,0,0,0,0,0,0,0,0,0,0,0,0,0,0,0,0,0,0,0,662.449050194913,0,0,0,0,0,0,0,0,0,0,0,0,0,0,0,0,0,0,0,0,0,0,0,0,0,0,0,0,0,0,0,0.1972427738993,0,2.03770176437767,3.4482286249734,0,0,0,0,0,0
P007,Sandías y melones,0,0,0,0,0,0,0,0,0,0,0,0,0,0,0,0,0,0,0,0,0,0,0,0,0,0,0,0,0,0,0,0,0,0,0,0,0,0,0,0,0.470940107761789,0.98027509431646,0,0,0,0,0,0,0,0,0,0,1.42324058121002,0,0,0,0,0,0,0,0,0,0,0,0,0,0,0,0,0,0,0,0,0,0,0,0,0,0,0,0,0,0,0,0,0,0,0,0,0,0,0,0,0,0,0,0,0,0,0,0,0,0,0,0,0,0,0,0,0,11.6919630635037,0,0,0,0,0,0,0,0,0,0,0,0,0,0,0,0,0,0,0,0,0,0,0,0,0,0,0,0,0,0,0,0.00445778394981755,0,0.0289357505560045,0.0837140249783232,0,0,0,0,0,0
P008,Ejotes y arvejas,0,0,0,0,0,0,0,0,0,0,0,0,0,0,0,0,0,0,0,0,0,0,0,0,0,0,0,0,0,0,0,0,0,0,0,0,0,0,0,41.6485584345996,0,0,0,0,0,0,0,0,0,0,0,0,0,0,0,0,0,0,0,0,0,0,0,0,0,0,0,0,0,0,0,0,0,0,0,0,0,0,0,0,0,0,0,0,0,0,0,0,0,0,0,0,0,0,0,0,0,0,0,0,0,0,0,0,0,0,0,0,0,0,8.08990924888966,0,0,0,0,0,0,0,0,0,0,0,0,0,0,0,0,0,0,0,0,0,0,0,0,0,0,0,0,0,0,0,0.00192581013631461,0,0.00816273923111291,0.205571229416976,0,0,0,0,0,0
P009,Raíces y tubérculos,0,0,0,0,0,0,0,0,86.2956047928691,0,0,0,0,0,0,0,0,0,0,0,0,0,0,0,0,0,0,0,0,0,0,0,0,0,0,0,0,0,0,0.899441679814994,0,0,0,0,0,0,0,0,6.30506756588293,0,0,0,10.7256477618936,0,0,0,0,0,0,0,0,0,0,0,0,0,0,0,0,0,0,0,0,0,0,0,0,0,0,0,0,0,0,0,0,0,0,0,0,0,0,0,0,0,0,0,0,0,0,0,0,0,0,0,0,0,0,0,0,0,213.079610255059,0,0,0,0,0,0,0,0,0,0,0,0,0,0,0,0,0,0,0,0,0,0,0,0,0,0,0,0,0,0,0,0.0819038714368108,0,0.147836891417399,0.0534198621545824,0,0.0132355297517441,0,0,0,0
P010,Caña de azúcar y otras plantas azucareras,0,0,0,0,0,0,0,0,0,0,0,0,0,0,0,0,0,0,0,0,0,0,0,0,0,0,0,0,0,0,0,0,0,0,0,0,0,0,0,0,0,0,0,0,0,0,0,0,0,0,0,6100.06383487766,0,0,0.660920538791344,0,0,0,0,0,0,0,0,0,0,0,0,0,0,0,0,0,0,0,0,0,0,0,0,0,0,0,0,0,0,0,0,0,0,0,0,0,0,0,0,0,0,0,0,0,0,0,0,0,0,0,0,0,0,0,0,0,0,0,0,0,0,0,0,0,0,0,0,0,0,0,0,0,0,0,0,0,0,0,0,0,0,0,0,0,0,0,0,0,0,0.0267671901745892,0,0,0,0,0,0
P011,Tabaco y otras plantas no perennes,0,0,0,0,0,0,3.55267278396918,0,0,0,6.73593971314286,0,0,0,0.585251743442874,0,0,0,0.669740079913194,0,39.3013231816372,2.43914391442768,0,201.770253527616,0,0,0,0,0,0,0,0,0,0,0,0,0,0,0,0,0,0,0,0,4.05575455906881,6.67496336011003,0,0,0,0,0,0,0.442135935558064,8.07826231296603e-05,400.714132415425,0,0,0,99.8299311011417,12.6320789006954,0,0,0,0,0,0,0,0,0,0,0,0,0,0,0.638229616970702,0,0,0,0,0,0,0,0,0,0,0,0,0,0,0,0,0,2.23452715997556,0,0,0,0,0,0,0,0,2.22156250935904,0,0,0,0,0,0,0,0,6.75726021882208,0,0,0,0,0,0,0,0.0549141401395325,0,0,0,0,0,0,0,0,0,0,0,0.051175199382373,0,0,0,0,0,0.00446881124073762,0,9.7039025923481e-06,0,0,0,0.00194267567554227,0,2.718615278938,0.119588785227189,0,0,1.26920257358014,0,0,0
P012,"Bananos, plátanos y otros",0,0,0,0,0,0,0,0,0,0,0,0,0,0,0,0,0,0,0,0,0,0,0,0,0,0,0,0,0,0,0,0,0,0,0,0,0,0,0,0,42.353928609105,0,0,0,0,0,0,0,0,0,0,0,15.3525907346747,0,0,0,0,0,0,0,0,0,0,0,0,0,0,0,0,0,0,0,0,0,0,0,0,0,0,0,0,0,0,0,0,0,0,0,0,0,0,0,0,0,0,0,0,0,0,0,0,0,0,0,0,0,0,0,0,0,42.3463986743032,0,0,0,0,0,0,0,0,0,0,0,0,0,0,0,0,0,0,0,0,0,0,0,0,0,0,0,0,0,0,0,0.0102447917630956,0,0.0748719645458719,0.346791998334105,0,0,0,0,0,0
P013,Frutas tropicales y subtropicales,0,0,0,0,0,0,0,0,0,0,0,0,0,0,0,0,0,0,0,0,0,0,0,0,0,0,0,0,0,0,0,0,0,0,0,0,0,0,0,0,40.7345393531067,102.286830310206,0,0,0,1.47654424782087,0,0,0,0.124583420909886,0,0,4.12309219435387,0,0,0,0,0,0,0,0,0,0,0,0,0,0,0,0,0,0,0,0,0,0,0,0,0,0,0,0,0,0,0,0,0,0,0,0,0,0,0,0,0,0,0,0,0,0,0,0,0,0,0,0,0,0,0,0,0,54.3682073106692,0,0,0,0,0,0,0,0,0,0,0,0,0,0,0,0,0,0,0,0,0,0,0,0,0,0,0,0,0,0,0,0.00375562947401534,0,0.102723799179481,0.428442997574106,0,0,0,0,0,0
P014,"Berries, otras frutas y semillas de frutas",0,0,0,0,0,0,12.5838649642138,0,0,0,0,0,5.76074220046596,9.82262301329133,0,0,0,0,0.0652272581047775,0,0,0,0,0,0,0,0,0,0,0,0,0,0,0,0,0,0,0,0,0,42.7529357983365,77.156780996391,0.0667864887468832,0,2.18989359202676,3.79326691430477,0,0,0,0.156231875204214,0,0,7.76485164379358,0,0.170155100618065,0,0,0,0,0,0,0,0,0,0,0,0,0,0,0,0,0,0,0,0.00408309062603381,0,0,0,0,0,0,0,0,0,0,0,0,0,0,0,0,0,0,0,0,0,0,0,0,0,0,0,0,0,0,0,0,0,0,0,91.4374617439421,0,0,0,0,0,0,0,0,0,0,0,0,0,0,0,0,0,0,0,0,0,0,0,0,0,0,0,0,0,0,0,0.0195859469583085,0,0.247348063489195,0.102056163545928,0,0,0,0,0,0
P015,Palma africana,0,0,0,0,0,0,0,0,0,0,0,0,0,0,17.8419241869196,0,0,0,0.447902432427648,0,0,0,0,0,0,0,0,0,0,0,0,0,0,0,0,0,0,0,0,0,0,0,1476.91225505034,310.64081614543,0,0,0,0,0,0,0,0,0,0,0,0,0,0,0,0,0,0,0,0,0,0,0,0,0,0,0,0,0,0,0,0,0,0,0,0,0,0,0,0,0,0,0,0,0,0,0,0,0,0,0,0,0,0,0,0,0,0,0,0,0,0,0,0,0,0,0,0,0,0,0,0,0,0,0,0,0,0,0,0,0,0,0,0,0,0,0,0,0,0,0,0,0,0,0,0,0,0,0,0,0,0,0,0,0,0,0,0
P016,Café en grano,0,0,0,0,0,0,0,0,0,0,0,0,0,0,0,3769.99136489096,0,0,0.010866851253451,0,0,0,0,0,0,0,0,0,0,0,0,0,0,0,0,0,0,0,0,0,0,0,0,0,0,0,0,0,0,0,0,0,381.429028675148,0,0,0,0,0,0,0,0,0,0,0,0,0,0,0,0,0,0,0,0,0,0,0,0,0,0,0,0,0,0,0,0,0,0,0,0,0,0,0,0,0,0,0,0,0,0,0,0,0,0,0,0,0,0,0,0,0,0.0574532236419802,0,0,0,0,0,0,0,0,0,0,0,0,0,0,0,0,0,0,0,0,0,0,0,0,0,0,0,0,0,0,0,0,0,0,0,0,0,0,0,0,0
P017,Cardamomo,0,0,0,0,0,0,0,0,0,0,0,0,0,0,0,0,713.390521676761,0,0,0,0,0,0,0,0,0,0,0,0,0,0,0,0,0,0,0,0,0,0,0,0,0,0,0,0,0,0,0,0,0,0,0,7.2902509965281,0,0,0,0,0,0,0,0,0,0,0,0,0,0,0,0,0,0,0,0,0,0,0,0,0,0,0,0,0,0,0,0,0,0,0,0,0,0,0,0,0,0,0,0,0,0,0,0,0,0,0,0,0,0,0,0,0,0,0,0,0,0,0,0,0,0,0,0,0,0,0,0,0,0,0,0,0,0,0,0,0,0,0,0,0,0,0,0,0,0,0,0,0,0,0,0,0,0,0
P018,Caucho natural,0,0,0,0,0,0,0,0,0,0,0,0,0,0,0,0,0,1052.29577753042,0,0,0,0,0,0,0,0,0,0,0,0,0,0,0,0,0,0,0,0,0,0,0,0,0,0,0,0,0,0,0,0,0,0,0,0,0,0,0,0,0,0,0,0,0,0,0,0,0,0,0,0,0,0,0,0,0,32.9753515519766,0,0,0,0,0,0,0,0,0,0,0,0,0,0,0,0,1.89668240207157,0,0,0,0,0,0,0,0,0,1.87869431254563,0,0,0,0,0,0,0,0,0,0,0,0,0,0,0,0,0,0,0,0,0,0,0,0,0,0,0,0,0,0,0,0,0,0,0,0,0,0,0,0,0,0,0,0,0,0,0,0,0
P019,Propagación de plantas,0,0,0,0,0,84.0123181048462,13.2247051478114,7.79752242645196,22.9788758981441,18.3092728879931,17.1410019989173,21.2509843632937,23.2671707576083,6.85168988553446,8.81766332364565,17.6176896212076,7.08501626506123,5.87167141034745,7.62803127221929,20.9896565528651,0,0,0,0,0,0,0,0,0,0,0,0,0,0,0,0,0,0,0,0,0,0,0,0,0,0,0,0,0,0,0,0,0,0,0,0,0,0,0,0,0,0,0,0,0,0,0,0,0,0,0,0,0,0,0,0,0,0,0,0,0,0,0,0,0,0,0,0,0,0,0,0,0,0,0,0,0,0,0,0,0,0,0,0,0,0,0,0,0,0,0,0,0,0,0,0,0,0,0,0,0,0,0,0,0,0,0,0,6.99066087124144e-05,0,0.47793924291422,0,0,0,0,0,0,0,0.0030230508537511,0,0,0.0734343883858228,0,0,0,0,0,0,0,0,0,0
P020,"Otros frutos oleaginosos, otras plantas bebestibles y especias aromáticas",0,0,0,0,0,0,0,0,0,0,0,0,0,0,0,0,0,0,0,0,0,0,0,0,0,0,0,0,0,0,0,0,0,0,0,0,0.0261118896264209,0,0,0.656352275946749,5.98878420309145,0.370195957088687,0,0,0,0,0,0,0,0,0,0,42.8513858825572,0,0.0929168575291432,0.328913869863979,0,0,0,0,0,0,0,0,0,0,0,0,0,0,0,0,0,0,0,0,0,0,0,0,0,0,0,0,0,0,0,0,0,0,0,0,0.568664596960317,0,0,0,0,0,0,0,0,0.0109110112890767,0,0,0,0,0,0,0,0,9.92807978443809,0,0,0,0,0,0,0,0,0,0,0,0,0,0,0,0,0,0,0,0,0,0,0,0,0,0,0,0,0,0,0,0.00147911392795377,0,1.58742554787038,0,0,0,0,0,0,0
P021,Ganado bovino,0,0,0,0,0,0,0,0,0,0,0,0,0,0,0,0,0,0,0,0,0,0,0,0,0,0,0,0,0,0,0,0,0,3914.24260197339,0,0,0.954839616325764,0,0,0,0,0,0,0,0,0,0,0,0,0,0,0,0,0,0,0,0,0,0,0,0,0,0,0,0,0,0,0,0,0,0,0,0,0,0,0,0,0,0,0,0,0,0,0,0,0,0,0,0,0,0,0,0,0,0,0,0,0,0,0,0,0,0,0,0,0,0,0,0,0,0,0,0,0,0,0,0,0,0,0,0,0,0,0,0,0,0,0,0,0,0,0,0,0,0,0,0,0,0,0,0,0,0,0,0,0,0,0,0,0,0,0
P022,Ganado porcino y otro tipo de animales vivos n.c.p.,0,0,0,0,0,0,0.250322425212848,0,0,0,0,0,0,0,0,0,0,0,0,0,0,0,0,0,0,0,0,0,0,0,0,0,0,0,850.29182420657,0,329.97706106767,0,0,0,0,0,0,0,0,0,0,0,0,0,0,0,0,0,0,0,0,0,0,0,0,0,0,0,0,0,0,0,0,0,0,0,0,0,0,0,0,0,0,0,0,0,0,0,0,0,0,0,0,0,0,0,0,0,0,0,0,0,0,0,0,0,0,0,0,0,0,0,0,0,0,0,0,0,0,0,0,0,0,0,0,0,0,0,0,0,0,0,0,0,0,0,0,0,0,0,0,0,0,0,0,0,0,0,0,0,0,0,0,0,0,0
P023,Aves de corral,0,0,0,0,0,0,0,0,0,0,0,0,0,0,0,0,0,0,0,0,0,0,831.055517671719,0,0,0,0,0,0,0,0,0,0,0,0,4653.30874980163,157.234291964447,0,0,0,0,0,0,0,0,0,0,0,0,0,0,0,0,0,0,0,0,0,0,0,0,0,0,0,0,0,0,0,0,0,0,0,0,0,0,0,0,0,0,0,0,0,0,0,0,0,0,0,0,0,0,0,0,0,0,0,0,0,0,0,0,0,0,0,0,0,0,0,0,0,0.180320215090221,0,0,0,0,0,0,0,0,0,0,0,0,0,0,0,0,0,0,0,0,0,0,0,0,0,0,0,0,0,0,0,0,0,0,0,0,0,0,0,0,0
P024,Leche cruda,0,0,0,0,0,0,0,0,0,0,0,0,0,0,0,0,0,0,0,0,0,0,0,0,0,0,0,0,0,0,0,0,0,0,0,0,0,0,0,0,0,0,0,0,385.212914633257,666.272112120745,0,0,0,0,0,0,2.44199963094167,0,0,0,0,0,0,0,0,0,0,0,0,0,0,0,0,0,0,0,0,0,0,0,0,0,0,0,0,0,0,0,0,0,0,0,0,0,0,0,0,0,0,0,0,0,0,0,0,0,0,0,0,0,0,0,0,0,0,0,0,0,0,0,0,0,0,0,0,0,0,0,0,0,0,0,0,0,0,0,0,0,0,0,0,0,0,0,0,0,0,0,0,0,0,0,0,0,0,0
P025,Huevos,0,0,0,0,0,0,0,0,0,0,0,0,0,0,0,0,0,0,0,0,0,0,37.7728817775783,0,0,0,0,0,0.0848766105093236,0,0,0,0,0,0,0,0,0,0,0,0,0,4.91154988677382,0,0,0,0,0,0,153.774866185366,0,0,8.87604559896428,0,0.762630318211719,0,0,0,0,0,0,0,0,0,0,0,0,0,0,0,0,0,0,0.00331490601789118,0,0,0,0,0,0,0,0,0,0,0,0,0,0,0,0,0,0,0,0,0,0,0,0,0,0,0,0,0,0,0,0,0,0,0,0,176.523789215388,0,0,0,0,0,0,0,0,0,0,0,0,0,0,0,0,0,0,0,0,0,0,0,0,0,0,0,0,0,0,0,0,0,0.256927037267724,0,0,0,0,0,0,0
P026,Otros productos de animales vivos,0,0,0,0,0,0,0,0,0,0,0,0,0,0,0,0,0,0,0,0,40.6463028198382,0,0,0,0,0,0,0,0,0,0,0,0,0,0,0,0,0,0,0,0,0,0,0,0,0,0,0,0.660715301816581,0,0,0,0,0,0.0893850384435981,0,0,0,0,0,0,0,0,0,0,0,0,0,0,0,0,0,0,0,0,0,0,0,0,0,0,0,0,0,0,0,0,0,0,0,0,0,0,0,0,0,0,0,0,0,0,0,0,0,0,0,0,0,0,0,3.27600731301051,0,0,0,0,0,0,0,0,0,0,0,0,0,0,0,0,0,0,0,0,0,0,0,0,0,0,0,0,0,0,0,0.000616269977004668,0,0,0,0,0,0,0,0,0
P027,Troncos de madera y leña,0,0,0,0,0,0,0,0,0,0,0,0,0,0,0,5.47455001386214,0,0,0,0,0,0,0,0,0,0,119.165620789543,0,0,0,0,0,0,0,4.62863951466777,25.6231824884098,2.17990707304376,0,0,0,2.42148055689854,0,0,0,1.87133415610128,3.33200379468205,0,0,1.11080089815575,83.911951320114,336.262301086879,5.86415187377513,0.855689188888009,0,0,0,0,0,0,0,0,3.15613423414944,828.105463279209,0,0,0,0,0,0,0,0,0,0.958033207041659,6.06615076237528,0,0,0,48.1100434430787,3.24311035560564,0,0,0,0,0,0,0,0,0,0,0,0,0,4.9402947217474,0,40.1356623266675,0,0,0,0,0,0,0.0134901374046381,0,0,0,0,0,0,0,0,11.1856933346748,0,0,0,0,0,0,0,0,0,0,0,0,0,0,0,0,0,0,0,0,0,0,0,0,0,0,0,0,0,0,0,0,0,0,0,0,0,0,0,0,0
P028,Productos forestales no madereros,0,0,0,0,0,0,0,0,0,0,0,0,2.24709163499691,0,0,0,0,0,1.67044551089362,0,0,0,0,0,0,0,0,0,0,0,0,0,0,0,0,0,2.71406430663111e-05,0,0,0,0,0,0,0,0,0,0,0,0,0.00606370046103043,0,0,0.223311940547903,0,0,0,0,0,0,0,0,0,0,0,0,0,0,0,0,0,0,0,0.29502630306097,0,0.857171943965501,2.11590070841337e-10,0,0,0,0,0,0,0,0,0,0,0,0,0,0,0,0,0,0,0,0,0,1.14403996416696,0,0,1.09519516607464,0,0,0,0,0,0,0,0,0,0,0,0,0,0,0,0,0,0,0,0,0,0,0,0,0,0,0,0,0,0.559287361655997,0,0.0462847785079401,0,0,0,0,0,0,0,0,0,0,0,0,0,0,0,0,0,0,0
P029,"Peces vivos, frescos o refrigerados",0,0,0,0,0,0,0,0,0,0,0,0,0,0,0,0,0,0,0,0,0,0,0,0,0,0,0,0,4.63470905943012,0,0,0,0,0,0,0,0,10.3137197602827,3.9114624251324,0,0,0,0,0,0,0,0,0,0,0,0,0,0,0,0,0,0,0,0,0,0,0,0,0,0,0,0,0,0,0,0,0,0,0,0,0,0,0,0,0,0,0,0,0,0,0,0,0,0,0,0,0,0,0,0,0,0,0,0,0,0,0,0,0,0,0,0,0,0,0,9.04766861482964,0,0,0,0,0,0,0,0,0,0,0,0,0,0,0,0,0,0,0,0,0,0,0,0,0,0,0,0,0,0,0,0,0,0,0.168663091156161,0,0,0,0,0,0
P030,Crustáceos sin congelar y otros productos de la pesca,0,0,0,0,0,0,0,0,0,0,0,0,0,0,0,0,0,0,0,0,0,0,0,0,0,0,0,0,0,37.0793920498421,0,0,0,0,0,0,0,0,2.21404689021783,0,0,0,0,0,0,0,0,0,0,0,0,0,4.10120345149275,0,0,0,0,0,0,0,0,0,0,0,0,0,0,0,0,0,0,0,0,0,0,0,0,0,0,0,0,0,0,0,0,0,0,0,0,0,0,0,0,0,0,0,0,0,0,0,0,0,0,0,0,0,0,0,0,0,231.26257719182,0,0,0,0,0,0,0,0,0,0,0,0,0,0,0,0,0,0,0,0,0,0,0,0,0,0,0,0,0,0,0,0,0,0,0,0,0,0,0,0,0
P031,Petróleo crudo y gas natural,0,0,0,0,0,0,0,0,0,0,0,0,0,0,0,0,0,0,0,0,0,0,0,0,0,0,0,0,0,0,255.946116993133,0,0,0,0,0,0,0,0,0,0,0,0,0,0,0,0,0,0,0,0,0,0,0,0,0,0,0,0,0,0,0,0,0,0,0,0,6.76082785194013,0,22.0681071095677,0,0,0,0,0,0,0,0,0,0,0,0,0,0,0,0,0,0,0,0,0,0,0,0,0,0,0,0,0,0,0,0,0,0,0,0,0,0,0,0,0,0,0,0,0,0,0,0,0,0,0,0,0,0,0,0,0,0,0,0,0,0,0,0,0,0,0,0,0,0,0,0,0,0,0,0,0,0,0,0,0,0
P032,Minerales metálicos,0,0,0,0,0,0,0,0,0,0,0,0,0,0,0,0,0,0,0,0,0,0,0,0,0,0,0,0,0,0,0,0,0,0,0,0,0,0,0,0,0,0,0,0,0,0,0,0,0,0,0,0,0,0,0,0,0,0,0,0,0,0,0,0,0,0,0,0,0,0,0,0,0,0,0,0,0,6.50521303491303e-19,0,0,0,0,0,0,0,0,0,3.46944695195361e-18,0,0,0,0,0,0,0,0,0,0,0,0,0,0,0,0,0,0,0,0,0,0,0,0,0,0,0,0,0,0,2.11758236813575e-22,0,0,0,0,0,0,0,0,0,0,0,0,0,0,0,0,0,4.33680868994202e-19,4.2351647362715e-22,0,0,0,0,6.7762635780344e-21,0,0,0,0,0,0,0,0,0
P033,Minerales no metálicos,0,0,0,0,0,0,0,0,0,0,1.03246978507208e-11,0,0,0,0,0,0,0,25.7600011534121,0,6.7556274794859,0.522296419546543,0,5.55545539442576,0,0,0,26.7933663760051,0,0,0,0.635110451023939,53.9081996340619,0.327265041504466,0,0,0.0435050269689263,0.838221420679641,0.729645201044818,1.5800378188279,1.68287942676509,0,0,0,0.313805346372078,0.558746069746128,0,0,0,4.0894687604989,0.0104311408392172,0,16.3878881019067,0.422760566219503,0.221967052998164,0,0.0973555069526176,1.48782529919512,0,0,3.1655135590068,0.414375616072846,0,0,0,0,0,0.00176417087722679,0,0.00036785000608624,43.5077915058366,1.49493016794313,2.7906950796919,1.82064342429214,0.588299419529341,3.7513188279063,30.7600692848817,168.658777269893,87.7921403051153,219.988397921252,5.96692883377832,0.194564191176768,0,0,0,0,0,1.65877805697697,0,1.41022476583466,0,0,1.8938187381674,0,2.30926389122033e-14,1.33024809350408,0,352.004675613151,78.6089137364162,127.429246731883,241.248887858334,0.137499081767141,0.00480335097952029,0,0,0.00336994380269537,0,0.174194799291068,0,0.0605032021688974,6.03322772450177,0,0.0125511322215366,0,0,0,0,6.76568449234003e-06,7.60421365949207e-05,0,0,0.322445406185474,0,0,0,0,0,0.000960819040541943,0,0,0.571026432380939,0.773472428701816,0,0,0.893511211484533,0,91.3510971590719,0.171412880307024,3.89094873741045,4.71504891642201,0.0152123380500979,1.06317510652669,0.304116750772514,0,0.0847276357941774,0.210349510345447,0,0.0114077371917788,0.371622689627298,0,0,0
P034,Carne y despojos comestibles de ganado bovino; cueros y pieles de bovino y de otros animales,0,0,0,0,0,0,0,0,0,0,0,0,0,0,0,0,0,0,0,0,0,0,0,0,0,0,0,0,0,0,0,0,0,1.9160253879333,0,0,110.602172156451,0,0,0,0,0,0,0,0,0,0,0,0,0.384323767835474,0,0,2.54467063098598e-06,0,0,0,0,0,0,0,238.350401945033,7.34113113574988,0,0,0,0,0,0,0,0,0,0,0,0,0.601656893808469,0,0,0,0,0,0,0,0,0,0,0,0,0,0,0,0,0,0,0,0,0,0,0,0,0,0,0,0,0,0,0,0,0,0,0,1103.99242156583,0,0,0,0,0,0,0,0,0,0,0,0,0,0,0,0,0,0,0,0,0,0,0,0,0,0,0,0,0,0,0,2.04166416663371,0,3.67063608674728,0,0,0,0,0,0,0
P035,Carne y despojos comestibles de ganado porcino,0,0,0,0,0,0,0,0,0,0,0,0,0,0,0,0,0,0,0,0,0,0,0,0,0,0,0,0,0,0,0,0,0,0,0,0,114.480970429535,0,0,0,0,0,0,35.6403323964315,0,0,0,0,0,0,0,0,0,0,0,0,0,0,0,0,0,0,0,0,0,0,0,0,0,0,0,0,0,0,0,0,0,0,0,0,0,0,0,0,0,0,0,0,0,0,0,0,0,0,0,0,0,0,0,0,0,0,0,0,0,0,0,0,0,0,505.068874662814,0,0,0,0,0,0,0,0,0,0,0,0,0,0,0,0,0,0,0,0,0,0,0,0,0,0,0,0,0,0,0,0,0,1.12223678859769,6.36109183958756e-06,0,0,0,0,0,0
P036,Carne y despojos comestibles de aves,0,0,0,0,0,0,0,0,0,0,0,0,0,0,0,0,0,0,0,0,0,0,0,0,0,0,0,0,0,0,0,0,0,0,0,0,142.364681626591,0,0,0,0,0,0,0,0,0,0,0,0,0,0,0,0,0,0,0,0,0,0,0,0,0,0,0,0,0,0,0,0,0,0,0,0,0,0,0,0,0,0,0,0,0,0,0,0,0,0,0,0,0,0,0,0,0,0,0,0,0,0,0,0,0,0,0,0,0,0,0,0,0,1445.59257939436,0,0,0,0,0,0,0,0,0,0,0,0,0,0,0,0,0,0,0,0,0,0,0,0,0,0,0,0,0,0,0,2.8442061456817,0,3.16357062056467,0,0,0.00829999087392325,0,0,0,0
P037,Carne y despojos de otros animales y conservas y preparados de carne,0,0,0,0,0,0,0,0,0,0,0,0,0,0,0,0,0,0,0,0,0,0,0,0,0,0,0,0,0,0,0,0,0,0,0,0,4.35437719424006,0,0,0,0,0,0,0,0,0,0,0,0,0,0,0,16.072882008457,26.9380183697754,0,0,0,0,0,0,0,0,0,0,0,0,0,0,0,0,0,0,0,0,0,0,0,0,0,0,0,0,0,0,0,0,0,0,0,0,0,0,0,0,0,0,0,0,0,0,0,0,0,0,0,0,0,0,0,0,832.107149081229,0,0,0,0,0,0,0,0,0,0,0,0,0,0,0,0,0,0,0,0,0,0,0,0,0,0,0,0,0,0,0,0.164362959666486,0,1.50918105619613,1.53047214280991,0,0,0,0,0,0
P038,"Pescado congelado, preparado o en conserva y sus productos",0,0,0,0,0,0,0,0,0,0,0,0,0,0,0,0,0,0,0,0,0,0,0,0,0,0,0,0,0,0.000103039177518107,0,0,0,0,0,0,6.88824845148755e-05,4.35106781222083,0,0,0,0,0,0,0,0,0,0,0,0,0,0,0.0246505228974877,0.00591086425365014,0,0,0,0,0,0,0,0,0,0,0,0,0,0,0,0,0,0,0,0,0,0,0,0,0,0,0,0,0,0,0,0,0,0,0,0,0,0,0,0,0,0,0,0,0,0,0,0,0,0,0,0,0,0,0,0,0.965158562126801,0,0,0,0,0,0,0,0,0,0,0,0,0,0,0,0,0,0,0,0,0,0,0,0,0,0,0,0,0,0,0,0.0011277706461143,0,0.0565295581479697,2.74779015267978e-07,0,0.000155582014001146,0,0,0,0
P039,"Crustáceos, moluscos y demás invertebrados acuáticos congelados, preparados o en conserva y sus productos",0,0,0,0,0,0,0,0,0,0,0,0,0,0,0,0,0,0,0,0,0,0,0,0,0,0,0,0,0,1.40657809190703,0,0,0,0,0,0,3.560183713961e-05,0,66.7359887312535,0,0,0,0,0,0,0,0,0,0,0,0,0,0.328928519080555,15.0553661243093,0,0,0,0,0,0,0,0,0,0,0,0,0,0,0,0,0,0,0,0,0,0,0,0,0,0,0,0,0,0,0,0,0,0,0,0,0,0,0,0,0,0,0,0,0,0,0,0,0,0,0,0,0,0,0,0,11.0465030906452,0,0,0,0,0,0,0,0,0,0,0,0,0,0,0,0,0,0,0,0,0,0,0,0,0,0,0,0,0,0,0,0,0,0.0112054721386623,0,0,0,0,0,0,0
P040,"Vegetales preparados o en conserva, legumbres y papas",0,0,0,0,0,0,0,0,0,0,0,0,0,0,0,0,0,0,0,0,0,0,0,0,0,0,0,0,0,0,0,0,0,0,0,0,0.181354793624978,0,0,13.6595415086063,0,0.0209856167590741,0,0,0,0,0,0,0,0,0,0,57.6732087419521,0,0,0,0.152101540762335,0,0.0332001751791514,0,0,0,0,0,0,0,0,0,0,0,0.0009059251092698,0,0,0,5.53244459725915e-07,0,0,0,0,0,0,0,0,0,0,0,0,0,0,0,0,0,0.000895489210437094,0,0,0,0,0,0,0,0,0,0,0,0,0,0,0,0,0,12.3805621665521,0,0,0,0,0,0,0,0,0,0,0,0,0,0,0,0,0,0,0,0,0,0,0,0,1.49667755892556,0,0,0,0,0,0,0.0139075549764949,0,0.0868182982143679,1.13881484966937e-05,0,0.122973569864457,0,0,0,0
P041,Preparaciones y conservas de frutas y nueces,0,0,0,0,0,0,0,0,0,0,0,0,0,0,0,0,0,0,0,0,0,0,0,0,0,0,0,0,0,0,0,0,0,0,0,0,0,0,0,0,29.8942236865801,17.0507517393439,0,0,0.0261423850153547,0.048536305658901,0,0,0,11.3010972174385,0,0,35.8385835351088,0,0.101344442602793,0,2.69320202206235,0,0,0,0,0,0,0,0,0,0,0,0,0,0,0,0,0,0,0,0,0,0,0,0,0,0,0,0,0,0,0,0,0,0,0,0,0,0,0,0,0,0,0,0,0,0,0,0,0,0,0,0,0,22.7072455951966,0,0,0,0,0,0,0,0,0,0,0,0,0,0,0,0,0,0,0,0,0,0,0,0,0,0,0,0,0,0,0,0.00178230286103162,0,0.05056109954434,0,0,0.00686898749411301,0,0,0,0
P042,Jugos de frutas,0,0,0,0,0,0,0,0,0,0,0,0,0,0,0,0,0,0,0,0,0,0,0,0,0,0,0,0,0,0,0,0,0,0,0,0,0,0,0,0,0,13.6725655672074,0,0,0,5.68190295155059e-05,0,0,0,0,0,0,0.104659605724173,0,1.89115493324562,0,3.02549999057395,0,0,0,0,0,0,0,0,0,0,0,0,0,0,0,0,0,0,0,0,0,0,0,0,0,0,0,0,0,0,0,0,0,0,0,0,0,0,0,0,0,0,0,0,0,0,0,0,0,0,0,0,0,31.7410137941981,0,0,0,0,0,0,0,0,0,0,0,0,0,0,0,0,0,0,0,0,0,0,0,0,0,0,0,0,0,0,0,0.0102260529645541,0,0.222640425961491,3.69727310487106e-05,0,0.00319220721173189,0,0,0,0
P043,Aceites de origen vegetal,0,0,0,0,0,0,0,0,0,0,0,0,0,0,0,0,0,0,0,0,0,0,0,0,0,0,0,0,0.0688779854921347,0,0,0,0,0,0,6.19470106527562,13.0664755587354,0,1.64708880599282,0,7.73386218838982,0,533.374646993677,137.141811263667,2.29334749771099,4.08555495304914,0,0,0,11.9334701094499,0.976899234828925,0,22.2216354352355,0.361629055204159,0,0,0,0,0,0,0,0,0,0,0,0,0.000225395775029151,0,0,0,0,0.707454579485274,61.0985301481754,0,1.18465142772854,0,0,0,0,0,0,0,0,0,0,0,0,0,0,0,0,0,0,0,0,0,0,0,0,0,0,0,0,0,0,0,0,0,0,0,236.620977382482,0,0,0,0,0,0,0,0,0,0,0,0,0,0,0,0,0,0,0,0,0,0,0,0,0,0,0,0,0,0,27.950642171757,0.767968427547827,0,0.270558586797972,0,0,0.0311449419851278,0,0,0,0
P044,"Margarina, grasas y otros aceites de origen animal y vegetal",0,0,0,0,0,0,0,0,0,0,0,0,0,0,0,0,0,0,0,0,0,0,0,0,0,0,0,0,0,0,0,0,0,0.00225400446814744,0,0,3.29957901311261,0,0,0.402417531048971,0,0,2.14399911569635,0.882047008675086,0.655522542248653,1.27368104975309,0.610599774017349,0,1.15908808399699,104.577840610103,4.53179256309895,0,18.7676391935859,311.938421841176,0,0,0,0,0,0,0.087543836122524,0,0,0,0,0,0,0,0,0,0,0,53.1780453709494,0.00823216201418357,0.195556449519989,0,0,0,0,0,0,0,0,0,0,0,0,0,0,0,0,0,1.11543662774677,0.685560840976674,0,0,0,0,0,0,0,0,0,0,0,0,0,0,0,0,4.65990006448296,0,0,0,0,0,0,0,0,0,0,0,0,0,0,0,0,0,0,0,0,0,0,0,0,0,0,0,0,0,0,0,0.000354054855438877,0,0.00350966478137899,0,0,0.00178773737914567,0,0,0,0
P045,Leche líquida y crema procesada,0,0,0,0,0,0,0,0,0,0,0,0,0,0,0,0,0,0,0,0,0,0,0,0,0,0,0,0,0,0,0,0,0,0,0,0,0.523533302534428,0,0,0,0,0,0,0,9.33129938063355,16.1396056855591,0,0,0,15.1655049520047,0,0,0.276769560084654,0,0,0,0,0,0,0,0,0,0,0,0,0,0,0,0,0,0,0,0,0,0,0,0,0,0,0,0,0,0,0,0,0,0,0,0,0,0,0,0,0,0,0,0,0,0,0,0,0,0,0,0,0,0,0,0,0,111.752490006116,0,0,0,0,0,0,0,0,0,0,0,0,0,0,0,0,0,0,0,0,0,0,0,0,0,0,0,0,0,0,0,0.0196122883051652,0,0.234435605522397,1.09226653163268e-05,0,0,0,0,0,0
P046,Otros productos lácteos n.c.p.,0,0,0,0,0,0,0,0,0,0,0,0,0,0,0,0,0,0,0,0,0,0,0,0,0,0,0,0,0,0,0,0,0,0,0,0,1.29976631558601,0,1.19457941562777,0,0,0,1.71856973096851e-12,1.71856973096851e-12,1.89790294861655,3.3793108548354,0,0,0,9.06088367889897,0,0,4.02823493739392,0,0,0,0,0,0.00370622116890327,0,0,0,0,0,0,0,0,0,0,0,0.000549766697042667,0,0.37798065860429,0,0,0.647702724225359,0,0,0,0,0,0,0,0,0,0,0,0,0,0,0,0,0.000543433602205995,0,0,0,0,0,0,0,0,0,0,0,0,0,0,0,0,0,153.872473521771,0,0,0,0,0,0,0,0,0,0,0,0,0,0,0,0,0,0,0,0,0,0,0,0,0,0,0,0,0,0,1.21849996759238e-09,0.653090234147689,0,0.488609758084665,0,0,0,0,0,0,0
P047,Harina de trigo,0,0,0,0,0,0,0,0,0,0,0,0,0,0,0,0,0,0,0,0,0,0,0,0,0,0,0,0,0,0,0,0,0,0,0,0,0.656002264146421,0,0,0,0.0138243546131238,0,0,0,0,0,0,0,0,1722.02301614188,0.000168779643096841,0,98.717288185144,0,0,0,0,0,0,0,0,0,0,0,0,0,0,0,0,0,0,0,0,0,0,0,0,0,0,0,0,0,0,0,0,0,0,0,0,0,0,0,0,0,0,0,0,0,0,0,0,0,0,0,0,0,0,0,0,0,272.509586027835,0,0,0,0,0,0,0,0,0,0,0,0,0,0,0,0,0,0,0,0,0,0,0,0,0,0,0,0,0,0,0,0.0874908345970508,0,0.346764113195698,0,0,0.0217443317035397,0,0,0,0
P048,Arroz sin cáscara,0,0,0,0,0,0,0,0,0,0,0,0,0,0,0,0,0,0,0,0,0,0,0,0,0,0,0,0,0,0,0,0,0,0,0,0,0,0,0,0,0,0,0,0,0,0,0,0,0,0,0,0,0,0,0,0,0,0,0,0,0,0,0,0,0,0,0,0,0,0,0,0,0,0,0,0,0,0,0,0,0,0,0,0,0,0,0,0,0,0,0,0,0,0,0,0,0,0,0,0,0,0,0,0,0,0,0,0,0,0,77.2875404541675,0,0,0,0,0,0,0,0,0,0,0,0,0,0,0,0,0,0,0,0,0,0,0,0,0,0,0,0,0,0,22.9956616300213,0.285510752402511,0,0.259137035124713,2.98681244671925e-07,0,2.84484965790551,0,0,0,0
P049,"Otros productos de molinería, almidones y productos de almidón",0,0,0,0,0,0,0,0,0,0,0,0,0,0,0,0,0,0,0,0,0,0,0,0,0,0,0,0,0,0,0,0,0,0,0,23.3830255145239,0.154543657552487,0,0,2.56314977804767,0,0,0,0,0.0120355272154264,0.0198080781301084,0,0,27.5561449883741,48.9997601423619,21.2162777144539,0,47.0773506264569,0.000983661936995785,0.351262962309506,11.2945760515686,0.0127266546000572,0,0.00132307000613549,0,0,0,0,0.0687970721447995,0.0774735571102381,0,0,0,0,0,0.000196259152943259,0,0.470835938290194,3.22468137558301,0.449275718438214,0.634515236855979,0,0,0,0,0,0,0,0,0,0,0,0,0,0,0,0,5.71374187618124e-05,0,0,0,0,0,0,0,0,0,0,0,0,0,0,0,0,0,30.6443917912586,0,0,0,0,0,0,0,0,0,0,0,0,0,0,0,0,0,0,0,0,0,0,0,0,0,0.405743227526657,0,0,0,0,29.2570205325648,0.158000686412769,0,0.147256840288146,0,0,0.177927582427509,0,0,0,0
P050,Pan y otros productos de panadería y repostería n.c.p.,0,0,0,0,0,0,0,0,0,0,0,0,0,0,0,0,0,0,0,0,0,0,0,0,0,0,0,0,0,0,0,0,0,0,0,0,0,0,1.16711521086024,0,0,0,0,0,0,2.8992725430896,0,0,0,1.22189296426627,0,0,0.000235615621494682,0,0,0,0,0,0,0,0,0,0,0,0,0,0,0,0,0,0,0,0,0,0,0,0,0,0,0,0,0,0,0,0,0,0,0,0,0,0,0,0,0,0,0,0,0,0,0,0,0,0,0,0,0,0,0,0,0,485.397068543522,0,0,0,0,0,0,0,5.50562959466324e-07,0,0,0,0,0,0,0,0,0,0,0,0,0,0,0,0,0,4.40508461334352,0,0.0120006281072937,0,0,45.1239023025632,1.40896080926337,0,1.25774882431036,1.0344000608183,0,0.630309249006495,0,0,0,0
P051,"Tortillas de maíz, incluso tostadas, horneadas o fritas",0,0,0,0,0,0,0,0,0,0,0,0,0,0,0,0,0,0,0,0,0,0,0,0,0,0,0,0,0,0,0,0,0,0,0,0,0,0,0,0,0,0,0,0,0,0,0,0,0,0,0,0,0,0,0,0,0,0,0,0,0,0,0,0,0,0,0,0,0,0,0,0,0,0,0,0,0,0,0,0,0,0,0,0,0,0,0,0,0,0,0,0,0,0,0,0,0,0,0,0,0,0,0,0,0,0,0,0,0,0,316.746778660526,0,0,0,0,0,0,0,0,0,0,0,0,0,0,0,0,0,0,0,0,0,0,0,0,0,0,0,0,0,0,0,1.28526212848226,0,0.656400844490563,0,0,0,0,0,0,0
P052,"Azúcar de caña sin refinar y refinada, melaza y los demás azúcares n.c.p.",0,0,0,0,0,0,0,0,0,12.0935924407408,0,1.21128371813949,0,0,0,0,0,0,0,0,30.764802276133,0,0,21.8191438043915,0,16.3516576087936,0,0,0,0,0,0,0,0,0,0,6.40175977136551e-10,0,0,0,7.46619489320549,23.4529136715756,0,0,4.5779091658429,10.2044501147493,0,0,31.4331095887344,292.033299211107,0,0,197.510179334084,242.474653077925,4.54930925444929,8.96394756110282,898.609302578528,0,0,0,0,0,0,0,0,0,0,0,0,0,0,0,0,620.396375554618,0,0,0,0,0,0,0,0,0,0,0,0,0,0,0,0,0,0,0,0,0,0,0,0,0,0,0,0,0,0,0,0,0,0,0,0,53.2986106951478,0,0,0,0,0,0,0,0,0,0,0,0,0,0,0,0,0,0,0,0,0,0,0,0,0,0,0,0,0,0,39.7503242535347,0.377089402283096,0,0.289954345428625,0,0,0,0,0,0,0
P053,Productos alimenticios n.c.p.,0,0,0,0,0,0,0,0,0,0,0,0,0,0,0,0,0,0,0,0,0,0,0,0,0,0,0,0,0,0,0,0,0,0,0,7.00539563085413,20.687003181298,0,1.00821392853983,0.521035248913035,0,12.8949872134654,0.295228662262203,0.0949048074514818,2.54809996277658,4.47215929387306,1.64513750626777,0,7.05768586128765,185.628031304881,0,0,49.5623254347321,0.173182593958222,0.53023825813678,7.13508217394455,318.314293689195,0,0.0028362808842797,0,0,0,0,0,0,0,0,0,0,0,0.000420723076841397,0,2.47252373157332,1.03336136991984,1.53422356030387,0.013521997534154,0,0,0,0,0,0,0,0,0,0,0,0,0,0,0,0,0.000415876513453789,0,0,0,0,0,0,0,0,0.905257741107093,0,0,0,0,0.0281671082661136,0.0164372994982655,0,0,698.770702112451,0,0,0,0,0,0,0,0,0,0,0,0.219927933484582,0,0,0.00023378125518725,0.168052938874741,2.67674777679809e-05,0,0,0,0,0,0,0,0,0.577360598524205,0.00233088389337154,0.00243660081475491,0.00305474796067244,0,7.54949820961872e-10,0.0687788753617624,0.0623352797094522,6.90377846324172,0.00151437388661141,0,4.35997490058687,0.370066931096972,0,0,0
P054,Preparados para alimentación animal,0,0,0,0,0,0,0,0,0,0,0,0,0,0,0,0,0,0,0,0,304.436214085444,654.256116990337,2736.51879666372,521.291593611499,725.397100231983,0.924948718320013,5.9278282566472,0.192243627601419,38.6649426945993,234.219608716789,0,0,0,0,0,0,0,0,0,0,0,0,0,0,0,0,0,0,0,0,0,0,0,212.969762298634,0,0,0,0,0,0,0,0,0,0,0,0,0,0,0,0,0,0,0,0,2.05678612654082,0,0,0,0,0,0,0,0,0,0,0,0,0,0,0,0,0,0,0,0,0,0,0,0,0,0,3.57538792048782,0,0,0,0,0,0.0903579485213882,0,0,0.0162380146543533,0,0,0,0,0,0,0,0.000102884775531597,0,0,0,1.82205124729538,0,0,0,0,2.26449376989753e-06,0,0,0,0,0,0,0,0,0.861083664210546,0.207806040413554,0.778959415790211,1.65660211493526,0,3.03583328319375,0.000722059947272664,0,0.030242822997271,0.615912747681989,0,0.0328854808674738,1.28148670384862e-05,0,0,0
P055,"Aguardientes, licores, vinos, demás bebidas espirituosas y productos del tabaco",0,0,0,0,0,0,0,0,0,0,0,0,0,0,0,0,0,0,0,0,0,0,0,0,0,0,0,0,0,0,0,0,0,0,0,0,0,0,0.926503047546622,0,0,0,0,0,0,0,0,0,0,0,0,0,0,0,83.3005337596917,0,0,0,0,0,0,0,0,0,0,0,0,0,0,0,0,0,0,0,0,0,0,0,0,0,0,0,0,0,0,0,0,0,0,0,0,0,0,0,0,0,0,0,0,0,0,0,0,0,0,0,0,0,0,0.439061354763706,184.55992430412,0,0,0,0,0,0,0,0,0,0,0,0,0,0,0,0,0,0,0,0,0,0,0,0,0,0,0,0,0,0,1.71721060960466e-06,0,0,0,6.76464330033778e-05,0,0.00678540197754188,0,0,0,0
P056,Malta y cerveza de malta,0,0,0,0,0,0,0,0,0,0,0,0,0,0,0,0,0,0,0,0,0,0,0,0,0,0,0,0,0,0,0,0,0,0,0,0,0,0,0,0,0,0,0,0,0,0,0,0,0,0,0,0,0,0,0,0,0,0,0,0,0,0,0,0,0,0,0,0,0,0,0,0,0,0,0,0,0,0,0,0,0,0,0,0,0,0,0,0,0,0,0,0,0,0,0,0,0,0,0,0,0,0,0,0,0,0,0,0,0,0.178908040467338,107.822281934714,0,0,0,0,0,0,0,0,0,0,0,0,0,0,0,0,0,0,0,0,0,0,0,0,0,0,0,0,0,0,0,0,0,0,3.06291281119211e-05,0,0,0,0,0,0
P057,Bebidas no alcohólicas,0,0,0,0,0,0,0,0,0,0,0,0,0,0,0,0,0,0,0,0,0,0,0,0,0,0,0,0,0,0,0,0,0,0,0,0,0,0,0,0,0,4.87656002317732,0,0,1.09070006220254,1.79507483651654,0,0,0,0,0,0,11.1818139896364,0,0,0,0,0,0,0,0,0,0,0,0,0,0,0,0,0,0,0,0,0,0,0,0,0,0,0,0,0,0,0,0,0,0,0,0,0,0,0,0,0,0,0,0,0,0,0,0,0,0,0,0,0,0,0,0,0.195391220403981,347.85808625045,0,0,0,0,0,0,0,4.14890267720602e-06,0,0,0,0,0,0,0,0,0,0,0,0,0,0,0,0,0,0.00128795664708214,0,0.0590558629428164,0,0,0,5.57831452673412e-06,0,0.78678487711956,0.000104140036212986,0,0.145677260529287,2.02177153374163e-11,0,0,0
P058,Aguas minerales y otras aguas embotelladas,0,0,0,0,0,0,0,0,0,0,0,0,0,0,0,0,0,0,0,0,0,0,0,0,0,0,0,0,20.3011630091587,1.19665743833977,0,0,0,0,0,0,0,0,0,0,0,0,0,0,0,0,0,0,0,0.798365789202612,0,0,0,0,0.111693678837892,0,0,0,0,0,0,0,0,0,0,0,0,0,0,0,0,0,0,0,0,0,0,0,0,0,0,0,0,0,0,0,0,0,0,0,0,0,0,0,0,0.385658209170988,0,0,0,0,0,0.256384879468161,0,0,0,0,0,0,0,0.854515108452201,215.844344534435,0,0,0,0,0,0,0,0,0,0,0,0,0,0,0,0.0451544401266688,0,0,0,0,0,0,0,0,0,0,0,0,0,0,0.00164165870033275,0.109073881580953,5.29594108355682,2.52017232345778,0.00631421123971434,0,0.0374241305160482,0.0983649614928823,0,0,0
P059,"Hilados, tejidos, telas y otros productos textiles excepto prendas de vestir",2.42955960087139,0,0,0,0.0714853215295281,4.56152235155354,1.51012568145546,0.88607702456317,2.52653913859822,0,0,13.2217183594283,0,0,0,1.57364535353126,0,0,0,0,0,0,0,0,0,1.68674526470311,0,0,2.37517525303992,10.5430506472414,0.303370827537927,1.74128995646461,0,6.07347828321354,0,0,0.00814372588415844,0,0,0,0,0,0,0,0,0,4.7147559185207,0,0.367943971936547,6.67841295916182e-12,0.0592535460893807,4.52240581597437,0.145603447037264,0.850253760167987,0.148852707072743,0.00581078820847207,0.338123071401534,0.0578078921213266,621.99132337551,810.414953881644,5.15814577383382,34.6805348613643,0.00674476003628757,2.61599309349762,4.77720798663176,0.0958546381965491,2.25886716350311,0.00860518359619446,0,0.0246792265071291,13.7422993132246,0.93855611540579,0,8.12198787147455,0.87109309483406,13.6979341381312,0.168029119943479,1.11213614781897,3.47825953234915,0,0.023925833737834,0.391864525559274,0.0410760398032081,0.0082373978309076,0.400797054049109,0,0,0.635335390860865,0,0,0,102.561120395935,13.9712886103801,0.0222703965153132,0.49041892497883,0.501802441934057,0,0.00552475211798236,7.77891599220391e-05,5.00074139709713,1.50799522275083,7.51613398749675,3.44610657761674,0,0.312452197901885,0.175378740705331,0,0.262162854156884,0.102267412044627,30.2159097263736,3.34638947037391,0.030925272215634,0.0214262564379033,0.0237707209639046,0.119864573837296,0,0.0450973621293356,0,0.00644494567234995,0,0.00383352025347774,1.91815549922305e-05,2.36638060335518,3.63804256725975,0.299026119891522,0,0.258166451626171,0.00146521994885406,1.14577447513813,0,0.103590652451897,0.272074536120062,0.0748086250431458,0,0.128909199622881,115.485411501577,2.89392357280002,0.77161055456767,2.46702041943564,5.72579236138317,0.121696270511723,1.51008312525911,24.9364920752624,3.53185836046279,4.46762677949935,4.10499099731356,0,0.711310993371068,14.9289084758349,0,0,0
P060,"Prendas de vestir, adobo y teñido de pieles",0,0,0,0,0,4.35238657206517,1.09538807931878,0.645860381663771,1.90331553358966,0,1.81820416882961,0,0,0,0,0,0,0,1.12110068547733,0,0.794916799395718,0,9.79547423577914,0.598059287650924,1.69093558759502,0,0,0,0,0,0.147963244547232,0.736598214023464,0.103796022872046,5.36193529316823,0,4.46842514839861,0.903519317693098,0.0555733972435039,0.0483748823450519,0.243104921096807,0.0716252884168898,0.229956219909195,0.746610889932453,0.198124299693836,0.107127723269142,0.200470881508599,1.63669125493458,0.0372183324267442,0.664969107286789,2.14793973265098,0.10127116894693,0,2.05413731079293,0.839406803557794,0.00477819316976137,0.634069313296504,3.76507809684575,0.65263950556953,1.85292667591204,33.7883251136239,3.83096244432438,0.608901407142168,0.231060368555499,0,0.0352201300177088,0.388244103186379,0.21089997917317,0.00363814633968545,0,0.00150452823187412,5.87763411123823,0.486761971604209,8.56325227871782,0.713354272518724,0.602937395533706,8.56669345577986,0.354492448354568,0,0.00413015943132483,8.70596250177015e-05,0.000929504622531941,0.938353355094337,0.00305266903529526,0,0.0561747215094788,0,0,0.347261368997246,0,0,0.505321628554242,10.6898175704086,0.700203077885629,1.33869963873998,4.3404867818803,1.76746069228316,0,0,0,0.0146197446063311,2.48563392163488,58.7612316065295,11.5619324957995,0.900279516692851,2.40208024529513,0.34214623822628,0.138222370646398,5.59073200966729,1.21968602857579,0.848016328391624,9.56527706473178,0.345054095908249,0.241872984740228,6.5180144808745,20.486644526867,0.063071166853067,2.45292010253092,0,1.95512109033828,0.30494530518815,0.0136425168034027,1.12644957342684,1.51269104948826,1.91477794921938,0.604994151859198,7.76390734922767,2.07730147785684,9.44323142526539,6.52218671006441,0.293717896676797,0.669338785255371,3.22404623636441,0.76432831222453,0,0.32405480342536,20.4476476254802,14.8684549086481,6.43538661507702,2.02338954193136,38.7863312220896,0.157861661084235,37.2981602752703,12.6853350683634,10.9112895573451,5.32114139343839,6.03645923678122,0.0591554920312746,2.5123827826795,22.3042442632108,0,0,0
P061,Cuero de piel curtida o adobada y cuero artificial o regenerado y artículos de cuero,9.13772880087953e-07,0,0,0,0,0,0,0,0,0,0,0,0,0,0,0,0,0,0,0,0,0,0,0,0,0,0,0,0,0,0.0391461192384345,0.105075091839414,0,0,0,0,0,0,0,0,0,0,0,0,0,0,0,0,0,0,0,0,3.30540749596518e-05,0,0,0,0,0,7.40778055627804,115.11039643966,68.0909219332375,276.842569066229,0,0,0.0168862424481654,0,4.20049256224523e-05,0.000602201104621539,0,0.000362308717749901,0,0,0.0354540876194668,0,3.88141214948425e-05,0,0,0,0,0,0,0,0,0,0,0,0,0,0,0,0,44.0753084879912,4.346969581936,0,0,0.352980802106086,0,0,0,0,0,7.88716098260288,18.4672571491854,0.162535543611513,0.0154022458750965,0.000490354020993099,0,0.174119801838274,0.116014275617446,0.0359677716810249,0.0473881967174157,1.22790639676605,0,0,0,0,0,0,0.319626418164151,0,0.00621943365963838,1.73411504935053e-06,0.275941972137016,0.334497032938348,0.197981081460731,0.00270340299812214,0.404296301297502,0.140475206191494,0,0.0125858169983775,3.14489727361433e-11,1.08885510893722e-06,0.158616281529762,0,1.76718369672587e-05,0,0.0740850933770486,0.00225437517236623,0.00404153085228964,0.0334442475892609,0.00695219555575206,0.155258891461789,0.0244023315501453,0.00203430740779656,1.59483806639572,0.0712428503126881,0,0.372080735432402,0.0398394420333762,0,0,0
P062,"Calzado y sus partes, de cualquier material y de cualquier uso",0,0,0,0,0,0,0,0,0,0,0,0,0,0,0,0,0,0,0,0,0,0,0,0,0,0,0,0,0,0,0.169053070432793,0.0204168204680122,0,4.09531037853031,0,1.80424155159338,2.54150895791021e-06,0,0,0,0,0,0,0,0,0,0,0,0,0,0,0,0,0,0,0,0,0,0,1.86006949336303e-15,2.94240284494609e-14,46.1578774900063,0,0,0,0,1.0729832338962e-06,0.00479590763485674,0,0.000348106488558581,0,0,0,0,0.00259484120872152,0,0,0,0,0,0,0,0,0,0,0,0,0,0,0,0,0,0,0,0.0388900108892967,0,0,0,0,0,4.65393994124328e-05,0.0296489041989201,0,0,0,0.00916120962034633,0,0,0,0.0714545123090375,0,0,0.000941028338251718,0,0,0,0,0,0,0,0,7.55168377483552e-07,0,0,0.137314296865113,0,0.0190571404273319,0.134713218186498,2.79881061430371e-06,0,0,0,0,0,1.29066428349069e-16,0,0.366288692348662,0,0,0.000923850744562955,0,0,0.00770835992461732,0,0.121221069491199,0.121314811839476,0,0.722898335528783,7.91382248714943,0,0,0
P063,"Madera aserrada y acepillada, productos de madera, corcho, paja y materiales trenzables",0,0,0,0,0,0.598704892949347,0.150679217460999,0.0888431586353224,0.261815972436919,0,4.33311189020995,0,0,3.22201589789426,0,0,0,0,0,0,0,0,6.72357355320958,0,2.89170760067488,6.8039774609033,0,0,2.06337046696634e-10,0.910448746760753,0,0,0,0,0,0,0,0,0,0,0,0,0,0,1.01293078072692,1.80293123198494,0,0,0,0.86270635947728,0,0,0.1229526179653,0,3.488827301932,0,16.9522327668016,2.90157213610856,0.0302825040924657,8.21305023997227e-13,5.86262581232113,0.0766914371305542,273.515917532602,0.163909440955609,0.339633387401242,0.00309230672997693,0.000267226174196129,0,0,0,0.00283707827136856,1.7769863564975,0.387306808937904,1.82496958747468,0,1.44386068993111,0,0,0.217659264532874,0.0532847873249376,0.171011695143633,0,0,0.00518906888238337,0,0,0,0,0,0,0,1604.37695854859,12.2245312885035,0,8.24379098264168,0.981938995679036,0,362.300684928547,123.429983706468,30.4030994745073,186.288993646443,6.0962235700031,0,0,0,0,0,20.1034477535055,6.01837305152221e-07,0.0294570168822192,0.205373604594466,0,0.236319256987036,0,0,0,0,0,0.0667537427901199,0,0,0.288195091876688,2.28942235007881e-05,0.891496828230912,0.191839997914589,0,0.00133878714268378,0.00398107328934231,0.000643950658584697,0,0.89276460699518,0.960151274008054,0,0,2.70177752709919e-05,11.7796592896725,7.12781956682164,0.381385433015866,0.691300125471675,2.85429285126096,0.493157070343936,0.762267938328372,0.702486623819965,0.0652798062942028,0.0227193110336937,0.0332659359607132,0,1.3596170395111,7.99241618509093,0,0,0
P064,Pasta de papel y papel,3.32420950139736e-05,0,0,0,0,0.609036365953382,0.153279393751189,0.0903762690305161,0.266333965663818,0,0.529343356370866,4.61589219173805,0.180563057586531,0.587152583663406,0.00254885146358334,0.214328842059627,0,0.575408021303383,0.437678235506999,0,1.29213142245813,0.667069159289004,0,0.418395162688285,1.41573095598393,0,0.028457928870762,0.129704140256227,0,0,0.00543599482702111,0.0646225791951131,0.431910766033501,0.0281280299034644,4.75886678912718e-16,0.873603156790693,1.03748342367248,0.0041150000143522,0.00358197719444696,5.94584219241691,0.883459711681124,6.46958784316646,3.44992817615133,0.626195852780889,0.166384986914791,0.182355593619063,0.0336355667388574,0.0628901222933445,0.40985711655909,0.520466475903755,0.0151774968924024,0.800281453981177,18.2153903011164,0.0142765025272414,2.04416332162268,1.03597138774317,10.1569265997243,1.573560811345,1.27404194045789,6.17282870886149,0.090920923945063,0.653351289620244,3.76999368849288,116.639186595443,185.834026725145,21.5475718040546,95.1635967452824,0.00070074144197678,0,0.00102183434085103,0.200677860146756,1.07487269611631,10.4786475590164,1.19610748807777,0.262012584515506,14.9782043480481,0.0492916557824961,0.241556434533472,0.174160461310336,0.461922267173332,0.0400900588123255,0.396063157049453,0.149576777634559,0.210709717881005,0.0318915993186671,0,0,1.23964077775079,0,0.387042498805565,0.0348890214546186,0.259272786719741,5.4776825657412,0.137653135552146,0.456530526917995,0.974514739761858,0.0364699963167386,0.318407391506362,0.563973894145653,0.0163761171899858,1.90718851955594,41.9082545091129,2.07679078597392,0.509655784882546,1.03522282984194,0.0687704137495727,0.0526318296231257,18.1046719540718,0.924085448697495,4.95054453983391,8.54641683646707,0.658099445458334,0.0600897322964724,0.99175671685904,3.46576278475395,0.362137382212891,0.451679624975293,4.04389017142069e-06,0.921596984579353,4.77415719430174,1.59939236646103,0.942661474075006,3.01674072322044,7.8954000530362,0.338044378327279,4.1651273621405,0.235161094274232,0.136414798304047,0.624768973783352,0.228209683128471,1.31616275012131,0.524236613745945,0.526585376264547,0.0249154938114072,0.00375838808106729,18.0712187156032,3.7241172854674,0.693070935319229,0.79536778345544,2.49167765927042,0.299287800286522,10.1715604610986,5.70157428136576,1.96693922304529,2.32374108683943,2.18583280306263,0.0495170938079117,0.644866862396179,2.96658458004985,0,0,0
P065,Envases de papel y cartón,1.82192540204747e-05,0,0,0,0,14.3886113572828,3.61697104255846,2.11861412028578,6.10776322604437,0,2.77122507926288,204.957093809806,9.46492340753882,45.9371232441686,0.000215571786027405,0,0,1.41564024514761,0.920599996271517,0,0.78980762548259,2.02892017929142,0,0.255741547812211,3.70135315218536,0,0,1.0424858290901,0,0,0.000841503567950462,0.162910378563301,2.32535894288663,0.00826674291216503,1.88631787757187e-15,3.90404310665871,8.77143045984907,0.779342865539923,0.630719196620484,0.627912204258246,0.321450386205153,0.525397535556675,1.55588895267887,0.415924644820819,2.30852006541925,4.05443465731607,0.582031778124401,0.00485756738380062,0.403958610296084,5.51929610386118,0.00190438723505547,1.19360830207836,16.807026556835,0.323156282182932,24.688741778661,13.668924063506,40.4683867636926,0,3.94820996356114,19.1977753398446,0.191115277581851,4.45324457448083,3.36903245810927,4.65517939082652,6.5214792238673,7.87913682496113,12.5065522718856,0.000249751137240978,0,0.000740689314241147,1.19313566170127,3.71375869334365,28.7963940970083,4.21780041069797,105.203364276003,6.08171669040624,0.349339506076899,7.10049584776986,101.799056001716,8.39625543846639,0.22853571657978,0.148351676040418,0.235036990737431,1.88637691079132,0.022237154818863,0,0,1.77360667918406,0,0.00273157365247571,0.0158338231575419,0.920375701980367,21.5792672580781,0.334743431710158,0.314613838444054,1.77738915821981,0.198379006900641,0,0,0,0.0347264972251767,602.562751843444,4.31388269071854,0.841208307590518,1.41948058780059,0.232410045300261,0.0391967571548957,1.66084921487908,0.983664937050713,2.48662591759583,257.889867328208,3.38503628538386,0.323714518886829,0.378687601771422,1.51628046642373,0.237933098809832,2.19757792060816,1.45144616658416e-06,8.00652199605844,18.1260050080009,9.82247934200325,2.59218487956979,1.78127560376628,5.37341327044457,0.406355556664281,3.84569076046586,0.628183605597878,0.109590007701455,1.18960795921198,0.632782733298771,2.50663785360035,0.115723268325146,0.931302021560372,0,0.00184812817901546,18.8404320671837,1.27278494306861,0.0229683171484944,0.0932769319920718,0.18564965664759,0.0961995310373456,4.86895393557015,1.20753841284936,3.478949124326,3.23815818835965,1.11763094329554,0.230065724335512,0.785915650438046,4.84799327559313,0,0,0
P066,Productos de la edición,0,0,0,0,0,0,0,0,0,0,0,0.592798352217747,0,0,0,0,0,0.69923651561729,0,0,0,1.71083834757961,0.648181931678371,0,0.278773274899287,0,0,0,0,0,0.179733561320073,0.181538378219799,0.283975777947294,9.48164213607154e-05,0,0,1.19630715651017,0,0,0.0892969431145092,0.0908023308636938,0.0787217158784214,1.03230953447851,0.287360158043075,0.0940049037649868,0.169176722300906,0.00824550060450708,0.00799730223350661,6.89860904162173e-05,0.271217405477426,0,0,1.58870831943295,0.0259167962251919,0.102015204305207,0.184564120453256,0.0462653898576183,0.00538646910026007,0.627985215514046,1.12417596201027,0.0288730230546877,0.00363105119160254,0.978652515717003,0.112066991273657,0.243855929692207,0.304592059394904,6.16466826627024,0.00684066415902751,0,0.0168138211513783,6.94604413388179,0.69864224128339,0.691173277601582,2.0423104701984,1.20087079288558,1.21124551917564,3.52182556997503,0,0.147549582473507,0.0121351707601857,0,0.219912516998336,0.00103919665699314,0,0,0,0,0.250466726475569,0,8.06022707051731e-05,0.00267641234145585,0.00252144340944553,1.0363450727573,0.0017084241556938,0.373484919565853,0.388747871317945,0,0,0,5.85533319529744e-05,0.0145942505871417,37.8057283118751,0.085380220955247,0,0.741662235562545,0.650513327658384,0.174535833897286,1.82349023913592,1.22135871557123,0.392519726205008,1.12802800991789,7.17369926659196,46.104501918396,2.00988150679069,1.51908884310196,3.95345311352213,3.16423133198574,9.7340727345016e-07,0.710616470862872,3.25956475504209,9.47157189013976,2.68759365873911,6.90100025459636,28.838932570563,0.277705311847794,0.098577456643146,0.310421396194073,4.10808996732435,0.0828049862079225,0,0.841105772823357,0.0826135669504328,0.0536916430280498,0.00220416548651933,0.15224126906478,9.9101358038341,3.44617413105327,1.97123400608202,1.24226786680507,1.01089940612375,0.0604150675606923,84.3557835952931,2.82935110716452,4.70284168632389,2.93911582769329,0.766239808852689,0.181238183697897,6.59138662955441,0.234092819550927,0,0,0
P067,Productos de la impresión,0,0,0,0,0,0,0,0,0,0,0,0,0,0,0,0,0,0.000525723934658561,0,0,0,0,0.532451668804099,0,0.228999433930167,0,0,0,0,0,0.0606211121418101,0.219035886331086,0.0709096235046896,1.65914367865898e-06,0,0.810625695834836,9.45663174480857,0.0309204946221197,0.0264610083071426,0.00606938348626647,0,0.0038396113879765,3.22674864487474,0.82667005727984,0.0652954094848036,0.118350303887102,0.265962856939825,0.031530456153949,0.0382487573876644,1.10769980533818,0.017606771889008,1.35677237720099,16.1561565611248,0.16171212837148,0.0343842780123938,0.659887690283027,49.8317162964361,8.5189604560794,0.387523910853585,0.609795711908618,0,0.0711247498759929,0.00144271177725693,0.216075910145731,0.275672365445537,15.098551711011,1.74559820834354,0.0014595630233574,0,0.00439160520760535,2.48959318746682e-11,0.178075441383964,9.45981396535504,6.40317400106825,0.42889675646544,0.705154379641194,0.117594350653701,0.27134693529419,0.753410843033053,0.0102213101652839,0,0.295794032962477,0.119524248843221,0.0717881288288311,0.00618037579450537,0,0,0.299978978936605,0,0.0013506047229486,0.0817305813495059,0.000644246416677744,0.455304700142182,0.00316494426071415,2.269882401828,2.10220402572223,1.91710932291534e-05,0,0,0.00685225594151396,0.149018182408315,567.038835050948,14.1797677164139,6.63364385011616,11.9753279153968,0.0584802722691528,0.0890425539427846,4.77762206922269,1.12675507306045,2.87976601289764,82.793507616623,35.4414251002992,0.00476255747833514,20.3050215432789,75.3601614381642,1.3446938123025,2.12766334758337,4.00751328452174e-06,1.40009979996018,17.0170380552065,1.39739936659605,2.04515164144951,32.0408417920052,67.8370586574968,4.46551370346668,2.13121939037902,1.19631807468132,1.93113510291517,0.162688345263708,1.19025113406656,4.79350125632253,0.25935021054629,2.34848086198707,0.00344924303440729,0.0116954111086788,0.0882162862600536,40.858140755448,10.7072985464393,9.26145627592154,26.7894860563173,2.4898694242012,134.068155032464,14.7412408458607,5.84553302211906,7.81598755936033,4.68820693210782,0.00997102589640293,3.6714971759925,10.4911177902432,0,0,0
P068,"Gasolinas, diésel oil y fuel oils",0.494377107552952,0.0148723668576306,0.177753176785999,0.0154311838221322,0.00880930747290746,0.792015594426572,0.134807448290127,0.079788913764005,0.234078635326371,1.62549085750581,0.0334685188436508,1.47754649618377,0.255610692344922,0.295938107111431,0.445524717100946,0.0828725680782597,0.212117149204986,1.25407439868331,0.24557490336078,0.0851973961757353,0.258974198598413,0.209737691997093,0.55391075988208,0.244480825898384,0.238228665421826,0,1.42846728062149,0.060687005696873,1.47765796130135,0.205481654799377,1.90060360006292,0.812216205892658,1.45821436927325,1.03881069804147,0.093757281591818,0.971783403523925,0.409415333333821,0.0113031292532821,0.0355766449958365,0.35647260005845,0.107198870010987,0.283366529155529,0.158027309829933,0.0760581460220879,0.133333840543545,0.242246813170302,0.433427722446633,0.0756738893525368,0.314117958207573,0.294849205282881,0.0198969505605198,0.269910231477089,2.75458105156949,0.133209810427201,0.0838399426676049,0.499562472690645,0.808653636346631,0.132082858882732,0.18811669056453,0.539416909342303,0.208181438326907,0.0127544808323748,0.64296600895657,0.0504821498212859,0.103566527535961,0.11874464024138,0.191655169643016,0.0453524371353926,0,0.148035486526486,0.0531001329938221,0.0567420919543253,0.464361919564684,0.0817755968933728,0.0277690896411006,0.269615010930427,0.0360210811170331,0.125308158166005,0.788950007266966,0.467637641678663,0.0948184078447414,0.165900501540606,0.079408030831204,0.338109790085033,0.0170372043880743,0,0,0.0198532187198915,0,0,0.123465501761819,0.617242291090281,0.133404751181351,0.848753104588938,0.458563748879533,2.23816811643432,0.527854899047355,0.0497026124796422,0.0497026124796422,3.59775098948174,1.99880576466823,9.40939391015756,1.22920064287714,16.024538715315,33.2679940276872,0.0940693020578523,0,1.36212456286822,0.73688000365344,0.198084290072786,0.406182660359506,2.07251539635289,0.0112634367020349,0.00315566203499962,0.00524923614379438,0.0151091325384626,0.0181667806906959,9.00506739260469e-09,0.174531377199284,0.0183520598816089,0.255930543424277,0.389669400107689,0.150187610861215,0.262992278605697,0.785225827171037,0.213851394644795,0.0791387765817683,0.374888298475599,0.030287727424313,0.0459053292797775,0.412022762984787,0.44435015103696,0.0358360557703179,0.446689342988835,0.0224478895187596,1.29015261903659,3.78569256923765,0.0316919210849313,0.130613279991331,0.439653944021033,0.0437192333538374,0.426197011962766,0.494329061851525,0.23033293688374,0.0561656639975065,0.315147012521024,0.0321009102101492,0.0759269688819729,0.309307518381704,0,0,0
P069,"Aceites, grasas lubricantes y otros aceites preparados",0,0,0,0,0,0,0,0,0,0,0,0,0,0,0,0,0,0,0,0,0,0,0,0,0,0,0,0,0,0,0,0,0,0,0,0,0,0,0,0,0,0,0,0,0,0,0,0,0,0,0,0,0,0,0,0,0,0,0,0,0,0,0,0,0,0,0,0,0,0,0,0,0,0,0,0,0,0,0,0,0,0,0,0,0,0,0,0,0,0,0,0,0,0,0,0,0,0,0,0,0,0,0,0,0,0,0,0,0,0,0,0,0,0,0,0,0,0,0,0,0,0,0,0,0,0,0,0,0,0,0,0,0,0,0,0,0,0,0,0,0,0,0,0,0,0,0,0,0,0,0,0
P070,"Gases de petróleo, otros productos de la refinación de petróleo n.c.p.",0,0,0,0,0,0,0,0,0,0,0,0,7.21103732281847e-13,0,4.04121180963557e-13,0,0,0,0,0,0,0,4.46892522987241e-13,0,1.9194021372293e-13,0,0,0,0,0,3.86296534548386,0,0.865944443859872,0,0,9.23017218212863e-12,2.05621630833264e-12,0.366310543982691,0.312418843178644,9.90206180939701e-14,4.04353200228469e-14,9.60594451204777e-14,0.435541557002985,0.11157986443274,0.0642708256245815,0.121706219318495,0,0,3.51486201255469e-13,0.000236007045732542,4.34372537938543e-11,0,2.53089261893846,0,0.00028755607786567,0,1.63404012543111e-12,0,0.0554534629522602,1.54445900513167e-13,4.83993270808392e-15,0.00755991550854407,2.80801150807577,0.291848182869734,0.429640099403023,0,0,0.107462797373189,0,0.350770730250848,0.150681090755078,2.79203354000079,1.83354234577797,2.0306803564412,2.66301931987208,6.28631118523578,0.256319970165234,4.86816142952762e-12,40.9340626750462,0,44.2905647367416,2.31460270987632,0,0.217846969765936,0,0,0,1.76350253844326e-13,0,0,0,4.10315465144192e-17,6.10047276005191,1.53405442984334e-05,10.1015186307049,0.334312166579052,0,0,0,0.18977083751864,2.20035502357032,1.98419719469162,1.19239340623523e-12,0,9.15698072923021e-13,12.7392462205078,0,0.00538118745402731,0,1.08534015108575e-12,1.97510896526865e-11,0,0.000284889830445134,0,0,0,0,0,1.488731555567e-15,0,0,1.11588120471282e-17,0,0,0.000652600234447983,0,0,3.09408560570844e-05,0,0,0,9.45447587813409e-18,0,0,1.38088325496444e-14,4.55767232638218,0,0,0,0,0,4.35096403350599e-13,2.50358761499925e-13,5.70789075726719e-14,1.97774193698846e-13,1.12101950985877e-13,2.79840712234802e-15,4.97566397805738e-14,4.39006470065451e-14,0,0,0
P071,"Abonos, fertilizantes y pesticidas",462.950456582044,163.445272876005,45.6326469709876,15.9884832533999,10.3301560091942,201.948575783662,44.6557237194666,26.329812519836,77.5925301942368,419.196162745393,45.1450176825811,402.237828345115,69.6907533756618,147.256367786379,251.2497358409,330.643238628233,63.3346371944991,68.5174951086443,19.146104502059,18.2883766139143,20.5242012390332,0,0.477267937116601,7.92960356715407,0.205265743045182,1.23106766427697,4.14495982981611,2.82303682988359,0,0,0,0,0,0,0,0,0,0,0,0,0,0,0,0,0,0,0,0,0,0,0,0.479528511633922,0,0.291565740395159,0,0,0,0,0.000250949218476523,0,2.65613176263236,0,1.69048156799503,4.56051392353894e-05,0.0050927825206233,0,0,0,0,0,356.050099876741,0,1.48008137612114,5.70583080430501,18.4019955552455,0.14704483563948,0,0,0,0,0,0,0,0.000352306629591236,0,0,0,0,0,0,0,0,3.67960333591833e-05,0,0,0.229566579271544,0,0,0,0,0,3.82428596293323,0,0,0,0,0,0.605935945070316,0,0.00628106877936494,0.00949687825606653,0,0.00369788197478249,0,0,0,0,0,2.24988515360986,0,0,0.0476643159532689,0,0,0.281149020387182,0,0,8.67086096170057e-06,6.36502716245408,0,0.327501566696603,0,0,0,0.0031110517549769,0,13.2539912196684,0.23064151983088,11.9707165081095,0.129728570800367,0.00974074615695142,1.62481684325326,4.26029088874584,1.0437069100149,0.000943448439802344,3.29901769330336,0.244845744334863,0.000638415020356234,0.159398568969637,0,0,0
P072,"Pinturas, barnices, tintas y productos relacionados",0,0,0,0,0,0,0,0,0,0,0,0,0,0,0,0.523351817750763,0,0.704862637423321,0,0,0,1.51673184336851,0.307635695081896,0,0.132309473625459,0,0.00027785986918567,0,0,0,0.0719210197505608,0.168187439257978,0.039962636470193,3.32352357610088e-06,2.05075629928452e-13,0,0.106953075307044,0.0266295206774365,0.0231801544186989,0.532605051694143,0.162811449067366,0.45555125760704,1.5133819852645,0.385126439645886,0.0548577199325732,0.0955853628172689,2.28175254267218,0.0583528244533037,0.0180847413831926,0.643031978396361,0.0265499820730493,0.869851745096113,0.792028007450014,0.096738995566815,0.0878815656538262,0.11641334923639,0.311683026589056,0,15.3240055620154,5.52760686839459,1.36993757971055,2.11327148697924,5.94580111709289,6.58392575731029,9.66283502078819,8.77433701930297,31.9334986165897,0.00268672866040615,0,0.00400019169850443,0.187944700889252,29.5067943826726,2.25679308947005,0.929500818610832,0.46862121553364,24.9364953579408,2.67455530376525,25.2583225948494,0.0016150154329337,1.16943198467583,0.606479897796401,0.173821486804849,5.83022834105256,9.72605652971409,0.673435563215308,0,0,0.042550546974238,0,0.17142554176373,0.814748685191074,8.02564331390275,14.7971953867854,0.00320683390938204,1.44862579084679,2.95936107088716,1.39931338537258e-05,38.2252781582519,3.14272125025602,4.78408862344127,104.299933089111,40.3996620751158,46.0176576943973,0.482408173527704,1.00294440496959,0.0787471360597988,0.220495469623501,5.0581684723069,0.839355819480888,1.41349674709637,3.36391226194432,1.02897507374359,0.24590121607748,1.6884663940409,7.86526571200789,1.14024182112349,2.574739269535,3.86309300729377e-06,1.64245382258497,1.52514525112237,1.07991696273322,1.46998775998744,3.77989132604978,9.41683009255927,0.496761100515151,6.52158024295559,1.25614610813526,0.942618021281451,1.27069255864196,0.33896637461266,0.689783385737873,8.63888227599315,2.14097610214697,0,0,15.9960601980296,19.0703606607151,3.64690012798025,4.58597959556226,8.96352182935844,0.61259471058274,15.8315507754989,6.05212693620164,0.502835392317026,4.09372227255896,2.15186533534827,0.00791386188172026,3.49588018241502,5.26629887021511,0,0,0
P073,"Jabón, preparados de limpieza, perfumes y preparados de toilet",8.3474245162476e-06,0,0,0,0,0,0,0,0,0,0,0,0,0,0,0.882133296402128,0.581045628936852,0,0,0,0.932119694522737,0.704686731006397,6.57506950920883,0.301822527071492,2.82783825063811,0,3.95344833346289e-05,0,1.66062349110535,1.52440003484973,0.00202906356306213,0.0273522468015123,0.000384226956120709,2.16646325678804,4.87312748080324,6.87564834349486,6.86546732611632,0.322253400374443,0.267857468734479,0.90136471458134,0.27323760317019,0.516946816442385,2.06325629085606,0.86000452129975,0.380106060226219,0.674179090813316,0.285609421036605,0.838147874971815,0.646882381865347,1.90045336868251,0.289698523889427,2.36640857278528,1.03792790478241,0.0660247677221015,0.0958557117407469,1.29829877970595,9.93675924837488,1.61643997442884,2.40938329280147,2.61725062375259,1.30223357756172,0.203161124196964,0.136710778234756,0.311766895905672,0.454850458098517,0.0147040868059082,0.259080858209688,8.45683839717259e-05,0,0.00017156753241227,6.33950177762645,0.130688203965756,11.0552337541166,6.80617338267195,5.39617734709186,10.5193157768958,0,0.255010329457634,0.296091005500186,0.255490913068163,0.0175731090483529,0.534223051646767,0.382426641526996,0.597263516475652,0.638008197197439,0,0,1.2856683266883,0,0.658466552387652,0.593490264072388,0.635569152680076,2.82459803319418,2.56250209482316,2.02076757234161,0.586627608618708,0.269574838788092,0,0,0.0676308839306697,0.0322075935888028,36.5479674853149,27.4353720577951,0.93959913795133,1.27496221138666,0.0168298596058039,0.052701425156628,1.21561161514632,0.754307487213899,23.2291710259614,28.341423726758,2.61265420858059,0.378917674957688,0.323621099283802,2.05900482178093,0.0385677952923924,0.432676525411408,5.46251968973712e-06,2.69543321861436,3.13256460179052,1.90715221185381,0.215488847075635,1.5509551686121,0.930847449778251,0.587014782860436,0.422169739046219,0.0478690364702505,0.0412506533053853,2.85408387073415,0.132154411676077,0.498155770777083,2.62860362355242,0.815017301545121,0.00360394407244682,0.00886788745182306,7.8017434672437,16.1561825526954,1.4730055708251,1.11064196427103,2.54019566009187,0.135585599723292,10.7915360577537,6.46441814796598,4.45818892327252,7.73878194970399,4.11135867668789,0.135407534271948,2.37159279733637,25.4890548391097,0,0,0
P074,Otros productos químicos,0,0.268258840480625,0,0,0,1.43838224355213,0.362005244020226,0.213444759424982,0.629010135488336,0,0,0.235168495563808,0,0.395581267014042,0.0720487267549413,0,0,3.33697255512742,0,0,0,0.220554793885487,0.594566826375767,0,0.0138403465204193,0.493594666080834,1.36498896516616e-07,0,0.0307620835155722,0.144633594101586,1.72636602863609,4.2244469124283,1.24550643632196,0,5.17759424436569e-06,0.0116455743412321,2.29968080524483,0.0636837220635257,0.0514241035548487,1.18085189169249,0.36150740676779,1.00897874127104,2.22258890822739,0.583415723469605,0.401166657467251,0.744978303705409,0.403182622422712,0.160323159312536,0.232667658705959,1.65353209220552,0.000105320833613652,2.74679607570834,12.8524197047482,12.4192792022387,13.6023743333776,1.32390779453275,9.96863278275693,1.18067356902383,52.8377851895113,17.7534302712314,2.69934668230752,8.96994389541953,20.3323101372288,1.84054524457957,3.08376312271132,0.0776538414328998,6.86454387586662,0.103255189663648,0,0.145377340669411,30.4856408440487,56.5560192186413,74.0252897248869,131.5225297025,25.3309360464102,27.7667495424339,0.943770071141792,1.83637056560655,1.03808381375574,7.26214236158507,0.0042469551072948,1.71846325662826,0.658040941948561,2.86999002356559,1.08425113246109,0,0,3.57154232435341,0,0.159358435889858,0.536526195402484,9.08150409137586,3.7188455022002,0.039897765266123,1.4622768536132,1.46768953582445,0.830133257143552,2.85104491140543,4.19446970864692,2.29040794943715,4.34698531577816,8.95922432426508,13.0684508038105,0.12544923736566,0.166800116590601,0.136821048932421,0.00860036389728886,0.967385535877494,0.0312778894150827,1.11898969503078,1.43208175353549,0.0445681760367572,0.0363704963545822,0.0876469873714251,0.396621639930902,0.0587448119202301,0.137477178471255,3.87702314026344e-06,0.0896910793034307,0.0929586870768286,1.62677424919358,0.971850212709632,4.51249108724734,0.0818465180052125,0.163386916392396,0.0966837328746462,0.0676762843065499,0.0643829248426602,0.0628259705812671,0.00512490069344772,0.192271301100085,0.973676462856321,1.19484588682869,0,2.13048571819499,25.5691899286112,4.4201446293964,0.310472317653492,0.637454034912563,1.23180131116926,0.211346686129618,1.27937684523891,24.9717373905546,16.5827423094938,13.9861056265821,0.256716080311605,8.29398133232661e-06,0.137142116493925,7.24331571585844,0,0,0
P075,Productos farmacéuticos,0,0,0,0,0,0,0,0,0,0,0,0,0,0,0,0,0,0,0,0,2.49066468973934,0.480130975937783,1.42988782862069,1.57169824431223,0.614973193854795,0.00529117121256385,0,0,0.693391854201261,0.605819656194601,0,0,0,0,0,0,0.18049281891678,0.0610782990608745,0.0531637436552233,1.00833194849633,0.202068050780623,0.59656645585063,0.000984730734213252,0.00157141510883077,0,4.86203192513857e-05,0.360118697856685,0,0.0376643812832268,3.02577035611577e-05,0,1.1169134778415,4.13356220864864,1.05492798169216,0.587734889901084,0,0.00608260753061188,0.00090655563592168,3.14565741854628e-06,0,0,0,0,0,0,0,2.07529172623813e-05,0,0,0,1.19643716269871,0,0.903871880269651,1.92669524700487,12.2491094479689,0.00188906813039544,0,0,0,0,0,0,0,0,0,0,0,0,0,0.0403852710461543,0,0,0.158992814055168,0.000421352715366202,0,0.128563387486701,0,0,0,0,0,3.36549762269275,0,0,0,0,0,0.00735427895295073,0.000180130791781499,0,0,0,0,0,0,0.00238109927145867,0.156626196614335,0,0.017061845129304,0,0,0,0.251362447011583,0,0.0498268474999891,0.0311404853755517,0.00626536713810911,0.000168092258494825,0,0,0.00352681398902091,0,0,0,0,0,0.856118711016971,0.0755506308456288,0.0401029193630475,0.0261804745077432,0.000313998906553915,0.230271191981279,0.646971196905231,5.21607387996909,2.70843322120336,0.255417601365042,0,2.53902675586392,5.44492282663293,0,0,0
P076,Productos de caucho y plástico,27.715072942436,3.15417230137787,2.75661461393968,0.482803000627364,0.751595365561882,188.345187411684,45.7169662698912,26.1551866997256,79.446403499426,0.343422819965405,16.772542523218,158.157756230632,15.032091779785,1.57972579988607,0.42291145874887,2.72454827903935,6.78711190913031,16.0869348861853,7.03947026634568,0.266357908349827,0,1.04734102769788,36.2279118667631,0,15.0414818393721,2.55620587173901,16.1989585256244,1.16917822127704,1.33938617112719,5.56558729134346,3.42252161676267,14.1998796397392,17.2251097276435,1.83376263613669,0.376307014706248,4.25117393405308,21.5940930286732,3.30122869037765,2.77734488763146,9.40241836671432,2.23389196456426,7.91877137902854,25.0658943114396,6.96938735438447,6.7524284955861,11.4394077933338,14.5030565474721,2.70737729227585,12.2776365022788,33.2674331810601,11.7858998010719,109.27683995779,72.8036221574143,10.7261606124796,3.90710180001423,7.27553399677368,167.743154165462,30.2054843159047,18.7442950806117,47.8401678916156,4.38986090197044,7.32183635141691,3.18439524620044,8.8132968534869,5.58516633245655,3.0019607326605,18.0476387013951,0.152946842852814,0,0.28299157993294,261.518735161962,3.94886185163666,38.1820884124118,32.6071559826614,21.5721327014424,214.642518442311,0.31129741105294,2.47663791853582,5.17361903380385,6.98067504423477,0.317174432919671,2.06856529548461,4.30459259910481,7.94439579918066,2.25025963321768,0,0,13.7156200863383,0,2.64344445769141,5.44135292489015,20.8254886726505,87.148339242913,10.2374019619273,13.9172169104048,47.4583972015243,5.88311369803282,194.15096302087,74.2488737135197,22.429909377852,134.502278529091,684.129887990959,32.298296604028,57.1474293668352,111.913024337789,0.929011801959562,0.0803439073288904,73.9432552957309,13.1745439153214,0.735937918630459,96.2195192816435,54.385790886394,0.536366832375504,1.38837403091813,6.11499084755874,0.448280959833398,2.00351237981564,1.34327059290007e-05,1.99858047053683,1.24545678797831,0.361517668264899,3.6598954354377,9.70481859686099,6.63278716349924,7.59067920121529,6.17829844566634,0.56814341342952,4.1463882067449,3.36399269002377,0.135766588917754,2.23526747389245,10.3372312843448,13.7386850373422,0.139831484576214,1.47024648306928,122.069630017117,39.2994462276198,3.59067212411983,7.37115932634406,14.4899117087999,1.34246243500143,8.42494192155704,39.3555330175572,10.3889977032413,7.93368951153379,6.39667670663017,0.241440581062199,0.948157680439016,13.2735452962424,0,0,0
P077,Vidrio y productos de vidrio,0,0,0,0,0,0,0,0,0,0,0,0,0,0,0,0,0,0,0,0,0,0,0,0,0,0,0,0,0,0,0.0197656792939458,3.29700985870885,0,0,0,0,0,0,0,7.29397218696599,2.15568348228265,6.57068568226417,0.0928482630288033,0.0484423172749482,0.903335068370921,1.75120758837833,0,0,0,0.000143087592167399,0,0,8.4220463479157,0.0316903767359132,5.20905288371789,13.1703648616289,12.3704350338593,0,0.0571343479469206,0,0,0,1.38862194347298,0.000712161595919751,0.00137679118724037,0.000774626263397047,6.48119051814484e-07,0.000817035305023158,0,5.53162573298001e-11,0.0083274226098646,0,3.83562780935381,2.06234365571651,20.5251076550263,4.11503749181378,56.1672251404431,0,0,0,0.0313029432394327,0,0.261075407108188,0,1.9827033275603,0,0,0,0,0,3.95744993936535,3.19952704275439,13.8209351997494,0,1.50825178472718,0.0914060576887339,0,12.5408291468763,0,0.790111822596825,55.605873022321,2.51835152545881,8.15747669921458,0,0.527788296673986,0.000366817637982378,0,0.0115847487023732,0.000191791640622523,0.232913839413051,5.90993517646912,0,0.0154897537688711,1.07057487066337e-06,4.84989290512206e-06,0,0.00848651434191933,0,0.0395275083254294,0,0.389875973150316,0.00899338158458914,0.0109331013612025,0.653776512810231,0.001764245719685,0,0.00400245465020565,0.00692413230754703,0,0,0.392963961994674,0.250048924338338,0,0,0,0,0.3894598215537,0.105335958607001,0.199290271314107,0.215319081745266,0.0206421224772478,0.239808844471495,4.58447557226176,2.46633892350178,13.6601810426407,0.00693569107145339,0,0.0694047233886727,0,0,0,0
P078,Productos de cerámica y arcilla,0,0,0,0,0,0,0,0,0,0,0,0,0,0,0,0,0,0,0,0,0,0,0,0,0,0,0,0,0,0,0.00823234132842897,2.86104242256012,0,0,0,0,0,0,0,0,0,0,0,0,0,0,0,0,0,0,5.21239569622407,0,0.0213303812432355,0,0,0,0,0,0,0,0,0,0,0,0.00195229970597581,0,3.62131315834778e-07,0.000697725640340947,0,3.10135740087446e-11,0,0.132182566200067,0,0,0,0,0.315600758001181,5.04846610285401,17.8331305680209,2.00418170550664,0.0155895574315195,14.0609042884511,0,0,10.3114032855559,0,0,0,0,3.33612644201656,0,0,2.58796244219444,0,0.147138782090849,0.293399171421405,0,406.064685948843,171.968079359697,2.5778564543681,131.890804916987,0.222205098511499,0.00529838368119644,0,0,0.00133280524466246,0,0.022654529973823,0,0.436634658156818,5.33948353734635,0,0.0310591922710851,0,0,0,0,2.86695830873982e-05,0.986303494902873,0,0,0.0204670254051458,0.104666724951751,0,0.000691709514423194,0.002491566718738,0.00153853568563219,0.000106072135480622,0.00716040185814787,0,7.2286955606074e-05,7.63504929830423,0,0,0,0,1.32640159783471,0.0584664559044206,0.0765994927752223,1.33769798129956,0.148451253550312,1.39079387207117,0.297497052323564,0.343325495186499,0.0620008573538461,0.141631020805665,0,0.437690861884663,0.578845077522206,0,0,0
P079,"Cemento, cal y yeso",0,0,0,0,0,0,0,0,0,0.915701856169058,2.72135513774405,0,0,0,0,0,0,0,35.8533001651551,0,0,0,3.4520426885254,0,0.0894802092724543,0,0,0,0,0,0,27.7449434104562,0,0.378910075017537,0.0440369176554629,0,2.14786115338356,0,0,0,0,0,0,0,0,0,0,0,0,0,19.8181102827404,8.71507533630343,0,0,0,0,0,0,0,0,8.57245102106445,0,0,0,0,0.000363880053324254,0,0,0,0,5.07637419703892,0,0.0327899148249189,0,0,0,0,9.30549239865782,144.519824992202,660.804568349959,32.6751922632407,0.738549830278784,0,0,0,0,0,0,0,0.162747480749374,0,0,0.219660432193329,0,0,5.28357012156171,0,1079.14788469073,351.093816675056,795.408477523655,791.150210318756,0.43493971288646,0.0215708926767593,0,0,0,0,1.67417349020683,0,0,0.131660699148286,0,0.021383162914142,0,0,0,0,6.60020950439547e-05,0.01905372896837,0,0,1.85074125915426,0,0.00193188821873153,0.0116265710171586,0.0655019076157756,0,0.000691603362000688,0.0277222436441004,0,0.138039715188163,3.824514362402,0,0,0.000236137098345613,0,70.4913967922311,0.375600472973576,9.56904795676827,4.17076832472522,0.00075364282486453,2.55298808293119,0.410075859473961,6.18035109967197,1.62123536802078,0.228755667859436,0,0.0775309141653229,1.59813112362326,0,0,0
P080,"Artículos de hormigón, cemento y yeso",0,0,0,0,0,0,0,0,0,0,0,0,0,0,0,0,0,0,0,0,0,0,0,0,0,0,0,0,0,0,0,0.256480147257736,0,0,0,0,0,0,0,0,0,0,0,0,0,0,0,0,0,0,0,0,3.80564498130951e-05,0,0,0,0,0,0.0062828783333821,0,0,0,0.00239703327708641,0,0,0.00259409147567492,0,0,0,0,0.000931978182588207,0,0,0,0,0.990689839705724,0,0,0,7.62673281143288,3.19202281903907,0,0,0,0,0,0,0,0,0,0,0,0.00092124216265868,0,0,2.9360637318933,0,776.13479313143,421.961641530531,488.552470941012,301.434573513151,0.0355638061173748,0,0,0,0,0,0.167251943335206,0,0,0.108792442238005,0,0,0,0,0,0,0,0,0,0,1.14969146442257,0,0.0669876055928261,0.0292617366327323,0,0,0.000481991015922149,0.0737511722914319,0,0.00625727462233212,2.14393617677242,0,0,12.7866492947624,0,37.5737024761046,0.449440852598112,10.1427421853624,4.44565192151213,0.000379315951329127,0.9055069758152,1.86946633578367,0.0650213708957453,1.43735131275628,0.80102363833032,0,0.566117685666964,4.5900693554139,0,0,0
P081,Piedras talladas para construcción y otros productos minerales no metálicos n.c.p.,0,0,0,0,0,0,0,0,0,0,0,0,0,0,0,0,0,0,0,0,0,0,0,0,0,0,0,0,0,0,0.370924570283061,4.55303528641801,0,0,0.000292343806836601,0,0.0163725010685802,0,0,0,0,0,0.146911766790969,0.03294661722521,0,1.98856654015566e-05,0,0,0,0,0.0961544331950712,3.30012521538837,0.000730592852865723,0,0,0,0,0,0.000133081982194633,0,0,0.000294588346901286,6.19968341465901,4.93516397289491e-06,0.0302653142804727,0,0,0.00733275493377167,0,0.0200102652560972,1.91739862888836e-10,0.43519699917414,0,0.414713462924534,0,0.804557753655065,0.299951495691005,1.79866453708974,0.914717225550427,0.552830432609732,5.41222161717686,3.05025370900731,0.0435604242487925,1.14947659605082,0,0,0,45.2612380359548,0,0,0,5.71197593923432,0.197118182413421,0,0.860384047001842,0.0556122989149822,0,18.8475356111604,26.0929519912472,280.31231423758,65.7513130220937,0,26.551940486663,0,0.0142195112946871,0.0116409252227196,0,1.13141507203856e-06,0,0,0.0796316422213215,0,0.00252873908257424,0,0,0,0,0,0,0,0.0213699952428158,0.548119840259888,0,0,0.758470057951511,0,0,0.106861475274889,8.40650315217824e-05,0,0,8.24038252430656,0,0,0.235721419957142,0,32.442679123993,0.0217372714421038,0.0358087254377854,0.0147372446534077,0,0,0.026438534597686,0.00422220333842444,0.0352817552994373,0.00352408025196491,0,0.0489583436037251,0.0416388793446727,0,0,0
P082,"Métales básicos de hierro y acero, productos primarios de metales preciosos y otros metales no ferrosos",0,0,0,0,0,0,0,0,0,0,0,0.121034710013014,0,0,0,0,0,0,0,0,0,0,0,0,0,0,0,0,0,0,1.47989182083753,18.8258669197336,0.0826416204554936,0,0,0.0452048917337658,0.311570040980087,0,0.00535090161550011,0.00705956787611316,0.0022245506019421,0.00553199010310823,0.0595048033891612,0.0143546336514785,0.0107558923292069,0.0201260485687271,0.0033927818463624,0,0.00250392865419976,0.000644303573390941,0,2.15877969433419,0.017202924609777,0.000257941365501403,0.02102919863492,0,0.00169638530496465,0,0.0914044886360892,0,0,0.0120154512437653,6.33494440470632,1.27225663260488,1.40051825111696,0.0739526362237009,0.00138522315754389,0.349042445793698,0,0.120737512260922,0.0135584891975734,0.00079302069225057,0.0104384474772729,1.03251644671357,0.0322738915291339,1.3291508391048,0.00439411949896063,0.000638246923082206,0.306675515440347,0.875030744362478,22.3790493525889,160.76226132281,57.2904917636124,28.1789639528146,96.0221487432072,0,0,46.8663265448743,0,1.85789716505092,53.8259104972115,31.2651128867342,2.11091097920872,0.000266785384883843,0.678161580133848,1.98576028479478,0,1091.61171734739,558.881217563019,470.661821279802,384.874435744357,0.382811729754262,0.926398702347028,0,0.24947820007613,0.170413548881518,0,2.51890165531432,0,2.00919770018735e-05,2.3138083225219e-05,0.773688496210363,0.00583997914797363,0.062274270388678,0.302729782046921,0,0.0229837655872653,2.43119876174997e-05,0,0,1.65040562401491e-05,7.49584216436445,5.1151003536509,5.50300854130237,0.603910984199318,0,0,0.344585113199934,0.0518627973212673,0,0.0161205500334055,65.078212686604,0.00452030993393884,0.00378443601033288,0.542518241790278,0.0159189217175269,10.039985661927,0.150057019665351,6.96509083088606,1.14340037067538,1.00255763588357,1.43275255680024,0.182159086316898,0.18096483359843,1.00847643250941,0.772430336312667,0,0.0318084175059667,1.59043642272601,0,0,0
P083,Productos metálicos estructurales y sus partes de hierro o de acero,0,0,0,0,0,0,0,0,0,0,0,0,0,0,0,0,0,0,0,0,0,0,0,0,0,0,0,0,0,0,0.636246459390728,6.3990643990109,0,0,0,0,0,0,0,0,0,0,0,0,0,0,0,0,0,0,0,3.72500992480202,0,0.533049735809052,0,0,0,0,0.00116266667198482,0.0146468853939718,0,0,0.661242888145422,0.000173688771590317,0,0.165445137421493,0.0253456516631883,0.0196544655757953,0,0.0528522541424085,0.000177856312163332,0,0,0.157973749956769,1.56578455090742e-05,0.0241369333116881,0.0533915010532537,0,4.57220202649981,0.126033030532877,15.401933793122,13.0043180749255,2.44500986419181,3.38319465662567,0,0,0,39.1689992947685,0,0,0,2.06593964566568,0.000175807477815435,0,9.15748311892544,1.60927463405708,0,204.201181990971,28.0342361295223,320.416629217915,54.5720350722654,1.62283545668159,4.49391318188035,0,0,0.0375442341314232,0,1.4143206650299,0,0.214354845270516,0.349826029315177,1.2939905813489,0,0,0,0,0,0,2.16821848189253,0,0,7.99770140116631e-07,0.269847816141041,2.70462572552722,5.37523456919277,0,0,0.25342264552688,0.0173861538618735,0,0.0412493882935972,79.3839808712824,0,0,5.54169344525495,4.69324731874191,26.5670780014178,0.711432829966539,6.20224707126866,3.49614743369356,0.00348754261492446,4.91217346933844,0.860098468888664,0.106291987435999,0.0152618267100889,0.0934321254086352,0,0.612003239047956,0.800138780408823,0,0,0
P084,Otros productos elaborados de metal,35.1342964267657,12.5777397710801,5.37490611439076,1.72077445289858,1.03323532595394,10.2131340448578,2.48061651820119,1.46261581758607,4.31024952810119,14.5173078400343,2.95778929682821,6.20409554443685,2.16230351442514,1.22809083098417,0.962373573818739,0.528153138238347,3.62947156433786,0.244357439877649,1.74186114677646,0.241542336576297,1.72931818868599,0.209673023269937,6.23936969590083,1.2264743944661,2.68474021711887,1.09595728763333,27.2683114204591,1.10655500776612,0,0,30.5092966196832,26.7998193739169,0.261654624975374,10.6623587981639,1.37769841771643,2.30414290648607,3.05479292752212,0.338579574218332,0.27286395923013,11.8620925492778,3.70998097533103,10.7221260140604,0.837862123846244,0.181211049610505,0.176360605779333,0.366866640932588,0.0497496856104435,0,0.770739175738452,1.22165052027465,1.03825990681662e-05,7.2043139911427,6.78412983264912,1.03017078298331,4.82798008081219,75.3047833662911,70.7627446194778,0,2.69440903249731,12.3885155570156,8.28332517411159,2.08725049238189,11.5274584349417,0.666070596871489,1.10763217738704,1.79404236368772,0.290092415850597,2.23865607350241,0,1.65425872204863,0.49166596612944,10.5638914763072,3.97045012988173,13.3462899401362,8.92643896401816,7.07811037644766,0.265128378419128,1.67425501429283,6.57233822254757,6.1314670407526,0.680888158341808,4.12203929110371,6.27116067125062,9.10260463658258,66.0226468324889,0,0,11.8960250524171,0,0.00262235763943765,47.2656312726876,11.027822339506,27.0183355685436,0.62113360796964,10.8874658068327,4.49545529181057,0.052038505174938,23.7708448179748,12.8806836991734,32.6540357271703,50.4854412267937,60.0745183817852,6.98418570702821,1.72433648943097,2.00345321224522,2.37280144887563,0.0546800400464272,2.7003439894822,0.357311842967686,4.16570530755945,6.2986041992592,2.78682709408335,0.16349463019832,0.235270793284777,0.864686664021434,0.198562705271745,1.0244441401298,9.80131649190119e-06,0.971438019878785,0.384510789206443,0.177265882655826,0.618418156607273,1.61490356078852,0.809520360735126,6.59520258676512,0.372144173125645,0.301148003151114,1.04715391514484,1.24653130569859,0.598886047848606,0.0266061384669239,91.2096045198984,19.1552348305427,3.26366940581708,22.2411078655275,19.6511486930773,14.8420468461666,1.09735119148759,3.2981801663922,10.4194815689025,0.29662520369305,5.45754416456829,6.01306181440876,1.85068282545065,1.20215434577779,2.34208276522988,0.0361878008159668,0.36079165063916,13.170150978577,0,0,0
P085,"Maquinaria para usos generales y especiales, sus partes y piezas, excepto electrodomésticos",0.0643781775353843,0.416384626706453,0.177935647958682,0,0.00121136453412665,0.535778212087805,0.131046716200501,0.0772674851397648,0.227703090146322,3.39955431157939,1.69612578931017,0.265639354769638,0.646364275536703,0.148830494280766,0.73221689222553,6.61991811310784,1.81431032304712,0.00140755474051606,1.32511498816807,0.0654729543278283,0,0,0,0,0,0,0.664942876018419,0.43568543781135,0.134008956995995,0.416225053102226,2.64130032803659,3.91437330601222,2.62210936268144,0.0211692185715103,0,2.42493852133826,0.652007982516841,0.0116649259974377,0.00618768857767506,0.0900187865484334,0.0309228879121328,0.0703826050807498,1.57088049912357,0.39032849595157,0.213725651170359,0.400152761470263,0.0794443784508687,0.038198415673257,0.0207741358451533,0.640979858605467,0.00118883550367287,3.90759376939272,2.1522363591546,0.852352599821911,0.154960258981949,2.6457267709578,2.19720245112444,0.299207146644289,2.81407637323115,1.49049884240899,0.00199398294927613,0.0806853120518495,2.38886551518535,0.388083664836713,2.17747240821954,0.296419865977424,1.16719027133542,0.785854479246266,0,0.196314486002352,0.126508505595584,1.12311092143907,0.862573526817349,4.67209472679138,2.34574263994073,6.6799179671067,2.15984980675263,0.262963695343566,1.93459959824009,2.02778147087063,0.232421836504011,5.12268149300581,1.35974688888787,0.466245619141341,11.5312023290314,0,0,1.79834989902498,0,0,0,0.0812908037506544,1.36294663434082,0.00262967286357548,9.94910817734932,3.02302235814835,0.456215466452646,3.59725108370936,1.35890241267357,4.51465601098272,26.6614293501023,7.99117891247523,17.052782341397,0.597099941422915,0.999909265678009,0.173358108792079,0,7.00320738059068,0,0.00277837740357475,0.465633527924162,0.139630215461478,0.0118116421681998,0.0020966279508542,0.00780620929421719,0.00112132883084088,1.07807285766979,0,0.00124152446966902,0.0231479686902795,2.48499153759516,1.93622743284963,0.16826584517262,0.829272771709541,4.79913093099549,0.175735248669849,0,0.832700607040148,0.510213057863517,0,1.98000236317568,17.6930487157925,2.84850568500775,2.2758291322165,6.18559006703037,3.4648360556425,0.607356205603155,0.0484610402985617,0.728482020607037,1.69722129038276,1.3443548858552,3.10861844571559,8.39815864040121,0.363455264560852,0.043546944034719,2.98536434075975,0,0.0312108944363335,0.25045606641423,0,0,0
P086,Electrodomésticos y sus partes,0,0,0,0,0,0,0,0,0,0,0,0,0,0,0,0,0,0,0,0,0,0,0,0,0,0,0,0,0,0,1.82110403146307e-13,0,0,2.13944757294456e-24,1.6273064515006e-24,0,2.62932037253805e-13,0,0,0,0,0,0,0,2.99185589497375e-14,4.92357890569117e-14,0,0,0,6.59302461868236e-12,0,9.91198876448829e-13,5.268251113133e-12,4.37636905881167e-13,0,0,0,0,0,0,0,0,0,0,0,9.40568803398101e-13,6.33307500772924e-14,8.71326547595603e-13,0,1.02807607533454e-15,0,0,3.49544004851765e-12,9.51496543773016e-11,0,1.34570902598358e-14,0,0,0,0,0,0,0,0,3.32525673663042e-12,0,0,0,0,0,0,0,0,1.46809350375261e-10,1.85412449282829e-12,0,0,0,0,0,7.85809302350504e-09,5.75833857847382e-14,0,0,0,1.66441998530019e-12,0,5.11112679957293e-12,0,1.99870953121462e-11,0,0,1.04698705912285e-12,1.21481826554764e-13,5.27041225417045e-13,0,0,0,0,0,0,0,0,0,8.2119866462449e-12,0,0,0,7.37379398789054e-13,0,9.60782274572747e-09,0,4.68805858543087e-09,0,0,7.86283918427196e-12,9.93775374491523e-14,0,1.40013910906425e-16,0,0,3.54788360842906e-09,8.77293949291813e-10,4.84570716885457e-13,2.37044411877108e-12,4.3312530497927e-09,2.02769658702584e-13,3.57316953802922e-12,7.46815803642775e-13,0,0,0
P087,"Maquinaria de oficina, contabilidad e informática, sus partes y piezas",0,0,0,0,0,0,0,0,0,0,0,0,0,0,0,0,0,0,0,0,0,0,0,0,0,0,0,0,0,0,0,0,0,7.08275772845143e-15,0,0,0,0,0,0,0,0,0,0,0,0,0,0,0,2.314806396694e-10,0,0,0,0,2.1106004856157e-11,0,0,0,0,0,1.78700152129488e-12,0,1.13478819982298e-11,0,0,0,0,6.37315266343143e-12,0,0,0,0,0,7.81729827896947e-11,0,0,0,0,5.80018772608167e-12,0,2.38095203682022e-12,0,0,0,0,0,0,0,0,0,0,5.73490656141174e-12,0,0,0,0,0,0,0,0,0,0,0,0,0,0,0,0,0,0,0,0,0,0,0,0,0,1.17136489725351e-13,0,0,0,0,0,0,0,0,0,0,0,0,0,1.00639341304998e-09,0,1.69908589896738e-11,0,1.31015718066174e-09,0,0,0,0,0,0,0,0,0,1.91035652991056e-08,0,0,0,0,0,0
P088,"Maquinaria y aparatos eléctricos, sus partes y piezas",0,0,0,0,0,0.0769335609731754,0.0193622749712636,0.0114163432475879,0.0336433446868976,0.0230918005310208,0,0.0224646952296022,0,0,0,0,0,0,0,0,0,0,0,0,0,0,0,0,0,0,1.6900826952214,1.80255647186011,0.193395823544049,2.5498711763465e-15,0,0.00353582486733066,0.013537441156428,0.00342257376030649,0.00303641289786619,0.00145786935834468,3.23343201436116e-05,0,0.143014553536722,0.0353586309289617,0.000463313915456027,0.00213910574161564,0.0348772865112931,0,0.030266232871136,0.0538418392001584,0.00325645723474916,0.124081421272727,0.0168210678590317,0.0171447208722854,0.0101612140537024,0.0251447992403566,0.0639718437700365,0.0203755269603123,0.00917735814753614,0.0114669807272572,0,0.00114940145569831,0.373358159827465,0.0351077928874849,0.0571852385302834,0.000477714940839614,0.0409837701011652,0.089812764210906,0,0.165031312062733,0.000157761015450529,0.00739730975887393,0.0911050657525946,0.150483767359266,0.0210801301952006,0.200251431312031,0.00976295904350431,0.0114289615329899,0.2443862388383,0.167989317068081,0.147641533466683,0.536093247872562,0.0561052082285137,0.0796837329065174,0,0,0,4.25629284395612,0,0,0,0.0173082554784906,7.99812197490734e-05,0,2.69912850793951,0.108052865099114,0.000738502229515566,1.96611642907045,2.85068149535032,2.70319391875489,2.83404140330654,2.2236314774944,0.792193704703428,0.908335618226734,1.12381918064118,0.0907721553092352,0,0.346978330811528,0,0.00798102005415155,0.10842951075936,5.25896753398776,0.0157217657714754,0,0,5.1619209572586e-05,0.00157237030753899,5.39019407489135e-07,0.000462070693970883,0.000170262833427548,0.435616205201886,0.0836063836484863,0.210653014396054,0.430859842620314,0.506235121867,7.57286068940354e-05,0,0.202016798494275,0.00568336765132266,0,0.00935074748462527,3.46212559626783,0.588935028251357,2.2745583362981e-06,0.0131005075121006,1.88404312315062,1.12658225512335,0.0233263890083627,0.0677200037122251,0.190450933272169,0.0375384517375479,0.120147152149749,0.13210726189326,0.0199372228486457,0.188547094458108,0.150161398737484,0,0.00169886105032306,0.0218057016723798,0,0,0
P089,"Equipo y aparatos de radio, televisión y comunicaciones",0,0,0,0,0,0,0,0,0,0,0,0,0,0,0,0,0,0,0,0,0,0,0,0,0,0,0,0,0,0,0,0,0,0,0,0,0,0,0,0,0,0,0,0,0,0,0,0,0,0,0,0,0,0,0,0,0,0,0,0,0,0,0,0,0,0,0,0,0,0,0,0,0,0,0,0,0,0,0,0,0,0,0,0,0,0,0,0,0,0,0,0,0,0,0,0,0,0,0,0,0,0,0,0,0,0,0,0,0,0,0,0,0,0,0,0,0,0,0,0,0,0,0,0,0,0,0,0,0,0,0,0,0,0,0,0,0,0,0,0,0,0,0,0,0,0,0,0,0,0,0,0
P090,"Aparatos médicos, instrumentos ópticos y de precisión, relojes",0,0,0,0,0,0,0,0,0,0,0,0,0,0,0,0,0,0,0,0,0,0,0,0,0,0,0,0,0.0208474216652275,0.0140706801004497,0.134376185310459,0.48088471419374,0,0,0.00340313060446263,0,0.00445824216278757,0,0,0,0,0,0.000522427633102255,0.000161393395530864,0,0.000434088845462302,0,0,0,0,0,0.0177912856905228,0.00130687831496891,5.16597821115618e-07,0.00051094869287127,0,0,0,0.0233363399225617,0.0183954780692852,0,3.54164943812445e-05,0,0.0500123052783916,0.0585013251046036,0.136460596884483,0.109211598514923,0.00269085187059335,0,0,0.00214470023705216,0.0451093903012359,0.0082605404055445,0.00949026196618536,1.03882553690043e-05,0.101242130129081,0.118057381072304,0.00146006551315351,0.0177913862548102,0,0,0,0,0.000385358653232144,0,0,0,0,0,0.136772123388281,0,1.02075267633894e-05,0.000149550337746641,0.00917797092136483,0.0836770866172711,0.0173140672638081,0,5.87503548773119e-18,4.24417412276146e-17,0,0.00458136087537041,0.000139523686358581,0,0,0,0.00514010275440659,0,0.0846921390283158,0,0.162951481284389,0.0533724563155745,0.223426615334768,0.000995534345427261,0.000524969545690738,0.00227754711148352,0,0,0,6.35344177715989e-05,0,0.015713456146404,0.0676523955561842,0.202066995595996,0,3.60688334396488e-05,0,0,0.00433163588399466,6.82261521103949e-15,0,1.81781886655142e-17,0.116966579625382,0.101053723679212,1.94991245135471e-14,0.0693715078934105,0.34934080121057,0.0168777027537955,0.0816304074920815,0.124016910047775,0.0582795491533489,0.000113008262720923,0.12565273837277,1.04972105715778,0.975542625765223,1.18857043831464,1.53643841299347,0,0.00945033872977203,0.100923250838232,0,0,0
P091,Equipo de transporte,0,0,0,0,0,0.045929642785567,0.011559355393105,0.00681560245809961,0.0200852109798958,0.328134283719336,0,0.534496446605784,0,0,0.101995620803463,0.117286521159408,0,0.0285397957074212,0,0.0471941644606319,0.198631889979489,0.124441927351572,0,0.124155371739774,0,0,0.0547119848529954,0.020693064383771,0,0,0.649335948615597,2.99246132863127,3.05761653470453,0.826980955079761,0.0917394855670041,0.859178304315755,0.0573722732712832,0.0237302972261132,0.01959439123438,0.200070757192054,0.0418034276404066,0.143120397751876,0.327989595148998,0.118016338113554,0.284887390938635,0.591148734229601,0.0844443029481135,0.0639599190935648,0.0481941773859088,0.830780683039759,0.0498922133361347,0.0226034124740032,1.58572869100807,0.139988772222075,0.137469968950863,0.0107645442203089,0.945737379729209,0.19432732613002,0.589650170968086,0.623309445856446,0.313279432030717,0.363319772337066,0.381173114632341,0.110178021118327,0.141771804129973,0.808425543599208,0.278634629299516,0.0196954828388144,0,0.0273914415539731,0.0744447063804062,0,0.0827115158499663,0.133166879764509,0.114140929662968,1.37747729371273,0.248168719297907,0.31519462289998,1.34288439454642,0.836775927753968,0.0269400093095505,0.321984398725581,0.230684986725758,0.773420298991243,0.0401689531351239,0,0,0.509599046088015,0,0.00173347331226562,0.0851384107673273,0.117479513278801,0.365200153199183,0.0166186545911997,2.74060944234994,0.0874656955529746,0.194011533947766,0.159650239330286,0,0.265516452117605,2.87741078897687,8.06232777616025,3.28066413878744,10.3196079233631,16.88814662006,0.822693926152324,0,1.96298108323933,0.611886246833863,1.14782472047457,1.26543534771065,0.631408907365734,0.000161817521593593,0.00080674278062379,0.0126392308618989,0.000578124174094966,0.509814998477672,2.76766073696807e-06,0.57972819649745,0.279156465335637,0.0704177076849724,1.1890980994264,0.688727325747665,0.867413506193689,0.675009906727021,0.364277361414143,0.0711498320179577,0.458917425310972,0.0596632369528546,0.151463777424766,0.625515308899465,2.11951887340238,0.0548302317102094,1.6840470627881e-12,0.262170407092726,1.7952807476758,0.174550093075615,0,0,0,0,0.715739492418907,0.127325503803074,0.54861501253121,0.479246679701195,0.524792209488876,0.0383026985587401,0.307137149284862,0.399776866933937,0,0,0
P092,Muebles,0,0,0,0,0,0,0,0,0,0,0,0,0,0,0,0,0,0,0,0,0,0,0,0,0,0,0,0,0,0,0,0,0,0,0,0,0,0,0,0,0,0,0,0,0,0,0,0,0,0,0,0,0,0,0,0,0,0,0,0,0,0,0,0,0,0,0,0,0,0,0,0,0,0,0,0,0,0,0,0,0,0,0,0,0,0,0,0,0,0,0,5.83379783433731,0,0,0,0,0,59.0893249987653,46.0180649116478,0.375545567555888,5.19003275412218,0,0,0,0,0,0,0,0,0,0,0,0,0,0,0,0,0,6.21182863638595e-20,0,0,0,0,0,0,0,0,0,0,0,0,5.20009547236451e-15,0,0,0,0,0,0,0,0,0,0,0,0,0,0.0880110774054268,0,9.48373527881903e-17,0,0,0,0
P093,Otros artículos n.c.p.,5.93636752337304e-05,0,0,0,0,1.14244915235815,0.289482954887746,0.168676086846914,0.493921785959756,0.858754834790593,3.55660609299905,0,0,0,0.00106941706774372,0.432682606194809,0.699169531769429,1.33719931068203,0.19859272143833,0,7.15013159843344,1.61633006799357,1.3246097529618,1.37159145044914,0.715522268298872,0.769459937932065,0,0,0.104942682113136,0.386531023939918,0.0275724127536902,0.194231721397573,10.8574789080096,0,0.0116255769640896,0.446322307521555,2.56791543560446,0.0471932479476934,0.0410802277742233,0.306053207160145,0.0973103437979947,0.303207168997488,2.1193846648061,0.55090329174609,0.264798670212738,0.434001744782338,0.0446181108916457,0.0240983980761924,0.0691721971480884,0.458800687469268,0.0881232660354343,1.29554229634749,3.40969473487288,0.48749291767281,0.13977913604568,1.13724382234351,3.96817400189924,0.779476161474328,11.5671026551608,12.9729179973407,0.820366961897086,0.106182466850399,0.242247245635579,0.0812964028333731,0.20547246284855,0.923583858448074,1.85437549749329,0.00178145329793819,0,0.00340023943692791,0.00446806186415417,1.12020242209782,5.11317291314342,3.94585758896304,6.33066237459965,3.01682585623285,1.43186000150124,0.204214315288125,1.820169792027,0.0540148586052748,0.0544578632107284,0.11337957952791,0.801978654914176,0.975443203529236,2.21350831316679,0,0,0.0141846110335656,0,0.0051808993884097,0.0312096963033527,0.843849349745489,16.6360679157865,4.96598233528066,1.16734350453002,0.740331170071947,4.93310135409966,40.6278070060756,0,3.49986799810726,8.97356615392986,23.4378587750466,10.3722813396456,1.57903673388783,4.56092453053199,0.139750563715353,0.100642605338485,7.57994313717696,2.16767500551073,9.60649693830984,19.3390575608143,8.89612782599678,25.5475335983591,0.929089162947207,4.38760591561454,0.549095678376872,1.73307868052756,2.86923783399282e-05,6.26019654124736,10.6268745208033,9.88095950055461,0.136487988192726,6.88220978064565,7.08559408732292,0.866263095434272,4.13878254221493,0.598574830046768,2.278727485138,8.69454690136734,0.821691571227009,1.97397039146592,3.06615301976208,3.68992586977968,0,0.0685134300920863,39.155676176049,17.5296782808822,1.11800434871913,1.93876479952408,2.52798059831418,0.0194901173897805,11.7884670480252,6.93558632833274,10.1811842103065,6.27449018726578,11.7778722439697,0.163382915255089,3.40794954290464,25.2150725290665,0,0,0
P094,Residuos y desechos,0,0,0,0,0,0,0,0,0,0,0,0,0,0,0,0,0,0,0,0,95.1692189956064,0,0,82.113531749782,0,0,0,0,0,0,0,0.0422585620415243,0,0,0,0,0,0,0.561858050682868,0,0,0,0,0,0,0,0.176530746070117,0,0,0,0,1.11896635272986,0,104.332316176698,2.86699925010588,0,0,0,12.2480025155084,0,0,4.97428356442668e-14,0,18.4457134253498,13.566003531854,0,0,0,0,0,0.983394997142152,0,7.06478060859183,5.44265648109155,0.565043770312306,84.2769245194873,0,0,3.28739646753821,0,0.0460940998873119,318.483929662272,0,0.00388599556614427,0.532739554578216,0,0,1.12018728950624,0,0.0801080314231392,1.06942720959602,0.0796397660518184,1.27420299170314,32.5565199550643,9.33115586266551,0,15.3944502924921,0,0,0,2.34003447698498e-16,1.30300533048976,21.8229160142977,0,10.1095488438467,0,0,0.000753419602594751,0,0,0.0776234345740736,0,0,0,0,0,0,0,0,0,0.127564091576307,0.00336800319609114,0.345830555785858,0,0.0886668284672768,0,0,0,0.384054856735738,0,0,1.72180543781696,0.703764807401702,0,0.0431895383723565,0.00411952528523292,0.0364138647583269,0,8.8640608541098e-05,0,0,0,0.165006440347331,0,0.457793007775731,0.0107728831924404,0,1.79034724932241,0,0,0,0
P095,"Generación y distribución de energía eléctrica, gas, vapor y aire acondicionado",6.6503646431738,0.0263654552088076,2.28243204654516,0,0.143680832976883,41.1655640916165,9.48165488143107,5.59776767004525,16.471284063128,0,36.7551521620301,50.9678178354016,2.49770318086478,21.2054489487334,0.97806120976611,10.153500233422,1.28881806172659,91.9546605095483,2.2424579347222,0,13.2609626013748,10.7246067150235,46.3054250479114,6.6924258426816,46.8316283928432,0.705384522775498,1.50737954660812,1.22862393760112,2.73622910169033,18.0398505490468,5.34637089750496,190.285103330983,75.7585952987892,12.5821690344504,3.0006752396842,78.7906165920775,31.1936617457018,12.8726839213918,9.198842804664,22.1841706376981,6.55792888079053,16.3299377290819,43.3836674949852,12.1907687299569,10.2498231977452,18.2908234228516,76.4952424905673,4.09468336469013,16.9163600040282,40.304237569439,29.9691315976962,176.615464384519,126.553190185563,31.5427048923322,29.6355761235441,50.9573941030467,72.1653479324858,9.84535727440918,165.339921041972,109.145396235301,12.9759222525964,14.0083854531017,79.7774978699892,18.96863896716,36.0539523103639,5.81418697394657,32.2561798302631,0.155663120676869,0,0.508102039474487,9.01747711941546,10.7399417382208,36.1988859334368,58.5961749315444,31.6476455591797,310.129711196124,30.6772078180316,46.8091755301655,321.353467732444,24.2098108095045,1.85648716496029,224.882390195722,33.4232080702126,64.4539693341744,7.29534805075863,0,0,21.3267981011412,0,0.166841922087507,13.6698333730076,43.8098615453661,34.8767387195495,21.3658630680915,514.001047952937,315.310094326827,8.77443129806614,12.9224408020198,28.8989588557538,7.05563422988303,36.1748296527857,935.763558946379,89.5652766838341,54.7642486676837,87.0504069341555,2.23443315897722,9.76950809917432,130.663862010631,4.32328300126055,89.7396143719216,361.185824526868,42.2503308340966,5.84419050444459,33.8088487382859,134.425200370562,8.33657851594726,29.0170386472503,0.000126044755130772,274.159090528141,18.9173498738428,13.5609447927277,17.1886066417952,49.0282827855075,33.0874321387693,29.1043349635159,15.3920019812291,2.73000679742645,7.43223145718815,17.8055066977352,41.631848900563,42.9276128810718,23.7932914408911,15.765407648629,4.31016919523948,0.330282063797628,421.082206480738,611.440660726513,22.2896353394605,45.9889899523062,75.3990893777389,4.09586419343536,112.854751351168,111.265140030039,43.2508606704191,40.1433091157312,80.1263742791693,7.5387979947332,32.631656104384,83.5201672700303,0,0,0
P096,Agua natural y distribución de agua natural,28.914241679837,6.07557496121834,2.59630470989523,1.88126476944575,0.849291864534536,24.7578894088891,5.82774042819562,3.43613987431065,10.126117941334,253.67941450865,6.34924666955046,128.735404198393,3.2390963257257,11.9870591102685,13.3452960081814,31.9212885366985,12.1179293224682,9.95958656876186,2.05473215090936,0.593914386361799,2.60867536084122,7.78462920011678,4.52958720252737,1.64616718641636,0.0783894042613686,0,0.364295687562491,0.3964755783105,0.26241809209967,1.72369754953952,0.469352958708598,9.61089194139675,10.2899613794693,12.2229035744882,1.59105512748435,9.35365466266082,1.37962453383959,0.614477249480993,0.329297267474727,4.79508265538178,1.44415035979072,4.33053635434562,5.34260230757688,1.53567130514652,2.24590709809469,4.28789102961758,1.32013343362492,0.200518659758162,3.84457765187924,12.1348653223827,9.89415377797145,52.2477200859779,24.4635379366351,1.14161771953156,2.98870388028265,3.59278846135549,42.5631086926028,6.94472355116422,12.87828012559,6.76650775058332,2.04547652331995,4.92056653373488,1.41041579242618,2.79349092759835,5.71887084421505,2.50926505720154,2.11239989419976,0.0132723948823105,0,0.0433225986931845,0.560187443840224,0.530938060944102,10.0523758459642,2.57735779418879,3.86029695765086,24.4635136265846,0.0695541890478305,8.32508870091457,2.13724122334149,15.275139260968,0.360159180040041,5.75740091533075,3.78549419986046,10.5259735737839,0.247605758007285,0,0,2.10040359838808,0,0.069775825875047,0.870200719333101,16.42333027748,8.06323154697647,9.96917331536364,19.1645218608594,53.3265875014856,6.99675459846791,18.2640183242964,10.6447303177434,1.8376514735986,6.06129490970833,260.097286845866,29.8023102296147,23.8275315261192,36.8357834787162,0.192638622795965,0.912940192887632,14.9377213106855,2.58270194900958,24.3677731274278,107.735565803899,6.16004371925276,0.332248308385422,4.20212422821586,15.1438410921814,1.03523187444698,1.84866145309081,0.000542332904247517,90.9991746114963,5.79101698773131,2.89038238525257,3.1895786420646,18.1758101300979,15.7806679508182,8.8673385828534,5.16955169021966,0.831029250657929,4.80122980710572,8.40587266831013,7.28332619936227,7.72947219323639,2.46592512910216,2.78273290051952,5.28060914065337,0.0207998763079727,63.7232114485983,32.9030313098309,25.3535064795795,23.1398971659281,77.4021195315163,3.32866850368119,62.0589631909553,45.7361406546669,21.4960505138925,16.1110435253108,10.9096865797514,0.768187174761782,4.28282537187059,20.0707154249411,0,0,0
P097,"Evacuación de aguas residuales, recogida, tratamiento y eliminación de desechos",1.48916836287014e-06,0,0,0,0,0,0,0,0,0,0,0,0,0,0,0,0,0.000259862521031913,0,0,0,0,0,0,0,0,0.000155102821505974,0,0,0,0.0136177236082758,5.80044544826051,1.55498869878939,0.0492250261734869,0.0237284962950708,2.86625222461412,0.956998291155658,0.815560330428783,0.709919439636125,0.338322922027887,0.108056151337471,0.244661353831745,0.00761595714204333,0.0227848055197125,0.556926515343006,0.989553280515144,0.164776228243536,0.179214124727719,0.675732222267073,10.0533303455859,18.0582575927441,0.00474848473571665,3.38934930041505,0.00379325659742361,0.200703081752143,0.0890281721468184,0.00351417878755248,0.000487516431047374,1.88042275370259,9.60632046825822,0.0616034716739027,0.495732714382016,0.691266757850581,0.0596281850723659,0.168933220954399,0.0431364176450861,1.45473003142155,0.000339677424837896,0,0.00110874554983288,0.992025897552145,0.375040787084328,0.496498894441849,0.0239094224592814,0,1.35337386300941,0,2.5435538389106,1.71240904193094,0.666174189502846,0.0383463675173399,0,0.234801027137236,2.72547767766387,0.568194906154952,0,0,0.0214596475888724,0,0.27852517079613,0,3.33442346788157,0.399352500442033,0.00397715105535536,3.29557605497498,7.85824021482892,0.00206350083750952,0.677215579957212,7.63415198839026e-05,1.36403026854807,2.51931708891616,29.3681849835349,15.0705765410339,1.98038889974683,2.08631431554578,0.00367033813053228,0,3.39147945787071,1.34278421215813,3.54135305771947,24.4100364907996,0.68550988961022,0.000358951515709756,0.000186287185966503,5.79285031776885e-05,0.000182009953750041,0,0,1.41937282530659,1.10153342565966,0.0935413839110811,0.528379786258675,0.713072330907582,0.96236487963248,2.34171890474421,0.41191830013329,0.11684646152023,0.142509278627031,0.866307882047695,0,3.64995837819721,0.810874950771071,0.686254140297025,0.000594086886078926,0,22.1515258340029,3.28175980101855,1.70334220233803,2.17069971565688,2.1436220574729,0.435776180416096,9.25806403226721,5.73022024467857,13.2827270017909,20.3479004416172,0.862778645469418,0.000755939307274424,0.13051610655953,7.45279914435268,0,0,0
P098,Edificaciones residenciales,0,0,0,0,0,0,0,0,0,0,0,0,0,0,0,0,0,0,0,0,0,0,0,0,0,0,0,0,0,0,0,0,0,0,0,0,0,0,0,0,0,0,0,0,0,0,0,0,0,0,0,0,0,0,0,0,0,0,0,0,0,0,0,0,0,0,0,0,0,0,0,0,0,0,0,0,0,0,0,0,0,0,0,0,0,0,0,0,0,0,0,0,0,0,0,0,0,0,0,0,0,0,0,0,0,0,0,0,0,0,0,0,0,0,0,0,0,0,0,0,0,0,0,0,0,0,0,0,0,0,0,0,0,0,0,0,0,0,0,0,0,0,0,0,0,0,0,0,0,0,0,0
P099,Edificaciones no residenciales,0,0,0,0,0,0,0,0,0,0,0,0,0,0,0,0,0,0,0,0,0,0,0,0,0,0,0,0,0,0,0,0,0,0,0,0,0,0,0,0,0,0,0,0,0,0,0,0,0,0,0,0,0,0,0,0,0,0,0,0,0,0,0,0,0,0,0,0,0,0,0,0,0,0,0,0,0,0,0,0,0,0,0,0,0,0,0,0,0,0,0,0,0,0,0,0,0,0,0,0,0,0,0,0,0,0,0,0,0,0,0,0,0,0,0,0,0,0,0,0,0,0,0,0,0,0,0,0,0,0,0,0,0,0,0,0,0,0,0,0,0,0,0,0,0,0,0,0,0,0,0,0
P100,Obras de ingeniería civil,0,0,0,0,0,0,0,0,0,0,0,0,0,0,0,0,0,0,0,0,0,0,0,0,0,0,0,0,0,0,0,0,0,0,0,0,0,0,0,0,0,0,0,0,0,0,0,0,0,0,0,0,0,0,0,0,0,0,0,0,0,0,0,0,0,0,0,0,0,0,0,0,0,0,0,0,0,0,0,0,0,0,0,0,0,0,0,0,0,0,0,0,0,0,0,0,0,0,0,0,0,0,0,0,0,0,0,0,0,0,0,0,0,0,0,0,0,0,0,0,0,0,0,0,0,0,0,0,0,0,0,0,0,0,0,0,0,0,0,0,0,0,0,0,0,0,0,0,0,0,0,0
P101,Servicios generales y especializados de construcción,0,0,0,0,0,3.24433157360036,0.821253783643522,0.484225903276843,1.42698748775876,42.8965234676735,12.7449076915028,3.40748958269875,0,0,0,0,0,2.60333176170031,4.07197311933598,0,11.1758278983015,1.91640486260287,0,6.98821143112926,0,0,1.08421921876436,0.0368386147788751,0.41606369459524,2.7329212139603,24.5636419069659,40.31294609942,5.58147458419606,3.63077760612299e-05,0.00117858170482144,32.4519219986495,12.2945799921881,1.04792645522206,0.914479465631441,7.0700717328839,2.14560937989618,6.50883795105271,18.3991325898151,4.61155739886126,2.54465599520162,4.79783272985706,1.00362492769777,0.00359628557121891,3.49446640435265,7.14387902707252,7.80191142900167e-05,67.774957564695,17.3487011314004,12.6679874352863,4.60706838210071,13.4383346479946,13.1028259723408,2.98547618829585,19.7303283169833,51.0871667564641,11.7115984446333,3.08019219403562,2.42196121010521,1.62840916570086,3.44619570060344,1.75788614908717,10.3668303727598,0.687978018425546,0,2.22521610474759,3.94972324829845,4.44945317066651,9.52270106980933,4.85689752782798,9.90855449109566,33.0117599471048,1.7312883647738,0,20.5683173403417,2.2939350032951,23.5671590254039,2.79062250446135,8.82187686985512,2.64325075033831,2.24361868254653,0,0,3.30119687897064,0,0.0178202049322296,7.80644298282099,0.0239036633600428,2.47454932558138,0.0238946723422426,240.855860207115,94.9555163049023,3.46903905337262,115.969531570083,330.063729460922,724.043500369838,519.419683291823,1042.31749307985,41.8595524806219,7.13979045757722,65.2896376181533,2.25474354375302,1.64463756983179,50.2168855896823,4.61822869099345,81.847272495821,216.898283124352,207.071204997438,12.4188355878536,28.9647062705782,115.944367423426,8.41800735406883,12.3013366152655,1367.6273550882,625.665199958884,19.8255891474662,5.22025273282985,5.05790896827537,58.6733757267518,35.6779650756301,10.4216538460288,8.68337029885291,6.57906071960541,12.8751124007805,14.4896526805173,13.9772149879215,16.1719561436411,127.168686233839,7.00374459675728,7.35419341766497,1.57759814059385,7.62205216382592,1223.72246309352,68.9847620292172,900.309111092649,40.194732465905,8.18415024355657,149.604568901089,47.3595734981782,55.9930895093261,28.7155193746813,52.6449505202244,6.34971793066497,73.8691446509918,13.2743071792111,0,0,0
P102,Servicios de comercio,208.410116552242,79.0621017084489,37.3684013717135,6.77304197954063,5.36945586556301,174.008763948782,44.6626897297057,22.9286358620704,123.946523014571,219.937802378989,35.6602117278532,241.028316839976,41.0788925182234,62.7166493246304,95.2580102727471,169.238319918767,61.6253400984336,108.098264252049,34.7124161912078,12.3127670570343,99.9795439080762,44.980036707557,242.532738312661,122.866626400868,61.7109198613493,5.35677218381504,75.0919345764845,7.04722339987026,60.648974911046,38.2575536164213,88.7275760050696,149.198585374296,82.8482679135075,132.809402581195,45.3517984459984,432.628900195226,119.389268758419,35.3610821471253,38.8659302346039,87.9795213033842,51.9009587437379,71.6986776747481,104.433397116555,31.1707103198009,64.429989237045,113.595224105223,30.7694330078668,28.5006823319798,60.1803412318151,462.122700904334,386.982426074252,114.109587720382,344.346258334109,265.319333325877,67.4917029581176,70.5998365761113,435.233273322821,31.4491334591226,232.543468234949,273.920858969591,55.0185087897075,69.0432034158918,194.395384631379,201.793928482647,307.098584389672,59.1456142081828,139.344971167836,2.04466934920332,0,7.2612312296184,299.456919780204,65.7466493102113,228.747427645874,125.124831719344,160.238748922323,360.872145143261,49.7001447792391,92.8359059616621,149.129840901861,108.448221548212,29.0043796103225,396.396816692093,103.019317362768,174.111389417496,167.746187959367,0,0,102.876829753759,0,4.02238714929076,40.8647802572166,226.470532171981,81.0932763926269,50.9377947530056,357.073120235603,113.169148336919,33.6128446491593,803.299348774378,392.438244974048,518.102476670598,554.482299732892,945.075597443602,295.586406933818,484.81793448783,972.213753873798,17.025363649306,1.69538115605773,113.391794582551,31.6071372269245,70.209861940423,1493.98533485465,311.284330217212,11.5370808732491,14.0049944067968,53.5457010308315,4.22115920499456,25.5654929787458,7.56707071637188e-05,56.7474166130954,32.7394415042662,56.747003907061,36.8175524343263,51.7924607094449,87.6797029297151,73.1609401202282,26.6507246292283,7.26525276385863,30.9392828759734,17.0243128091354,8.25176537808164,32.366540947217,361.992164710029,45.9722246675077,24.0461983888353,26.3153685631551,255.929406200568,298.20353906446,17.2014108461761,38.4882558474671,92.7369554177765,4.5701650978649,152.765064671571,141.952759122731,132.685728941552,75.2462260725198,57.2726025136117,2.32345776545146,28.8296157278559,93.3437074706011,0,0,0
P103,Mantenimiento y reparación de vehículos automotores y motocicletas,0.682818530581284,0,0,0,0.0200796739407832,1.00432657667189,0.253001815753329,0.149174390674119,0.4396088427849,117.18619140844,2.55626180128546,3.12908169980078,0,0,0.854628051792536,5.22559259523845,0,49.8615802611474,4.2008073126972,0,2.06769686319209,0,0,1.30285759196802,0,0,23.6855829822876,0.833829758559095,0.927310094252701,6.09105158999308,0.663970516079919,6.29463269068248,15.2838302636863,19.7411284505762,0.032561662081382,41.6884942496207,14.0478389237546,0,3.45339543263318,4.22708787897077,1.20713354144948,3.5561727573109,6.5693450748626,2.35895405208273,1.73605719517353,2.9506902751739,1.00841469459101,0.357738983433352,1.27675801552402,5.99136069674661,0.474187180849598,3.51587708189549,34.7446732764818,9.08057188406862,1.07391711190887,0.175655057686093,22.477211151963,3.94078089471017,5.75462352018564,4.78604472489629,7.79540331907107,1.89017269760389,9.40967815064817,0.887941520947366,1.67111076478709,4.10645631896864,8.98514797209508,0.014534041932229,0,0.0473704803994973,1.31569191461602,4.36353342234505,7.57634527995952,9.19459832881316,4.03757669159812,21.9448805121251,0.351097893044905,0.507307554005277,22.4502712499736,20.8910000836252,0.114427630303228,1.89137540925876,1.53504476917981,5.11704292765068,3.95149756300006,0,0,1.53008735572292,0,0.0208515048070174,0.362329940773524,14.5633682506315,1.9549590320565,52.235340474806,9.27069250014546,12.2344501003575,29.5253039213208,0.659433958402614,0.659433958402614,9.78895416108997,50.7980091700352,428.42047877578,31.0465711472454,239.875293946815,394.541977173097,0.989740106527519,1.38910614787857,10.9535532182987,16.9051177767025,9.76453019533252,22.5192448948428,18.4808298699922,1.02162973349918,2.6184717631375,10.7665370792656,0.927453606052384,14.9938495885667,3.09743960960449e-05,26.5633089317093,7.80781273404971,12.7782974164189,11.2638408390486,9.37298509263655,8.86838228953991,154.012671631858,9.18073393537795,3.88010965013164,27.8096032837425,2.64465298100616,2.94480021026088,12.7211533703374,23.3644512229848,4.35019025320216,10.3089855018576,1.32868386988505,1.25425656242388,54.3417131318726,5.3700004070605,12.7475073177033,61.45440648488,0.88730499913239,27.4171644858006,10.7676675084974,8.23564375658045,12.650142961725,7.57692599255416,0.894421993346012,26.7184852031215,13.5731513568569,0,0,0
P104,Servicio de transporte de pasajeros por vía terrestre,0,0,0,0,0,0,0,0,0,0,0,0,0,0,0,0,0,0,3.96631390793729,0,0,0,0,0,0,0,0,0,0,0,1.63108484339734e-06,0,0.00374961350884806,0,0,0.00152044431221245,0.000400072011588494,0,0,0,0,0,0.00705300452238526,0.0021441841862314,0,0.00010393418933509,0.040205315381389,0,0.172404532294212,1.23250885630887,7.17750663036945e-07,0,0.152256270865289,4.84332788343323e-06,0.0643384329961248,0.0173638797352832,0,0,0.0903690626248029,0.00119703747213097,0,0.300548863850288,0.000485922029699348,0.130685096207139,0.061046104011183,0.659643598166511,0.000609301667207603,0,0,0,0.00016124441050028,0.00317963346459192,0,0.0642290923848198,8.90248865398102e-05,0.200808656167778,0,0,3.96322691678486e-06,0,0,1.90986079852305,0.000443485661861119,0.00483366719744234,0.00276211760820551,0,0,0.00114506444280578,0,0,0,0.00040250225909583,0.0001593869386871,0,0.650609669929638,0.346587575989973,0,0.0130475911679898,0.0130475911679898,0,0.023131641141653,58.6887233119658,5.10450098254922,23.7072537069862,0.431301094897589,0.102303570521869,0.0146099786915259,5.25972008893806,0.0322994227095277,0.0359047157306792,0.215059347036483,0.597306540237166,0.0849421816882004,3.80360748176141,11.0485750244149,0.270782587012834,1.02342797778265,0,0.449847273773452,0.760169870753647,0.200598813289529,1.35880670504126,2.1162005087187,0.856078009484115,1.37707197981881,1.23359445272499,1.28044985927322,1.57415419535371,0.194547731991355,0.0124800076163012,1.27783165061322,0.00391308154961334,0.0852585965838011,6.8902342858839,0.0510542602445187,0.030023771044074,30.5675323280158,26.2442714481214,16.1864824852298,17.3443522883335,0.0370780184439185,29.0615844844344,0.954734216169096,2.73343655235444,1.81844567616713,10.8384852183693,0.102831338234093,2.26133303461138,11.3004085187586,0,0,0
P105,Servicio de transporte de carga por vía terrestre,16.7064556379151,7.92506835669504,4.98052371347803,2.45484660769611,0.457508240237372,53.4408320412997,14.3662862166557,7.74045025223316,25.0355551650872,154.55610418433,6.69904693264013,226.562558673472,23.3420315793174,7.38658890081199,129.889231896621,71.9260635750028,21.9907645926769,35.2447069669546,10.9232116646279,0.418107295160769,9.6284377726391,7.3582117655462,42.5462818542267,6.57292536961427,5.83558609501525,0.383088689517632,204.76943843032,7.17870833102091,1.20380988667053,5.30000294936078,5.13454174212191,18.9286786914973,9.95019829056284,215.007733263411,18.1769626039851,153.121087522269,16.9892691987751,10.0825908979558,5.82079682306904,14.651276132957,9.68405359543667,17.0089388572829,45.8646116723608,13.2663272577965,24.8510610593941,43.6349698350326,100.682757491814,6.26000555883918,23.0224536670668,70.6982886913131,27.7625635707013,577.22108513904,95.4977996728492,40.0815092129696,12.841314352625,21.5415835550238,260.970570995478,40.2722409004443,16.6408606336794,54.5345516320445,7.96857325444672,5.55051485974641,88.5380832686891,33.117647052812,36.0696818823931,14.7437057275667,17.2401195784025,0.130133494058268,0,0.416604780689769,34.4265882186865,6.99015441298079,17.9264664947267,96.7918255557866,33.4242854961352,75.3345608769947,36.8534889179871,30.1652433985743,173.192617337516,28.7591161764004,4.57428545451089,103.727754692555,9.79829438868063,15.7955747246721,7.50484905302995,0,0,3.32864615166058,0,0.343875577309018,0.522680786203364,27.6444805747877,8.05180571041016,1.34411094732921,24.4859109358625,9.55306987751276,1.01394587534639,54.3389418244062,31.5432675833191,225.227722706605,103.958339591538,1581.4449801114,37.3784847897401,4.31517521692811,87.1291870829869,1.06627509311809,4.55963120721799,248.684662191766,56.1755615256397,5.31491375132478,179.133158971532,29.9723474753709,0.381961646482515,21.6186595210172,90.3736075799553,3.09064343585644,5.05491237050724,3.46256273990853e-05,23.4943394754156,4.03775255917428,7.98862913040019,16.6102395204849,2.54220516670845,21.0245552351162,10.5547728990108,4.81926271049061,1.50409311233633,6.37128780687146,0.849712356207159,0.170004939363158,6.01886786898876,66.605050757365,1.59911841134517,16.350576621691,0.59628170863415,20.2361000192141,35.547088411211,1.3342934216627,13.1834554387309,13.4469114582494,0.0867522466257128,11.5860455656719,12.2661627550619,5.27773003201905,4.30544850356132,5.71762262261742,0.376001610403549,13.753237602059,4.63906814229408,0,0,0
P106,Otros tipos de transporte,0,0,0,0,0,0,0,0,0,0,0.699536539975403,1.09615540698712,0,0,0,0,0,0,0,0,0,0,0,0,0,0,0,0,0,0,2.23670521731994,2.65912552570512,0.835833836485678,0,0,0.17201231560483,0.0357774454292185,0,0.136806563978023,0.0759999995258784,0.0234999998557103,0.0699999995660704,0.0403178941807076,0.0102294713972204,0.393297213199089,0.666358732063743,0,0.000129999934815371,2.43830955762335e-05,0,0,0.449999998392534,0.747845571093123,0.86897366993544,0,0,0.491999997300563,0.0799999995172812,1.72546738312726,0.0444894054639908,0,0.136245915590224,0.225785615700956,0.0429999998698639,0.0898999996925208,0.010100421585081,0.000591312094483199,0.170654721545519,0,0.203288029171064,0.430733757020432,0,0.689999996858119,0.0354565080547905,0.749999996577253,0.228940328972611,0.941030237482678,0,1.89184040795644,0.0104813485579836,0,1.33295722043409,0,0,0.149999999111358,0,0,0,0,0,0,1.03162264855904,0.00227823132231716,0.000285625190486607,1.52308777638056,1.43091688681253e-15,0.769702531108439,0,0,2.70209787712495e-05,0.0276376493042697,14.5055839267883,0.941748261271506,0.757850821957628,3.97863870105755,0.573065328870733,0.0440833565169691,0.676512293047212,10.9999999455758,0.940437910256034,0.918885244463308,3.03442140485559,0.286057699874373,0.603946708291672,3.07492753663027,0.409999997422072,3.88578842050461,0,2.89999998623701,0.53077155123183,0.613169045469741,1.49999999376871,1.81145357161165,3.44341889434973,1.65586917105659,1.25801851964857,0.915092788592111,0.609999996922418,6.39092784258398e-05,0.204683471443608,0.970902708142157,0.104598968228057,0.0840863349866294,0.0223884737935757,0.711965682878897,0.508769057201082,1.31713358896782,3.10815482451971,1.37483513923967,0.956095487400437,0.0396733312308384,3.49578722024725,1.32352886308034,1.77980480154404,1.90474236972163,4.25579119482833,1.87520553004779,4.33310333316715,0.079820083491007,0,0,0
P107,Servicios de almacenamiento y depósito,0,0,0,0,0,0,0,0,0,0,0,0,0,0,0,9.46462271399412,0,0,0,0,0,0,0,0,0,0,0,0,0.132227227899758,0.868536718979918,0,2.72675401336426,0,0,0,12.7409651123382,4.19749561398131,0,0.305607195189599,3.72084219114737,1.1152968902334,3.77909021097394,5.33861191542224,1.42826652556173,2.32895974766902,4.3336394530829,0,0,0,3.69861588719715,0,6.98566707584466,2.54740988056583,0.267135302012605,0.0941131023720397,6.69356350077915,4.31500456972887,0.850007726507461,0.696007013210574,0.910928061600563,0,5.36743640173906,1.4534863146936,2.81672946668468,3.87375153446064,8.44787147230495e-05,0.259813264150769,0,0,0,0.180028518374376,0,3.30050255274619,10.1913791927213,0.879583440244921,2.66675696322692,0,0,0,0,0,0,0.0204066091723392,0,0.204563421166308,0,0,0.0014508074996659,0,0,0,0.00438117661744854,0.00262265166440961,0,0,0.018748963423689,0.373222592489741,0,0,0,0.0318040564057632,77.9281018086947,0.00828713233660475,0,11.1552571775589,0,0,40.6660465806285,2.67416213401705,0,0.759461304643512,0.332717282446851,0.000240819798463018,0,0,0.788997957112378,0.153995877861478,0,0.00179119396438526,0,8.21423806727985e-07,0,0.779088225145352,0.0207091954606819,3.06195399149884,0.468022634988261,0.464713200077267,0.0763678328224875,1.87808714694683,0,0,0.197715216672566,0,0.00249582070795479,0,2.12919938081084,0,0.0128914267888691,0.509766280812635,0.0330526992139856,0.371449694616481,1.61876657929465,0.0401232156863508,0.212661839540553,0.050668830362083,0.0523775037537703,0,0.0490320010727874,0,0,0,0
P108,Otros servicios de apoyo al transporte,0,1.0553466935759,0.450986385419234,0,0,20.1081084776596,5.30765105876172,3.12948589022608,9.22242527351341,0,1.97398381674751,77.1570936266963,0,0,0,0,0,4.46839909457276,4.46731211259857,0,0,0,0,0,0,0,0,0,0,0,10.9841659380581,1.02147119267816,8.08904414549208,0,4.96684379096922e-05,2.25080086487733,11.6404326474133,0.576983807036992,0.450729353748082,13.6320138395433,4.52636595061565,13.4360808310639,4.72649367760889,1.37269321987236,1.63533923083327,2.95713048666342,15.0997214731454,1.72173252063538,3.82210746517804,12.1230259046362,0.00413012203172163,86.5937615822626,19.5003124191429,18.8396315208328,0.975725380820759,5.22030859369033,0.141540072595527,0.0230391411093995,4.54462938861785,20.2885074098777,2.47487606216787,2.68309494361673,15.5999311609286,3.70945655200462,4.41927032519547,1.58705755656289,0.754234970212796,0.300230458305895,0,0.90808244435223,2.3696580180228,1.80673913123579,21.3886540943903,18.4676201876396,1.63114496052285,15.790806851714,0.688869938248157,0.117952352004714,69.3818227574339,0.165898144700353,0.00317396017321393,0.856060684717205,2.2113960566729,2.75115386064901,0.0666552591965472,0,0,0.967923057101845,0,0,8.4078446302229,12.7620892317296,3.93569731003428,0.131543919399952,21.5952155285401,0.719157081370442,0.0818168110741898,0,0,0.00102436894132652,2.55950219600135,715.856086114946,21.0372213417938,42.7019629958618,135.649953571282,28.7038592372419,0.0283148938512916,536.999396432586,52.123313271558,1.90146781002046,10.650516995634,8.89869062698015,0.0212030663326791,3.49966629502225,15.6104749838273,0.148430848016774,14.4623202352255,0.000499346064526197,7.11416663591023,17.8553675454037,9.91389523812722,1.15333379006043,16.9468100364018,11.6753169451025,8.62341817641923,8.60947131975954,8.58366841908018,8.53585773746114,0.416950139609512,4.69265584753795,3.74171514148158,3.09935526236268,0.34877641192359,7.22593035228767,4.29623002194107,37.0702350475488,0.235484642410564,0.00283932541145276,0.0530621504451305,0.0247460838557085,0.37206396552115,2.26767176190399,0.735805053797556,3.93134096858932,4.03752663444718,2.64633929505934,0.377901705670792,2.33511427345198,0.713860954567035,0,0,0
P109,Servicios postales y de mensajería,0,0,0,0,0,0,0,0,0,0,0,0,0,0,0,0,0,0,0,0,0,0,0,0,0,0,0,0,0,0,0.0310964776646631,17.5892302035139,2.75178062210383,0,0,0.234940172949032,0.0372700674515904,0.094205314168935,0.0873880947809047,1.06804031843683,0.379129688337744,1.10078029190209,0.167047555742373,0.0586107011148113,0.0898946182106023,0.161173338892066,0,0,0.0352584680025705,0.154813695700586,0.0262604959454057,0.614588810035592,2.30783969768138,1.32900619934635,0.0550556425140338,0.0819622348986255,0.203941342920647,0.0827158181336504,0.399401764104122,1.94499571250039,0,1.6542942316155,0.00171506309935177,0.280183051388148,0.56827832134954,0.199204283988128,0.766693156056605,0.0017136540971593,0,0.00496738474632824,0.00169312765385929,1.29349355041218,0.354983216990985,0.0608921652633738,0.513377219480266,3.09233949591276,0,0,0.0263818118439944,0.00816577749600845,0,0,0.00580951714820889,0,1.33637602826377,0,0,1.20477023460673,0,0,0,0.000196782176784602,0.573491304231092,0.0293058411516171,1.6392705847891,0.15980868493116,0,0,0,0,0.0318787608399533,355.628952027089,1.73262973550177,0,9.45082578552423,0.789932269156359,0.0791179524774306,46.1257266245036,35.6487406337471,0.524393992008365,0.585098199843836,59.9517358814194,0.130770426212133,18.2458221531535,34.6074186402258,0.353191622752187,26.7622829697144,0.000438000307360355,1.87149115542631,11.7111838612007,0.365246732982779,4.26491030238095,10.4973223573377,13.1205974550129,1.67752825126884,2.43737419587973,0.48668235940164,8.54619628279171,0.538381879859848,1.08209878897555,0.764548762474978,3.41380530322348,3.24306564600573,0.0134240737914349,0.187569482831891,1.25858306388458,1.97366332495257,0.341190366618216,1.21876141879822,13.0927549184561,0.32176560813456,6.25545622609095,0.612851871835573,3.41424841482554,4.39542521445657,0.685106516406213,0.244736772520447,3.47581827951243,0.0562096726643864,0,0,0
P110,Servicio de alojamiento,0,0.939899887244545,0.401651945644608,0,0,0,0,0,0,5.69613807076465,1.79712575323114,6.92696638394094,0,0,0,0,0,0,11.0478578878718,0,0.661172358640508,1.76745572110605,1.49093326739108,0.377323940014242,0.641227916567632,0,0,0,0,0,5.86513787132359,0.190331326649334,1.89114543035785,0,0,7.17793718115783,1.34386890142782,0.0745226169441415,0.0637973036589585,1.019543594797,0.310528457856855,0.99687632089543,2.59026760739182,0.654167176578205,0.4724844608954,0.883249323980801,0.285911814307604,0.18370648200067,0.0470743677826898,3.30045129635821,0.0954933017093854,34.4498832459089,3.20425797207347,2.77454014835481,0.364716306626356,0.395195698520537,4.87806314475065,0.980220440569856,0.567200038713764,1.29014942431693,0.595968877473226,1.68253616348191,0.01232029020967,2.86037510951792,3.73599203958098,10.5618581409547,1.96249743738307,0.161078912858502,0,0.525779797962768,1.60064836462794,3.43416152211381,6.49956660161312,6.87090684522348,8.12182327951945,4.01911611867385,0.0920235960480289,0,21.5839784645916,4.66076822298563,0.00235463491195767,4.38807379878582,2.59676588576962,1.76126838820178,1.89052990215998,0,0,0.959590244628149,0,0.00848171064452122,0,0.00531855585987252,0.168883313634729,1.89830388637619,8.99631035462574,0.724374405736488,1.34987146999587,0,0,1.41343736413061,12.8851578753662,168.354586621932,15.8045006022027,13.6071851707595,57.2213692756372,2.86338676717174,0.29889254978418,11.9866110115832,4.49774053952382,1.302247361969,8.09420409828449,65.4081696923171,1.4280262213247,6.86956118353008,23.5497990024194,3.22365765422586,7.58097406191007,0,16.8954965624647,18.1362048490203,17.4070268174983,19.006655294217,10.2249144314572,26.0216229124165,7.81379352028611,25.3089359971147,17.1261110612612,6.18782004796278,1.11792528906169,2.27088365523665,3.61698835550063,8.59922217739952,0.349065332986627,19.2861545013779,0.35238612785659,0.0683558331177952,21.0534677013008,12.5794743973973,9.99214899880875,20.3020237050854,4.05958799872745,28.50002379609,8.42335984857684,6.34952463016117,6.72803674683598,16.6992411496016,1.90036328465934,43.6387647646667,0.125336548300942,0,0,0
P111,Servicio de suministro de comidas y bebidas,0,0,0,0,0,0,0,0,0,2.16894373358666,2.60036072158842,1.25943231002163,0,0,1.54137020829953,0,0,0,20.8809643324911,0,1.2985005095155,0,3.35106256632603,0.344771507088574,1.42938391172258,0,0,0,0,0,0.135739094850601,27.4404270599643,0.530540277716606,0,9.43473247378239e-05,0.0112377906748282,0.00726489285723331,0,0.24056965274421,2.56253432414543,0.760724746872546,2.50673700126494,1.88167685256919,0.536413805038279,0.62373525757615,1.15653046447673,1.31049546029837,0,0.178921220953371,7.46462185111047,0.35484072129566,0.77499574832715,8.4330834468613,1.43572694792795,0.678205508418709,7.51454983147747,35.9092394695827,5.98117540377361,0.833347259453468,3.06708864838423,0.720330735288193,4.74531218671678,1.03690446579939,3.60701939110388,4.94130596076251,7.00136621557063,2.33741195411512,0.00847241039105803,0,0.0274273801808704,6.11985837865463,3.54945623035728,8.94852985199885,0.512267482797849,10.7570372132689,15.4509422666581,0.424739066666817,0,8.94782498884025,0.000716850231476281,0.00590627439413772,2.72457530955446,0.0120832998008736,2.09459374777788,0.35797606302082,0,0,0.182628690049084,0,0.011121038553127,0,3.39129945278317,0.916303724361941,0.0516497489568873,7.21949595046271,1.47963545703775,0,0.0699448441888578,0.0699448441888578,1.96649921223989,0.71174211094648,421.52279456414,14.8754312154838,2.49025139521447,7.97133613133459,6.32911230684506,0.415327201983609,15.3578618248649,1.41211905729823,13.4253098679731,32.8764926898282,27.9126490519874,3.81542333770479,7.17710131639692,30.8879182633966,4.32909664880985,14.9916976582643,0,41.8504672141685,17.702448094105,10.0368866014651,18.2733161879802,35.0775289356225,50.0441109496685,5.69932734377571,23.8955399625685,11.3863721631317,3.57081271684044,2.03760544656463,0.586225051342134,10.4160948007674,1.00719775993759,3.13016803480372,36.0039483764555,1.43684999912438,1.82904172071444,195.105592614159,67.8239329235569,32.6749830737957,54.5529086309388,4.59272257999888,85.8666880236132,19.401600180885,14.3803610591886,12.9996931783444,27.7552120824717,5.79314427868371,113.431937084875,3.66274335082737,0,0,0
P112,"Servicios de información, telecomunicaciones y radiodifusión",3.86286358405683,1.05538459469394,0.45100258188655,0,0.113643781201815,2.01085779742515,0.577318789484503,0.340397472601687,1.00313289929391,3.4959236066351,1.30062183592534,1.94545249459227,0,1.06913771485453,1.98695962898598,4.32174781459966,1.16819553039248,11.6316348546291,2.77725389793112,0,8.33105628057498,4.59485863538259,5.65489511782127,2.17267676537736,0.786214840072914,0.210976590074114,0.00461290544269976,0,1.99556829804784,0.993970987319337,2.2437416493561,2.83029034392344,12.6580901204807,1.45547274117069,0.0778789731012425,5.3986536557246,2.36825039290998,0.378908044018374,0.193345343796563,4.58432147222302,1.40126071416796,4.24728251790449,6.21512819511274,1.90777250238335,4.30410178761119,7.90094761574073,3.53784899268333,0.633580934718084,0.473581858371124,13.5428367329774,5.54770607266123,11.6719796306828,13.7059918609124,2.18859481321799,1.24418570991895,2.96531782997636,7.63092954039282,1.67077793980703,14.7746808215541,21.2512931122338,6.54857436700584,5.13443087694633,8.26787993060807,3.69470199735959,5.07096039425117,33.5395297159493,21.1310663958613,0.0572342764194367,0,0.15046534554663,2.54970591920204,3.87771419655987,12.1967295322233,4.32546109464284,5.44927427023879,16.3275320832606,2.31660186009786,1.44665541402012,8.02818178893872,7.98599679881149,0.346202057519313,4.58074622662776,3.66363165638278,5.85845488575536,4.52699350218859,0,0,3.29151433843764,0,0.0848513223067792,4.77363803764156,16.860974444347,6.63320642359087,0.19343471734497,20.710231761624,6.44038346987252,6.30784052198074,42.7069215483416,3.32396307670915e-05,0.187130665965227,10.3935794157843,1789.04014006033,61.7837118011024,58.7416898152504,134.462180305704,2.57758726762442,1.90493434479467,51.2079301831194,8.20289975476805,42.0280095763731,123.003115160775,2361.95265817945,3.15256559060299,19.23555053183,89.2643747484156,8.16322807011077,87.6477757031922,0.000629348489842612,78.0170289683706,35.3445506445981,89.5860178531964,21.1643900873669,51.5579661921794,112.996390419338,21.0637574152562,22.8101929139768,8.58082529091799,39.729282991009,4.08848584980579,55.0905079645928,38.9177024275208,16.9238987697599,15.2570709696809,3.9924037839827,0.834318093157308,34.1185498733081,71.7156988226722,18.4826923450119,28.6695854484721,73.9831058150667,5.07644923659675,72.8188497168951,27.3830830085267,54.6568058075305,28.3159418740636,15.8831335328553,2.27458247692034,33.0050998686946,36.9485906027758,0,0,0
P113,Servicios de banco central,0,0,0,0,0,0,0,0,0,0,0,0,0,0,0,0,0,0,0,0,0,0,0,0,0,0,0,0,0,0,0,0,0,0,0,0,0,0,0,0,0,0,0,0,0,0,0,0,0,0,0,0,0,0,0,0,0,0,0,0,0,0,0,0,0,0,0,0,0,0,0,0,0,0,0,0,0,0,0,0,0,0,0,0,0,0,0,0,0,0,0,0,0,0,0,0,0,0,0,0,0,0,0,0,0,0,0,0,0,0,0,0,0,0,0,0,0,0,0,0,0,0,0,0,0,0,0,0,0,0,0,0,0,0,0,0,0,0,0,0,0,0,0,0,0,0,0,0,0,0,0,0
P114,Otros servicios financieros y servicios de banca de inversión,5.59811795963377,15.5776463200468,6.65687062837414,0,0.164592609599784,12.592712628788,3.54449170167642,2.08989563285415,6.15880913974883,9.37331049447534,0,0.96838463513159,0.630837164688729,0,1.90200665428532,1.17590153118687,4.68007478031362,1.09332959872967,0.364556563829218,0.290318037351012,0.576264999341402,0,4.01650665265343,0.282185806155058,1.3634534092096,0,0.0120005769676771,0.0543149871998946,0,0,1.65894252637327,0,1.35336226266749,5.97211356233878e-07,0.0886861661933084,0.219963541765288,0.264256661487168,0.114361786063974,0.125044555007762,5.60219201536622,2.25705437631916,6.90846847705735,2.90250415399473,0.824332014764001,2.18786027045835,4.08902957034028,0.0831146954157648,0.0249010229958672,0.00942334903157514,6.57533291837185,0,34.7687433640568,1.53086011648249,26.9649168373432,10.648142740484,0.688248265675727,3.13008352599204,0.801099733664949,6.18948875280811,1.10652194924899,2.4042702185765,3.70079253743271,2.39349004945556,3.11919682287486,6.24541216600822,1.29917645815463,7.04361778320598,0.0058317144683674,0,0.0150244662557894,6.83859499210207,0.295122948615399,1.34067655114766,2.97591524647458,4.23323559460456,12.2273950492073,0.590971261361244,0.460683432583683,20.5226840887114,1.55858791922683,3.04156803984145,4.99936339356475,0.111288988067959,5.37779679515242,0.908572866728395,0,0,6.9387456470525,0,0,6.29928324251836,3.17085823391707,1.08452211503749,1.4922996205929,63.2973275402089,4.70911162447083,1.72794409668013,0.418355117955359,0.136449641554544,65.7708855472931,5.50703109650398,321.300978934807,6.47157327447256,24.9009715543389,4.90083185020571,4.13976436588894,0.0162068629391017,3.25155141770194,1.73213088400438,2.33389540862918,17.0546714705934,4.22952352848717,0.0610232633895243,59.0737459758717,54.4840531678225,5.21448800492455,10.577675180518,39.4292374632434,26.6198356688839,0.459359155425875,0.0737736896203268,0.766804066474991,18.8432185385629,1.04027930331531,9.15659336360346,15.9188249769398,4.20250325683438,0.82301057122939,0.340647334235525,7.57037246713061,1.56407312275359,7.51978951135983,0.230944597137215,0.518149831306911,0.119518087525099,1.25905023604119,345.916220365085,0.331827846195544,60.9325294100269,6.66346000271504,0.216896983826767,14.5876173605169,29.9392815109695,1.62990857628883,1.67173000083242,3.71879701594487,0.122965370191936,2.64295443491326,5.08582779874772,0,0,0
P115,Servicios de Intermediación Financiera Medidos Indirectamente (SIFMI),14.1742643647301,3.89967096622206,1.66646517593352,0.47294541712806,0.416620007480804,23.843411907017,5.87725176331558,3.46533264206211,10.212147445399,35.3874813006615,7.24492558915939,40.6366387535097,6.12017476514625,7.91311458253985,14.7795027730807,13.8726241917047,4.11868307733957,11.745959046183,3.1041203938201,1.19581289339497,16.9853627012534,8.75434539345781,64.4486998990054,5.49989998477937,27.7184140065819,0.631008827733855,17.1472023268694,0.539764499773204,2.68984781181903,6.06198945151725,2.28162180315356,4.47762658560063,8.16055752775935,5.69164649296691,0.761023208240601,9.89810822835666,7.19568716627683,1.6732214156211,1.43019885119619,14.4078714698585,4.38542558860167,12.2697246347643,34.1331294651887,9.11752460236483,3.66923807379463,6.72305014643442,12.1851027189006,0.346150697058241,3.73997067697461,23.1870755155877,9.34286118696147,73.2088340479434,62.0754876957705,13.7213671490849,8.74531083418433,7.32201415161107,44.455223694956,7.50359000345649,28.8643053874382,13.9244021728364,4.27930732013933,7.23309025030645,9.13545407803183,9.08659209069133,11.2770156883027,13.0798557889724,8.42338910802024,0,0,0,20.7381716619294,6.78096920388256,12.9033795922391,12.5512536823514,13.3352203189929,41.357556050369,7.46512162320366,9.92981699645569,73.4587360652114,15.9385404054929,61.5271230086373,18.4780998469186,3.67015232795865,18.9359730324811,9.97695912548453,0,0,28.8096871046654,0,0.422188545952473,9.75272107112689,10.8931795608477,5.68615465129819,5.26632706363769,440.767225965536,6.27097869894594,6.26777483562571e-15,69.4890212076564,80.7329363880158,61.0148604613834,189.694206474294,1119.71991799929,29.755850093746,33.3372065858019,55.5175205783309,5.6491984505847,0,45.9242515158192,2.1440552890874,10.8366845602428,81.6706902809536,78.8366268344607,0,39.0121197660231,108.912689882873,51.5802317627183,135.524555141368,200.64334356803,50.8070186524245,12.2134322127312,9.19463432321403,8.33034120400182,21.7964721552421,17.9367751908169,15.1796220346868,18.9969009409057,5.83190895736799,10.5425965146133,4.95482915447957,6.88209804625104,12.4817152311236,10.8228757536475,2.48039620563777,5.51524073731487,0,11.5450152326359,248.285300068141,0,0,0,43.0787322489312,22.6662736964098,8.09625377917112,17.6171328108571,9.17456886459069,11.2008115212293,0.472529751867189,12.200328557264,3.86891433309739,0,0,0
P116,"Servicios de seguro, reaseguro y fondos de pensiones",0.239837546304867,0.734158183524216,0.313731352482535,0,0.00705290435385265,0.403663966892336,0.121015614840293,0.0713529685631003,0.210273330412429,1.26776749171926,2.03004955497342,6.10221624353275,0,0,1.61292636443051,0,0,18.9486851885182,5.46754200383647,0,0.90172966822286,0,0,0.334265202888629,0,0,0.00240737924825526,0,0.0973233690658924,0.639270148752142,8.14163540805036,20.3908854625145,4.26536536324696,0,0.000545213986328378,4.32392301223435,3.61034807384698,0.538052452367384,0.60813341698515,1.95785462671811,0.775715911901461,2.48498307271333,11.1128167095323,2.30854358307662,0.542754031838078,0.972055011060712,10.9958095353087,0.287326889175733,0.545160258571851,2.88345922088226,0.279719458626508,20.6858973797944,9.26561635255753,3.47061538184623,4.95513543396386,4.10040594774676,7.39145849805468,1.3803207760416,6.58716176960708,6.77158034712,0.909484044342793,1.35599459266274,5.20429615279925,5.73451537825953,7.48812003525052,1.1229665097548,5.41020043164302,0.210230761578615,0,0.512520174155559,1.12044084431648,1.47495254279138,16.6042355800489,5.08771541035664,7.34846284865499,14.6625245592198,1.57500598953613,1.83668911872779,22.5774944405242,1.73999822444983,0.000452483079687026,7.95806567459318,1.52260200574556,5.98096091653618,1.41823807782837,0,0,0.620277003677014,0,0.00568154653690765,0.414350034192186,4.58795612382194,3.23331823251483,0.267921348338676,90.3212310203801,1.41793400451332,0.00394509310565904,0,0,0.0124783725398378,10.9723195233619,342.668178214858,7.01952345790374,29.2436138543653,59.5554287770383,5.84580993851382,5.16421073266944,77.3859048848888,8.46480635743424,10.8274368374543,12.0976792474548,14.2238215970651,1.01130236932546,38.540699162357,147.815507426615,372.777161916271,36.536890139499,1.44087685413639e-05,52.3087030416043,11.0859519699823,2.90878819716569,7.86377546000711,20.5833937972262,4.84134657516835,32.7039288447243,4.13310377385994,2.29713324045605,7.93751724128693,4.24888566243963,1.78665384283373,5.41761972196008,12.3444167750645,0.150259401422293,7.23746563790742,0.362551178703246,3.47648355055588,15.3510372967092,9.80704387192037,13.5278659373014,60.9605259844073,2.26458767596654,12.6465616227354,9.23145528485041,13.6297306055758,9.45357836368328,2.74786279673283,3.03519052319894,5.51382350873754,1.22122522726505,0,0,0
P117,Servicios auxiliares de la intermediación financiera,0,0,0,0,0,0,0,0,0,0,0,0,0,0,0,0,0,0,0,0,0,0,0,0,0,0,0,0,0,0,0,0,0,0,0,0,0,0,0,0,0,0,0,0,0,0,0,0,0,0,0,0,0.077690630852213,0,0,0,0,0,0,2.82083340739864,0,0,0,0,0,0,0,0,0,0,0,0,0,0,0,0,0,0,0,0,0,0,0,0,0,0,0,0,0,0,0,0,0,0,0.0106090800667371,0,0,0,0,0,0,35.9413627872283,0,1.33264478010249,1.32779580759388,0,0.276530786468984,1.10323484811108e-05,0,10.9724124992767,33.9415862537189,0,206.967184838215,132.142591167159,587.572330838955,913.907996992577,461.630810083398,0,7.32440859565216,1.1051991149826e-05,0,0.522956840938815,0.349568206946534,0,0.0041821871060412,0,0,0,0,0,0,0,0,0,0,0,0,0,0,0,0,0,0.926972859183405,2.00374751067062,0,1.96935911764706,0.158177889705685,0,0.0342919137242325,0,0,0
P118,Servicios de alquiler de vivienda,0,0,0,0,0,0,0,0,0,0,0,0,0,0,0,0,0,0,0,0,0,0,0,0,0,0,0,0,0,0,0,0,0,0,0,0,0,0,0,0,0,0,0,0,0,0,0,0,0,0,0,0,0,0,0,0,0,0,0,0,0,0,0,0,0,0,0,0,0,0,0,0,0,0,0,0,0,0,0,0,0,0,0,0,0,0,0,0,0,0,0,0,0,0,0,0,0,0,0,0,0,0,0,0,0,0,0,0,0,0,0,0,0,0,0,0,0,0,0,0,0,0,0,0,0,0,0,0,0,0,0,0,0,0,0,0,0,0,0,0,0,0,0,0,0,0,0,0,0,0,0,0
P119,"Otros servicios inmobiliarios, excepto alquiler de vivienda",3.12553339578239,0.782926545491063,0.334571771484296,0,0.0919370329039297,7.11376977590335,1.72955366511272,1.01977574098887,3.00522382810045,17.0761854977088,5.46178011305311,10.490920226263,0,0,8.06034566335748,0,0,12.6807702066252,3.81661698776746,0,1.93772257690812,1.64115053861237,0,0.748646521199741,0,0,0.625707398099399,0.343469738954445,0,0,2.21793746524437,0.620813473106881,20.4367864150934,285.840988445232,19.0808663859428,0.232944098193765,14.7547504037138,0,0.530388441729913,6.77692944300327,2.07426286286673,6.26338285312789,0.1354908427975,0.529355635252758,5.07315722405572,9.16482485200559,12.4849393950364,0,0.950476347841093,109.941344060708,1.88896825721378,5.16716863141678,30.935498569394,3.20170966687613,4.33755559849923,15.9843438772469,52.5135624774456,6.65014699099459,21.7261038656929,212.727280894143,16.4989624114841,12.5675213076882,16.7588222171215,3.13493198953164,4.56886174844857,5.1804711412256,34.5290374009114,0.0582457085157327,0,0.190120583210677,6.48158607301838,1.45667568207446,0.651942288042738,11.6907943578375,11.5936630726506,44.330140091191,0,15.8238003715478,18.1823960570141,22.8923715374862,3.69747239464965,10.855969784952,6.3138658092728,24.1533579926172,17.8969764389485,0,0,12.0921147176536,0,0,0,30.969881042966,27.443851345201,7.23387717678761,51.8914706092255,26.2020780227875,3.42817366378705,0.750387009263771,0.750387009263771,5.21814801810542,29.5197298502699,4653.82675262555,212.000530666429,70.0117013531664,135.308362858128,0.83411489809238,23.6046836537289,170.651099987932,29.4941264811414,5.98784008046134,741.119224144491,262.789750915584,0.035945753306107,82.3258452971572,312.578813074116,16.2889677582176,119.73530904965,0.00735533429606106,415.975475860097,54.9483366816211,43.2249290919749,69.7789164772585,268.404812314384,120.459921675664,109.526642563782,15.4753879401671,15.3024299234891,37.5992974229638,14.2431760309734,123.882768720944,53.3605124759801,92.7844523581577,20.0457324995381,6.70835229593968,2.15316393213782,29.4554369039357,70.9966565667894,23.1657381945879,29.7017026250896,91.3906492644189,4.05157669213715,104.88254819985,69.3011549259698,59.2154329047095,86.0383571090487,65.2785290008674,7.69421758607318,35.0304518924181,224.914309491805,0,0,0
P120,"Servicios jurídicos, de contabilidad, auditoría, teneduría de libros y consultoría fiscal",1.01474238461811,1.5921662748161,0.680388082548231,0,0.0298423621554168,4.28355740185401,1.01486713632546,0.598383795095538,1.76340460661137,16.7597068934248,4.15005176391506,15.8553242792643,0,0,4.27738865847589,1.47163263747889,1.20973034905444,81.6134581601828,5.05039121173263,0.54137141235033,16.7792579435431,4.169468845461,3.96731144170584,5.42761688097197,0.683580597532405,0.570531356646197,1.2589341612181,0.56107673158746,0.776283605975403,5.0990316203476,2.83104346503951,3.75022061765908,21.5830811503703,0.0161005398599112,0.133712129221961,0.157066033522099,3.3753004766722,0.600374792997608,0.526778597500429,5.98282088799149,1.82876204997443,5.64866669335778,16.1691280146667,4.25711613493143,4.35252960087239,8.09957761689498,6.1924557140165,1.93545133722819,0.748784996351234,11.7865314331227,1.63747902371463,56.5053762037737,41.1353103654163,9.91644079112983,4.8526811172922,11.6766407644335,10.5588630971994,2.8659536275472,14.8909779102034,22.0436097124057,7.27593133317684,1.04700949303041,6.63695706798256,5.50471673702077,6.54866089856617,2.87371172888974,15.5407324872579,0.0215255619221578,0,0.0547162634406704,18.3670743701627,6.84656107276993,21.8086501893773,13.2518897017669,21.3634000243836,23.9584799425197,5.45814753748601,1.81966151192222,30.0060153245075,10.5804067848745,0.487952845081479,26.317064403705,2.13944627384431,4.89952023036281,1.71762940068691,0,0,4.97864068584537,0,0.0798463693685218,3.39931599339488,8.65067351228436,6.62016030014645,6.53941205355521,45.8094893184927,23.2189615030065,4.20106908422709,17.1235906774718,17.1202785348118,0.202556048609489,34.7726704051948,1044.50067807228,35.6122722879134,22.4425371481277,48.2594952128694,2.89672468312577,8.64149111699686,40.6546452724716,3.58347196148269,15.9799347786762,120.14225372446,57.043390047464,1.75995221854679,14.5268664541336,71.9274402090429,18.5421193732569,99.5955714341308,0.000714116821913056,111.589027410503,162.503952839942,30.2376704929134,74.4330608511212,191.398981563625,56.5677210057993,37.0439587934561,54.5574763577662,12.3431721020257,16.0482930128588,7.9624063116821,26.706496305206,32.8870523496675,13.2382985259648,11.2766341534508,8.91392492743389,1.2273688626637,7.52192365982985,51.8765077307016,1.93004175161817,41.8195304723719,20.8087836179777,2.32481617402806,46.7646634228063,16.0922269943679,30.9256835853143,28.0921169378936,22.313150337136,4.3472824684312,25.1575787771962,13.6571076126587,0,0,0
P121,Servicios de tecnología de la información,0,0,0,0,0,0,0,0,0,7.55117132993903,0,0,0,0,0,0,0,0,0,0,0,0,0,0,0,0,0,0,0,0,0.185709937323389,0,0.124516939549749,0,0,0.241251826361224,2.39548556238216e-05,0.100181549703029,0.0934096073437524,0.00769251531505588,0.00539536757480479,0.00682055935277458,0,0,0.0146299885579133,0.0240780442111668,0,0,0,0.256437456959635,0,14.0028573514814,4.90772711417124,1.59752984543803,0.490199277962913,1.679884039506,0,0,0.0119739308176489,0.267780511906404,0,0.45102902883277,0,1.23348463282606,1.59403415471802,6.0587804708853,0.373940207219445,0.0123746595882411,0,0.0377092279305977,5.74392307463889,3.81753308894483,0.0107598230631515,0.0315903190168508,5.41034196264328,1.72505773492366,0,0,3.80393600153733,0,0,0,0.000588600394460682,0,0,0,0,2.97525976971484,0,0,1.06231780564686,0.374030948866357,0.0012098944219707,0.00801541383560583,49.9943761862802,1.62306796814137,0,0,0,0.00154999970251441,0.976665786899216,333.187019045947,19.858150438968,25.0966587936251,2.05720331509886,0.0236382472515429,0.439709839030336,14.2401158953733,5.98018324323913,10.759671555734,18.6376695312175,230.317831519996,8.86217162951539,55.5068685438333,149.399596989019,23.0073400141784,40.6613028747905,0,31.8078574405343,12.84225548481,130.038072019832,6.67925997249182,45.9230983477616,64.5882989810542,51.1521153672155,11.8543499968466,0.0579271267328875,17.7945129568885,1.36724728933379,5.13343420560869,15.8859222792541,5.11822616161946,0.754493886697693,0,0.168580197831892,0.00969299663546943,20.7665823318346,0.703673137608566,18.2809542930424,4.44760919966398,8.778060384612,17.3393079847718,9.20498618848692,20.2178795456856,6.18054612230734,7.46073887608306,0.0493703616122578,1.00266388151129,0.0217148386473375,0,0,0
P122,"Servicios de arquitectura e ingeniería, ensayos y análisis técnicos",0,0,0,0,0,1.07252346465538,0.271724519445952,0.160213631269302,0.472140886397358,0,0,30.8000549122856,0,0,0,0,0,14.0612348803846,3.40305914951243,0,0,0,0,0,0,0,0.859256830111939,0.0283297773530491,0,0,7.17826892646509,40.6450356187738,5.12594758574173,0,0,8.78005368568922,0.389939486552972,0,0.111125811424451,1.63066554455652,0.505271135015715,1.39565349550675,0.0141429896334193,0.00448616080298652,3.26630341212374,5.422152354311,0,0,0.512938754776867,1.0300423766376,0.117112499081656,9.36066229053793,5.83261541314976,1.3005094186408,0.164740374639732,0.819820138583665,2.06506119108967,0.69739963853303,0.0971615349849594,0.401612170722875,0,1.51744998743529,8.91897588222061,3.95277619794094,5.5194311520956,2.20542849515143,10.9726087289595,0.241556735104081,0,0.134468693856469,1.51768676911113,0,1.87007033887287,16.342622811371,3.16236765561269,17.5465021365471,0.355501374204443,8.45692442280833,3.48818229606804,7.22381743940693,4.98324606858237,8.21156485742038,9.63306000232962,8.71585256929353,11.7070166009397,0,0,0,0,0,0,1.44684529802117,0.0140919190641469,0,50.832265534954,39.0424371350282,0,4.54471342820263,4.86926839137793,362.595126577886,86.1394822886785,238.367200474278,2.96307359392096,2.82759771952923,3.11651691154989,0.461425042761704,0,39.5164338302088,0,17.1935671999284,1.86283744135421,88.0212104204571,0.0703433677378964,0.026212677008509,0.00613282246990127,0.842881323050967,5.20413365803478,0.001598798125791,108.043080476969,1.78597681997773,18.2786019046631,251.703787651226,88.2746440132052,33.6261842758407,4.62789607176513,0.222577578084504,0.298980332764767,7.66050958812181,1.72436330747252,0,2.22294347406031,23.6491083960831,0.121074251402707,6.07773818922426,23.9308354995048,0,175.765289386919,2.03325339836696,96.8074633662742,14.7966889788162,2.78446136081951,17.8395740220567,9.20296372663125,33.3968935277679,8.43775523260091,0.48018898187012,0,6.96920827303168,2.43177559663831,0,0,0
P123,"Otros servicios profesionales, científicos y técnicos",0.87240241157539,0,0,0,0.0256510752306988,4.02860956909539,1.054524936619,0.621766742671029,1.83231288555999,6.45555658837297,0,20.1834004214105,0,2.98602670754433,3.5926925911398,0,0,12.4228340651072,3.10422436290246,0,43.0770573325678,26.5025163063872,0,7.04196713005053,0,0.79283824923353,1.96093287459871,0.137879938045196,1.54304166310912,10.1354945166219,7.27607758931123,20.0782454414112,8.6290907385451,7.62387768112831e-05,0.035459721466251,0.869646484955573,6.65096227214121,1.03856332175194,0.962612906609695,2.35381380913675,0.721704291236616,2.18917572054769,3.70037694954328,0.672775549978134,2.95272355797962,3.65571469302798,11.5611939866427,0.931729649680518,3.20199857246157,8.21028745679205,0.00011194642729838,214.564718928798,46.8932949517642,5.45702632776075,9.05507518526781,34.477427664573,125.378704089622,20.6298813670312,7.73464397377553,29.9582062645443,0.252990794333012,3.95933379290627,6.53376823667208,0.457415020508168,2.46890395423065,18.8270734338939,28.9454615319512,0.0129032031566456,0,0.0393936709506677,36.3696438013865,3.37453822858252,13.5536220352363,15.4227337536348,15.5533573501652,36.8235513615983,0,5.64857059070618,23.6213487325693,10.3907307863472,0,24.870152252084,0.926468764974449,4.75312928055716,6.90776440168498,0,0,16.1204668766508,0,0,0,2.35117737436876,6.17352250558473,3.4066513917404,171.467579073346,37.7180945518104,0.0150655703669819,0,0,25.5650264830162,14.5445025292058,1362.86211279131,45.9212173848014,15.9918991258779,23.7062938383643,6.20452406162075,0.60093390739197,102.178182794805,22.2176242260934,47.275610230229,123.307268617377,456.423442428756,10.0210117430633,32.5655021335896,150.501192879664,60.4980753383915,96.670182620032,0.000379727916234631,167.49973269939,37.3311107863843,21.5221501877994,50.1731656514232,241.114889939068,137.425979635607,85.9148255037537,103.71627911224,9.92577507031578,44.3298651018864,9.05604030235571,6.46996862409998,52.4454348423749,51.5135077852064,9.9081633882248,5.20020669193571,0.960563610240197,1.07117704579516,375.646915280598,43.8438425563934,201.578081040396,210.63762924294,4.20756836217211,69.2126942643397,30.8353049430757,37.5716477449501,78.9107689234478,48.067663652009,12.6730573238168,189.233529667469,6.8869903818431,0,0,0
P124,Servicios de publicidad y estudios de mercado,0.000673009507406579,0,0,0,0,0,0,0,0,12.6815290559627,0,5.82045867384994,0,0,1.94670796740331,0,1.55642102678262,2.45812282826135,0.448855707037081,0,0,2.99845477649537,0,0,0,0,0.708965462798362,0.0222867406248561,0,0,7.08542466126895,7.81578932917426,8.32267861585416,3.41987586141603e-06,0.00224270784179042,6.7008777142927,25.4335825691381,0.185110937892633,0.145758521542953,7.2566270650552,1.9370754921837,5.28514439238106,1.15626442848646,2.31127396346006,6.28691547291195,19.5491538395414,20.2298245990397,1.12295970577224,5.90028976978785,40.9907501286478,0.0575546439190964,30.836157690847,99.0176495643592,8.80494332520415,6.87460959210582,33.4445375815466,143.593598615797,25.0292407728144,3.90689441850482,22.2184598445288,0.0154509822410736,4.73834009572378,2.4034040351764,7.21763573982708,6.29583410299688,7.60583084754225,2.3507318027251,0.139496315613132,0,0.441316524991396,6.38916727766365,11.1675537866497,39.7376950791989,9.00127771676863,47.357651318272,22.5358926966172,0,6.94296457860348,66.0700668303214,7.58921352418508,0.0475206419196985,10.0610293917048,0.669906289559454,3.98756152581416,3.16048922660401,0,0,6.88005854425312,0,0.0289483863177159,0,12.5719031047837,1.66025559333152,0.171684557614676,68.8844683794614,2.60212912974902,0,2.31910049995348,2.31910049995348,0.314681218841338,8.19640506388759,1411.15930610106,41.2486088274798,4.71975677271781,19.792260084575,9.40262017388639,0.814963163303243,32.5515235641677,6.71961622320196,19.6756833888709,157.146528192134,234.453499212765,4.83982858800266,44.9398927920649,218.334500560521,24.6014083114722,143.316485796513,9.35202584155277e-05,68.7064809350378,11.3463400128622,15.5076434373551,10.4563147070728,75.9753726152366,196.641392681621,25.3248086042842,18.4926628560771,52.3754557720085,3.00778130192001,1.99987136403286,25.8237670535381,14.6086683835019,12.67542733728,3.01505576371746,0.909805666358912,0.684043651293182,0.457147510636772,167.711997268227,7.60606670543761,60.9107451528109,6.18239215630218,2.16884298160185,94.6913309366187,22.5202792234975,10.4527439430198,23.3153785695259,29.4671682645477,18.8029008233895,45.9761595118196,17.5242748238785,0,0,0
P125,Servicios de arrendamiento o alquiler sin operador,0.000285502412278629,0,0,0,0,3.43453055935692,0.864386416620738,0.509657674283656,1.50193353829568,33.9384010303506,0,0,0,0,2.09383582131496,3.23768189833166,16.2856642593882,13.4107712754466,5.56829479025592,0,4.29197088873375,0,0,4.35036781310579,0,0,30.0917368872857,0.94722711435995,0,0,14.0025676930875,14.1522738706327,60.6730901838644,0,7.72175452811108e-05,0.284285246174425,7.39838109093144,0.900628857652397,0.77791193455899,7.07259474131589,2.2114292090201,5.3758819872806,3.79951138794881,0.727055270928161,5.08270796846551,8.66821190618899,11.9660827164053,0,4.59934487702682,16.3189925430958,0.00106389842580792,79.2306741897468,11.6958634186546,12.6646888154034,8.12748560946532,0.153699071921147,2.49631072953316,0.707760175373793,8.04485359939894,2.13417091287328,0,1.06278203545471,2.4492171694514,3.12368772820859,4.22558906101139,7.37545278984871,3.33833211411098,0.341922429445377,0,1.11607349889834,7.79006803489807,4.05903583269229,21.9484444488914,9.48848502163685,1.91604189754385,16.5449443554998,1.16155846900648,4.80279785163584,29.2759038575422,26.6284142189514,15.3794520645178,2.07951549975211,1.73601785477994,4.56009596320479,2.2517521467862,0,0,0.477065188858963,0,0,0,18.0453808543831,2.11791425204367,0.0468570387244767,65.1096615964292,85.634516958513,0,270.010902963892,127.480355049537,474.033622457581,233.617768487036,481.207725551369,37.1471335514021,1.54423612339585,177.772336437477,1.40969506396415,5.33324580357935,93.3557354500583,5.16677459075976,7.82074363894592,135.570571643258,191.710205137998,0.52795830666954,15.2552354491238,62.9236354995276,4.4663177675946,16.3424112764968,0,127.941124651508,8.72410870018741,12.3925881087103,67.6768259559269,21.9685185493405,97.845218833315,160.641450020582,13.5025151237192,16.1750081147706,31.2178652148854,6.23560146108801,7.90361365200869,5.6783973414475,45.6349352365124,0.0806957835092146,9.79828774510608,4.62836245006891,1.77366080187913,260.534531305937,10.6061159846059,50.5512231139116,72.0785244755873,11.0533846670221,44.1395720318976,35.3786129699813,88.8463546788491,32.9777664930468,38.0621957833069,2.97608366181648,22.8277007740131,1.82639284331265,0,0,0
P126,Servicios  de agencias de empleo y de dotación de recursos humanos,0.000460917860559077,1.69321411581681,0.723569343118551,0,0,0,1.77273597054174,0,0,1189.67139554376,30.9930239090516,0,0,0,46.1077760466193,0,0,9.84864915751717,0,0,0.994349671374811,1.26432615467179,0,0.737255342810242,0,0,0.00356357272108971,0,0.403762994736046,2.65212386483217,9.15234748382881,15.9645358463525,8.27374538364186,7.65049696204073e-06,0.119064934773147,0,53.6267075931583,0,2.83956268523153,12.014427633264,3.3225476572987,9.70447771383542,4.4212505455733,1.22626544968664,9.51498675004733,15.9765953999375,0,2.86574252226328,0.220350266380458,17.3103036399819,0,193.727534975894,102.37447101162,1.00808665457044,54.6444806051663,19.5598610854494,215.802197683037,36.1277421811181,11.8442555444775,6.72191459252464,0.696060415778883,0,0.230669218071644,2.56112376197665,3.48250824751598,5.49080099992269,9.48300808899896,0.270120004457706,0,0.881702259154392,1.13950478763746,2.60289235804522,9.20800884548592,29.1016579192391,3.9995966694863,34.2648794138762,2.37405133832728,7.38989979592922,47.5236345928614,21.4755609868825,0,15.9471158849367,0.0218950801904308,40.3820789369095,1.01494680115116,0,0,0.302986015508163,0,0,4.08132429609361,4.70041573776658,1.30268030715844,0.0015001599817676,142.030604181152,28.8614371249697,0,3.61538242400649,3.83973317929928,0,6.12864999037294,692.743641185038,12.0481769419934,28.9695013794671,72.59642886678,0.98356496179047,6.39132720911866,139.261629876106,22.4083227315635,27.0151771216935,33.9471773168525,320.915515045334,0,233.70416339681,893.285079638529,111.82603139236,19.3598642438397,6.07224545609176e-05,52.5908817934574,1.40694978765128,62.2947982962419,52.6353783587371,135.560500079296,55.9395345472101,12.3087126188597,16.8463288717358,3.30572986366836,61.5929687346914,29.0330226340438,14.9200473454625,36.8348041802511,18.6934462771487,7.08842168452951,0,0.00442522973629958,2.4183230841542,0,0,0,0,0,10.3286817401338,8.59974436123187,33.7995994939297,24.9494072690974,39.7762451834544,0.410662306743269,6.17030842043844,26.9361538608956,0,0,0
P127,"Servicios de agencias de viajes, operadores turísticos y actividades conexas",0,0,0,0,0,0,0,0,0,0,0,0,0,0,0,0,0,0,0,0,0,0,0,0,0,0,0,0,0,0,0,0,0,0,0,2.9716403125601,0,0,0,0,0,0,0,0,0,0,0,0,0,0,0,0,0,0,0,0,1.19449082971107,0.204451021644434,0,0,0,0,0,0.0242478016532982,0.0130735728403999,0.0297848798715703,1.09929824199557e-05,0,0,0,0,0,0,0,0.161604036090206,0,0,0,0.117883554183064,0,0,0.0728618961292448,0,0,0,0,0,0,0,0.00109878775350402,0,0,0,0,0.243184075806898,0,0,0,0,0,0.0040192388715021,25.5678046730016,0.133301239064603,0.210084103402579,0,0.101393756747075,0,0.0394272063199398,0.0300707763840832,2.86358108776722,0.0236126328192074,0.91137800640882,0,0,0.783870877879739,0.077789289170281,0.0124912069878099,0,9.59244042298836e-06,0.0322115163839912,0,0.609292601413545,6.38818159167778,0.167980271476514,0.440238666072251,0,0,0,0,0.139030095939334,0.0472850858193619,0,0,0,0,0,0,0,0,0,0,1.22764084378002,0,0.153306616620449,0,0,0.055627048314561,0.506734893490692,0,0,0,0
P128,"Servicios de seguridad, sistemas de seguridad e investigación privada",4.57177607943343,0.896213931636856,0.382983415830638,0,0.134447346124421,4.21134904766717,1.03999205387782,0.613197895363755,1.80706095705048,40.1480640438078,4.40262891715903,43.337757184286,1.0513692154336,0,3.15818605039494,8.8329654386879,1.2914371270991,4.39974180810034,4.59410044194011,0.180162010114441,12.7008301103092,1.02648781410488,5.93221430366561,4.11255835739208,1.02404355704076,0,0.690723065898367,0.352935669075749,0.178896915090848,1.17508732608708,5.95776534534031,0,9.87164926181501,0.00609219609053906,7.47254244324084e-05,19.0546670285789,1.36988439720344,0.572103848633698,0.475151194997706,0.785481149309176,0.226990876115516,0.715773127637268,17.4803192021756,4.20982519075831,1.66325462418991,3.10612405465325,3.26801752681059,1.74833130945311,0.376777020545765,15.4189980340873,0.319694206651553,31.3880790613513,55.8772670767811,1.68466683278461,1.21564902402728,4.71054256820006,8.86744876980327,2.11093154140849,4.03308893082813,12.9518254880135,2.01760886757252,3.58773453787164,3.71775803103404,7.54775282752081,11.3679082977873,0.737387110908708,4.81454280599301,0.163456912443708,0,0.533541857684165,15.9372457355636,3.88971291046307,6.80237224218592,15.4500018709481,13.2065203721381,19.1791901315851,2.53173115642287,3.56889816111949,23.3638396489259,8.52247900123737,0.0717057311009638,13.5614212918897,0.408985312798957,3.31520231864752,1.68074654572383,0,0,4.37299851733129,0,0.285136489281342,5.52871084759125,2.11870015367432,1.27841295815519,0.50522283580194,73.0584864988965,21.8916723009334,0.0324244139192386,1.63497323806061,1.63497323806061,0.418115752330522,6.576240738073,877.498417982113,26.9854139755333,15.1442744878397,70.6874034287892,1.91941956639093,5.19678941181128,53.8634685060641,28.2421867205524,17.0554595584993,76.6725674296537,40.2036048394168,1.24363338849205,82.5644707055628,291.476682379595,0.083676025826789,9.25852256574251,0,136.095721837928,36.6859839580536,10.0554753774893,15.6472377923867,69.7474887428184,31.2316547016374,60.473597435975,26.6508470397675,7.77771241347736,61.7959156288692,16.2498959123107,10.9718490533368,8.82149541623801,23.3550121670449,12.0164972610417,8.72188684380514,0.529137919844511,10.781665224233,29.835151674248,19.7604037620617,21.6284467199218,3.79713108554683,8.15828910292915,78.695332939459,14.7625621617709,32.9383661307061,6.67100957098341,30.0918085855807,1.53203999087603,5.78058608609996,85.8175656561081,0,0,0
P129,Servicios de limpieza,0,0,0,0,0,0,0,0,0,0,0,13.9935260952774,0,3.06742715071362,0,0,0,0.000414703058776875,0.447599500640301,0,0,1.69751959846236,0,0,0,0,0,0,0,0,0.0234467142708386,0,0.0900707265609322,4.92219594571459e-06,0.130296931898814,4.63074714904478,4.96745029544078,0,0.0880306626783512,2.0823375930468,0.64288859385258,1.76835295927506,0,0,2.69996474132509,4.54485808821025,3.25672380331078,0.960878262167537,0.988788773031523,3.50956819719,0.131578350943602,4.97315857542801,6.75057094422142,5.96790266838092,7.5016278746245,0.611883536113622,7.55691306963263,1.2554655680204,0.716158231558143,0.83883104771759,0.345900347825888,0.0755382612462963,0.462902648022612,0.356587510076318,0.640178334520087,0.098641640564569,0.862898643964825,0,0,0,1.75314814634485,0.619711603831446,3.52951020651376,14.4602287070745,0.819333295000346,8.29585269490665,1.32530014656606,0,0,0,0,0.105243561804753,0.000770203976227571,5.28008502210576e-10,0.610790790214004,0,0,2.95475721527527,0,0.0303249769978966,0.239864974519539,0.3031022177406,0.340947836071151,0.816059886609055,10.0460372719225,0.634479869778115,0.565036600073922,1.48374622467898e-18,1.48374622467898e-18,0,0.215297253329368,246.570892462207,5.58179556352984,2.06861014343966,6.90190007537302,0.258203930345225,3.13331172217166,13.7466768696926,0.704651677443613,8.44300152153573,25.5032938711585,1.51788888449036,0.0545708719589591,14.7236921373509,50.9333330926146,4.96105838162103,55.328386852353,2.14727254903438e-05,71.2175911921696,9.47750075922692,15.0118794236899,12.1113819908737,55.5379917752991,5.21961830637965,29.1222041775962,1.8453988375183,1.59557237077616,2.03442745853412,15.6299168353821,13.5519786212745,11.3285418995022,4.52430189404579,1.70781460158747,0.807491878184249,0.0331820748887485,0.508032752054235,9.92849556660746,0,8.93930075373069,15.4345640447972,2.75706911152722,50.2665030317177,33.3735906062149,12.5599491834436,21.6878607713437,0.911089636291224,0.186691421860502,1.84006484368074,0.35110164761999,0,0,0
P130,Servicios telefónicos de centros de llamadas,0,0,0,0,0,0,0,0,0,0,0,0,0,0,0,0,0,0,0,0,0,0,0,0,0,0,0,0,0,0,0,0,0,0,0,0,0,0,0,0,0,0,0,0,0,0,0,0,0,0,0,0,0,0,0,0,0,0,0,0,0,0.36106080509573,0,0,0,1.44409376559303,0.043791232779937,0,0,0,0,0,0,0,0,0,0,0,0,0,0,0,0,0,0,0,0,0,0,0,0,0,0,0,3.14055293033137,0,0,0,0,0,0,51.2977245161512,0,2.26633622386435,0,0,0,22.7305451295677,0.129342199513705,0,0,153.110007996771,0,9.09547281239423,25.1434216821215,0,0,0,4.57132967758489e-05,0,0.154279422870193,0,1.20209729535632e-06,5.99232664676743,0,0,0,0,0,5.66480738936634,0,0,0,0,0,0,0,0,0,0,0,0,0,0,0,0,0,0,0,0,0,0
P131,"Servicios administrativos, de apoyo de oficina y otros servicios de apoyo a las empresas",0,0,0,0,0,1.5821290946862,0.398182772041857,0.23477567629075,0.691871191173065,2.78071266927606,0.972854453292428,0,0,0,0,0,0,0,0.283151205536019,0,0,0,0,0,0,0,0,0,0,0,9.63123798463741,0,0.254366477624896,0,0,0.654170558796286,0.000265362569462879,0.0434391900622784,0.0434391900622784,0.902583256900955,0.290528015523408,0.767921666430147,0.0702624119843695,0.0177052814674651,0.0721975730642105,0.120099034551954,0.25978216826925,0,0.0213716210402787,0.250317447495775,2.98495433938636e-07,47.1702142066115,12.1550354348191,0.236383511003721,2.11406053561159,0.676897081436877,1.89517501116302,0.380470750646288,0.523534198905832,1.65774574761788,0.0342540410111576,1.37854827034418,0.41838652197037,1.20822114407379,1.56710631743646,7.66187137663773,0.0048687144139022,0.278976356121805,0,0.910610393099459,0.117528833318149,0.815077451073353,0.0977175025633968,0.644087101767452,6.29322453552784,27.0224539203635,0.151778293576535,0,9.20570888251358e-05,1.05850159069545e-06,0,3.64838499750539,0.803698194091374,2.43170511919234,0.453676875401224,0,0,0.303859651703223,0,0,0,4.30885751464373,0.747755100346806,1.67454518658391,213.993551519603,8.15279736154833,1.19547459617107,41.5154461693711,0,1.09167760263362,42.1661671420436,413.044009108913,14.1037567348456,12.0304374399187,37.6152736787389,2.00953727560536,5.61094496767955,17.4577017998774,9.13785891823907,6.0379789087373,18.4463393900049,127.226522570492,0,12.7233415008988,73.1459687847868,26.7179739457227,97.7669057383383,0,122.631493939153,20.7672141975745,6.74130972979786,6.25227523216886,57.3685057155495,39.1560985659336,13.0361565748059,28.4068629070302,11.7340116525739,1.12011943667757,11.3209372863877,12.4658117978583,42.2943333316281,6.36691330672687,0.116521354798431,0.500607987467475,0.248650999268574,3.50027433909966,11.1954847136237,0.0143142815008905,0.321848015006452,0.520632413901102,0.744630148146285,32.273567965527,4.1742250089765,19.9724529661741,32.4726133128516,49.3023252631358,1.18531639912984,14.0021962646006,18.793771931257,0,0,0
P132,"Servicios de mantenimiento, reparación e instalación de productos metálicos elaborados, maquinaria y equipo",13.4447311308333,0.808731853910873,0.345599278217126,0,0.395413040251043,7.64374436183701,1.85859720750777,1.09586211906442,3.2294462597547,92.2516009507237,1.88320109341884,5.66322225402295,0,12.0747617266709,6.43375117490552,1.64450962656053,1.38780921664254,37.7759005694615,7.96605897571629,0,4.94679339173176,0,0,6.76330902084239,0,0,14.2046928204319,0.79060192951473,0.619270011087925,4.06768524256378,0.742823434303672,0.50347055875985,35.1202069503771,1.84513693269853e-05,0.0122698736122174,38.7411498470732,23.8102745608177,0,4.47373519650932,12.6284010918744,3.87802610134369,11.4725132104106,64.6440928607742,15.8377952556757,4.34368861442385,8.27178629312286,28.0648018879369,0.323013662226048,8.96257851174604,25.4162837682714,0.877857869833057,88.3425687185854,53.2424339498233,30.5348105801911,8.97482026086174,19.5263250870127,137.222045865574,23.5603538774907,47.1106647233456,18.9227520053283,2.26238285074523,5.77418630229762,23.589626940719,9.60187784656288,17.0742981861919,12.029067327674,31.2332021999134,0.0229052768126763,0,0.0747534626616483,10.4808618004894,1.6206821693134,37.6232042299923,34.7223517812439,11.6673852341304,37.2557201790199,4.37934188363509,15.2275454926978,92.7112820989869,21.8466402255044,0,7.05951331307103,3.16572213451236,8.50029799011166,1.64466904671749,0,0,17.6397287756119,0,0.260668386559633,5.21411194206007,17.6007941369094,15.0774845601057,8.09024535797794,54.6313795328063,79.9065658238466,4.36104297875303,0,0,1.97482501363085,27.3847484472213,255.922926908777,168.655733679606,35.6523732348672,177.366095029565,18.1072183512029,3.50707922693334,67.6252869599565,5.58876083434432,13.6846689117677,56.5103823279166,52.006057402526,7.591557483843,49.4084215443478,220.936850258859,1.53294393261122,85.3789968908939,1.7443399120435e-05,24.1643252114712,10.4731107116575,10.6341840636399,23.0017530984002,46.6236915252612,52.0046216975088,192.40824820422,11.0474482135312,11.5031448328306,4.59803394615435,15.4978774989358,12.0005212533024,38.2574727151698,69.1786472077429,3.77071120367798,13.982758490922,2.14495202591265,103.228829645049,15.6657612040687,1.23174288751808,4.33469078933771,5.14187909522885,0.233953696529489,55.8079930059801,57.0821773115775,27.330711540994,40.3078131450687,27.2823871750977,1.33946380144802,15.9315687244241,4.42673844381394,0,0,0
P133,Servicios de reparación de otros bienes,0,0,0,0,0,0,0,0,0,0,0,0,0,0,0,0,0,0,0,0,0,0,0,0,0,0,0,0,0,0,6.64301614709556,0,0.413532230178751,2.61550210274653e-06,0,3.09959256370031,0.20782249284103,0,1.15498941732319,0.599966612086415,0.192107758507922,0.578552025965731,0.256389952249591,0.0646071795972326,0.944070531404553,1.69325891653397,0,0,3.5634515883757e-07,1.88355021065457,0,0,7.55675770120049,2.55653273351524,0.222770807735357,0.461358017497622,8.53088888330887,1.41214912288091,0.637324674251754,0.675713407441122,0.384199101889479,0.424708680462464,0,0.297261601317228,0.510854162081393,8.19502595029078,3.23249297029099,0.184800285355068,0,0.603209041911043,0,0,1.34450175124373,1.89484527037096,7.19917167242884,0.044406642220814,0.979654004209529,0,0.000709470416053486,0,0,0,0,0.00275806526274602,0.92797629599375,0,0,0.486318807561965,0,0,0.486318807561965,0,1.16989702117431,0,32.6446362422137,0.756206751105989,0,0,0,0,0.0372734172867334,71.6365072898645,5.99588489347861,1.69066865634268,2.2510112623964,0.709740526105374,0.692687919115655,6.62111157111528,3.64477948518112,4.26305296333003,6.47995126424284,21.9569669101442,0.464397859411598,17.0999080742589,71.0632657552471,5.97355015264887,12.7819236443908,0.000874479671026789,7.60615312406006,12.6567746310623,4.84619865813657,10.0256699660942,5.49179461411494,36.5364753336579,38.0282633170864,5.7533106356705,0.877265954526987,2.86081972738196,5.68750181118122,11.929841714197,6.18412478595189,5.1169688222356,4.57422089398594,0,0,0,7.69945868062761,0.637408065999421,1.83852550146476,4.07010812450978,0.205753434040014,19.5460222702674,5.06510011923859,4.05762530004812,2.145730391961,6.84231575212057,0.00154979182760979,0.788751790117432,5.594248774028,0,0,0
P134,"Servicios de apoyo a la agricultura, caza, silvicultura y pesca",59.9032940995795,45.5225377245729,19.4533652954866,5.87061567043441,1.76260700388572,20.3161056604019,4.50806166444616,2.65803369795089,7.83308121963179,646.55760710244,65.0924185063981,194.836500499934,29.7096674897348,12.8397260393057,91.1703437842149,1506.08440382615,274.873502897853,7.66728347611658,0,2.0447771421101,2.98651270478683,1.38025385459623,2.14402813545324,0.967039766444814,0.922114171323569,0,15.2847944393741,1.44557306819677,2.60180491428626,17.0899983276754,0,0,0,22.2043198163197,0,0,0,0,0.319156893677088,0,0,0,0,0,0,0,0,0,0,0,0,0,0,0,0,0,0,0,0,0,0,0,0,0,0,0,0,0,0,0,0,0,0,0,0,0,0,0,0,0,0,0,0,0,0,0,0,0,0,0,0,3.45751004555276,0,0,0,0,0,0,0,0,0,0,0,0,0,0,0,0,0,0,0,0,0,0,0,0,0,0,0,0,0,0,0,0,0,0,0,0,0,0,0,0,0,0.836333831589909,0,0,0,0,0,0,0,0,0,0,0,0,0.252604725360968,0,0,0,0,0
P135,"Servicios de apoyo a la explotación de minas y canteras y los relacionados con la distribución de electricidad, gas y agua",0,0,0,0,0,0,0,0,0,0,0,0,0,0,0,0,0,0,0,0,0,0,0,0,0,0,0,0,0,0,97.0681640844985,269.690560464901,0,0,0,0,0,0,0,0,0,0,0,0,0,0,0,0,0,0,0,0,0,0,0,0,0,0,0,0,0,0,0,0,0,0,0,0,0,0,0,0,0,0,0,0,0,0,0,0,0,0,0,0,0,0,0,0,0,0,0,0,0,0,15.114654,0,0,0,0,0,0,0,0,0,0,0,0,0,0,0,0,0,0,0,0,0,0,0,0,0,0,0,0,0,0,0,0,0,0,0,0,0,0,0,0,0,0,0,0,0,0,0,0,0,0,0,0,0,0,0,0,0
P136,Servicios de manufactura,0,0,0,0,0,0,0,0,0,0,0,0,0,0,0,0,0,0,0,0,0,0,0,0,0,0,0,0,0,0,0,0,0,122.63438250639,3.82825516209003,15.8399896109875,0.695979860498075,0,0,60.1161953848824,17.9454296916422,25.3007846351738,3.8742028462971,1.38709466442248,1.87689238160506,3.10038004608189,31.3114955059374,0.451802536622436,12.8685759698614,0,291.789386349811,0,32.6802861340452,0,52.1641578412171,0,94.3246383352144,10.0076663818674,31.1773071279173,594.928715606976,0,0,6.7854453693611,11.6991286416122,57.2146189411521,92.7943824831885,24.9066848494993,0,0,0,1.08251708891873,6.59741705710815e-12,0.00436846824098168,0.00914642871229596,11.5681589281785,7.05748929048816,0,0,0,5.70957086553554,0,8.95877758153844,0.0227808241298592,0,0,0,0,0,0,0,0,0.0175777357290545,5.95361026346176,0,0,0,0,0,0,0,0,28.8826213427562,0,0,0,0,0,0,0,0,0,0,0,0,0,0,0,0,0,0,0,0,0,0,0,0,0,0,0,0,0,135.631914635109,0,0,0,371.992116762126,0,0,0,0,0,0,0,0,0,0,0,0,0,0,0,0
P137,Servicios públicos del gobierno general,0,0,0,0,0,0,0,0,0,0,0,0,0,0,0,0,0,0,0,0,0,0,0,0,0,0,0,0,0,0,0,0,0,0,0,0,0,0,0,0,0,0,0,0,0,0,0,0,0,0,0,0,0,0,0,0,0,0,0,0,0,0,0,0,0,0,0,0,0,0,0,0,0,0,0,0,0,0,0,0,0,0,0,0,0,0,0,0,0,0,0,0,0,0,0,0,0,0,0,0,0,0,0,0,0,0,0,0,0,0,0,0,0,0,0,0,0,0,0,0,0,0,0,0,0,0,0,0,0,0,0,0,0,0,0,0,0,0,0,0,0,0,0,0,0,0,0,0,0,0,0,0
P138,"Servicios públicos administrativos relacionados con la provisión de servicios educativos, de salud, servicios sociales, culturales y otros, sin contar los servicios de seguridad social",0,0,0,0,0,0,0,0,0,0,0,0,0,0,0,0,0,0,0,0,0,0,0,0,0,0,0,0,0,0,0,0,0,0,0,0,0,0,0,0,0,0,0,0,0,0,0,0,0,0,0,0,0,0,0,0,0,0,0,0,0,0,0,0,0,0,0,0,0,0,0,0,0,0,0,0,0,0,0,0,0,0,0,0,0,0,0,0,0,0,0,0,0,0,0,0,0,0,0,0,0,0,0,0,0,0,0,0,0,0,0,0,0,0,0,0,0,0,0,0,0,0,0,0,0,0,0,0,0,0,0,0,0,0,0,0,0,0,0,0,0,0,0,0,0,0,0,0,0,0,0,0
P139,Otros servicios administrativos,0,0,0,0,0,0,0,0,0,0,0,0,0,0,0,0,0,0,0,0,0,0,0,0,0,0,0,0,0,0,0,0,0,0,0,0,0,0,0,0,0,0,0,0,0,0,0,0,0,0,0,0,0,0,0,0,0,0,0,0,0,0,0,0,0,0,0,0,0,0,0,0,0,0,0,0,0,0,0,0,0,0,0,0,0,0,0,0,0,0,0,0,0,0,0,0,0,0,0,0,0,0,0,0,0,0,0,0,0,0,0,0,0,0,0,0,0,0,0,0,0,0,0,0,0,0,0,0,0,0,0,0,0,0,0,0,0,0,0,0,0,0,0,0,0,0,0,0,0,0,0,0
P140,Servicios públicos administrativos prestados a la comunidad en su conjunto,0,0,0,0,0,0,0,0,0,0,0,0,0,0,0,0,0,0,0,0,0,0,0,0,0,0,0,0,0,0,0,0,0,0,0,0,0,0,0,0,0,0,0,0,0,0,0,0,0,0,0,0,0,0,0,0,0,0,0,0,0,0,0,0,0,0,0,0,0,0,0,0,0,0,0,0,0,0,0,0,0,0,0,0,0,0,0,0,0,0,0,0,0,0,0,0,0,0,0,0,0,0,0,0,0,0,0,0,0,0,0,0,0,0,0,0,0,0,0,0,0,0,0,0,0,0,0,0,0,0,0,0,0,0,0,0,0,0,0,0,0,0,0,0,0,0,0,0,0,0,0,0
P141,Servicios administrativos relacionados con los sistemas de seguridad social de afiliación obligatoria,0,0,0,0,0,0,0,0,0,0,0,0,0,0,0,0,0,0,0,0,0,0,0,0,0,0,0,0,0,0,0,0,0,0,0,0,0,0,0,0,0,0,0,0,0,0,0,0,0,0,0,0,0,0,0,0,0,0,0,0,0,0,0,0,0,0,0,0,0,0,0,0,0,0,0,0,0,0,0,0,0,0,0,0,0,0,0,0,0,0,0,0,0,0,0,0,0,0,0,0,0,0,0,0,0,0,0,0,0,0,0,0,0,0,0,0,0,0,0,0,0,0,0,0,0,0,0,0,0,0,0,0,0,0,0,0,0,0,0,0,0,0,0,0,0,0,0,0,0,0,0,0
P142,Servicios de enseñanza,0,0,0,0,0,0,0,0,0,0,0,0,0,0,0,0,0,0,0,0,0,0,0,0,0,0,0,0,0,0,0,0,0,0,0,0,0,0,0,0,0,0,0,0,0,0,0,0,0,0,0,0,0,0,0,0,0,0,0,0,0,0,0,0,0,0.0153710878443873,0,0,0,0,1.49075558731077e-21,0,1.27750688851813e-17,0,0.00118289803213886,1.17220548480262e-19,0,0,0,0,0,0,0,0,0,0,0,0,0,0,0,0,0,0,0,0,0,0,0,0,0.0469665520818833,9.50908416347712e-21,0,0,0,0,0,1.33747255123413,0,0,0.259821682718645,0,0.0254341497741153,0.0992520934716188,0.507557024212855,0.0607943669058063,1.19878098687834,0,0.195085738628739,0,0,0.00356537069403233,0.0141879564960194,0.00856535964087602,0.000780982436045499,4.57484267047075e-14,0,0.0341115106289763,0.00550791957042825,0.000721733173524525,0.387649189198875,6.54181633173873e-05,0,0.016702220903529,0,0,14.2635894520625,5.79063998475443,9.96460435795443,9.52293313519433,0,203.854857959415,0.546811240317046,0.0146621536815139,2.04200601853305,0.0448387139598465,3.76217416566969e-15,10.9466378354302,0.00517718083537266,0,0,0
P143,Servicios de hospitalización,0,0,0,0,0,0,0,0,0,0,0,0,0,0,0,0,0,0,0,0,0,0,0,0,0,0,0,0,0,0,0,0,0,0,0,0,0,0,0,0,0,0,0,0,0,0,0,0,0,0,0,0,0,0,0,0,0,0,0,0,0,0,0,0,0,0,0,0,0,0,0,0,0,0,0,0,0,0,0,0,0,0,0,0,0,0,0,0,0,0,0,0,0,0,0,0,0,0,0,0,0,0,0,0,0,0,0,0,0,0,0,0,0,0,0,0,0,0,0,0,0,0,0,0,0,0,0,0,0,0,0,0,0,0,0,0,0,0,0,0,0,0,0,0,0,0,0,0,0,0,0,0
P144,Servicios médicos y dentales,0,0,0,0,0,0,0,0,0,0,0,0,0,0,0,0,0,0,0,0,0,0,0,0,0,0,0,0,0,0,0,0,0,0,0,0,0,0,0,0,0,0,0,0,0,0,0,0,0,0,0,0,0,0,0,0,0,0,0,0,0,0,0,0,0,0,0,0,0,0,0,0,0,0,0,0,0,0,0,0,0,0,0,0,0,0,0,0,0,0,0,0,0,0,0,0,0,0,0,0,0.0148176646301252,0,0,0,0,0,0,0.00363252438556369,0,0,0,0,0,0.0283004519435836,0.027751869218777,0.689659451048418,0,0,0.00881500538393508,0,0,0,0.0807833844610777,0,0.00120162880627468,0,0,0,0.000840462244093574,0.931577629235887,0.168889512240923,0,0,0,0,0,3.4613437774975,12.433424560146,4.75074657978815,3.08785614564154,0,13.5714745525452,56.2910480453756,81.1515718782727,44.6877114144674,0.644543663263598,0,71.5680180069525,0.0379577121977473,0,0,0
P145,Otros servicios de atención de la salud humana,0,0,0,0,0,0,0,0,0,0,0,0,0,0,0,0,0,0,0,0,0,0,0,0,0,0,0,0,0,0,0,0,0,0,0,0,0,0,0,0,0,0,0,0,0,0,0,0,0,0,0,0,0,0,0,0,0,0,0,0,0,0,0,0,0,0,0,0,0,0,0,0,0,0,0,0,0,0,0,0,0,0,0,0,0,0,0,0,0,0,0,0,0,0,0,0,0,0,0,0,0,3.49644646687075e-08,0,0,0,0,0,0,0,0,0.000322985842361699,0,21.7478196633905,0,0,1.06085547306663,0,0,0.010234803884878,0,0,0,0,0,4.94005135370325,0,0,4.28696008722914e-05,0,1.10028017516381,0,0,0,0,0,0,0,0.000493159796204383,0,0,0,4.49503068683391,235.71662089715,123.249278265454,25.0378520198181,0,0,3.83275377868816,0,0,0,0
P146,"Servicios audiovisuales, recreativos, culturales y deportivos",0,0,0,0,0,0,0,0,0,0,0,0,0,0,0,0,0,0,0,0,0,0,0,0,0,0,0,0,0,0,0,0,0,0,0,0,0,0,0,0,0,0,0,0,0,0,0,0,0,0,0,0,0,0,0,0,0,0,0,0,0,0,0,0,0,4.64837902499106,0.000219496160083766,0,0,0,0,0,0,0,0,0,0,0,0,0,0,0,0,0,0,0,0,0,0,0,0,0,0,0,0,0.512838837390728,0,0,0,0,0,0.248611393784874,0,0,0,0,0,0.205486931300779,0,3.34381828907838,1.70873430156622,0,0.0939834019638456,0.0151555573435798,0.0418956951600478,4.48994258930263e-16,0,0,0.0130920944042767,0,0,0,0,110.521297145495,0,0,0,0.000537835649313758,0,0,0.000822729339795131,0,0,0,0,0,5.03171258327032,0.176576087781429,0.0965009321186495,0.069214307280505,0,0.524210069175133,0.252660495539369,0,0.0355507363703712,72.9186807423516,0,0,0,0,0,0
P147,Servicios de asociaciones que sirven a las empresas,0,0,0,2.51008849011094,0,2.24483184478599,0,0,0,0.080828793775126,1.88949844588226,0,0,1.07360984906486,0,4.6471425464123,0,0.0661698636229901,0,0,14.9369568182395,0,3.60821675335596,4.79920837174342,1.53983557555036,0,0,2.27394515504997e-16,0.32547393200437,2.13788086997387,0.00336573806345958,0,0.504157583367327,0,0,0.0306716449118251,0.0190865545310564,0,0.00202071165136548,0.0046180724082049,0.00388925322099337,0.00271210116396219,0.0571600755304608,0.0182195567493184,0.159590504324256,0.263236370497879,0,0,5.02860858787889e-06,0,0,23.4994147698619,0.07411337134409,0.00618918022434968,3.55349217948658,0.284618200263983,0.00900637268965289,0.00149319706195253,10.0433906257473,15.4338840124421,0.000103893376926909,0,9.44218281144083e-22,8.1158323613422e-17,0.000486801133351112,0.000143459276955505,0.000673611352601847,0,0,0,9.9670647051192,0.00330876100051183,3.99792681365237e-06,0.000731879986389907,18.7272307696912,7.99244245928386e-05,0,0,0.012747890863733,0,0,0,0.000126277960906115,0.000213695239099775,0,0,0,0,0,0,0,5.99731280843564e-21,5.4661147443551e-35,0,57.2245439799011,0.385725645207434,0,1.88409686502258,1.88409686502258,3.86334247232265,11.3878767203347,31.5032515998346,0.376629023229077,1.16034715558092,2.49166676164549,0.291673597915063,0,0.189056250794444,0.0304310389918171,0.880611849151926,5.67705606514646,0,0.003737836385502,0.0151014631110076,0.108574558451575,0.711387920214085,0.941206386736053,0,0.771790799365925,0.000737220358253004,0,0.0011138296033183,0.570354005351284,3.9732551242667,0.170569846391822,0.00131658110373149,0.037086630835876,0,0.000374908718014929,0.129395048296007,0,0.192512763218174,0,0,0.133744207163129,3.100752192747,0,0,0,0,0,11.5483969513823,0,0.0122301379503452,1.06664583127917,0.09265344751377,0.187603625556112,0,0.0015784329151557,0,0,0
P148,Servicios de asociaciones que sirven a los hogares,0,0,0,0,0,0,0,0,0,0,0,0,0,0,0,0,0,0,0,0,0,0,0,0,0,0,0,0,0,0,0,0,0,0,0,0,0,0,0,0,0,0,0,0,0,0,0,0,0,0,0,0,0,0,0,0,0,0,0,0,0,0,0,0,0,0,0,0,0,0,0,0,0,0,0,0,0,0,0,0,0,0,0,0,0,0,0,0,0,0,0,0,0,0,0,0,0,0,0,0,0,0,0,0,0,0,0,0,0,0,0,0,0,0,0,0,0,0,5.60267050702255e-18,0,0,0,0,0,0,0,0,0,0,0,0,0,0,0,0,0,0,0,0,0,0,0,0,0,0,0,0,0,0,0,0,0
P149,Otros servicios,0,0,0,0,0,0,0,0,0,0,0,0,0,0,0,0,0,0,0,0,0,0,0,0,0,0,0,0,0,0,0,0,0,0,0,0,0,0,0,0,0,0,0,0,0,0,0,0,0,0,0,0,0,0,0,0,0,0,0,0,0,0,0,0,0,0.00555165071127479,0,0,0,0,0,0,0,0,0,0,0,0,0,0,0,0,0,0,0,0,0,0,0,0,0,0,0,0,0,0,0,0,0,0,0,0.0657948244550677,0,0,0,0,0,0,0,5.89803430183528,8.99161256679667,0,0.376588036919607,0,0,0.000335574046424867,0,0,0.000295420270819636,0,0,0,0,0.00572883342212313,5.70599219583309,0,0,0,3.00736887348563e-06,0,0,0,0,0,0,0,0.874507821674674,0.256630857191385,1.02512876342683,0.528447783803519,0.208402852029082,0.374275715982738,2.45731231607343,5.25123164970444,2.84006134333325,2.37360208522064,0,0.00352364556380467,5.53847603874564,0,0,0
P150,Servicios domésticos,0,0,0,0,0,0,0,0,0,0,0,0,0,0,0,0,0,0,0,0,0,0,0,0,0,0,0,0,0,0,0,0,0,0,0,0,0,0,0,0,0,0,0,0,0,0,0,0,0,0,0,0,0,0,0,0,0,0,0,0,0,0,0,0,0,0,0,0,0,0,0,0,0,0,0,0,0,0,0,0,0,0,0,0,0,0,0,0,0,0,0,0,0,0,0,0,0,0,0,0,0,0,0,0,0,0,0,0,0,0,0,0,0,0,0,0,0,0,0,0,0,0,0,0,0,0,0,0,0,0,0,0,0,0,0,0,0,0,0,0,0,0,0,0,0,0,0,0,0,0,0,0
P151,Compras directas en el exterior por residentes,0,0,0,0,0,0,0,0,0,0,0,0,0,0,0,0,0,0,0,0,0,0,0,0,0,0,0,0,0,0,0,0,0,0,0,0,0,0,0,0,0,0,0,0,0,0,0,0,0,0,0,0,0,0,0,0,0,0,0,0,0,0,0,0,0,0,0,0,0,0,0,0,0,0,0,0,0,0,0,0,0,0,0,0,0,0,0,0,0,0,0,0,0,0,0,0,0,0,0,0,0,0,0,0,0,0,0,0,0,0,0,0,0,0,0,0,0,0,0,0,0,0,0,0,0,0,0,0,0,0,0,0,0,0,0,0,0,0,0,0,0,0,0,0,0,0,0,0,0,0,0,0
P152,Compras directas en el territorio nacional por no residentes,0,0,0,0,0,0,0,0,0,0,0,0,0,0,0,0,0,0,0,0,0,0,0,0,0,0,0,0,0,0,0,0,0,0,0,0,0,0,0,0,0,0,0,0,0,0,0,0,0,0,0,0,0,0,0,0,0,0,0,0,0,0,0,0,0,0,0,0,0,0,0,0,0,0,0,0,0,0,0,0,0,0,0,0,0,0,0,0,0,0,0,0,0,0,0,0,0,0,0,0,0,0,0,0,0,0,0,0,0,0,0,0,0,0,0,0,0,0,0,0,0,0,0,0,0,0,0,0,0,0,0,0,0,0,0,0,0,0,0,0,0,0,0,0,0,0,0,0,0,0,0,0
