codigo,producto,P001,P002,P003,P004,P005,P006,P007,P008,P009,P010,P011,P012,P013,P014,P015,P016,P017,P018,P019,P020,P021,P022,P023,P024,P025,P026,P027,P028,P029,P030,P031,P032,P033,P034,P035,P036,P037,P038,P039,P040,P041,P042,P043,P044,P045,P046,P047,P048,P049,P050,P051,P052,P053,P054,P055,P056,P057,P058,P059,P060,P061,P062,P063,P064,P065,P066,P067,P068,P069,P070,P071,P072,P073,P074,P075,P076,P077,P078,P079,P080,P081,P082,P083,P084,P085,P086,P087,P088,P089,P090,P091,P092,P093,P094,P095,P096,P097,P098,P099,P100,P101,P102,P103,P104,P105,P106,P107,P108,P109,P110,P111,P112,P113,P114,P115,P116,P117,P118,P119,P120,P121,P122,P123,P124,P125,P126,P127,P128,P129,P130,P131,P132,P133,P134,P135,P136,P137,P138,P139,P140,P141,P142,P143,P144,P145,P146,P147,P148,P149,P150,P151,P152
P001,Maíz,47.1025135477148,0,0,0,0,0,0,0,0,0,0,0,0,0,0,0,0,0,0.00952207458765013,0,0,0,14.2851339642239,0,0,0,0,0,0,0,0,0,0,0,0,0,0.000457158138760701,0,0,0,0,0,0,0,0,0,0,0,105.424443721589,0,540.670766884856,0,10.9337169823242,861.175588215224,0.0204585282889769,0,0,0,0,0,0,0,0,0,0,0,0,0,0,0,0,0,0,0,0,0,0,0,0,0,0,0,0,0,0,0,0,0,0,0,0,0,0,0,0,0,0,0,0,0,0,0,0,0,0,0,0,0,0,0,6.92487284108183,0,0,0,0,0,0,0,0,0,0,0,0,0,0,0,0,0,0,0,0,0,0,0,0,0,0,0,0,0,0,0,7.62544790184362e-05,0,0.00809101099130217,0,0,0,0,0,0,0
P002,Frijoles,0,20.6618461077473,0,0,0,0,0,0,0,0,0,0,0,0,0,0,0,0,0.152335936900307,0,0,0,0,0,0,0,0,0,0,0,0,0,0,0,0,0,2.91141908188887e-05,0,0,13.7442340492472,0,0,0,0,0,0,0,0,0,0,0,0,1.60250698239649,0,0,0,0,0,0,0,0,0,0,0,0,0,0,0,0,0,0,0,0,0,0,0,0,0,0,0,0,0,0,0,0,0,0,0,0,0,0,0,0,0,0,0,0,0,0,0,0,0,0,0,0,0,0,0,0,0,14.391395705231,0,0,0,0,0,0,0,0,0,0,0,0,0,0,0,0,0,0,0,0,0,0,0,0,0,0,0,0,0,0,0,0,0,0.0130813499547361,0,0,0.142833610632143,0,0,0,0
P003,Leguminosas (legumbres secas) y semillas oleaginosas,0,0,79.7990363836775,0,0,0,19.7885430775687,0,0,0,0,0,0,0,0,0,0,0,0.0593187578098353,0,0,0,0,0,0,0,0,0,0,0,0,0,0,0,0,0,0,0,0,1.5459425157045,17.82696520589,0,0,0.538483008476505,0,0,0,0,0.125280150500618,3.91929633379523,0,0,4.11610288442069,46.1960355045128,0,0,0,0,0,0,0,0,0,0,0,0,0,0,0,0,0,0,0,0,0,0,0,0,0,0,0,0,0,0,0,0,0,0,0,0,0,0,0,0,0,0,0,0,0,0,0,0,0,0,0,0,0,0,0,0,5.34332159337405,0,0,0,0,0,0,0,0,0,0,0,0,0,0,0,0,0,0,0,0,0,0,0,0,0,0,0,0,0,0,0,0.000798555917340767,0,0.00205193912286573,0.00863163532929194,0,0,0,0,0,0
P004,Arroz,0,0,0,6.31653243739199,0,0,0,0,0,0,0,0,0,0,0,0,0,0,0.431669846620136,0,0,0,0,0,0,0,0,0,0,0,0,0,0,0,0,0,0,0,0,0,0,0,0,0,0,0,0,199.99586739712,63.3742799039682,0,0,0,0,0,0,0,0,0,0,0,0,0,0,0,0,0,0,0,0,0,0,0,0,0,0,0,0,0,0,0,0,0,0,0,0,0,0,0,0,0,0,0,0,0,0,0,0,0,0,0,0,0,0,0,0,0,0,0,0,0,0,0,0,0,0,0,0,0,0,0,0,0,0,0,0,0,0,0,0,0,0,0,0,0,0,0,0,0,0,0,0,0,0,0,0,0,0,0,0,0,0,0
P005,Otros cereales,0,0,0,0,1.59723269428619,0,0,0,0,0,0,0,0,0,0,0,0,0,0.167679908373429,0,0,0,0,0,0,0,0,0,0,0,0,0,0,0,0,0,0,0,0,0,0,0,0,0,0,0,1107.05307608458,0,1.35570409986047,0,0,0,166.498712129394,47.9512202696216,0,0,0,0,0,0,0,0,0,0,0,0,0,0,0,0,0,0,0,0,0,0,0,0,0,0,0,0,0,0,0,0,0,0,0,0,0,0,0,0,0,0,0,0,0,0,0,0,0,0,0,0,0,0,0,0,0.0161243161826225,0,0,0,0,0,0,0,0,0,0,0,0,0,0,0,0,0,0,0,0,0,0,0,0,0,0,0,0,0,0,0,0,0,0,0,0,0,0,0,0,0
P006,Hortalizas,0,0,0,0,0,10.9484973602066,2.75546606356083,1.6246720199655,4.78782037167692,0,0,0,0,0,0,0,0,0,6.32771251866602,0,0,0,0,0,0,0,0,0,0,0,0,0,0,0,0,0,0,0,0,0.739296744667999,0,0,0,0,0,0,0,0,0,0.0592345137599042,0,0,1.66956365112121,4.99497291317353e-06,0,0,0,0,0,0,0,0,0,0,0,0,0,0,0,0,0,0,0,0,0,0,0,0,0,0,0,0,0,0,0,0,0,0,0,0,0,0,0,0,0,0,0,0,0,0,0,0,0,0,0,0,0,0,0,0,20.4815883900972,0,0,0,0,0,0,0,0,0,0,0,0,0,0,0,0,0,0,0,0,0,0,0,0,0,0,0,0,0,0,0,0.0092186235305062,0,0.0591075141952034,0.169443879779126,0,0,0,0,0,0
P007,Sandías y melones,0,0,0,0,0,0,0,0,0,0,0,0,0,0,0,0,0,0,0,0,0,0,0,0,0,0,0,0,0,0,0,0,0,0,0,0,0,0,0,0,0.000302634975942912,0.000629943223557328,0,0,0,0,0,0,0,0,0,0,0.000914601181882277,0,0,0,0,0,0,0,0,0,0,0,0,0,0,0,0,0,0,0,0,0,0,0,0,0,0,0,0,0,0,0,0,0,0,0,0,0,0,0,0,0,0,0,0,0,0,0,0,0,0,0,0,0,0,0,0,0,0.00854539687024457,0,0,0,0,0,0,0,0,0,0,0,0,0,0,0,0,0,0,0,0,0,0,0,0,0,0,0,0,0,0,0,3.17983028564838e-06,0,1.85946577042031e-05,5.97149603830603e-05,0,0,0,0,0,0
P008,Ejotes y arvejas,0,0,0,0,0,0,0,0,0,0,0,0,0,0,0,0,0,0,0,0,0,0,0,0,0,0,0,0,0,0,0,0,0,0,0,0,0,0,0,0.0106938815158428,0,0,0,0,0,0,0,0,0,0,0,0,0,0,0,0,0,0,0,0,0,0,0,0,0,0,0,0,0,0,0,0,0,0,0,0,0,0,0,0,0,0,0,0,0,0,0,0,0,0,0,0,0,0,0,0,0,0,0,0,0,0,0,0,0,0,0,0,0,0,0.0483007262921969,0,0,0,0,0,0,0,0,0,0,0,0,0,0,0,0,0,0,0,0,0,0,0,0,0,0,0,0,0,0,0,1.01918871314685e-05,0,0,0.00103974900482888,0,0,0,0,0,0
P009,Raíces y tubérculos,0,0,0,0,0,0,0,0,4.29134932409666,0,0,0,0,0,0,0,0,0,0,0,0,0,0,0,0,0,0,0,0,0,0,0,0,0,0,0,0,0,0,0.0444586688198802,0,0,0,0,0,0,0,0,0.322489225492676,0,0,0,3.7330347560052,0,0,0,0,0,0,0,0,0,0,0,0,0,0,0,0,0,0,0,0,0,0,0,0,0,0,0,0,0,0,0,0,0,0,0,0,0,0,0,0,0,0,0,0,0,0,0,0,0,0,0,0,0,0,0,0,0,10.6339282195994,0,0,0,0,0,0,0,0,0,0,0,0,0,0,0,0,0,0,0,0,0,0,0,0,0,0,0,0,0,0,0,0.00491042220554077,0,0.00730745694435189,0.00320270669431254,0,0.000654221441929741,0,0,0,0
P010,Caña de azúcar y otras plantas azucareras,0,0,0,0,0,0,0,0,0,0,0,0,0,0,0,0,0,0,0,0,0,0,0,0,0,0,0,0,0,0,0,0,0,0,0,0,0,0,0,0,0,0,0,0,0,0,0,0,0,0,0,0.157551238537766,0,0,1.70701245561166e-05,0,0,0,0,0,0,0,0,0,0,0,0,0,0,0,0,0,0,0,0,0,0,0,0,0,0,0,0,0,0,0,0,0,0,0,0,0,0,0,0,0,0,0,0,0,0,0,0,0,0,0,0,0,0,0,0,0,0,0,0,0,0,0,0,0,0,0,0,0,0,0,0,0,0,0,0,0,0,0,0,0,0,0,0,0,0,0,0,0,0,6.91337677496131e-07,0,0,0,0,0,0
P011,Tabaco y otras plantas no perennes,0,0,0,0,0,0,7.08355936589319,0,0,0,23.021904930496,0,0,0,0.505985821858117,0,0,0,0.794092202760732,0,20.5554641738281,1.51941105230562,0,105.739036562995,0,0,0,0,0,0,0,0,0,0,0,0,0,0,0,0,0,0,0,0,2.50279008504832,4.11909346890553,0,0,0,0,0,0,0.0127246958794066,4.21469031857e-05,17.287886,0,0,0,262.612267907864,17.651477012758,0,0,0,0,0,0,0,0,0,0,0,0,0,0,3.17475083092068,0,0,0,0,0,0,0,0,0,0,0,0,0,0,0,0,0,5.53997739933866,0,0,0,0,0,0,0,0,1.15906090276844,0,0,0,0,0,0,0,0,13.20768976068,0,0,0,0,0,0,0,0.0286504803822681,0,0,0,0,0,0,0,0,0,0,0,0.0613757461084477,0,0,0,0,0,0.00233152302862451,0,5.06283911822916e-06,0,0,0,0.00232990140677909,0,3.27003563134405,0.143425936940268,0,0,0.740587380947443,0,0,0
P012,"Bananos, plátanos y otros",0,0,0,0,0,0,0,0,0,0,0,0,0,0,0,0,0,0,0,0,0,0,0,0,0,0,0,0,0,0,0,0,0,0,0,0,0,0,0,0,0.033804741254047,0,0,0,0,0,0,0,0,0,0,0,0.0117947403662196,0,0,0,0,0,0,0,0,0,0,0,0,0,0,0,0,0,0,0,0,0,0,0,0,0,0,0,0,0,0,0,0,0,0,0,0,0,0,0,0,0,0,0,0,0,0,0,0,0,0,0,0,0,0,0,0,0,0.0918246273130807,0,0,0,0,0,0,0,0,0,0,0,0,0,0,0,0,0,0,0,0,0,0,0,0,0,0,0,0,0,0,0,1.40640911081899e-05,0,3.17216331770358e-05,0.000476077442367491,0,0,0,0,0,0
P013,Frutas tropicales y subtropicales,0,0,0,0,0,0,0,0,0,0,0,0,0,0,0,0,0,0,0,0,0,0,0,0,0,0,0,0,0,0,0,0,0,0,0,0,0,0,0,0,0.340648475474761,0.855388408929167,0,0,0,6.4071651760908e-05,0,0,0,5.40604561732655e-06,0,0,0.019203193375283,0,0,0,0,0,0,0,0,0,0,0,0,0,0,0,0,0,0,0,0,0,0,0,0,0,0,0,0,0,0,0,0,0,0,0,0,0,0,0,0,0,0,0,0,0,0,0,0,0,0,0,0,0,0,0,0,0,0.00235919835669546,0,0,0,0,0,0,0,0,0,0,0,0,0,0,0,0,0,0,0,0,0,0,0,0,0,0,0,0,0,0,0,2.25037284754109e-05,0,4.45747699664371e-06,0.00256723006124267,0,0,0,0,0,0
P014,"Berries, otras frutas y semillas de frutas",0,0,0,0,0,0,14.4305509199736,0,0,0,0,0,4.45464710966378,1.85544359557684,0,0,0,0,0.185991818554547,0,0,0,0,0,0,0,0,0,0,0,0,0,0,0,0,0,0,0,0,0,10.9209526859871,19.6839809828294,0.0262523366358341,0,0.587740020181516,1.04494938229703,0,0,0,0.0767426941540939,0,0,3.41137132981316,0,0.0848678994228754,0,0,0,0,0,0,0,0,0,0,0,0,0,0,0,0,0,0,0,0.00244915493993724,0,0,0,0,0,0,0,0,0,0,0,0,0,0,0,0,0,0,0,0,0,0,0,0,0,0,0,0,0,0,0,0,0,0,0,48.7369836935636,0,0,0,0,0,0,0,0,0,0,0,0,0,0,0,0,0,0,0,0,0,0,0,0,0,0,0,0,0,0,0,0.0110568101400889,0,0.0934859077437411,0.0455564683228384,0,0,0,0,0,0
P015,Palma africana,0,0,0,0,0,0,0,0,0,0,0,0,0,0,3.86217519638166,0,0,0,0.14562771225554,0,0,0,0,0,0,0,0,0,0,0,0,0,0,0,0,0,0,0,0,0,0,0,15.1381913749253,3.17889971643755,0,0,0,0,0,0,0,0,0,0,0,0,0,0,0,0,0,0,0,0,0,0,0,0,0,0,0,0,0,0,0,0,0,0,0,0,0,0,0,0,0,0,0,0,0,0,0,0,0,0,0,0,0,0,0,0,0,0,0,0,0,0,0,0,0,0,0,0,0,0,0,0,0,0,0,0,0,0,0,0,0,0,0,0,0,0,0,0,0,0,0,0,0,0,0,0,0,0,0,0,0,0,0,0,0,0,0,0
P016,Café en grano,0,0,0,0,0,0,0,0,0,0,0,0,0,0,0,0.0638656955396679,0,0,0.0140597209822127,0,0,0,0,0,0,0,0,0,0,0,0,0,0,0,0,0,0,0,0,0,0,0,0,0,0,0,0,0,0,0,0,0,0.00282815748336767,0,0,0,0,0,0,0,0,0,0,0,0,0,0,0,0,0,0,0,0,0,0,0,0,0,0,0,0,0,0,0,0,0,0,0,0,0,0,0,0,0,0,0,0,0,0,0,0,0,0,0,0,0,0,0,0,0,4.25994751767773e-07,0,0,0,0,0,0,0,0,0,0,0,0,0,0,0,0,0,0,0,0,0,0,0,0,0,0,0,0,0,0,0,0,0,0,0,0,0,0,0,0,0
P017,Cardamomo,0,0,0,0,0,0,0,0,0,0,0,0,0,0,0,0,0.636479712769797,0,0,0,0,0,0,0,0,0,0,0,0,0,0,0,0,0,0,0,0,0,0,0,0,0,0,0,0,0,0,0,0,0,0,0,0.00650428723020288,0,0,0,0,0,0,0,0,0,0,0,0,0,0,0,0,0,0,0,0,0,0,0,0,0,0,0,0,0,0,0,0,0,0,0,0,0,0,0,0,0,0,0,0,0,0,0,0,0,0,0,0,0,0,0,0,0,0,0,0,0,0,0,0,0,0,0,0,0,0,0,0,0,0,0,0,0,0,0,0,0,0,0,0,0,0,0,0,0,0,0,0,0,0,0,0,0,0,0
P018,Caucho natural,0,0,0,0,0,0,0,0,0,0,0,0,0,0,0,0,0,37.2320800581062,0,0,0,0,0,0,0,0,0,0,0,0,0,0,0,0,0,0,0,0,0,0,0,0,0,0,0,0,0,0,0,0,0,0,0,0,0,0,0,0,0,0,0,0,0,0,0,0,0,0,0,0,0,0,0,0,0,1.16672608133876,0,0,0,0,0,0,0,0,0,0,0,0,0,0,0,0,0.0671079676899001,0,0,0,0,0,0,0,0,0,0.0664715173651694,0,0,0,0,0,0,0,0,0,0,0,0,0,0,0,0,0,0,0,0,0,0,0,0,0,0,0,0,0,0,0,0,0,0,0,0,0,0,0,0,0,0,0,0,0,0,0,0,0
P019,Propagación de plantas,0,0,0,0,0,3.55733128611264,0.559980024979155,0.330174227276645,0.973005549508616,0.516954700022388,4.5029233079671,8.02332706380497,0.656938882735385,0.193454612105733,0.635037379632354,0.67941551296511,0.467113730961349,0.391175110298225,3.3321206640892,0.592634217211983,0,0,0,0,0,0,0,0,0,0,0,0,0,0,0,0,0,0,0,0,0,0,0,0,0,0,0,0,0,0,0,0,0,0,0,0,0,0,0,0,0,0,0,0,0,0,0,0,0,0,0,0,0,0,0,0,0,0,0,0,0,0,0,0,0,0,0,0,0,0,0,0,0,0,0,0,0,0,0,0,0,0,0,0,0,0,0,0,0,0,0,0,0,0,0,0,0,0,0,0,0,0,0,0,0,0,0,0,1.97378400275564e-06,0,0.0429406296740444,0,0,0,0,0,0,0,0.000848803438419174,0,0,0.00659774003269029,0,0,0,0,0,0,0,0,0,0
P020,"Otros frutos oleaginosos, otras plantas bebestibles y especias aromáticas",0,0,0,0,0,0,0,0,0,0,0,0,0,0,0,0,0,0,0,0,0,0,0,0,0,0,0,0,0,0,0,0,0,0,0,0,0.00118790975799257,0,0,0,1.6348773995797,0,0,0,0,0,0,0,0,0,0,0,22.7306410478698,0,0.0317642488199555,1.56226961674524,0,0,0,0,0,0,0,0,0,0,0,0,0,0,0,0,0,0,0,0,0,0,0,0,0,0,0,0,0,0,0,0,0,0,0,0,0.0794435219824006,0,0,0,0,0,0,0,0,0,0,0,0,0,0,0,0,0,10.9788826570757,0,0,0,0,0,0,0,0,0,0,0,0,0,0,0,0,0,0,0,0,0,0,0,0,0,0,0,0,0,0,0,0.00367273113127617,0,6.78249900043791,0,0,0,0,0,0,0
P021,Ganado bovino,0,0,0,0,0,0,0,0,0,0,0,0,0,0,0,0,0,0,0,0,0,0,0,0,0,0,0,0,0,0,0,0,0,8.06597085426174,0,0,0.00196761143826272,0,0,0,0,0,0,0,0,0,0,0,0,0,0,0,0,0,0,0,0,0,0,0,0,0,0,0,0,0,0,0,0,0,0,0,0,0,0,0,0,0,0,0,0,0,0,0,0,0,0,0,0,0,0,0,0,0,0,0,0,0,0,0,0,0,0,0,0,0,0,0,0,0,0,0,0,0,0,0,0,0,0,0,0,0,0,0,0,0,0,0,0,0,0,0,0,0,0,0,0,0,0,0,0,0,0,0,0,0,0,0,0,0,0,0
P022,Ganado porcino y otro tipo de animales vivos n.c.p.,0,0,0,0,0,0,0.0543408342341087,0,0,0,0,0,0,0,0,0,0,0,0,0,0,0,0,0,0,0,0,0,0,0,0,0,0,0,0,0,6.27530094376589,0,0,0,0,0,0,0,0,0,0,0,0,0,0,0,0,0,0,0,0,0,0,0,0,0,0,0,0,0,0,0,0,0,0,0,0,0,0,0,0,0,0,0,0,0,0,0,0,0,0,0,0,0,0,0,0,0,0,0,0,0,0,0,0,0,0,0,0,0,0,0,0,0,0,0,0,0,0,0,0,0,0,0,0,0,0,0,0,0,0,0,0,0,0,0,0,0,0,0,0,0,0,0,0,0,0,0,0,0,0,0,0,0,0,0
P023,Aves de corral,0,0,0,0,0,0,0,0,0,0,0,0,0,0,0,0,0,0,0,0,0,0,81.5804106923586,0,0,0,0,0,0,0,0,0,0,0,0,27.9406429642218,3.13983463981228,0,0,0,0,0,0,0,0,0,0,0,0,0,0,0,0,0,0,0,0,0,0,0,0,0,0,0,0,0,0,0,0,0,0,0,0,0,0,0,0,0,0,0,0,0,0,0,0,0,0,0,0,0,0,0,0,0,0,0,0,0,0,0,0,0,0,0,0,0,0,0,0,0,0.000621703607389733,0,0,0,0,0,0,0,0,0,0,0,0,0,0,0,0,0,0,0,0,0,0,0,0,0,0,0,0,0,0,0,0,0,0,0,0,0,0,0,0,0
P024,Leche cruda,0,0,0,0,0,0,0,0,0,0,0,0,0,0,0,0,0,0,0,0,0,0,0,0,0,0,0,0,0,0,0,0,0,0,0,0,0,0,0,0,0,0,0,0,0,0,0,0,0,0,0,0,0,0,0,0,0,0,0,0,0,0,0,0,0,0,0,0,0,0,0,0,0,0,0,0,0,0,0,0,0,0,0,0,0,0,0,0,0,0,0,0,0,0,0,0,0,0,0,0,0,0,0,0,0,0,0,0,0,0,0,0,0,0,0,0,0,0,0,0,0,0,0,0,0,0,0,0,0,0,0,0,0,0,0,0,0,0,0,0,0,0,0,0,0,0,0,0,0,0,0,0
P025,Huevos,0,0,0,0,0,0,0,0,0,0,0,0,0,0,0,0,0,0,0,0,0,0,0.58103051859347,0,0,0,0,0,0.00599005920572766,0,0,0,0,0,0,0,0,0,0,0,0,0,0.0580825589033163,0,0,0,0,0,0,23.6571943591826,0,0,0.625489625947614,0,0.0090186442290621,0,0,0,0,0,0,0,0,0,0,0,0,0,0,0,0,0,0,3.92011133922517e-05,0,0,0,0,0,0,0,0,0,0,0,0,0,0,0,0,0,0,0,0,0,0,0,0,0,0,0,0,0,0,0,0,0,0,0,0,2.08751894313128,0,0,0,0,0,0,0,0,0,0,0,0,0,0,0,0,0,0,0,0,0,0,0,0,0,0,0,0,0,0,0,0,0,0.00303834419355283,0,0,0,0,0,0,0
P026,Otros productos de animales vivos,0,0,0,0,0,0,0,0,0,0,0,0,0,0,0,0,0,0,0,0,1.668619,0,0,0,0,0,0,0,0,0,0,0,0,0,0,0,0,0,0,0,0,0,0,0,0,0,0,0,0,0,0,0,0,0,0,0,0,0,0,0,0,0,0,0,0,0,0,0,0,0,0,0,0,0,0,0,0,0,0,0,0,0,0,0,0,0,0,0,0,0,0,0,0,0,0,0,0,0,0,0,0,0,0,0,0,0,0,0,0,0,0,0,0,0,0,0,0,0,0,0,0,0,0,0,0,0,0,0,0,0,0,0,0,0,0,0,0,0,0,0,0,0,0,0,0,0,0,0,0,0,0,0
P027,Troncos de madera y leña,0,0,0,0,0,0,0,0,0,0,0,0,0,0,0,0,0,0,0,0,0,0,0,0,0,0,0.00687974349852224,0,0,0,0,0,0,0,0,0,0,0,0,0,0,0,0,0,0,0,0,0,0,0,0,0,0,0,0,0,0,0,0,0,0,0,0.353390748091476,0,0,0,0,0,0,0,0,0,0,0.000239861682785197,0,0,0,0,8.64672721635842e-06,0,0,0,0,0,0,0,0,0,0,0,0,0,0,0,0,0,0,0,0,0,0,0,0,0,0,0,0,0,0,0,0,0,0,0,0,0,0,0,0,0,0,0,0,0,0,0,0,0,0,0,0,0,0,0,0,0,0,0,0,0,0,0,0,0,0,0,0,0,0,0,0,0
P028,Productos forestales no madereros,0,0,0,0,0,0,0,0,0,0,0,0,0.539398496206464,0,0,0,0,0,0.270198120406656,0,0,0,0,0,0,0,0,0,0,0,0,0,0,0,0,0,3.91107970532454e-06,0,0,0,0,0,0,0,0,0,0,0,0,0.000873804495292198,0,0,0.0321805252050912,0,0,0,0,0,0,0,0,0,0,0,0,0,0,0,0,0,0,0,0.118381627005639,0,0.163232814521786,4.38716023212387e-11,0,0,0,0,0,0,0,0,0,0,0,0,0,0,0,0,0,0,0,0,0,0.211675478832352,0,0,0.227080441908858,0,0,0,0,0,0,0,0,0,0,0,0,0,0,0,0,0,0,0,0,0,0,0,0,0,0,0,0,0,0.115964008217899,0,0.00959679907638554,0,0,0,0,0,0,0,0,0,0,0,0,0,0,0,0,0,0,0
P029,"Peces vivos, frescos o refrigerados",0,0,0,0,0,0,0,0,0,0,0,0,0,0,0,0,0,0,0,0,0,0,0,0,0,0,0,0,0.0428936681798322,0,0,0,0,0,0,0,0,0.0954522209322329,0.03620010861742,0,0,0,0,0,0,0,0,0,0,0,0,0,0,0,0,0,0,0,0,0,0,0,0,0,0,0,0,0,0,0,0,0,0,0,0,0,0,0,0,0,0,0,0,0,0,0,0,0,0,0,0,0,0,0,0,0,0,0,0,0,0,0,0,0,0,0,0,0,0,0,0.0837350716925698,0,0,0,0,0,0,0,0,0,0,0,0,0,0,0,0,0,0,0,0,0,0,0,0,0,0,0,0,0,0,0,0,0,0,0.00156095637794505,0,0,0,0,0,0
P030,Crustáceos sin congelar y otros productos de la pesca,0,0,0,0,0,0,0,0,0,0,0,0,0,0,0,0,0,0,0,0,0,0,0,0,0,0,0,0,0,1.56641956514874,0,0,0,0,0,0,0,0,1.58641225687343,0,0,0,0,0,0,0,0,0,0,0,0,0,2.34770653505433,0,0,0,0,0,0,0,0,0,0,0,0,0,0,0,0,0,0,0,0,0,0,0,0,0,0,0,0,0,0,0,0,0,0,0,0,0,0,0,0,0,0,0,0,0,0,0,0,0,0,0,0,0,0,0,0,0,9.6184923797235,0,0,0,0,0,0,0,0,0,0,0,0,0,0,0,0,0,0,0,0,0,0,0,0,0,0,0,0,0,0,0,0,0,0,0,0,0,0,0,0,0
P031,Petróleo crudo y gas natural,0,0,0,0,0,0,0,0,0,0,0,0,0,0,0,0,0,0,0,0,0,0,0,0,0,0,0,0,0,0,0,0,0,0,0,0,0,0,0,0,0,0,0,0,0,0,0,0,0,0,0,0,0,0,0,0,0,0,0,0,0,0,0,0,0,0,0,0,0,0,0,0,0,0,0,0,0,0,0,0,0,0,0,0,0,0,0,0,0,0,0,0,0,0,0,0,0,0,0,0,0,0,0,0,0,0,0,0,0,0,0,0,0,0,0,0,0,0,0,0,0,0,0,0,0,0,0,0,0,0,0,0,0,0,0,0,0,0,0,0,0,0,0,0,0,0,0,0,0,0,0,0
P032,Minerales metálicos,0,0,0,0,0,0,0,0,0,0,0,0,0,0,0,0,0,0,0,0,0,0,0,0,0,0,0,0,0,0,0,1.92673264338968,4.49753290946902,0,0,0,0,0,0,0,0,0,0,0,0,0,0,0,0,0,0,0,0,0,0,0,0,0,0,0,0,0,0,0,0,0,0,0,0,0,0,0,0,0,0,0,0,1.07892030993524,0,0,0,0,0,0,0,0,0,9.31650977820134,0,0,0,0,0,0,0,0,0,0,0,0,0,0,0,0,0,0,0,0,0,0,0,0,0,0,0,0,0,0,0.000327235315547636,0,0,0,0,0,0,0,0,0,0,0,0,0,0,0,0,0,0.500271842806981,0.000964840016080566,8.53481430732303e-05,0,0,0,0.00986337045105549,0,0,4.52204719847358e-05,0,0,0,0,0,0
P033,Minerales no metálicos,0,0,0,0,0,0,0,0,0,0,7.99680395124943,0,0,0,0,0,0,0,0.866160725820481,0,5.39904815760444,0.457530125646171,0,4.43987938988764,0,0,0,0.468196468175885,0,0,0,1.4562192843879,10.47390153139,0.0791350826837793,0,0,0.00973231881585531,0.215579954396735,0.18765552309496,1.25509357818651,1.33678519351015,0,0,0,0.0841696117396789,0.14986819152482,0,0,0,1.83002724076519,0.0129585998397541,0,19.1626280022559,0.134739217069303,3.67706024285682,0,0.196820822977963,0.0490732651481453,0,0,0.885223454052237,0.138434551911272,0,0,0,0,0,2.94550656419442e-05,0,0.0021537455951962,43.4919399528943,3.57747979020165,1.49554783420031,1.14485764123353,0.205902005668201,1.28756991620343,24.9338094975305,13.6050804983233,13.4789930943791,4.97561644077037,0.0996254323368818,4.73299373352503,0,0,0,0,0,1.46883954286626,0,0.0391874728770055,0,0,2.69807746980898,0,830.80429719925,0.154495961434682,0,11.8888173622329,3.33252044938691,9.05845665559838,10.5335040796899,0.00229572127060759,0.0149487005074708,0,0,5.6265477000783e-05,0,0.00290840274656149,0,0.014624473757608,1.43484178695999,0,0.00020955693147212,0,0,0,0,1.12961668574133e-07,3.97153514274739e-05,0,0,0.956194329649475,0,0,0,0,0,4.86854260460926e-05,0,0,0.0289343403606631,0.976534757739305,0,0,1.82809675309024,0,2.48756848859464,0.00463427579009038,0.110326881955578,0.144916616971553,0.000253989246215448,0.0255685121631801,0.015705121258686,0,0.0026023204873812,0.0835620320887947,0,0.02392430528057,0.0123270865227472,0,0,0
P034,Carne y despojos comestibles de ganado bovino; cueros y pieles de bovino y de otros animales,0,0,0,0,0,0,0,0,0,0,0,0,0,0,0,0,0,0,0,0,0,0,0,0,0,0,0,0,0,0,0,0,0,0.041852864188806,0,0,21.7983706428194,0,0,0,0,0,0,0,0,0,0,0,0,0.00839500901294326,0,0,5.55847299305325e-08,0,0,0,0,0,0,0,12.3848544117002,0.325099196092579,0,0,0,0,0,0,0,0,0,0,0,0,0.149120433707246,0,0,0,0,0,0,0,0,0,0,0,0,0,0,0,0,0,0,0,0,0,0,0,0,0,0,0,0,0,0,0,0,0,0,0,51.1675887046625,0,0,0,0,0,0,0,0,0,0,0,0,0,0,0,0,0,0,0,0,0,0,0,0,0,0,0,0,0,0,0,0.0595279527030987,0,0.0801798525284944,0,0,0,0,0,0,0
P035,Carne y despojos comestibles de ganado porcino,0,0,0,0,0,0,0,0,0,0,0,0,0,0,0,0,0,0,0,0,0,0,0,0,0,0,0,0,0,0,0,0,0,0,0,0,68.236484299646,0,0,0,0,0,0,2.17808364094688,0,0,0,0,0,0,0,0,0,0,0,0,0,0,0,0,0,0,0,0,0,0,0,0,0,0,0,0,0,0,0,0,0,0,0,0,0,0,0,0,0,0,0,0,0,0,0,0,0,0,0,0,0,0,0,0,0,0,0,0,0,0,0,0,0,0,77.3771262163244,0,0,0,0,0,0,0,0,0,0,0,0,0,0,0,0,0,0,0,0,0,0,0,0,0,0,0,0,0,0,0,0,0,0.0685831309047289,4.82277916160819e-07,0,0,0,0,0,0
P036,Carne y despojos comestibles de aves,0,0,0,0,0,0,0,0,0,0,0,0,0,0,0,0,0,0,0,0,0,0,0,0,0,0,0,0,0,0,0,0,0,0,0,0,16.2534319184176,0,0,0,0,0,0,0,0,0,0,0,0,0,0,0,0,0,0,0,0,0,0,0,0,0,0,0,0,0,0,0,0,0,0,0,0,0,0,0,0,0,0,0,0,0,0,0,0,0,0,0,0,0,0,0,0,0,0,0,0,0,0,0,0,0,0,0,0,0,0,0,0,0,238.05393671067,0,0,0,0,0,0,0,0,0,0,0,0,0,0,0,0,0,0,0,0,0,0,0,0,0,0,0,0,0,0,0,0.0975916291632786,0,2.49374743077624e-10,0,0,0,0,0,0,0
P037,Carne y despojos de otros animales y conservas y preparados de carne,0,0,0,0,0,0,0,0,0,0,0,0,0,0,0,0,0,0,0,0,0,0,0,0,0,0,0,0,0,0,0,0,0,0,0,0,0.117829971829662,0,0,0,0,0,0,0,0,0,0,0,0,0,0,0,89.2683908130725,3.70560712631009,0,0,0,0,0,0,0,0,0,0,0,0,0,0,0,0,0,0,0,0,0,0,0,0,0,0,0,0,0,0,0,0,0,0,0,0,0,0,0,0,0,0,0,0,0,0,0,0,0,0,0,0,0,0,0,0,63.014294347457,0,0,0,0,0,0,0,0,0,0,0,0,0,0,0,0,0,0,0,0,0,0,0,0,0,0,0,0,0,0,0,0.029099042577939,0,0.0408386214463047,0.0950216626064785,0,0,0,0,0,0
P038,"Pescado congelado, preparado o en conserva y sus productos",0,0,0,0,0,0,0,0,0,0,0,0,0,0,0,0,0,0,0,0,0,0,0,0,0,0,0,0,0,0.0102832370833767,0,0,0,0,0,0,0.000160445215649931,330.843669545447,0,0,0,0,0,0,0,0,0,0,0,0,0,0,4.87790398046406,0.0137679396516187,0,0,0,0,0,0,0,0,0,0,0,0,0,0,0,0,0,0,0,0,0,0,0,0,0,0,0,0,0,0,0,0,0,0,0,0,0,0,0,0,0,0,0,0,0,0,0,0,0,0,0,0,0,0,0,0,105.058134255788,0,0,0,0,0,0,0,0,0,0,0,0,0,0,0,0,0,0,0,0,0,0,0,0,0,0,0,0,0,0,0,0.170789814145627,0,0.131672036156114,6.15513390236217e-06,0,0.0469511039146416,0,0,0,0
P039,"Crustáceos, moluscos y demás invertebrados acuáticos congelados, preparados o en conserva y sus productos",0,0,0,0,0,0,0,0,0,0,0,0,0,0,0,0,0,0,0,0,0,0,0,0,0,0,0,0,0,3.20064871819023,0,0,0,0,0,0,8.0551799810041e-05,0,153.892678956538,0,0,0,0,0,0,0,0,0,0,0,0,0,1.18421038297144,34.7381862383996,0,0,0,0,0,0,0,0,0,0,0,0,0,0,0,0,0,0,0,0,0,0,0,0,0,0,0,0,0,0,0,0,0,0,0,0,0,0,0,0,0,0,0,0,0,0,0,0,0,0,0,0,0,0,0,0,25.2513531755174,0,0,0,0,0,0,0,0,0,0,0,0,0,0,0,0,0,0,0,0,0,0,0,0,0,0,0,0,0,0,0,0,0,0.0253532125830291,0,0,0,0,0,0,0
P040,"Vegetales preparados o en conserva, legumbres y papas",0,0,0,0,0,0,0,0,0,0,0,0,0,0,0,0,0,0,0,0,0,0,0,0,0,0,0,0,0,0,0,0,0,0,0,0,2.74989736023207,0,0,61.0104175705062,0,0.0937323731265119,0,0,0,0,0,0,0,0,0,0,98.7305587089146,0,0,0,0.00082760635564845,0,0.000180646830195381,0,0,0,0,0,0,0,0,0,0,0,0.00395208299616889,0,0,0,2.41351961617426e-06,0,0,0,0,0,0,0,0,0,0,0,0,0,0,0,0,0,0.00390655656368076,0,0,0,0,0,0,0,0,0,0,0,0,0,0,0,0,0,210.753832856531,0,0,0,0,0,0,0,0,0,0,0,0,0,0,0,0,0,0,0,0,0,0,0,0,0.431063297942733,0,0,0,0,0,0,0.060671473810006,0,0.00047238904911083,2.68440674159727e-06,0,0.56257210141526,0,0,0,0
P041,Preparaciones y conservas de frutas y nueces,0,0,0,0,0,0,0,0,0,0,0,0,0,0,0,0,0,0,0,0,0,0,0,0,0,0,0,0,0,0,0,0,0,0,0,0,0,0,0,0,77.8716429124317,33.4279084553768,0,0,0.0607026903575718,0.112701436091065,0,0,0,18.14772233035,0,0,20.1430442230765,0,0.0740415795984628,0,5.13464872056691,0,0,0,0,0,0,0,0,0,0,0,0,0,0,0,0,0,0,0,0,0,0,0,0,0,0,0,0,0,0,0,0,0,0,0,0,0,0,0,0,0,0,0,0,0,0,0,0,0,0,0,0,0,19.5162464360226,0,0,0,0,0,0,0,0,0,0,0,0,0,0,0,0,0,0,0,0,0,0,0,0,0,0,0,0,0,0,0,0.00320287896840391,0,0.029719200045918,0,0,0.0133129322139748,0,0,0,0
P042,Jugos de frutas,0,0,0,0,0,0,0,0,0,0,0,0,0,0,0,0,0,0,0,0,0,0,0,0,0,0,0,0,0,0,0,0,0,0,0,0,0,0,0,0,0,31.9635054924012,0,0,0,5.03452666925433e-15,0,0,0,0,0,0,4.39164329901764e-12,0,0.830197811798338,0,8.91932503816087,0,0,0,0,0,0,0,0,0,0,0,0,0,0,0,0,0,0,0,0,0,0,0,0,0,0,0,0,0,0,0,0,0,0,0,0,0,0,0,0,0,0,0,0,0,0,0,0,0,0,0,0,0,71.4517278305955,0,0,0,0,0,0,0,0,0,0,0,0,0,0,0,0,0,0,0,0,0,0,0,0,0,0,0,0,0,0,0,0.0228426781031067,0,2.97996818887647e-09,2.00845660111445e-06,0,0,0,0,0,0
P043,Aceites de origen vegetal,0,0,0,0,0,0,0,0,0,0,0,0,0,0,0,0,0,0,0,0,0,0,0,0,0,0,0,0,0.0357732075506102,0,0,0,0,0,0,5.22758286978603,3.19099770185307,0,0.402239806145836,0,2.00104562512327,0,268.396770928993,63.7840268493892,0.560064308058663,0.997743913689296,0,0,0,3.48793048472911,0.623512880287718,0,85.2748292201262,0.0883143642896843,0,0,0,0,0,0,0,0,0,0,0,0,5.50444836201938e-05,0,0,0,0,0.270808305870786,50.1065005729107,0,0.538456449839428,0,0,0,0,0,0,0,0,0,0,0,0,0,0,0,0,0,0,0,0,0,0,0,0,0,0,0,0,0,0,0,0,0,0,0,63.4172399429218,0,0,0,0,0,0,0,0,0,0,0,0,0,0,0,0,0,0,0,0,0,0,0,0,0,0,0,0,0,0,6.83527296416963,0.256375809163233,0,0.0660738105824831,0,0,0.0364524126368036,0,0,0,0
P044,"Margarina, grasas y otros aceites de origen animal y vegetal",0,0,0,0,0,0,0,0,0,0,0,0,0,0,0,0,0,0,0,0,0,0,0,0,0,0,0,0,0,0,0,0,0,0.0028567262573176,0,0,9.93649521477063,0,0,0.510024156327302,0,0,16.3217398617111,14.599259369746,2.32618308910037,4.5197764041567,2.40644590101017,0,15.9208106057907,186.41679287211,0.931562897518289,0,72.3890351768671,930.379531949595,0,0,0,0,0,0,0.251405446076399,0,0,0,0,0,0,0,0,0,0,0,230.608076446007,0.0640805086409411,0.263997923654465,0,0,0,0,0,0,0,0,0,0,0,0,0,0,0,0,0,2.3436324974282,2.35479301227329,0,0,0,0,0,0,0,0,0,0,0,0,0,0,0,0,8.79849945147676,0,0,0,0,0,0,0,0,0,0,0,0,0,0,0,0,0,0,0,0,0,0,0,0,0,0,0,0,0,0,0,0.00043816348192211,0,0,0,0,6.9993381750233e-14,0,0,0,0
P045,Leche líquida y crema procesada,0,0,0,0,0,0,0,0,0,0,0,0,0,0,0,0,0,0,0,0,0,0,0,0,0,0,0,0,0,0,0,0,0,0,0,0,0.273779510644205,0,0,0,0,0,0,0,7.66313250728868,13.2543102454218,0,0,0,9.51395170657728,0,0,0.215199944675227,0,0,0,0,0,0,0,0,0,0,0,0,0,0,0,0,0,0,0,0,0,0,0,0,0,0,0,0,0,0,0,0,0,0,0,0,0,0,0,0,0,0,0,0,0,0,0,0,0,0,0,0,0,0,0,0,0,49.2246272263911,0,0,0,0,0,0,0,0,0,0,0,0,0,0,0,0,0,0,0,0,0,0,0,0,0,0,0,0,0,0,0,0.0102561626334136,0,0.0872379482987239,4.88596956083126e-06,0,0,0,0,0,0
P046,Otros productos lácteos n.c.p.,0,0,0,0,0,0,0,0,0,0,0,0,0,0,0,0,0,0,0,0,0,0,0,0,0,0,0,0,0,0,0,0,0,0,0,0,0.577120315265536,0,0.482137209218805,0,0,0,4.23129407621931,8.46258815254699,20.4130819620941,47.7918395503871,0,0,0,30.2306067697072,0,0,41.0471065213936,0,0,0,0,0,0.00120092081829322,0,0,0,0,0,0,0,0,0,0,0,0.000178140008810702,0,0.21027418997858,0,0,0.903720989418323,0,0,0,0,0,0,0,0,0,0,0,0,0,0,0,0,0.00017608790638967,0,0,0,0,0,0,0,0,0,0,0,0,0,0,0,0,0,190.240551826176,0,0,0,0,0,0,0,0,0,0,0,0,0,0,0,0,0,0,0,0,0,0,0,0,0,0,0,0,0,0,48.158597978082,4.03714228975283,0,0.263316766725765,0,0,0,0,0,0,0
P047,Harina de trigo,0,0,0,0,0,0,0,0,0,0,0,0,0,0,0,0,0,0,0,0,0,0,0,0,0,0,0,0,0,0,0,0,0,0,0,0,0.046904213164333,0,0,0,0.000613687503467642,0,0,0,0,0,0,0,0,161.788907464488,7.49242546018209e-06,0,35.7437205815231,0,0,0,0,0,0,0,0,0,0,0,0,0,0,0,0,0,0,0,0,0,0,0,0,0,0,0,0,0,0,0,0,0,0,0,0,0,0,0,0,0,0,0,0,0,0,0,0,0,0,0,0,0,0,0,0,0,18.0253666562307,0,0,0,0,0,0,0,0,0,0,0,0,0,0,0,0,0,0,0,0,0,0,0,0,0,0,0,0,0,0,0,0.00900780340893559,0,0.0153934693114898,0,0,0.000965269144940291,0,0,0,0
P048,Arroz sin cáscara,0,0,0,0,0,0,0,0,0,0,0,0,0,0,0,0,0,0,0,0,0,0,0,0,0,0,0,0,0,0,0,0,0,0,0,0,0,0,0,0,0,0,0,0,0,0,0,0,0,0,0,0,0,0,0,0,0,0,0,0,0,0,0,0,0,0,0,0,0,0,0,0,0,0,0,0,0,0,0,0,0,0,0,0,0,0,0,0,0,0,0,0,0,0,0,0,0,0,0,0,0,0,0,0,0,0,0,0,0,0,30.0835510828484,0,0,0,0,0,0,0,0,0,0,0,0,0,0,0,0,0,0,0,0,0,0,0,0,0,0,0,0,0,0,2.24286316280119,0.0590562055653938,0,0.025234570999146,2.90853563976093e-08,0,0.277029333600564,0,0,0,0
P049,"Otros productos de molinería, almidones y productos de almidón",0,0,0,0,0,0,0,0,0,0,0,0,0,0,0,0,0,0,0,0,0,0,0,0,0,0,0,0,0,0,0,0,0,0,0,44.3095013583288,13.0817858753809,0,0,4.96537682910868,0,0,0,0,0.0396678016927131,0.0652852925438769,0,0,88.3952558886845,53.4085027632848,22.8817284412259,0,191.709437983251,0.000584680020870345,0.0660884287485945,48.2281178717692,0.000303830075995399,0,3.15863335859502e-05,0,0,0,0,15.6562431307039,17.6307625035859,0,0,0,0,0,4.68539612070003e-06,0,0.0473951100755257,0.914901312903068,1.07144389647938,1.64078772348818,0,0,0,0,0,0,0,0,0,0,0,0,0,0,0,0,0.000144318792510716,0,0,0,0,0,0,0,0,0,0,0,0,0,0,0,0,0,56.6975903454603,0,0,0,0,0,0,0,0,0,0,0,0,0,0,0,0,0,0,0,0,0,0,0,0,0,0.765947127377794,0,0,0,0,17.4803325306093,1.81072948292696,0,0.34050867479662,0,0,0.348292605355164,0,0,0,0
P050,Pan y otros productos de panadería y repostería n.c.p.,0,0,0,0,0,0,0,0,0,0,0,0,0,0,0,0,0,0,0,0,0,0,0,0,0,0,0,0,0,0,0,0,0,0,0,0,0,0,0,0,0,0,0,0,0,4.24063354896088,0,0,0,0.285943245789148,0,0,0,0,0,0,0,0,0,0,0,0,0,0,0,0,0,0,0,0,0,0,0,0,0,0,0,0,0,0,0,0,0,0,0,0,0,0,0,0,0,0,0,0,0,0,0,0,0,0,0,0,0,0,0,0,0,0,0,0,193.495240362463,0,0,0,0,0,0,0,5.63058640121514e-16,0,0,0,0,0,0,0,0,0,0,0,0,0,0,0,0,0,0.167822908019724,0,0.000457540477854342,0,0,0.000253950413197757,0.0916346479958136,0,1.33603843266439e-09,0.110230807215591,0,0.0284707761292554,0,0,0,0
P051,"Tortillas de maíz, incluso tostadas, horneadas o fritas",0,0,0,0,0,0,0,0,0,0,0,0,0,0,0,0,0,0,0,0,0,0,0,0,0,0,0,0,0,0,0,0,0,0,0,0,0,0,0,0,0,0,0,0,0,0,0,0,0,0,0,0,0,0,0,0,0,0,0,0,0,0,0,0,0,0,0,0,0,0,0,0,0,0,0,0,0,0,0,0,0,0,0,0,0,0,0,0,0,0,0,0,0,0,0,0,0,0,0,0,0,0,0,0,0,0,0,0,0,0,0,0,0,0,0,0,0,0,0,0,0,0,0,0,0,0,0,0,0,0,0,0,0,0,0,0,0,0,0,0,0,0,0,0,0,0,0,0,0,0,0,0
P052,"Azúcar de caña sin refinar y refinada, melaza y los demás azúcares n.c.p.",0,0,0,0,0,0,0,0,0,0.0580245649069975,0,0,0,0,0,0,0,0,0,0,0.0171623550126963,0,0,0.0121719583530217,0,5.86227594245869e-12,0,0,0,0,0,0,0,0,0,0,6.02241347313723e-11,0,0,0,0.00106328605619369,0.00333246130960535,0,0,0,0,0,0,0.00808982245212794,0.73908162605687,0,0,0.467607505239137,0.833658171963794,0,0.00782464577760275,0.479020237397776,0,0,0,0,0,0,0,0,0,0,0,0,0,0,0,0,3.53519734585122,0,0,0,0,0,0,0,0,0,0,0,0,0,0,0,0,0,0,0,0,0,0,0,0,0,0,0,0,0,0,0,0,0,0,0,0,1.65771655208386,0,0,0,0,0,0,0,0,0,0,0,0,0,0,0,0,0,0,0,0,0,0,0,0,0,0,0,0,0,0,0.0863351191152667,0.000819013657739429,0,0,0,0,0,0,0,0,0
P053,Productos alimenticios n.c.p.,0,0,0,0,0,0,0,0,0,0,0,0,0,0,0,0,0,0,0,0,0,0,0,0,0,0,0,0,0,0,0,0,0,0,0,3.90962762328437,48.4704739907008,0,1.99124274751692,1.10549231751427,0,27.3595871463551,0.587494215614837,0.186473144651991,4.24074829048668,7.41220927940978,2.55743198027923,0,27.4535498551193,107.598340356855,0,0,258.750497858646,0.342814554264838,1.04960543786794,13.973004235894,693.417870741264,0,0.000862808772810099,0,0,0,0,0,0,0,0,0,0,0,0.000127985758968511,0,2.92689178162139,0.598615061977547,3.1058273859111,0.024287810378195,0,0,0,0,0,0,0,0,0,0,0,0,0,0,0,0,0.000126511413662309,0,0,0,0,0,0,0,0,0.275383275387044,0,0,0,0,0.00856855613576369,0.00500029677247221,0,0,556.507240687869,0,0,0,0,0,0,0,0,0,0,0,0.0728791711066405,0,0,7.11163521565028e-05,0.33266041464164,8.14278114851271e-06,0,0,0,0,0,0,0,0,0.201580247271086,0.000778827451376452,0.000853268334515303,0.0010697360392327,0,1.03813095018458e-09,0.118375458898493,0.0189626585618423,4.04445736650385,0.00203072805813846,0,3.75774361264902,0.21862221468923,0,0,0
P054,Preparados para alimentación animal,0,0,0,0,0,0,0,0,0,0,0,0,0,0,0,0,0,0,0,0,5.66854204649213,5.87456954190279,57.7102766921315,9.70634628914526,15.2978548502593,0.0686747516262115,0.335795823914239,0.00528400890818266,2.99130246617547,36.9000234729766,0,0,0,0,0,0,0,0,0,0,0,0,0,0,0,0,0,0,0,0,0,0,0,83.9204215580939,0,0,0,0,0,0,0,0,0,0,0,0,0,0,0,0,0,0,0,0,2.34428752184777,0,0,0,0,0,0,0,0,0,0,0,0,0,0,0,0,0,0,0,0,0,0,0,0,0,0,1.4718781748968e-13,0,0,0,0,0,3.71968081336327e-15,0,0,0,0,0,0,0,0,0,0,6.66877509702783e-17,0,0,0,0.264774944235351,0,0,0,0,9.20896656500996e-08,0,0,0,0,0,0,0,0,0.0810033215051903,0.0195536890279235,0.0732741856104349,0.155831187596938,0,0.180524924710563,2.93638516509043e-05,0,1.00429926094131e-10,0.0184956730983499,0,0,5.77492346240523e-16,0,0,0
P055,"Aguardientes, licores, vinos, demás bebidas espirituosas y productos del tabaco",0,0,0,0,0,0,0,0,0,0,0,0,0,0,0,0,0,0,0,0,0,0,0,0,0,0,0,0,0,0,0,0,0,0,0,0,0,0,1.07002895857869,0,0,0,0,0,0,0,0,0,0,0,0,0,0,0,11.0280229888491,0,0,0,0,0,0,0,0,0,0,0,0,0,0,0,0,0,0,0,0,0,0,0,0,0,0,0,0,0,0,0,0,0,0,0,0,0,0,0,0,0,0,0,0,0,0,0,0,0,0,0,0,0,0,0.169924547583476,26.6071852357194,0,0,0,0,0,0,0,0,0,0,0,0,0,0,0,0,0,0,0,0,0,0,0,0,0,0,0,0,0,0,2.05073170305778e-07,0,0,0,2.50594050583067e-05,0,9.10365070003541e-11,0,0,0,0
P056,Malta y cerveza de malta,0,0,0,0,0,0,0,0,0,0,0,0,0,0,0,0,0,0,0,0,0,0,0,0,0,0,0,0,0,0,0,0,0,0,0,0,0,0,0,0,0,0,0,0,0,0,0,0,0,0,0,0,0,0,0,160.2286440215,0,0,0,0,0,0,0,0,0,0,0,0,0,0,0,0,0,0,0,0,0,0,0,0,0,0,0,0,0,0,0,0,0,0,0,0,0,0,0,0,0,0,0,0,0,0,0,0,0,0,0,0,0,0.0189315777945807,6.75033231543295,0,0,0,0,0,0,0,0,0,0,0,0,0,0,0,0,0,0,0,0,0,0,0,0,0,0,0,0,0,0,0,0,0,0,1.62317247420411e-06,0,0,0,0,0,0
P057,Bebidas no alcohólicas,0,0,0,0,0,0,0,0,0,0,0,0,0,0,0,0,0,0,0,0,0,0,0,0,0,0,0,0,0,0,0,0,0,0,0,0,0,0,0,0,0,1.97627470508701,0,0,0.0965559937747757,0.158911914234183,0,0,0,0,0,0,0.74714336549808,0,0,0,0,0,0,0,0,0,0,0,0,0,0,0,0,0,0,0,0,0,0,0,0,0,0,0,0,0,0,0,0,0,0,0,0,0,0,0,0,0,0,0,0,0,0,0,0,0,0,0,0,0,0,0,0,0.0387401669808085,32.8592372556279,0,0,0,0,0,0,0,2.77220235739316e-07,0,0,0,0,0,0,0,0,0,0,0,0,0,0,0,0,0,8.73886305349019e-05,0,0.0040070353342556,0,0,0,5.47467665404067e-07,0,0.164598451433418,9.37079541086611e-06,0,0.0703345056136871,1.98423857344549e-12,0,0,0
P058,Aguas minerales y otras aguas embotelladas,0,0,0,0,0,0,0,0,0,0,0,0,0,0,0,0,0,0,0,0,0,0,0,0,0,0,0,0,0.0744605630159733,1.93875595332894e-05,0,0,0,0,0,0,0,0,0,0,0,0,0,0,0,0,0,0,0,0.00436496355158802,0,0,0,0,0,0,0,0,0,0,0,0,0,0,0,0,0,0,0,0,0,0,0,0,0,0,0,0,0,0,0,0,0,0,0,0,0,0,0,0,0,0,0,0,0,0,0,0,0,0,0,0,0,0,0,0,0,0,0,0.00288433697462267,1.45787898946656,0,0,0,0,0,0,0,0,0,0,0,0,0,0,0,0.000283678311467205,0,0,0,0,0,0,0,0,0,0,0,0,0,0,0.00414672495593373,0.000685245890886018,0,0.00860586183901586,3.23926494892238e-05,0,0.00381185798062528,4.30348671195263e-12,0,0,0
P059,"Hilados, tejidos, telas y otros productos textiles excepto prendas de vestir",1.15818041578465,0,0,0,0.0340773279988172,5.50553913779226,1.06219601348266,0.630148199478745,1.93264603309128,0,0,10.007250176617,0,0,0,1.00493732416854,0,0,0,0,0,0,0,0,0,0.740364781052789,0,0,1.12256169623256,4.97775711569454,0.225513547071125,1.41253181756044,0,2.48192827477299,0,0,0.00332364690028613,0,0,0,0,0,0,0,0,0,3.92663903490524,0,0.204690887972708,3.71526749484298e-12,0.0270588272981254,3.48792181623933,0.128155743822828,0.528960258582966,0.358699192059524,0.00237151999168728,0.233468186833028,0.0399153589334668,568.734157458478,952.509080663874,3.86831585920821,26.175807712917,0.00275269586622911,1.66893380177789,3.01592393719599,0.0702446525612606,1.23065146339167,0.00351197862245259,0,0.0145357714881405,11.560668655363,0.509681474223151,0,7.28766678701696,0.858945771297051,17.8607606821311,0.248600686740211,0.916077370703181,3.36350320303218,0,0.0131397472689687,0.159929165953837,0.0296671340309293,0.00336187681278986,0.313852669580884,0,0,0.354865330580315,0,0,0,85.2726625839811,7.43221114018493,0.0127166451392967,0.363759190174771,0.317738217004221,0,0.0022547820726924,3.17475969050483e-05,4.15578882347816,0.641699072716918,3.09645447525311,1.88753475109492,0,0.240393852741761,0.082359061899534,0,0.120903790860696,0.0532629273901867,14.5565190027408,1.6508772575387,0.0248457302080223,0.0105768369384082,0.0113685940937121,0.0573264768964,0,0.0184052983676258,0,0.00472385863973199,0,0.0015645499380311,7.96944214451092e-06,1.33675062554311,2.61656410400937,0.211274888045467,0,0.143513971211467,0.000815886653664825,0.586547788662453,0,0.0430166538726671,4.18026640404995,0.035099122017442,0,0.072095237587306,74.1989379455031,1.77768371744256,0.40816730383134,1.74075871637454,2.90728765810489,0.0777132223402969,0.724298485503521,12.2194458231597,2.10429581395857,3.14651631294814,2.17090576858935,0,0.400605607656993,6.38577399578464,0,0,0
P060,"Prendas de vestir, adobo y teñido de pieles",0,0,0,0,0,3.17885364036552,0.800038858198958,0.471717204210923,1.3901250296903,0,0.599680903042228,0,0,0,0,0,0,0,0.526471117357938,0,0.189951890997203,0,3.24839295516187,0.142911173476384,0.560751130385598,0,0,0,0,0,0.105856950857545,0.420923569285708,0.0424464847545128,1.04476089327086,0,1.53638832071337,0.580766491539732,0.0364313135674285,0.0317123047161932,0.127737331858271,0.0376348746646038,0.120828463057803,0.252259763549973,0.06706632121047,0.072949468737415,0.136512229120526,0.514561530186989,0.0127342349103706,0.224246813428336,0.805317303255274,0.0196292568650208,0,0.728190966812919,0.290516373339622,0.000926150790812364,0.282705585947143,1.31013718460645,0.227099481707485,0.751556337822492,25.6058684154411,1.34650464561395,0.216766816136716,0.0749534744819901,0,0.0146481697233209,0.0806748133155041,0.146478587551883,0.000705177094483668,0,0.0112842774857834,2.84993417431504,0.161952370586045,2.9666962459186,0.353645993042036,0.244982184266788,5.55398860945417,0.122894645788362,0,0.000800543857501527,1.68746628800117e-05,0.000180164652799695,0.707185433826447,0.000591694804940441,0,0.0214391835439775,0,0,0.132532926334287,0,0,0.192856908805288,3.93772680248061,0.481903478580383,0.259478381714052,1.52751931730858,0.653273812617274,0,0,0,0.00856064265310548,0.548586943128402,15.415690656005,4.38539814547995,0.688888757815933,1.83938484857945,0.127169205755362,0.0267914594243804,1.08364419663041,0.236410131061162,0.529501027487945,12.5836209415511,0.117128114664004,0.0603831640281711,1.62721081876713,5.11445467207465,0.0308396059258821,0.845365785451195,0,1.37295382429547,0.229732878525257,0.0220366501194779,0.594223813183229,0.659597922591501,0.76833953230032,0.421016210024009,3.01005471651099,1.67602811413232,11.1535265426121,2.20622282871957,0.118710725224056,0.617686401937732,1.25203390086339,0.292417247038232,0,0.120548803324273,4.86209112656798,4.96235597530585,2.14000648960119,0.675770668427327,12.9094610159599,0.0537376708710242,14.1050372055534,3.26128801164991,3.02735161810057,2.15427636870943,2.28495463834632,0.011466030572372,2.34765095978905,4.77988021209174,0,0,0
P061,Cuero de piel curtida o adobada y cuero artificial o regenerado y artículos de cuero,2.06947706443926e-07,0,0,0,0,0,0,0,0,0,0,0,0,0,0,0,0,0,0,0,0,0,0,0,0,0,0,0,0,0,0.0209916282096529,0.108120981768727,0,0,0,0,0,0,0,0,0,0,0,0,0,0,0,0,0,0,0,0,7.48595756069423e-06,0,0,0,0,0,0.688284266510079,73.7892016553043,29.5834362121,37.5933688109635,0,0,0.00382433011605573,0,9.51311108295016e-06,0.000136384151555483,0,0.00168150042165146,0,0,0.0164352965008955,0,8.79047036244272e-06,0,0,0,0,0,0,0,0,0,0,0,0,0,0,0,0,5.1017368758058,0.456006574682702,0,0,0.50382699981852,0,0,0,0,0,2.68798643135278,1.95237558236949,0.15015357497449,0.0142984669306333,0.000769428506819232,0,0.0851089863929535,0.0262744587994654,0.0205009053839592,0.0585330264462506,0.382607475106462,0,0,0,0,0,0,0.0723877404990525,0,0.00140855299803492,3.9273559021743e-07,0.0858602661181832,0.209141969278896,0.0649143331842299,0.00234957129338196,0.341467798293112,0.0643725952173412,0,0.0429923449561822,8.76565918873874e-12,2.51348068616986e-07,0.0600743346410643,0,4.00224849590931e-06,0,0.040565950414378,0.00150978621161094,0.0025053749315985,0.0207235519721552,0.00157450604659093,0.172131105837691,0.00823337386252731,0.000460721981784632,0.451956409481221,0.0388632273365711,0,0.387732874613039,0.0247539216868762,0,0,0
P062,"Calzado y sus partes, de cualquier material y de cualquier uso",0,0,0,0,0,0,0,0,0,0,0,0,0,0,0,0,0,0,0,0,0,0,0,0,0,0,0,0,0,0,0.216734156480019,0.0857296956775464,0,2.30684167379494,0,1.03750856221761,2.40817952231555e-06,0,0,0,0,0,0,0,0,0,0,0,0,0,0,0,0,0,0,0,0,0,0,1.76275137000244e-15,2.78845745523741e-14,47.0589190840056,0,0,0,0,5.96631135970385e-07,0.00266675911730044,0,0.0217092836618423,0,0,0,0,0.00245871392390478,0,0,0,0,0,0,0,0,0,0,0,0,0,0,0,0,0,0,0,0.0563311052571741,0,0,0,0,0,4.40979081738265e-05,0.0164862401503454,0,0,0,0.00509408044120701,0,0,0,0.116560694944877,0,0,0.00052325806431602,0,0,0,0,0,0,0,0,4.19910538417966e-07,0,0,0.0763534624407756,0,0.0348975414592357,0.251426288747911,1.55627562488143e-06,0,0,0,0,0,7.17672452744509e-17,0,0.426337112726659,0,0,0.00118448908477662,0,0,0.00637658458305526,0,1.1913875322822,0.110260200581025,0,0.920198568863217,4.76281276008945,0,0,0
P063,"Madera aserrada y acepillada, productos de madera, corcho, paja y materiales trenzables",0,0,0,0,0,0.992440476573268,0.249772728012985,0.147270462851843,0.433998070701875,0,0.860265140991904,0,0,0.819358161510409,0,0,0,0,0,0,0,0,0.147805601775171,0,0.0635689605673393,0.00506736005468556,0,0,6.12791873382723e-11,0.191471216804803,0,0,0,0,0,0,0,0,0,0,0,0,0,0,0.000754395092761762,0.00134275954475427,0,0,0,0.27883291418567,0,0,0.207261874893982,0,5.92126196001906,0,4.87074181222163,0.833684206613666,4.09828580357036e-05,2.43915987134322e-13,0.147546910364565,0.0884861829084005,135.992362674931,0.235278191426092,0.487515109572459,0.00521377774643006,1.99020535924607e-07,0,0,0,4.84672060366352e-06,0.896896655914157,0.308775345306104,0.976802631515877,0,2.43441850921142,0,0,0.00370244832480668,0.0904689990837552,0.00127512968964177,0,0,3.86463366857043e-06,0,0,0,0,0,0,0,151.523314972681,1.65699849757513,0,0.767792577491873,0.965573345352798,0,60.7084348640457,7.72786358686062,4.6650954713728,34.4390668754746,0.0671014013869466,0,0,0,0,0,0.129300493275559,4.48226987386708e-10,0.0496659490690363,0.173794742264015,0,0.0490147330163609,0,0,0,0,0,0.112712990825062,0,0,0.0179572457497323,1.70508401333338e-08,0.136674770977696,0.00014287560245372,0,0.000397600806013696,0.00118232234100272,4.79591512942394e-07,0,0.0713387847473717,0.0459941967859485,0,0,2.01218766466226e-08,0.00877307067112465,1.45439220555805,0.0770673653460019,0.14131347601836,0.583465892054969,0.101018169455434,0.107343902459739,0.107058230236464,4.86180745953076e-05,0.214265759261475,0.0438997018856421,0,0.317199382242566,2.2186091305169,0,0,0
P064,Pasta de papel y papel,4.26194651628672e-05,0,0,0,0,2.88024234704782,0.724885779391676,0.427405606268517,1.25954115262278,0,1.12843445205337,18.3256268347486,0.635424154335217,1.79712231877772,0.00326786378814042,0.701469365328421,0,1.48327643887566,1.94832905025169,0,4.50184885465006,1.1983194150066,0,1.45770913948996,6.2958364575911,0,0.0867193855275954,0.226048280508442,0,0,0.0254566378771418,0.305512573191568,1.5708622528558,0.138655390682927,1.90091740020646e-15,2.83078234487446,4.11903718842459,0.111392799514842,0.0969639042760933,37.7077184119437,7.58810082855512,37.0363701459038,19.1052611482477,5.50042770629744,0.765692808934553,0.839188494666006,0.117834403640119,0.292691897768984,5.72661773496011,2.42037355387545,0.239442417176128,2.68959771183177,71.4163723612318,0.0631431437241697,7.00087025803755,4.66244503918231,36.0600561553448,7.04706579314547,8.63752986668663,22.1969467278312,0.209116832704583,2.7048365713005,17.5439160782575,555.103623630422,839.943069829559,98.2402272598435,264.439064345981,0.000898415876861355,0,0.00408418384230186,0.35860415756371,4.08715405975147,32.484029859862,7.56875437761261,7.08200564020683,57.9708392640516,0.179544505026814,0.379702471119249,0.739419107566358,1.06717500346173,0.135378717631598,0.916470692674885,0.69811066020039,0.983432739952228,0.121050250451377,0,0,4.70527755968134,0,0.714385890165558,0.132427500511491,0.893077007939073,10.714025775982,0.441708970839353,1.55771781438077,3.62748639085351,0.142247637855972,0.408227962985982,1.70970878461863,0.0462148379398031,1.08824974234658,165.423377007896,7.03411510910947,1.28945636810029,2.61911829579757,0.196608861083807,0.178718176397664,61.477225743466,1.1847637045223,17.606153379126,33.469139777951,2.99563286327137,0.234676976687474,3.87324854059376,13.5353362572743,1.23334970377543,3.6485629240211,5.18464424201454e-06,5.43243817409867,22.1542643275404,5.90357171872439,3.64260160341129,8.82887908455246,34.56706753804,1.57267644273811,12.4886202969484,0.342865417984345,1.39974326060584,1.50772764468353,0.752905015244167,5.59468292673789,1.98567432412701,1.6721518423851,0.402785122102962,0.102559645232807,29.3369402950103,10.9822368260697,2.01444110412729,2.35169905469553,7.36725338616951,1.01180441010205,31.6606249216946,10.7585674717304,10.8680501961078,9.16711369828723,5.71869015966541,0.183862367920112,3.00796366819168,11.5833527802245,0,0,0
P065,Envases de papel y cartón,1.32233766707602e-06,0,0,0,0,3.80663282836064,0.96193066365867,0.579908502942642,1.83225014601308,0,5.15072996964268,35.8062983505958,2.55465724226356,5.47747826653739,1.5646004411851e-05,0,0,0.145281893426167,0.346034178823552,0,0.0846285608424437,0.165751772575263,0,0.0274029250170154,1.38550014918037,0,0,1.12653942717884,0,0,6.10755928799739e-05,0.0178419705173915,0.25348574922932,0.000599993034747765,3.23152814210497e-16,1.9945185847636,4.55407919079006,0.192276765507205,0.155608850009132,0.291109869586496,0.14902940151102,0.243582473851441,0.68717923561206,0.181953979313541,0.668626857027958,1.17430380726216,0.166708399783061,0.000352558002674344,0.263435385084227,1.87943816837806,0.000138218752154643,0.292011479926108,42.40278430656,0.102209931445551,10.0763050441864,2.06739152013952,17.323296593332,0,1.63483486685937,7.14870671155295,0.0213237049831145,1.03088564946062,1.14128427237638,2.2366334391266,3.21221040976527,0.594605510162265,3.45354582774926,1.81267190780805e-05,0,0.000126890509387938,0.292934294459594,1.67229001120535,2.58236362795229,1.51741931962893,12.3642629987444,2.42487736753286,0.323023525344896,0.64129731058379,7.61212817913823,3.17806704123566,0.022143972542474,0.0167113456272327,0.0646478872244995,0.518855697503153,0.00666575993601254,0,0,0.531652382719428,0,0.000236204514962846,0.00474631151769112,0.451842933690338,1.94407543532721,0.0470578256550978,0.0338946673970578,0.195021302364324,0.0216070637840286,0,0,0,0.0059491379684288,48.0859725127355,0.43526938667462,0.0929826025039184,0.156791987587318,0.0229402851791226,0.00284486665833083,0.120542996379778,0.071393548254328,0.260653506931523,36.1603187510852,0.403141924536083,0.0346501167629354,0.04053438709869,0.1623013245935,0.0291505145143541,0.252138993151838,1.0534470500356e-07,1.68834872399432,1.79096273443615,1.15780935171586,0.308322846993955,0.822268760645489,0.51062547377607,0.124363698080524,0.407344070496232,0.0887045563818577,0.100100668272393,0.121483495680659,0.0645533049186916,0.306683520299849,0.0327293775479953,0.0993425047910958,0,0.000134135259079386,3.42733548163749,0.140512492788893,0.00253006950297574,0.010299409477108,0.0204989786034189,0.0263076557069122,0.588264516978062,1.20464233240219,0.324227172134746,0.513934846805769,0.103328991004598,0.0326513153917381,0.10529886226234,0.452684523960589,0,0,0
P066,Productos de la edición,0,0,0,0,0,0,0,0,0,0,0,1.05577321080247,0,0,0,0,0,0.270998090324334,0,0,0,0.249628586740598,0.16987724899261,0,0.0730616432178647,0,0,0,0,0,0.101000649060763,0.242393511599171,0.126842356297004,1.38346730486416e-05,0,0,0.291146681072137,0,0,0.0130293255604141,0.0132489768319244,0.011486293134575,0.491381655541386,0.136312555219489,0.16556155487984,0.297954256231167,0.00912672653211175,0.00116688668107305,5.57510476699017e-05,0.452718779077789,0,0,0.713595124945712,0.0225310913762395,0.0148850482476732,0.328475931517561,0.0105426529829605,0.00122743317735318,0.860158704388045,1.50923230465292,0.00421286498339721,0.00052980702574076,0.419748188567051,0.0940619858932314,0.204677334134158,0.0861681760077985,10.3196840874734,0.000998121936264282,0,0.00826887792168225,11.3144071458206,0.845863916205906,1.15930193659944,0.958403928878821,1.56750225917502,0.711780727385825,0.755853900786783,0,0.209363820716808,0.00177064395124074,0,0.383757564750044,0.000151629282899404,0,0,0,0,0.357905266853066,0,0.000117317449150259,0.00382446837053637,0.000367904048278702,1.4929188692727,0.0028517180446436,0.150721381951979,0.175291531583909,0,0,0,8.54397097401187e-06,0.011794330643775,22.9377481195774,0.0459608918524385,0,1.28113331488551,0.498417960060609,0.0254665403438704,0.266065636474063,0.178208568705677,0.183019429301484,0.53162136115172,10.440451267442,26.7557563115414,1.16639151434608,0.881570545404881,1.57535936524065,1.15703673689271,1.42029952680896e-07,0.911674042305301,5.4408773657195,8.00643795479242,4.49763982045397,1.17910990259232,48.089585813509,0.206070671355613,0.141006132160894,0.529025326995244,6.85467227787945,0.0309706784082771,0,0.796461909848512,0.0984342048042768,0.0173504950081917,0.00178129437934351,0.0619119865145217,1.56447113240728,4.2186987880518,2.41033991863567,1.52111088897702,1.23780879744555,0.0272419488215708,53.1439945138193,1.07703522294913,0.955929272811553,0.939301094332652,0.356131457814695,0.0875770765775211,10.7367020935717,0.141168940716276,0,0,0
P067,Productos de la impresión,0,0,0,0,0,0,0,0,0,0,0,0,0,0,0,0,0,6.71603524882913e-06,0,0,0,0,0.011765483444047,0,0.00506015701791858,0,0,0,0,0,0.00553778780065511,0.0240805286424056,0.00766344577134614,2.1195274919453e-08,0,0.0956882932221848,0.150190284270439,0.00427158937752442,0.00365552244182137,0.000216158067613135,0,0.000136745845974151,0.372436183043251,0.0951812111543688,0.00902039805628806,0.0163497994762824,0.0278398840396566,0.00288033277755102,0.00718666923677463,0.264962414089118,0.00391642877583558,0.144772748336871,1.76749124668363,0.0233309523828448,0.00100058434928045,0.184727612141252,3.92544178529582,0.67107227739544,0.066743360602798,0.0421298196193683,0,0.0169478278358802,1.84303948817441e-05,0.33318785338065,0.348797241078991,4.10511503521064,0.519258287603838,1.86456670541105e-05,0,0.000405856585386583,1.89744620883129e-12,0.00227488332982075,3.42986655757292,2.71411434409399,0.126005900419911,0.163615465667044,0.01339286711537,0.0959640926208953,0.0859031805689373,0.00013057547656228,0,0.13871471189223,0.0397568382164504,0.0238785773289208,0.0024436591975159,0,0,0.118608708485263,0,0.00052520873933942,0.0323154600098271,8.23013719559099e-06,0.178301398558075,0.00136396983685649,0.273659163760261,0.293616682083959,2.44907416402004e-07,0,0,8.75364752697009e-05,0.0113574372986332,11.9573198835675,0.26196968454587,0.197307363520139,0.356186420460771,0.00691012036900384,0.00113750329674077,0.0610332994478112,0.0143941021123861,0.267945126354798,5.37832891788276,5.44150930632169,0.000640155417648688,2.72928350062777,10.1294768281783,0.163803754069952,0.0505888892509903,5.11952916247802e-08,0.295157139362454,0.356385274079198,0.23554466427614,0.188919076991445,9.38517747037048,15.3613457389049,0.117139424192134,0.340966065654289,0.163328411125731,0.24119602250361,0.0207125666508648,0.061788786407348,0.295077804711116,0.0903905151698378,0.0729080686283818,4.40634861038962e-05,0.000149406951821392,0.00174929891521279,5.0147383934341,1.3160800852202,1.13639501158055,3.28711137970325,0.523814607161293,5.19861730672383,1.38375561510595,0.150115188183546,0.327965075430121,0.702101363949429,0.00361317423667638,0.275597127127902,0.176976626301859,0,0,0
P068,"Gasolinas, diésel oil y fuel oils",32.6182616381062,0.935352655414155,11.1792499140635,0.97049776289036,0.598898092872142,57.480829737349,10.4085056412003,6.15616217193473,18.0755271551305,108.130745625923,2.10490154478174,102.016917461635,17.0254891530093,21.1136531413905,33.5124251887871,6.16901359448324,16.1354793965279,78.8957177930826,38.5248954992015,11.40045153404,20.5803747609836,16.8702945681357,34.8365465347806,16.7659590057127,14.9826733653864,0,137.437490407175,5.42476789738405,180.690929776953,18.1959059773774,127.889244128604,73.2015377662052,113.220343280888,68.4444166963156,5.97020916405341,76.2088662460993,37.1064675172139,2.15783337250706,3.41503098111928,32.5900223770292,10.4273405093694,28.4955746698509,61.0856304447481,18.7749705680239,11.9531380771132,23.1024538260392,36.2464138266149,10.3175093803196,31.9256329277654,22.7457500812286,1.6263356175549,17.5901984680504,213.772128780735,14.792413201619,5.77834063535758,64.0541924574577,287.522486775709,48.0947234028324,72.019438710002,96.4019159909114,22.3351550148315,1.67670830921435,66.1006921221144,9.57324597753118,22.130764399251,11.4871940168005,24.8876404197399,3.07399561517604,0,10.0338695165237,8.26870543440525,8.96886808171272,50.1744755666438,96.2942368379169,15.3258873432197,31.6182171489418,57.5560390170289,40.0310791695534,67.7682741648682,36.2975204373728,6.1689198941088,66.7707707910838,9.25384883731101,37.9318893443829,2.57260938803867,0,0,2.94620327818874,0,0.265823045209187,10.4163194274193,39.887845948329,21.4864262216014,79.8203684058494,1378.72704769528,142.18076376414,54.1716561358881,4.38331902977176,4.38331902977176,237.388214432195,173.076996448104,1261.83433101846,265.374203234234,1087.07934017201,2245.13549482643,20.5939701912369,0.498274535423709,99.0252509775661,68.5517950876396,38.9530761893032,91.3734286966735,227.599392799759,1.77691266819268,1.77976566118942,6.6176872900125,1.99969431658582,28.2883548776911,2.25435550407731e-05,41.8157856131253,11.4333633363198,38.3334574097131,43.9265752830466,27.4261320872289,27.477723290251,100.52848647974,23.3834625530214,10.0937189575254,32.604847639503,6.70386902011531,4.00547272405418,55.3186762784823,52.1379310429325,8.67113118885802,69.0723835093469,1.54461807476995,143.139445430039,322.416499538848,2.69514759262301,11.1050047591156,37.3785704912083,3.71866622059276,63.416208053901,50.3018810006946,37.3744190675816,19.6224203353775,32.4144987872737,3.10849011966179,19.3500416899367,36.859054064182,0,0,0
P069,"Aceites, grasas lubricantes y otros aceites preparados",0.000179043010737987,0,0,0,0,0.550589436619237,0.138569746847046,0.0817031984147056,0.240774896713858,4.66245335477234,0,8.28810652342036,0,2.98400756913323,1.81820454131949,1.19379232473361,2.16471301797947,4.54972062187911,4.77900592653784,0,3.46422667537466,0,15.0231131626091,2.14922373717201,6.46121443817294,0,35.4184610073346,1.91450150736375,13.5760040445271,3.18480869845575,2.10800678820079,17.947802719007,9.37604170816008,3.70389312996553,0,8.25791786775178,2.61395178974579,0.380820953133242,0.33579295474471,3.09215073504789,1.6244907754825,2.04070498165374,1.07463866820654,0.379527233491217,1.59557168634025,2.73846146553285,0.398381250328907,0.3707775030336,1.48953718309474,2.84792368387634,0.205765915000013,1.79705234134702,7.32312928455271,0.298684203466294,0.406890847035405,0,15.635893128655,2.55195942070491,6.62478707570799,8.15275051783085,0.280110005529604,0.25199582812371,21.9115348442145,2.64550919840395,3.53986947468562,0.0528909227463019,1.24283343018335,0.0287234855196244,0,0.0937567068543667,0.544906476105094,2.30106038847347,4.16598401391447,5.169767453312,0.493654825835205,2.27736224363521,0.0640946711550595,0.0937189210469362,1.47834800175437,0.260898524038199,0.822428237779072,0.195475212446069,1.98845292625722,2.94049133474276,0.289201417395951,0,0,0,0,0.0673533949812382,0,2.77412504586202,1.1105142113756,5.19954884848555,14.0672403843742,0.371930134095601,0,2.04781707036515,0,23.3015861573298,10.1177916110837,46.383424882679,147.024268550562,36.9573035765782,92.4565651571533,3.59887067738946,0.649658362084441,15.4550025698522,6.32356063484517,4.94504080545087,5.2904359891487,1.11223259020419,0.235715958908088,0.188862709149426,0.0330092976836223,0.257889105238964,1.6291976108888,0,0.548186928252771,1.87770752266543,1.90960210640435,3.6462726258511,3.28528193380846,2.41733402347772,15.8105772018519,3.06166283264317,0.453788988447628,4.46628842370645,0.646244577794461,0.210958939136991,2.15919502536602,17.6333398757034,2.21702031101989,8.74683483095311,2.53456534885788,26.7741364556207,17.5746149169234,0.147339856028765,0.607238097614652,2.04400827078099,0.205135351561483,1.75706130717674,2.32310033029062,0.934127737661415,1.23115655089363,6.11379231779243,0.0107714227512532,1.30145627817315,3.1705792852794,0,0,0
P070,"Gases de petróleo, otros productos de la refinación de petróleo n.c.p.",0,0,0,0,0,0,0,0,0,0,0,0,3.42581234926109,0,1.91976597295055,0,0,0,0,0,0,0,2.1254513894866,0,0.914124593001505,0,0,0,0,0,6.98596019661082,0,1.56601286220538,0,0,43.8795994722991,9.79306133251411,0.662452455819637,0.601879828993532,0.470816676090053,0.192499200119458,0.456455666725343,0.787652932157393,0.201786043092943,0.120454786901818,0.224142299901355,0,0,1.67040340787875,95.2171443982259,206.666803098757,0,5.80085356494585,0,0.133104748348852,0,7.77423636073337,0,2.80908091458069,0.734941218475087,0.0230358498582563,0.630453580769571,5.07813424989069,0.527791374407419,0.776980470924076,0,0,0.194340553933062,0,0.634349558049581,0.272925213753849,5.04923897410858,3.31590926542306,3.67689316915648,4.81592385838547,11.9090079837001,2.03970238387923,23.1549455419698,74.0269991983649,0,80.0970484236989,5.41840488492209,0,11.4651751318717,0,0,0,0.838729828322194,0,0,0,0.000195151215413557,11.6354667542183,2.77425299681992e-05,18.2680779195481,0.60458515158423,0,0,0,0.343190114022796,3.97923646433247,4.29237366180147,5.67045775030732,0,4.35819333836995,23.0382255785276,0,0.0105221425698678,0,5.15811449078051,94.0107848053631,0,0.00454036499399484,0,0,0,0,0,0.00708369860588084,0,0,5.30695876907992e-05,0,0,0.04076258935181,0,0,5.5954835089721e-05,0,0,0,4.49480553897514e-05,0,0,0.0656475591978959,9.29532059394707,0,0,0,0,0,2.06877584604819,1.18974413995136,0.271377654368608,0.941005586910336,0.532859822530825,0.013306003995433,0.236803106184628,0.208847761699312,0,0,0
P071,"Abonos, fertilizantes y pesticidas",600.175048273027,94.8407982622634,37.3183380142444,14.9401452655257,16.5223450051289,165.645622073165,36.6282609616963,21.5966770599818,63.6442365705937,563.02981345093,46.6991104571663,437.737582116387,54.4234769317487,113.823796499229,203.530841847337,220.744208464274,48.8906966657741,48.482261495581,26.3613072132889,14.3347233372783,11.3710716669839,0,0.612198044939712,4.39325698490022,0.263297147812921,0.538023920317614,4.26985276109535,2.3809682075863,0,0,0,0,0,0,0,0,0,0,0,0,0,0,0,0,0,0,0,0,0,0,0,0.370839405734806,0,0.405359031649924,0,0,0,0,0.000109674461315889,0,2.05889286643169,0,2.37284250063392,1.99312000620769e-05,0.00222574185352453,0,0,0,0,0,651.445369895288,0,1.67389859300839,7.69719779188877,42.7754298916299,1.39591289116369,0,0,0,0,0,0,0,0.000153971548388381,0,0,0,0,0,0,0,0,1.60812819491105e-05,0,0,0.311866527289542,0,0,0,0,0,1.67136006546417,0,0,0,0,0,0.264817314218729,0,0.00274506874091312,0.0614043934439804,0,0.00161611714399388,0,0,0,0,0,1.91053113922963,0,0,0.452258727108656,0,0,0.214672853674912,0,0,9.92788108382486e-06,5.33252793772919,0,0.374979673101866,0,0,0,0.0315435423630609,0,10.3039388208412,0.178028627429951,9.31882953143492,0.10098964717996,0.00425708074157682,0.866621847243399,2.80048910058513,0.456140064991619,0.00425290730593779,2.39415678906648,0.107007007443429,0.00605645715981841,0.0774711366559031,0,0,0
P072,"Pinturas, barnices, tintas y productos relacionados",0,0,0,0,0,0,0,0,0,0,0,0,0,0,0,0.468044621917268,0,0.441181821939621,0,0,0,1.11787657381126,0.269480773805232,0,0.11589961732126,0,0.00017391576337848,0,0,0,0.128317979401583,0.334029849046727,0.075844170067819,2.08023254236523e-06,2.50685379077154e-13,0,0.228588985284252,0.0307089340502417,0.0267311545686736,0.41888954524284,0.128049881621654,0.358287362181268,2.33074997935451,0.716255565850059,0.0603317655866199,0.105123466851352,2.43734348561634,0.0648672381959994,0.0202943709079218,1.01105484352922,0.0290168862795235,1.22681859662728,0.987203852399754,0.135185101755406,0.0810069851974283,0.0846700233116062,0.323286533866049,0,22.064464041352,10.8766122370279,1.55531180310655,3.9666503847659,11.3244869796072,13.2038066315098,19.3784392215048,12.7974360892466,43.6799298405533,0.00168165508432654,0,0.0101665530684304,0.215319756449585,59.8375491560835,4.23604313584518,1.07553996351462,0.879610847522688,47.6097914741106,5.25826719957629,51.5457578505859,0.00101085777139359,1.59428728392705,0.677800336645252,0.311940814426275,11.2969230258283,18.8456618734624,1.08488514144405,0,0,0.0685476958607072,0,0.16550625085603,1.31253647830197,16.371908492328,15.8097284629395,0.00576013720863218,1.72204268197639,3.49437936224556,1.73717121050559e-05,33.9171846861473,3.62610474365493,4.98055705224972,69.4986263922313,28.4303351981229,57.7165998356032,0.720281062963626,1.49747527948296,0.0864021672071334,0.13801071027584,3.16596719530454,0.525362688195488,1.60525708625553,2.54457238858123,1.5411244670915,0.275298718695826,1.8903226354683,8.80555861926576,1.27961301180464,2.89289187506719,2.41795538090508e-06,1.85734975111608,2.04194899926154,1.87920796679193,1.70293447905134,4.19732973513572,11.0546671864211,0.645131560216712,7.94074846846668,1.5152987449628,1.8722130069176,1.52165399716667,0.406404460494598,0.903014491695049,14.7429381478954,2.12782610685784,0,0,10.5242210404091,21.4196493324112,4.07242183886994,5.15658867915992,10.078805242701,0.687848893215355,17.8099583192451,6.50107953231293,0.943604394493196,3.55004396833581,2.21383838821062,0.00979732173096754,3.93200072647811,4.44291043801701,0,0,0
P073,"Jabón, preparados de limpieza, perfumes y preparados de toilet",2.299577596515e-06,0,0,0,0,0,0,0,0,0,0,0,0,0,0,0.700616248162461,0.174485955562912,0,0,0,0.796736378469031,0.757025602363808,3.43810822517601,0.257985094159435,1.47867850451913,0,1.08910976560477e-05,0,1.1419485304985,1.20752286455312,0.00454540043132244,0.0396135408022824,0.00035594666235413,4.87721499164464,1.61447109148369,5.04311911438215,2.0361138458436,0.259353270557624,0.215574794490464,0.286293835204453,0.0867864473346471,0.164194009715187,1.70754100678171,0.777903258886496,0.423879198512683,0.751817775534917,0.218900749968273,0.230895897332756,0.564949157365179,1.5852080388676,0.226852920797914,1.85305292424064,0.890673513386971,0.0729089251713526,0.0264066655818981,1.10740501242218,4.00065648274033,0.650797800473648,1.00806239510311,2.29366853424502,1.12337522012899,0.225763680042789,0.127471493058939,0.284880627573577,0.415624896860105,0.01325969909553,0.28592358089368,2.32972011449869e-05,0,0.00016546550260819,7.1278670979027,0.213439545862573,12.1785926171797,4.61035121537978,5.99213621642855,7.01307531869133,0,0.238088229667726,0.10887380097519,0.175127187157325,0.00484110154407728,0.44259495930086,0.379318925153706,0.59240996965667,0.700573916758988,0,0,1.41174627416623,0,0.244773219762678,0.651690371198867,0.770445957880003,1.25402252225507,2.12502882702437,1.73403474354173,0.535680011260265,0.246208655764791,0,0,0.0186311924228239,0.0298370149669503,34.0226127575532,21.081447105683,0.795310848236151,1.07915667861819,0.0138428403308448,0.0145183722298767,0.334880923398046,0.229995217120179,23.1822923241835,49.4994904666053,2.11525256309608,0.144659559235467,0.123548962414785,0.786067131900084,0.0330235011233068,0.52385920053317,1.50483397224492e-06,2.69116899078858,2.62900582253455,1.75389835661678,0.230221468139452,1.09509691723696,0.530329006891892,0.65535307163524,0.547719099652706,0.0428142338231233,0.086829697961173,3.20712364647391,0.117091431894167,1.7944466159101,2.32692785645595,0.651464669603924,0.000992827072683444,0.0129242589733124,3.82175672712006,13.0143078157039,1.17929103745885,0.895694880962129,2.04858120130538,0.114222820023187,10.1768095488064,5.5188241338609,6.76163817514915,6.22647433053182,3.12164007548904,0.0568142936393438,3.8611588136099,30.8550183391156,0,0,0
P074,Otros productos químicos,0,0.799029749031955,0,0,0,13.8093941647575,3.47548304826062,2.04920689789827,6.03890164351235,0,0,1.42511530108327,0,3.04590686391274,1.32798658022151,0,0,19.1415595057523,0,0,0,0.956041508664222,13.2680778855652,0,0.308854761903715,1.47020996747424,4.74672832166139e-07,0,0.0916272495449948,0.665442043219969,14.849732593255,69.2332822195852,10.1569011716445,0,1.80050050702348e-05,0.0618835837538306,17.2980614408934,0.778900503616935,0.652674717195558,8.68106050926367,2.65398184626367,7.4907089663499,53.1712517600332,16.3779745779305,6.38955533352479,11.7085851804019,5.91240130445486,0.506127338804785,4.45603505448988,9.67776446674953,0.000366251643170444,36.260217569863,120.21969815682,252.670807454976,11.3352814031092,3.20312437425882,271.814528192979,13.5279447962139,350.089230654059,158.11846714478,35.1526078897621,126.571390425643,67.6664333833135,40.3379942039423,55.6539430751724,0.447360669645233,22.9954806261529,0.28371876992065,0,1.12794194067824,447.699909970901,269.00739409883,815.675701123841,375.730258984537,361.702643301032,2977.70534473988,25.7462255027444,8.60950043418559,6.62472473217082,21.1961526424828,0.0138617994731527,22.351427390903,6.79243347641538,21.4865908090985,2.51471705710508,0,0,29.7049697918226,0,1.44868623647125,3.35525923340485,218.955335169513,77.5840847136373,1.12059889627646,15.1762442097991,23.8875794893774,15.8854723205926,12.6011322950089,26.9558155749786,17.1168246043282,14.3895170985701,56.8004355441362,84.8241364161353,0.799792465453057,1.06331806277849,0.460951363267587,0.0379162060860594,26.5688829677949,0.139800859572798,6.55957421093345,6.40945021121071,0.199205687817908,0.164538119992546,0.379924306924451,1.71923994409299,0.255812478639846,0.608000177462842,1.34822888609818e-05,0.543909314177493,0.432936852642179,8.06027222451291,8.83314000370671,12.567670183588,0.366281724822281,0.99820112274383,0.38782203195059,0.298514632124989,0.313495046586413,0.275777002239901,0.022758831294091,0.768860786240578,11.7912103643746,9.25652757343019,0,28.7067326991912,95.3164334032751,30.9474107256167,3.13464367738683,7.51018860509832,8.26745851873913,0.977069150443076,10.458436877957,130.959724247176,140.385188905236,24.426699801907,1.62447516962644,2.88421916895833e-05,0.795451609782666,36.9829340677425,0,0,0
P075,Productos farmacéuticos,0,0,0,0,0,0,0,0,0,0,0,0,0,0,0,0,0,0,0,0,149.910130228595,25.9667915760942,86.0632390511601,94.598638450029,37.014501370947,0.29116167934712,0,0,0.86045529599088,1.4463778348473,0,0,0,0,0,0,0.114044624613738,0.146475156902858,0.127494835533665,0.796050199137349,0.15952714018837,0.470972725675718,0.0174147660348999,0.0277901618312526,0,3.07208131380613e-05,5.40725622880665,0,0.0246608824883051,1.91183697225032e-05,0,30.2022072199067,77.8292412128996,42.0043691131666,0.371361058638443,0,0.01670500627048,0.00248972459486741,1.98758814359997e-06,0,0,0,0,0,0,0,1.3112758025021e-05,0,0,0,25.5011323643631,0,22.0696226897651,5.61057578616673,284.249760539905,0.113700745364408,0,0,0,0,0,0,0,0,0,0,0,0,0,0.110912283053318,0,0,0.436651125899117,0.00632670160646481,0,0.421557443743746,0,0,0,0,0,2.12649409257934,0,0,0,0,0,0.00464680758777036,0.000113816298810355,0,0,0,0,0,0,0.00150450070094843,0.0989644679758954,0,0.0107805504675888,0,0,0,1.14520717612498,0,0.120290130175164,0.000479042221161373,9.68778103525684e-05,0.00316494400520728,0,0,0.0034583931331207,0,0,0,0,0,4.5715532605606,0.4034297119779,0.214143938440619,0.139800044744331,0.000198400621376495,1.18628882665446,35.8865914718758,75.8398314527453,21.5976338944299,0.559689466519995,0,6.03713210086422,8.91329511618943,0,0,0
P076,Productos de caucho y plástico,16.5491484475713,1.45665415149682,1.27305477877269,0.134219388211691,0.448790576037795,167.48550242699,40.9352406171835,24.8105340660668,71.1171678371868,0.681458899779665,8.81364437306419,65.663133676506,9.49659888929095,1.87418776695171,0.222594972153955,2.61603108091637,1.92225157865284,10.9136042731952,8.43409957180158,0.0734096767960054,0,1.20184164962167,17.7253901448368,0,7.36304635560394,0.878418521968133,6.45218294685455,0.489926008583048,0.329495184944438,4.86859527228,4.65015407228177,31.8965885418371,8.56813209630724,0.471515605727898,0.129921126115838,4.7421892980562,42.8969139120638,2.84818719479359,2.39580230891314,13.0823019903709,4.35562945255222,14.2631774798877,32.7548109850932,9.27843566174634,8.3035388493538,14.0617865073424,15.4349719188067,3.00442447700577,12.6698184380216,41.0815607578031,13.5399008960601,131.087438683774,67.5665971380091,9.25892425374626,6.55683965084309,11.8032640232621,192.446524965888,37.4219262914477,30.2047908774111,60.2628180951443,4.08067246153224,13.7750694274208,6.43876472421067,14.5607507995319,26.255583500249,3.24338614200806,23.9496177714023,0.0374451056563685,0,0.31292821991547,126.204834109216,4.3069831496629,112.369826230742,35.8997943240325,22.3809177969012,319.698834203095,0.618959660983111,3.17306673367115,11.1390092257494,10.9096913707358,0.0780263537313646,4.80385738739961,5.83333586541694,10.3627017809133,4.96751335885617,0,0,22.563378224722,0,0.917434596583733,9.39449653253145,25.3246703860908,40.8769557680736,27.4211526538241,22.1188118152277,35.7206000660249,15.0286744046749,100.847590044657,41.1394208207321,29.1879732554165,135.316864810013,238.338499813078,71.1031185485477,141.984583314101,286.202811788586,0.502374095367131,0.0197171205567823,18.0575158798566,3.18169072368037,0.672965893634057,88.1036887110995,76.2093177431315,0.298452175982202,0.7420706566996,3.31930247029565,0.351914368167741,0.861707629446879,3.23450341548709e-06,4.84809453229176,1.19404929547571,0.274259973028396,11.0639753203836,14.3478053821051,7.87888993798094,17.3129623474245,2.88507577130379,0.929606405046573,4.1799343307891,2.11608989294913,0.0900265052058416,3.42991318331504,26.6903378013894,6.30320594972552,0.391559325808256,2.63181499116053,38.5521329509645,31.195040429942,3.59154395344291,6.29810288338436,20.7595026751569,1.05157565525199,6.48652000545887,14.8777115977212,57.2741361671904,11.8548273495985,4.37363282826365,0.0685806754911122,0.86121224012982,7.72677779859623,0,0,0
P077,Vidrio y productos de vidrio,0,0,0,0,0,0,0,0,0,0,0,0,0,0,0,0,0,0,0,0,0,0,0,0,0,0,0,0,0,0,0.0437752908821814,4.26494996377443,0,0,0,0,0,0,0,3.65883203363618,1.19057170517596,3.29601411157123,0.598397572668073,0.312205787444329,1.28185204362447,2.48500152888667,0,0,0,6.22484344259783e-05,0,0,12.9940874231445,0.0720247451375892,20.174740869243,47.6664770433107,112.886671197724,0,0.024855570339168,0,0,0,2.23234075011804,0.000309816831316362,0.000598955468900159,0.000336991289560929,2.81955957602397e-07,0.000355440821211183,0,8.46685224724941e-11,0.00362273913786163,0,14.7836905017234,3.24363143541579,15.8073867016773,4.66968716212231,59.0099492018325,0,0,0,0.0136179467922274,0,0.113577530473175,0,5.2032359473001,0,0,0,0,0,10.8914738428771,3.63049096908287,6.37397108238762,0,0.750118635183817,0.102723728226524,0,12.9028422139286,0,0.343728085096707,54.1274440490426,1.09557675318848,9.61003713231398,0,1.78543670378991,0.00181553412593335,0,0.00503979667237188,8.34365096535354e-05,0.390433411984816,3.12279336152587,0,0.0394909767120542,2.72942023148652e-06,1.23647549322641e-05,0,0.0107849174386107,0,0.087720821132398,0,0.181584212475737,0.0146289748233496,0.0214981452352127,0.844041898192282,0.000767511824178606,0,0.00622481109342994,0.00301225557178746,0,0,0.898412062574837,0.393490415395954,0,0,0,0,0.42436828761446,0.113798250414732,0.217504305056801,0.234998060525785,0.0234757092073226,0.305128723137329,2.24663954986213,1.85246959137187,6.0893235191388,0.00906189533151876,0,0.106232532816127,0,0,0,0
P078,Productos de cerámica y arcilla,0,0,0,0,0,0,0,0,0,0,0,0,0,0,0,0,0,0,0,0,0,0,0,0,0,0,0,0,0,0,0.0138449399863986,0.284641629616334,0,0,0,0,0,0,0,0,0,0,0,0,0,0,0,0,0,0,0.728340619004782,0,0.0125323547795145,0,0,0,0,0,0,0,0,0,0,0,2.22980932763212e-12,0,3.98419965066255e-08,5.59812049147346e-12,0,1.8221573633691e-11,0,0.186941789803077,0,0,0,0,0.193333197558993,3.82645253719576,14.6041463910847,1.25123154708513,0.0182022282067543,12.8149653410875,0,0,8.86143295326614,0,0,0,0,0.660774079585558,0,0,0.467103088604346,0,0.248899121013106,0.151997837708202,0,228.701255077501,63.1863970473113,1.96355693456467,45.8117137099803,2.53786991422089e-10,0,0,0,1.06936078373386e-11,0,0.000117626258026302,0,0.450351983750662,1.84376531513484,0,0.0188725076269343,0,0,0,0,3.15425212749091e-06,0.855665879660497,0,0,0.0209140043636497,0.0116265928858046,0,7.61023921595647e-05,0,0.000903944230223306,6.13873605311805e-05,0.000404437756241024,0,2.8491601555695e-06,5.81082284419356,0,0,0,0,0.811568785129992,0.0359385208213435,0.0525505103693224,0.895111587356235,0.107190759038899,1.97165424948645,0.113199683397044,0.291162233242974,0.00660633140439788,0.0667850455825348,0,0.217818699771242,0.249191912097772,0,0,0
P079,"Cemento, cal y yeso",0,0,0,0,0,0,0,0,0,0.0708646383243276,0.0984868628273132,0,0,0,0,0,0,0,1.24581258066367,0,0,0,0.0614365140072344,0,0.00323832232484033,0,0,0,0,0,0,0.493780859655751,0,0.0137128976900364,0.000783731521549855,0,0.077731900497471,0,0,0,0,0,0,0,0,0,0,0,0,0,0.381026512013483,0.155103484138066,0,0,0,0,0,0,0,0,0.157257867247409,0,0,0,0,6.47602710508183e-06,0,0,0,0,0.0950274569171401,0,0.000583567007808898,0,0,0,0,1.2412586073412,20.6546631487638,12.252505082929,0.581525227414505,0.311398504766719,0,0,0,0,0,0,0,0.00588989235169861,0,0,0.00390932918091907,0,0,0.0985782871883551,0,20.2691337950828,31.7860769011413,14.6633147920183,41.3460169386688,0.00774068644374219,0.000383900381618798,0,0,0,0,0.0297955131923375,0,0,0.00234318491441926,0,0.00038055927895921,0,0,0,0,1.17464904154664e-06,0.000380971440208608,0,0,0.0510864961976953,0,6.99157590117551e-05,0.000206919837346463,0.00116574713811703,0,2.50293849926311e-05,0.000493376868616456,0,0.00499570905167785,0.0682457845501787,0,0,0.00175393878770589,0,1.29636550920378,0.00690691340518728,0.175981246591919,0.0767032428249131,1.34126927727583e-05,0.092393595983156,0.0148407991153572,0.10999262220604,0.0288533655541838,0.00407932733350381,0,0.00280587285443614,0.0284421758484731,0,0,0
P080,"Artículos de hormigón, cemento y yeso",0,0,0,0,0,0,0,0,0,0,0,0,0,0,0,0,0,0,0,0,0,0,0,0,0,0,0,0,0,0,0,0.044647274304448,0,0,0,0,0,0,0,0,0,0,0,0,0,0,0,0,0,0,0,0,2.07874796926805e-06,0,0,0,0,0,0.000131079887137572,0,0,0,5.00093802160823e-05,0,0,5.41206115630424e-05,0,0,0,0,1.94438899666835e-05,0,0,0,0,0.201152372680331,0,0,0,1.57703974352191,0.352794462121167,0,0,0,0,0,0,0,0,0,0,0,1.9219904047174e-05,0,0,0.210631703670405,0,39.2356038963959,26.6906433621403,27.3164407529118,13.8414019122409,0.000741968826335438,0,0,0,0,0,0.0034893824928541,0,0,0.44789302852548,0,0,0,0,0,0,0,0,0,0,0.475551440686508,0,0.0246283565207239,0.0121544933335696,0,0,2.63276750846278e-05,0.00153867301169524,0,0.000162191536477899,0.0522119248181622,0,0,0.266768264019925,0,1.67028925522661,0.0199640726309924,0.450946945577068,0.197653959695229,7.91368055215108e-06,0.0751887115913921,0.122437783408079,0.0013565428916302,0.11989585479923,0.0254046231278239,0,0.0309229051902259,0.282762288426252,0,0,0
P081,Piedras talladas para construcción y otros productos minerales no metálicos n.c.p.,0,0,0,0,0,0,0,0,0,0,0,0,0,0,0,0,0,0,0,0,0,0,0,0,0,0,0,0,0,0,0.09842132288438,1.28653305317186,0,0,3.37951634715054e-05,0,0.0100805193282301,0,0,0,0,0,0.0416090484023414,0.010904121058729,0,2.2987980773941e-06,0,0,0,0,0.0414583498891389,0.917961068650151,0.000185285355748736,0,0,0,0,0,1.53843784573429e-05,0,0,3.40546363735685e-05,4.37644333128561,5.70514979280875e-07,0.00349869339566335,0,0,0.000847672055723504,0,0.00516169140458605,4.86270685063782e-11,0.484375937719178,0,0.358154020576722,0,0.394643307698013,0.259043518946396,1.55335911599837,0.789966282072411,0.501370521473344,4.56338193802715,3.78313774534596,0.00714188001468371,0.188460605490856,0,0,0,12.3331630831406,0,0,0,2.94149687779628,0.123073459911555,0,0.389580887550666,0.0279651262281676,0,4.39634774589584,11.4274079072328,47.1702463787005,24.7080759857269,0,13.495124459101,0,0.00374156843008328,0.00306306718584657,0,1.30777862469345e-07,0,0,0.039236522090315,0,0.000292324216641173,0,0,0,0,0,0,0,0.00247038753086345,0.338145042301546,0,0,0.335705551396961,0,0,0.070208683102606,9.71798161887053e-06,0,0,2.04768518282965,0,0,0.20930840630808,0,7.47706866495552,0.00498869352175258,0.00825940040855245,0.00339919399596539,0,0,0.0140464250085412,0.000488089919125618,0.0145738995095572,0.000893740556879527,0,0.0339313875404116,0.0280084937621928,0,0,0
P082,"Métales básicos de hierro y acero, productos primarios de metales preciosos y otros metales no ferrosos",0,0,0,0,0,0,0,0,0,0,0,1.60237609082797,0,0,0,0,0,0,0,0,0,0,0,0,0,0,0,0,0,0,15.8800955459904,28.2413011223876,1.3781212252842,0,0,0.0262530926945014,0.0774914037719838,0,0.0708400257197347,6.776284988694,2.12723139695006,5.28997768118932,0.890514319035235,0.306890626333705,0.0147768522217682,0.0276545533240063,0.00733403654840594,0,2.37644400843508,8.38902515110945e-05,0,30.9010689807466,13.9396879242584,0.00343709929353548,4.94930207378929,0,0.515673068062683,0,0.13174177028224,0,0,0.355845401460943,21.444757096252,1.4384223424934,1.59804416465077,1.10288421770938,0.000400096140390768,0.0477058314510604,0,1.21065040564601,0.0195416538272069,0.758327777985204,0.141153077686937,7.79006231157826,30.8382717022945,21.7549353561122,0.0714974567580305,0.610325021423161,2.17965821623637,9.25168352100728,3.4634992536678,1716.26297705109,711.986020185346,890.602418442816,88.112220608298,0,0,91.7553272941743,0,0.775830991084562,42.8341299247281,58.4253600709415,44.0823764366872,0.000545104522646304,10.4962003753701,5.10620077060049,0,554.356449302052,387.618794207393,244.514655659518,230.504854522242,10.5799520065412,39.7503868789259,0,0.979301275191188,0.605176315162686,0,0.792762400448742,0,0.01921300190221,9.7330373908042e-05,0.137277482125856,0.00559743719467373,0.0596879386914241,0.290157019227842,0,0.00299255483476824,3.16549326620778e-06,0,0,0.015782043942545,3.81802675343885,0.860250061757293,5.28358372402522,1.41179042559803,0,0,0.544893802634813,0.0139409342052461,0,0.0556283481680414,54.9969419584848,4.32255737458091,0.00540360503169885,3.60512033839308,0.00228560618556165,13.1282661493552,0.203739962244101,7.45092570324258,2.17346624072755,0.886491097530277,0.841430426178453,0.917531717540357,2.56070504783235,0.521129325795151,1.14712672341058,0,0.0465749787204645,0.692256148826717,0,0,0
P083,Productos metálicos estructurales y sus partes de hierro o de acero,0,0,0,0,0,0,0,0,0,0,0,0,0,0,0,0,0,0,0,0,0,0,0,0,0,0,0,0,0,0,0.249458094061627,3.80582750497109,0,0,0,0,0,0,0,0,0,0,0,0,0,0,0,0,0,0,0,2.49225581539602,0,0.27121193201505,0,0,0,0,0.000191824190521918,0.00546599606671134,0,0,0.443028734562115,2.86562858684372e-05,0,0.0272961981286571,0.00418168791449049,0.00324271960242988,0,0.0219227503500817,2.93438734291493e-05,0,0,0.0985446585465827,2.58333163286925e-06,0.121638114786319,0.0290477831449683,0,2.60797128421341,0.0542481572283385,2.54110967898089,8.55333454937736,13.9642242796335,19.3224942314864,0,0,0,23.0426736447173,0,0,0,0.77450110602032,2.90058436170457e-05,0,6.74143593912903,0.429447864783955,0,37.4705374525052,5.93942237475024,107.116412466622,15.0412471188962,0.267745786900984,1.18119603684735,0,0,0.00619428818894542,0,0.233343680176813,0,0.133754662765278,0.822983411728792,0.585105193168236,0,0,0,0,0,0,1.45012438545812,0,0,1.31951200538707e-07,0.0626112354424087,1.09597827851062,2.32660110379591,0,0,0.260578453080032,0.00286847901302276,0,0.0153936477348179,47.7171754748031,0,0,3.44578175478657,0.774322000277816,6.79333522846745,0.18136929735113,1.58831154463621,0.894489974165815,0.000575397116601552,1.05133297831108,0.195265381384594,0.0175367328349755,0.00571493491103017,0.0328749757870048,0,0.22839035108633,0.218121678602431,0,0,0
P084,Otros productos elaborados de metal,9.74163591120154,8.4014072797385,3.59021383644637,1.48873910922679,0.286483662180891,8.93902108669971,2.17115366012282,1.2801509876296,3.77253556537859,72.6182501394032,2.91743813221267,7.55230142333024,1.83829070009889,1.3183081869442,2.10290830769326,3.78379501026048,3.1193733561628,2.40640858317687,3.09707700234835,0.276199737650162,1.56459782251304,1.73858742688805,10.0298120032288,1.10965071639462,4.31573074967828,0.509200202196272,8.1649315552996,0.623171360056805,0,0,67.3840830048907,58.841577562381,0.533948408986011,2.84230623273415,0.415410691729485,4.63976090135711,3.30394614605788,0.499730341057234,0.402736637976778,25.8437575522418,8.08287816433266,23.3601300951133,1.73056350492189,1.64387409933448,1.00471200481422,2.0370133607998,0.0852449573081236,0,1.05952143728769,7.13085439295426,2.61842139535591e-06,25.9420046464573,13.0209595877926,2.10808518848421,9.63566797430912,115.913429069441,154.735810649327,0,11.3519588941265,41.545831997232,4.73666589590757,4.51804851214654,19.9289426137297,1.37066530412499,2.27999878719,1.15351705416576,0.539698794186529,0.564573950062682,0,6.96276802753397,0.745955490725957,10.2216858021038,4.35360826023976,28.0759244481692,8.04923487816235,16.9809502960318,0.5651939479601,5.3997908019686,14.334731573975,7.50764191844163,0.36220467014549,14.7161298390282,29.0433602830533,147.023631954313,120.519321641666,0,0,21.7152891974802,0,0.00129785766037222,86.2798159607585,23.7885563305572,15.2599660490394,1.28455007929313,22.284763703826,4.34083016660669,0.096918623693324,147.043225549484,107.729566475098,64.5759895447554,119.915653650564,20.1323607530612,56.4663114592288,2.44009659769649,2.8350489191943,3.20612543307443,0.0195227642130433,0.964134725685261,0.102013971827521,4.84219917673982,8.34890412590312,7.18311982842354,0.209253823217884,0.301118837522306,1.1066968384102,0.167062765021486,0.832547814486817,2.47182586094483e-06,4.65135471266433,0.552303568178696,0.273530779196514,0.155960884597875,3.35819765072375,1.71470313752446,7.85590901761256,0.6843233858363,0.382686320644599,1.99139000561393,1.27221705449892,0.609067698441317,0.376743687497199,167.37026517671,11.0120853855316,5.82152833364692,41.5411496753521,8.45645681337815,13.410921077144,0.981604802605979,2.98581834113936,9.43268032795914,0.261349841331175,5.16382108321442,2.99791550246878,2.17780064012448,1.1021372223425,2.62330689655967,0.0212065310007415,0.690752544073513,7.77151959237642,0,0,0
P085,"Maquinaria para usos generales y especiales, sus partes y piezas, excepto electrodomésticos",1.83533868549938,0.179111791569975,0.0765407045455411,0,0.0546395587183495,8.34974500558475,2.03649502050113,1.20075384791042,3.53855649863229,1.38671546229847,5.25980410385206,4.53274709136621,1.1416235363477,0.747909401972159,2.3893900408872,6.48733893767463,0.612755838895386,0.000605472690846116,3.66703370460595,0.0281638111620008,0,0,0,0,0,0,30.8117896774306,0.762174594119772,0.0576452222547917,0.824278979029338,35.4674329198878,92.5646095192713,16.5048550131942,0.179898573607556,0,7.50505787913302,6.30383022567525,0.695745869976113,0.648199883361367,5.46325264990165,1.68131224897091,5.0946091092985,15.4445350724548,3.86126459607473,1.75408084501159,3.25924233860027,4.03553552152036,0.454976976510885,2.05034943213197,6.2769589943831,0.158844081432393,75.028730037926,32.8208716126932,7.654268741269,1.92520558498876,8.86530946091611,49.2491741806758,8.32160628420419,23.3700785885504,8.49708560099919,0.203532221556294,1.56920612389239,36.1925328825299,11.7638087568688,32.8552267315303,2.48257692785766,11.2586842864663,0.2670352703025,0,2.99303167718024,2.64476921434051,1.02786373771143,17.9013887388807,11.1998331189058,9.00716397839286,65.2761963277342,13.9203902131367,14.9243953450026,71.9488134632621,9.41330584569279,0.0643670352282827,42.3812437211431,10.2706413657712,12.7814053989658,432.696973132894,0,0,79.076535374135,0,0,0,0.67869718676367,7.23997940451468,0.343228500815318,188.412379626106,25.4528901775958,4.50035245449708,61.7202791336515,107.066279621622,134.956840310938,62.1220571126929,128.006682743859,50.1371014772471,60.6197347824074,59.3756703258805,1.73467975813525,0,22.3405316833641,0,0.215224006785346,2.4871187134298,0.928585730900706,0.0751174697264103,0.0211485993730366,0.0769740968323729,0.000482350222317392,2.2139863815252,0,0.105854188587325,0.00888342673980023,12.2782697888556,9.54323084589134,0.686633599754739,1.52165524741815,53.0547311777597,0.0755570728201114,0,1.63138776497181,1.88466483162418,0,0.36473769844283,565.902319634674,12.5292128087664,9.07512434377258,13.9806690927336,75.129941562998,24.0019462266826,2.9476370602033,13.4311432976214,59.292789286781,0.671632333060653,0.981430019416169,10.6806191015188,1.61477501538661,0.317831018607504,10.9912123134401,0,0.344113922772527,0.630239061063853,0,0,0
P086,Electrodomésticos y sus partes,0,0,0,0,0,0,0,0,0,0,0,0,0,0,0,0,0,0,0,0,0,0,0,0,0,0,0,0,0,0,0.079006407132463,0,0,9.28288968410532e-13,7.05948302520934e-13,0,0.114057216243591,0,0,0,0,0,0,0,0.0129789456250298,0.0213607567317449,0,0,0,0.00103408295844069,0,0.430058727800417,2.28550584438285,0.189891346555328,0,0,0,0,0,0,0,0,0,0,0,0.408055644425215,9.93311162373582e-06,0.000136663218533381,0,0.000446084211200393,0,0,1.51663976715009,0.0149237473770519,0,0.0058377253961821,0,0,0,0,0,0,0,0,1.44255311527994,0,0,0,0,0,0,0,0,0.0230263123814837,0.804527974535156,0,0,0,0,0,1.75165438618265,9.0316664529723e-06,0,0,0,0.000261055985164507,0,2.21741927711295,0,8.67117541774982,14.8032519986203,0,0.000164215384249865,1.90538979043708e-05,8.26641287876654e-05,0,0,0,0,0,0,0,0,0,3.56283543059327,0,0,0,0.000115654280923421,0,1.60908161751048,0,2.15707808778193,0,0,0.00124442672132965,0.0431124083731312,0,6.07409526684676e-05,0,0,0.877612806062462,0.185678860234551,0.210225249724603,1.02842385084681,1.15076655201736,0.0879654108935425,1.55010625127902,0.32396552838168,0,0,0
P087,"Maquinaria de oficina, contabilidad e informática, sus partes y piezas",0,0,0,0,0,0.615816944660019,0.154985897749203,0.0913824542759806,0.269299139038331,0,0,0,0,0,0,0,0,0.769798748392333,0,0,0,1.24111081534564,0,0,0,0,0,0,0,0,0.104553917209107,0.441772983303898,0.0427402202351394,9.11439336093519e-07,0,0.983387392031096,0.405606944984099,0.01932610772288,0.0164827013335266,0,0,0,2.10410806835402,0.499466834224981,0.0376760286028174,0.077070399209248,0.0420149856055847,0,0.00813070468454255,0.0297879099626454,0.0385960468453355,1.14492676064869,0.219001441196845,0.104130295217661,0.0330560932885875,0.540170223991424,0.255200188185881,0.0436312665426407,0.343376451873014,0.203945931333488,0.000229958934377919,0.220916369537451,0.0014602935913238,0.366035353346936,0.427437092731003,8.20657675709119,0.000776290476254665,0.00082012437347669,0,0.00267697876817217,0.0474038086731255,0.492728014831946,0.701483372685433,0.352348272162947,0.906713334844244,1.24796927880163,0.158343200345612,0.0162061216652313,0.000746391630477098,1.27824417984087,0.000306391024991572,0.185033260058172,0.0766388697910934,0.0413712696955768,1.96012194765515,0,0,0.0325536704601748,0,0.0115289788782871,0.0864951840548484,0.000737992108322632,0.64103590410668,0.00415423281913726,21.9092920576808,1.20817770409593,1.21635644162895e-05,2.11242410355831e-19,4.20321234533222e-19,0,0.112162747051238,27.6867786501693,25.5509788059302,0.621346107346827,0.504387730915693,0.0397826943900262,0.118538860109267,4.00000452897236,0.451170907608601,0.901667066393988,3.50081828205136,5.17875931971681,0.164803915898023,1.62786934387277,6.75848459923366,0.80506713616368,2.51411157155409,1.50736209899504e-05,1.41513382005318,17.2896325852711,34.1999057088792,2.70204804027674,7.16263907110178,4.6056442776558,6.2262789604707,1.31486492974614,0.930038817744488,1.44837495354229,0.0923283570822061,0.275465806613496,2.95154535912467,2.76256693418993,28.2250252709776,0.00218645592074165,0.0363380210052268,0.208503687274057,1.41454328946924,0.0829785592812715,0.168029145182827,0.374693222633508,0.0829254020395074,6.86944781233565,0.655805737609417,0.864692995950048,1.81777172564209,3.99749283395619,0.00639477716803243,1.97195206159171,0.225677662598839,0,0,0
P088,"Maquinaria y aparatos eléctricos, sus partes y piezas",0,0,0,0,0,3.89333720877399,0.979856705429478,0.577741019546295,1.70257146608328,1.05899930117533,0,1.17334609263119,0,0,0,0,0,0,0,0,0,0,0,0,0,0,0,0,0,0,89.6176372174572,88.5188748720783,9.25735043854129,1.30968272287924e-13,0,0.227347154470154,0.72212739736624,0.192343032866569,0.159538858771347,0.0414890350136344,0.000920192008768764,0,6.85429455995402,1.68486758093548,0.0278002856455034,0.113000845575107,2.12481369319406,0,1.56485388044987,2.51020288120765,0.166964654924303,6.61585732233832,0.875221210148317,0.8513222224527,0.362506756773916,1.27776367646333,3.16242690958761,1.00725742700128,0.481783790744631,0.58706773186362,0,0.0667550309175207,23.7766333346472,2.19605956460993,3.24971295146072,0.0135951358224383,1.9561578645837,2.55595256422138,0,8.49162711916516,0.00448966998829148,0.3554903566011,5.07859119828143,7.6044588519164,1.07716815585321,9.94532024093465,0.500726658938919,0.589741932827293,14.1225334427099,5.64923900675116,4.20168290522537,27.69916059603,2.91589273157747,4.43350581031463,0,0,0,219.22697851552,0,0,0,0.597884250687312,0.00452545426442695,0,141.93568465825,5.54138734304993,0.0365369770751205,104.831989682514,146.184639532853,143.09817696812,149.729060906014,143.788698304731,42.8997875736206,49.9467250788725,58.8479389041561,4.975693858528,0,20.6934341631408,0,0.447259513495249,5.02305823442757,270.465879753534,0.706098816186496,0,0,0.00146901447952123,0.0820852799396903,1.53397799184647e-05,0.0274167815704863,0.00934953224838152,20.2145629425731,4.06724724622631,9.86293304610438,19.5079567450732,23.9560015433202,0.00285377286941361,0,10.5089704046655,0.31410451787323,0,0.292429170264189,180.405018576775,29.5392899023449,6.47309239812763e-05,0.632610102592007,54.9009458416098,60.032828419975,1.44379759267649,3.64266774383189,9.87863239357062,1.81012882176872,5.61069611418287,6.16162237400636,0.949681750097356,8.67863981153513,4.85024553527469,0,0.0872568765620407,0.945852705393828,0,0,0
P089,"Equipo y aparatos de radio, televisión y comunicaciones",0,0,0,0,0,0,0,0,0,0,0,0,0,0,0,0,0,0,0,0,0,0,0,0,0,0,0,0,0,0,1.0341915360337,12.5120894399867,0,0,0,0.820152782160621,0.0230243417132471,0,0.149465340993659,0,0,0,0,0,0.0145464067803481,0.0230211782680052,0,0.562345510363157,0.546405229762193,0,0,0.438397121807017,0.100766197848439,0.057404268608482,0.680351490799664,1.53309985865887,0.681575439530564,0.116514816062341,0.0155368951523952,0.446000908855332,0,0.0316178069273563,9.96311060084631e-13,0.370252332273869,1.10341860308661,11.6084559536125,6.39742843625748,0.0188395109234791,0,7.93075709239954e-11,0.00230468370368684,0,4.76243455480604,0.00666661317258053,0,3.27917818836525,0.16264143920138,0.317319595673183,11.8109119698628,0,0,0.594652343204647,0,0,0,0,0,0,0,0,0,6.50235709695313e-15,0.00227813465926036,1.54645775531228e-05,3.00156871798965,0.158372102676769,0,0,0,0,2.43894866258114,8.01821377598397,0,0,0,0.0359874963938817,0,0.539634643392608,0,0.503536066347922,0,345.751632267088,0.00944135307473031,0.0542226655924925,0.792851333436501,0.0198028615683052,14.4828778324034,0,0.434009908961585,0.234177485785686,26.2101142307901,0.343418456813748,2.93458600640459,37.2728483011046,2.26834184533789,0.549761228815121,0.767191803334961,6.9321337912468,0.000236180474429657,0,1.25455949926887,2.81406691111219,15.2084070569912,0,0.139380384582325,0.0633832135763508,0.00525796999813105,0.000318808393956005,0,0.000162190524959771,0,4.05915861931786,0,0.212121336177272,0,10.7869877863413,0,2.0264102819618,2.11552861578206,0,0,0
P090,"Aparatos médicos, instrumentos ópticos y de precisión, relojes",0,0,0,0,0,0,0,0,0,0,0,0,0,0,0,0,0,0,0,0,0,0,0,0,0,0,0,0,0.0266009266316286,0.261116758959639,1.78820647646368,16.1152157687793,0,0,0.0379695987779278,0,0.197837478745442,0,0,0,0,0,0.0231419385767194,0.00709038936431671,0,0.000553889299382668,0,0,0,0,0,0.782806335235872,0.068306961841954,6.59169343199043e-07,0.00065196071079145,0,0,0,0.664038186631099,0.870009237526006,0,4.51907935152043e-05,0,0.737180907508291,0.862308979599317,5.97251886152385,2.94774750163694,0.00343347749268298,0,0,0.00273659806280493,0.670597277928243,0.360308325926946,0.467183715224371,1.32552228075814e-05,5.91639962591041,2.65548233307325,0.0637122578193289,0.781756636671254,0,0,0,0,0.000491710551895786,0,0,0,0,0,3.58989571509265,0,1.30246164401583e-05,0.00409050996854821,0.404594223299372,10.4894640107792,0.544241311512042,0,1.23298636969477e-17,8.90719529252921e-17,0,0.199502481881413,0.000178029658060241,0,0,0,0.00655867657012322,0,1.12123343578862,0,2.04068088186305,2.38854134019565,10.457202749508,0.0179104467865772,0.00944461550307664,0.0409748659416078,0,0,0,0.000854801512462972,0,0.0200500810597986,1.68211622949014,4.5939039993184,0,4.60231301012557e-05,0,0,0.00552708772837848,2.97756755584009e-13,0,7.82648512138604e-16,1.94700654575089,1.95254436704578,8.50992745785783e-13,0.968627290970135,0.453095572713292,0.350376762503687,1.68467639387577,2.57742703723222,1.21121616114836,0.000144196464974571,3.17317658028967,94.9698401674347,113.120173145574,54.5634445242733,3.99443140933977,0,0.41152969227094,3.58860119684832,0,0,0
P091,Equipo de transporte,0,0,0,0,0,1.21927582540182,0.306861576386353,0.180931067796621,0.533194048780576,3.11722742654731,0,5.15035207448905,0,0,0.973970575982637,0.81800185222946,0,1.02210228036327,0,0.3847273225792,1.88362921440411,0.757224390430777,0,1.18969948726898,0,0,0.519146432237925,0.185078684761676,0,0,6.16288477014591,27.0211564693946,29.0030575549479,7.98941903322513,0.706231171562539,8.04956274167961,2.03774009203205,0.233076369217927,0.193679906165912,1.89640147663939,0.396240225301173,1.35658872612535,3.02944037959727,1.08864208856601,2.71090347349391,5.61388320245936,0.51384036844344,0.608269670433118,0.466093596618676,7.98732946308382,0.303592218634934,0.204494469947715,15.0212995109299,1.21144390265054,1.11475782874361,0.0729001033333704,7.12664279023437,1.46436153142628,5.46265522281937,5.74801688508931,3.0523321418015,3.47972167877405,5.82514275744266,3.55867786892804,4.5791363530277,5.92996554250942,2.74929128303529,0.119846263238106,0,0.425333752564559,0.709341244162531,0,0.78877428258369,1.26113119508565,3.10648156922238,12.8155033269325,2.36195031426029,2.99435689727185,12.6281852055181,6.22518639236996,0.191969524210102,3.05924912784221,2.18706520475915,7.33571780059817,0.376157713287054,0,0,4.77208383362418,0,0.0165250239079201,0.797269219324727,3.58037626865941,3.47636209702178,0.101123880518,27.1218058259747,0.830914801232457,1.83888698666961,0.971465628059758,0,2.52507286583517,26.8912710689242,77.2104518489793,29.8148071785088,97.8008753762602,165.09276493256,7.18101591578036,0,15.9426384115175,5.82034695438882,10.845726877695,10.5905376776635,6.53787687935314,0.00153742979307368,0.00766386757164003,0.119964356839724,0.00548885308719246,3.57628559860074,1.68411102356679e-05,5.42553572028477,2.67853522345633,0.597493973735668,12.2068546486487,6.50089503543902,6.64483226740185,6.3417627797501,2.95046779560317,0.658039966684789,3.46725157015229,0.565643249552256,1.54646489918473,4.83676216406727,19.9587201147417,0.497097099713936,1.60055329772054e-11,2.48686940151575,17.9021270306943,1.65828497163463,0,0,0,0,6.54914101119188,0.863525154159158,5.20033694371715,4.39873907993742,4.06764315739502,0.285469299707722,2.91909499369769,3.79956203222841,0,0,0
P092,Muebles,0,0,0,0,0,0,0,0,0,0,0,0,0,0,0,0,0,0,0,0,0,0,0,0,0,0,0,0,0,0,0,0,0,0,0,0,0,0,0,0,0,0,0,0,0,0,0,0,0,0,0,0,0,0,0,0,0,0,0,0,0,0,0,0,0,0,0,0,0,0,0,0,0,0,0,0,0,0,0,0,0,0,0,0,0,0,0,0,0,0,0,2.16340456402389,0,0,0,0,0,8.0435340251458,3.89731211990563,0,0.607182997240849,0,0,0,0,0,0,0,0,0,0,0,0,0,0,0,0,0,2.72291135266282e-31,0,0,0,0,0,0,0,0,0,0,0,0,6.56621605689295e-16,0,0,0,0,0,0,0,0,0,0,0,0,0,0.011113252683824,0,1.19752137625251e-17,0,0,0,0
P093,Otros artículos n.c.p.,5.24045953738228e-06,0,0,0,0,1.72429609805022,0.432506649438597,0.256507998585111,0.758264697722706,0.598877768619004,3.75018423962113,0,0,0,9.44051534128686e-05,0.282554411394185,0.0617207345002971,0.916958839792275,0.47984545153542,0,0.631193657584368,0.920682545821293,3.43285400458042,0.910867648351713,1.36790675690478,0.0679257755128106,0,0,0.0110641832993963,0.302673416174622,0.0636867537339433,0.3348587444131,0.994348397411891,0,0.00102627348105033,0.149000782887807,0.299018129411631,0.0471900157872709,0.0410774142809349,0.250801866085268,0.079743048726918,0.248469619037445,1.75238893186845,0.442832290930239,0.754532049719307,1.41725181439519,0.00393876227598008,0.0270796483063825,0.0146257426295357,0.589158160462828,0.0729233777011898,1.05542040200733,2.40842829911011,0.504519044513367,0.104490536971283,0.99060048114215,0.356114039272437,0.0699521755416426,3.26846229473902,27.0613849547764,0.678375562379251,0.296330857268452,0.303381779357761,0.388621954146731,0.642827040379852,0.533816660438521,5.3499380549075,0.000157261725131586,0,0.00237789481294931,0.000394428029041427,3.9551521800882,4.71538266150049,2.76465134857555,3.84599427267313,2.98578253608013,0.472610445306629,0.0981673675329578,0.215118011579924,0.059476409011411,0.0373370473644577,0.173140129304795,0.531988613546483,0.655280237390092,0.412911801319922,0,0,0.00264602272241417,0,0.00789260193720187,0.00582191259125126,0.80977416508898,11.1844377591032,2.43369235919342,0.822045484402149,0.825226417378185,0.43548041663786,3.58650938808107,0,2.49878699011993,2.87384374557929,53.9905967832261,0.991615690660823,0.89313600029834,2.57967538641454,0.104125314547103,0.013380825407059,1.00778452798033,0.217334780380593,1.83636028467902,34.0694563251235,3.89278087949606,12.7136667302021,0.763014518183341,3.60332156180014,0.454482789525791,1.48833080261137,2.53288306373853e-06,2.44265115166035,1.84601204497593,1.41885036636879,0.344883001219429,4.11416720661419,5.20507366223118,2.3563480751422,2.746643904704,0.661344305775253,1.61194399566333,0.767530330011879,0.574854160471688,1.30121875405841,0.655447144090045,2.27731938735616,0,0.0462451299990251,7.05561282581688,14.4206745394554,3.19348936299666,1.85775110615025,7.01488087509772,0.027588098367588,18.2040297775227,7.88029682308274,0.989853232419386,4.58064127289876,15.7533257171767,0.102420311483172,2.50534793506685,16.0536322962283,0,0,0
P094,Residuos y desechos,0,0,0,0,0,0,0,0,0,0,0,0,0,0,0,0,0,0,0,0,60.6043670427119,0,0,52.2904219437475,0,0,0,0,0,0,0,0.0432710376903757,0,0,0,0,0,0,0.429084567279068,0,0,0,0,0,0,0,0.134397854906418,0,0,0,0,0.602578734877768,0,97.040129823987,1.50750563516383,0,0,0,7.05507230284861,0,0,3.08641581839629e-14,0,20.5610052367828,15.1217067735773,0,0,0,0,0,0.61281352338074,0,4.00279692025749,0.410069232128497,0.347820390936895,70.7578788004551,0,0,1.33123664201108,0,0.0123028390104839,141.402484817438,0,0.000292784823680974,0.236334627956566,0,0,0.496939224908065,0,0.0141039435711311,0.474420717467856,0.0069048406431781,0.223362117684321,6.26196644985492,2.39522118345327,0,10.6562644428564,0,0,0,1.45192923276603e-16,0.406363821828106,6.67389747553439,0,6.71471808937727,0,0,5.67658780904746e-05,0,0,0.0835715926948546,0,0,0,0,0,0,0,0,0,0.335674961235765,0.00205588570953267,0.222450394920526,0,0.0232395457095952,0,0,0,0.02893606813206,0,0,0.615307164990977,0.164563870773246,0,0.0933067240131738,0.00255605600924948,0.0107928673741762,0,2.63330863336676e-05,0,0,0,0.0289360154239569,0,0.0344917656697561,0.00668428785221625,0,1.11086290977644,0,0,0,0
P095,"Generación y distribución de energía eléctrica, gas, vapor y aire acondicionado",0,0,0,0,0,0,0,0,0,0,0,0,0,0,0,0,0,0,0,0,0,0,0,0,0,0,0,0,0,0,0,0,0,0,0,0,0,0,0,0,0,0,0,0,0,0,0,0,0,0,0,0,0,0,0,0,0,0,0,0,0,0,0,0,0,0,0,0,0,0,0,0,0,0,0,0,0,0,0,0,0,0,0,0,0,0,0,0,0,0,0,0,0,0,0,0,0,0,0,0,0,0,0,0,0,0,0,0,0,0,0,0,0,0,0,0,0,0,0,0,0,0,0,0,0,0,0,0,0,0,0,0,0,0,0,0,0,0,0,0,0,0,0,0,0,0,0,0,0,0,0,0
P096,Agua natural y distribución de agua natural,0,0,0,0,0,0,0,0,0,0,0,0,0,0,0,0,0,0,0,0,0,0,0,0,0,0,0,0,0,0,0,0,0,0,0,0,0,0,0,0,0,0,0,0,0,0,0,0,0,0,0,0,0,0,0,0,0,0,0,0,0,0,0,0,0,0,0,0,0,0,0,0,0,0,0,0,0,0,0,0,0,0,0,0,0,0,0,0,0,0,0,0,0,0,0,0,0,0,0,0,0,0,0,0,0,0,0,0,0,0,0,0,0,0,0,0,0,0,0,0,0,0,0,0,0,0,0,0,0,0,0,0,0,0,0,0,0,0,0,0,0,0,0,0,0,0,0,0,0,0,0,0
P097,"Evacuación de aguas residuales, recogida, tratamiento y eliminación de desechos",0,0,0,0,0,0,0,0,0,0,0,0,0,0,0,0,0,0,0,0,0,0,0,0,0,0,0,0,0,0,0,0,0,0,0,0,0,0,0,0,0,0,0,0,0,0,0,0,0,0,0,0,0,0,0,0,0,0,0,0,0,0,0,0,0,0,0,0,0,0,0,0,0,0,0,0,0,0,0,0,0,0,0,0,0,0,0,0,0,0,0,0,0,0,0,0,0,0,0,0,0,0,0,0,0,0,0,0,0,0,0,0,0,0,0,0,0,0,0,0,0,0,0,0,0,0,0,0,0,0,0,0,0,0,0,0,0,0,0,0,0,0,0,0,0,0,0,0,0,0,0,0
P098,Edificaciones residenciales,0,0,0,0,0,0,0,0,0,0,0,0,0,0,0,0,0,0,0,0,0,0,0,0,0,0,0,0,0,0,0,0,0,0,0,0,0,0,0,0,0,0,0,0,0,0,0,0,0,0,0,0,0,0,0,0,0,0,0,0,0,0,0,0,0,0,0,0,0,0,0,0,0,0,0,0,0,0,0,0,0,0,0,0,0,0,0,0,0,0,0,0,0,0,0,0,0,0,0,0,0,0,0,0,0,0,0,0,0,0,0,0,0,0,0,0,0,0,0,0,0,0,0,0,0,0,0,0,0,0,0,0,0,0,0,0,0,0,0,0,0,0,0,0,0,0,0,0,0,0,0,0
P099,Edificaciones no residenciales,0,0,0,0,0,0,0,0,0,0,0,0,0,0,0,0,0,0,0,0,0,0,0,0,0,0,0,0,0,0,0,0,0,0,0,0,0,0,0,0,0,0,0,0,0,0,0,0,0,0,0,0,0,0,0,0,0,0,0,0,0,0,0,0,0,0,0,0,0,0,0,0,0,0,0,0,0,0,0,0,0,0,0,0,0,0,0,0,0,0,0,0,0,0,0,0,0,0,0,0,0,0,0,0,0,0,0,0,0,0,0,0,0,0,0,0,0,0,0,0,0,0,0,0,0,0,0,0,0,0,0,0,0,0,0,0,0,0,0,0,0,0,0,0,0,0,0,0,0,0,0,0
P100,Obras de ingeniería civil,0,0,0,0,0,0,0,0,0,0,0,0,0,0,0,0,0,0,0,0,0,0,0,0,0,0,0,0,0,0,0,0,0,0,0,0,0,0,0,0,0,0,0,0,0,0,0,0,0,0,0,0,0,0,0,0,0,0,0,0,0,0,0,0,0,0,0,0,0,0,0,0,0,0,0,0,0,0,0,0,0,0,0,0,0,0,0,0,0,0,0,0,0,0,0,0,0,0,0,0,0,0,0,0,0,0,0,0,0,0,0,0,0,0,0,0,0,0,0,0,0,0,0,0,0,0,0,0,0,0,0,0,0,0,0,0,0,0,0,0,0,0,0,0,0,0,0,0,0,0,0,0
P101,Servicios generales y especializados de construcción,0,0,0,0,0,0.018816901058009,5.76032277432859e-14,3.39641509361499e-14,1.00091809840386e-13,0.393684244524002,0.0714761733451225,1.05335462574629e-11,0,0,0,0,0,0,0,0,0,0,0,0.0641345385462615,0,0,0,0.000338087589766135,0.00381843813995856,0.0250814736600362,0,0,0.0477336282318976,2.54665749547926e-18,8.26636393884417e-17,2.2761792450865e-12,0.112833909247028,0.00961737925339583,0,0.0648858141380252,0,0,0,0.0248023852627392,0,0,0,0,0.0320705795062578,0,5.47236223485481e-18,4.55508825103479e-11,0.136506309265097,0,1.6320625406685e-13,3.42676581555068e-11,1.22349075315498e-11,3.24670151874429e-12,5.86174581096444e-11,0.468854140698527,4.6651363327932e-12,0.028268564416682,0,0,0,2.40157164987931e-11,2.31864805133597e-11,0,0,0.0204219934457012,1.5941734043956e-11,0.0408350017305906,0,0.00713269775705804,0.0909360823165901,0.190099053862392,0,0,0,0.669317093328418,3.07870368230405e-12,0,0,0,3.62553737032201e-13,0,0,0.0302968421275896,0,0.00016354551252375,1.26144927836691e-12,0,0,0.000219294135486139,1.4348633392558e-11,0,0,0,10.5334065003914,9.81192036470261,45.4186761788874,7.32054568713151,2.76376144192625e-11,1.61579083446384e-13,0,0,0,0,0,2.99282820748203e-12,3.56117357824814e-11,1.8944408619637,0,0,0,2.09534473105677e-11,0,4.92672569407659e-11,1.41336736955918,0,0,0.317285889375569,0.40594740182278,0.327435689224047,0.318553299582839,4.22724355519932e-12,0.0603795445341218,0.118161764378939,0.221973236691791,0,0.148418655457766,3.22861263271555,0.0111285031955957,0.0674933501755368,0.0144784584375514,0.0699516325629425,0.459132515562761,0.0258685631461571,0.337824536537805,0.0150823386093201,3.84610815418185e-11,1.37300081507883,0.434644031879641,0,0,0.440077133806353,0,0.677936486565752,0.121825387490095,0,0,0
P102,Servicios de comercio,0,0,0,0,0,0,0,0,0,0,0,0,0,0,0,0,0,0,0,0,0,0,0,0,0,0,0,0,0,0,0,0,0,0,0,0,0,0,0,0,0,0,0,0,0,0,0,0,0,0,0,0,0,0,0,0,0,0,0,0,0,0,0,0,0,0,0,0,0,0,0,0,0,0,0,0,0,0,0,0,0,0,0,0,0,0,0,0,0,0,0,0,0,0,0,0,0,0,0,0,0,0,0,0,0,0,0,0,0,0,0,0,0,0,0,0,0,0,0,0,0,0,0,0,0,0,0,0,0,0,0,0,0,0,0,0,0,0,0,0,0,0,0,0,0,0,0,0,0,0,0,0
P103,Mantenimiento y reparación de vehículos automotores y motocicletas,0,0,0,0,0,0.000944273342948253,2.28452239764421e-15,1.34702633162315e-15,3.96958941412118e-15,0.173852925590084,0.00232433757619054,0,0,0,0,0,0,0,2.536099802386e-12,0,0,0,0,0.00193286940439452,0,0,0,0.00123703775357215,0.00137572158355373,0.00903644982495921,7.66860533407687e-14,0,0.021489051870058,0.000115284686044509,3.68104662419946e-13,0,0.0208408334272148,0,0,0.0062711449672775,3.30788998623155e-14,2.27272194119887e-13,6.46392661618478e-14,0.00248843100595599,2.22347097331155e-12,3.65132576951588e-12,0,2.19563625093733e-13,0.00189414907679519,0,4.53027556874402e-12,0,0.0446162823332071,0,3.19238721829124e-12,0,2.16936191232975e-12,3.95508278905332e-13,0,0.0071003918416303,5.31259237990245e-12,0.00280418750195232,0,0,0,0.00609218062538016,6.69499525263184e-12,1.67861940168247e-15,0,7.02770224467525e-05,0.00195190991175724,0.00647357032656466,0,7.07367862972236e-05,0.005989993459913,0.0325565805399407,3.17020715234761e-15,0,6.92931823031984e-12,0,7.67550167304551e-13,1.21072748181239e-13,0,0,0,0,0,0.00226997874070057,0,3.09344904044267e-05,0,1.91344162736584e-12,0.00208897407278745,0.0524676788158859,0,0,2.41590081273557e-12,4.85086363438691e-13,4.85086363438691e-13,0,0.0753619722786428,0.924634052254813,0,0.790378141083311,1.30006471772347,9.11778418431878e-05,3.06925491966314e-13,2.2400449550819e-12,5.44908562716273e-12,1.6027231625193e-12,0,0.0259269060613477,0,0,0,1.51209340187863e-14,0,6.76341911748268e-18,5.33796618018556e-12,0,2.73749425905301e-12,0,0.0127468443391129,0.0131567908109075,0.000123195900070178,3.77691107555922e-12,0.00575638141472292,0.0412572576365005,0,2.35724634256584e-13,0.0188726137758415,0.00328574620741662,0.00274385833795095,0.0152940143187778,0.00197118427681263,0.00186076678657422,1.70387315368004e-12,1.68377464748737e-13,3.99694166652864e-13,1.92688920375161e-12,3.11528905970471e-12,0.0406750505324274,0.0159744972989945,0,2.05870043235024e-13,0.0112408359291573,0,0.0396385168258273,0.0201366052135103,0,0,0
P104,Servicio de transporte de pasajeros por vía terrestre,0,0,0,0,0,0,0,0,0,0,0,0,0,0,0,0,0,0,0,0,0,0,0,0,0,0,0,0,0,0,0,0,0,0,0,0,0,0,0,0,0,0,0,0,0,0,0,0,0,0,0,0,0,0,0,0,0,0,0,0,0,0,0,0,0,0,0,0,0,0,0,0,0,0,0,0,0,0,0,0,0,0,0,0,0,0,0,0,0,0,0,0,0,0,0,0,0,0,0,0,0,0,0,0,0,0,0,0,0,0,0,0,0,0,0,0,0,0,0,0,0,0,0,0,0,0,0,0,0,0,0,0,0,0,0,0,0,0,0,0,0,0,0,0,0,0,0,0,0,0,0,0
P105,Servicio de transporte de carga por vía terrestre,0,0,0,0,0,0,0,0,0,0,0,0,0,0,0,0,0,0,0,0,0,0,0,0,0,0,0,0,0,0,0,0,0,0,0,0,0,0,0,0,0,0,0,0,0,0,0,0,0,0,0,0,0,0,0,0,0,0,0,0,0,0,0,0,0,0,0,0,0,0,0,0,0,0,0,0,0,0,0,0,0,0,0,0,0,0,0,0,0,0,0,0,0,0,0,0,0,0,0,0,0,0,0,0,0,0,0,0,0,0,0,0,0,0,0,0,0,0,0,0,0,0,0,0,0,0,0,0,0,0,0,0,0,0,0,0,0,0,0,0,0,0,0,0,0,0,0,0,0,0,0,0
P106,Otros tipos de transporte,0,0,0,0,0,0,0,0,0,0,0.806332322622707,0.964451559454346,0,0,0,0,0,0,0,0,0,0,0,0,0,0,0,0,0,0,7.87833041678358,6.22311928435368,0.835304807978947,0,0,0.154522841476205,0.0232693436441151,0,0.41501416322886,0.387924799683485,0.118497960496792,0.352612143184052,0.170337735924084,0.0432181549386692,0.287496177048976,0.487101310617045,0,0.000662536109800521,1.58585562263087e-05,0,0,2.26685005424426,3.90370414171401,1.04641172238011,0,0,2.47896158330143,0.456758650552465,2.99091976906896,0.978766943635592,0,0.651150052258479,0.146849027864019,0.221712898241493,0.452677011612607,0.595924899150704,0.000384584315067545,0.110992367169022,0,0.716039937308059,3.00409186478196,0,3.49725272565557,0.0230606087244941,3.81289932481235,13.9058288087871,1.86842886204498,0,1.96807671077564,0.00681697921915653,0,1.05520131934955,0,0,0.775589495749115,0,0,0,0,0,0,1.37412848108347,0.00855839066670927,0.000185768174086036,5.75114159794312,1.04162846792548e-15,0.560300934321843,0,0,0.000135926329425443,0.0338479023080628,154.316145016937,1.8757120281591,2.30022586261131,12.0759486867413,2.13673895791248,0.189531845452589,2.90859484172365,60.5145110104512,0.938928566355345,4.50579285994646,31.7521194943884,1.45985235557166,3.08698660230446,15.9444679977018,2.10477299809799,18.0939360615978,0,14.7524489072364,1.43711802424771,3.71456032682629,7.57228729192571,30.5590112370071,7.1729669484512,3.77394245295832,18.4928724643915,8.87834713414345,3.1132834643666,4.15660465313059e-05,3.78177087263634,4.89550158676977,1.90939776982042,0.310731221267923,0.014561271326957,0.686069536923395,0.452775043596214,1.44393071925412,3.40736905421942,1.50718705231249,1.04813638977926,0.202159949350636,9.32612558761475,0.901131474979144,3.09098112842564,1.27959357726933,8.97873896619573,1.21961759290047,21.7972426564129,0.401526941531975,0,0,0
P107,Servicios de almacenamiento y depósito,0,0,0,0,0,0,0,0,0,0,0,0,0,0,0,5.6794358712503e-14,0,0,0,0,0,0,0,0,0,0,0,0,3.51811039129106e-06,2.31087659084675e-05,0,0,0,0,0,0,0.000111680878223821,0,0,9.89987749493891e-05,0,0,5.09567431652979e-14,2.23537826435306e-05,4.30062073192988e-14,7.66213806811799e-14,0,0,0,0,0,0,8.91810496977951e-16,9.49599379096682e-14,9.48854409384407e-14,0,1.71891174254382e-14,2.62903780234684e-15,5.05092430596484e-14,2.42366532985558e-05,0,0.000142808966651464,6.13216481716236e-14,1.30352949571574e-14,1.28715804291121e-14,2.2476871732907e-09,0,0,0,0,4.78993783112339e-06,0,0,7.16179228455124e-05,2.34026810535506e-05,7.09532033030964e-05,0,0,0,0,0,0,4.35676902134406e-16,0,0,0,0,3.86009827280583e-08,0,0,0,8.55777371294618e-17,6.97797134512347e-08,0,0,6.63340956565583e-15,1.24192660211245e-13,0,0,0,8.46196226779756e-07,0,0,0,7.17708770019143e-14,0,0,1.057836544055e-13,0,0,2.54250965983985e-14,8.85245911398653e-06,0,0,0,0,0,0,1.92694092739502e-16,0,1.0313619395791e-19,0,2.07288500572232e-05,5.5100025087674e-07,6.62524843026723e-06,0,1.23644151369594e-05,2.03188458595571e-06,0,0,0,5.26051985918846e-06,0,6.64051792276226e-08,0,5.66506504427354e-05,0,0.00012314890184244,0.00565896370857652,0.000315584861972571,0,4.30697944299987e-05,1.06754035670456e-06,5.32719789776096e-14,8.98797579115623e-18,1.39358468866731e-06,0,1.30457240327794e-06,0,0,0,0
P108,Otros servicios de apoyo al transporte,0,0,0,0,0,0.981174520486054,4.29553614900158e-11,2.53272264272297e-11,7.46380734995e-11,0,0.093005178816347,1.03420383368302e-10,0,0,0,0,0,6.66557364858988e-11,1.24595278538919e-10,0,0,0,0,0,0,0,0,0,0,0,2.18445594946104e-10,1.3727230463445e-10,0.564804394468314,0,8.76725263703826e-16,4.18373946597939e-11,0.921712213986392,0.045686705840486,8.56884008193504e-14,1.07940950630651,0,0,4.37908043160462e-11,0.0619190136637951,2.5263444114465e-11,4.40256997524813e-11,0,0,0.302641941286091,2.77561307271412e-12,0,4.94774763593662,0.852241658281507,4.1912917581044e-11,5.24405276147721e-11,2.47961207122671e-10,1.13335122536862e-11,1.33772398540344e-12,0,1.28839501779141,8.65885696477165e-11,0.027447263266933,0,0,0,0.125666320015044,3.00085255255933e-10,5.97076901809324e-12,0,0.0719037432386208,0.187634154531855,0.143061136573582,2.50711451599273e-10,0.207665503916903,0.12915724685116,1.25034695743538,3.58590310223228e-11,2.24243366930832e-14,3.94846504653821,0,0,1.81992629300076e-10,0,0,4.77048955893622e-15,0,0,0.0766420399441137,0,0,6.01629857044372e-13,1.73756564691985e-11,0.307913706074854,0,2.39082538726202e-10,0,0,0,0,1.20679519572927e-11,0.202666387688233,41.363932104373,0,4.80003097092832,15.2481066494065,11.5450287700692,0.00495449645817528,92.1836381074257,0,0,2.12612483174723e-10,0.704615720722066,0,0,0,6.49675088032487e-11,2.75908323965624e-10,1.62374183109576e-15,0,3.11030756705577e-10,0,0,1.26428684169199,0.92447442087598,0.000271228051042143,0,0.67967164643434,0.0705293580636288,9.64367648237374e-11,0,0.296276319929376,0.00604448183337356,0.00330074707112936,0.572163291937308,0.340183892236862,0,8.78212780275334e-12,1.05889364117318e-13,1.97889144307184e-12,9.22876358666614e-13,0,0.179558683389952,0.0582624826534113,2.71623834535717e-11,2.36453870372522e-10,0.209542318957564,0,0.184898913303959,0.0565249059757785,0,0,0
P109,Servicios postales y de mensajería,0,0,0,0,0,0,0,0,0,0,0,0,0,0,0,0,0,0,0,0,0,0,0,0,0,0,0,0,0,0,6.48167162303759e-11,2.83538303946784e-10,0.346882607428961,0,0,0,0.00469817182111587,0.0118752871323009,0,0.134634500847446,0,0,1.95343609343812e-10,0.00413168430268602,7.84388179408957e-11,1.44559506726205e-10,0,0,0.00444459460773859,4.58479271474993e-10,0,0,0.261897435616614,0,0,0,0,0,3.40462670209152e-10,0.24518131233676,0,0.208536208122124,0,0,0,0.0251111955966865,4.8169554456301e-10,3.5718975249354e-12,0,0.000626176141756467,0.000213431452552263,0.163054573411627,3.44599855595096e-10,0.00152402459460861,0.0647150528852097,0.389812610344525,0,0,0,0,0,0,0,0,0,0,0,0.151870333331178,0,0,0,0,0.0722928845968197,8.69954505915737e-05,0.00946852036106106,0,0,0,0,0,0.00401855714548672,73.7971908476474,1.46697654024308e-11,0,3.50204877094656,0.000881971585454627,0,0,0,0,7.92157867079979e-11,7.54987465125721,8.96810403716586e-13,1.25351728996748e-10,2.48806752978226e-10,0,4.81470419089192e-10,0,0,0,0,5.0903120607515e-10,1.29758724701549,1.65394981695199,0,0,0.0613499653507443,1.07731220518153,3.89742876860666e-10,2.11857933973825e-10,0.0963771116431312,0.0233049191742481,0.191864008328446,0.00169220528761904,1.09623466554298e-10,0.158653844481409,0,0,0,0,0,0.788547222454523,0.077254579657412,7.78143882662618e-10,0,0.0863628200840613,0,0.438152990126341,0.00708565125429357,0,0,0
P110,Servicio de alojamiento,0,0,0,0,0,0,0,0,0,0,0,0,0,0,0,0,0,0,0,0,0,0,0,0,0,0,0,0,0,0,0,0,0,0,0,0,0,0,0,0,0,0,0,0,0,0,0,0,0,0,0,0,0,0,0,0,0,0,0,0,0,0,0,0,0,0,0,0,0,0,0,0,0,0,0,0,0,0,0,0,0,0,0,0,0,0,0,0,0,0,0,0,0,0,0,0,0,0,0,0,0,0,0,0,0,0,0,0,0,0,0,0,0,0,0,0,0,0,0,0,0,0,0,0,0,0,0,0,0,0,0,0,0,0,0,0,0,0,0,0,0,0,0,0,0,0,0,0,0,0,0,0
P111,Servicio de suministro de comidas y bebidas,0,0,0,0,0,0,0,0,0,0.0179926445805138,0.0131864111060818,0,0,0,0,0,0,0,0,0,8.15496281614259e-12,0,2.90079765763451e-12,0.00286007935220831,0.0118575674852569,0,0,0,0,0,0,3.89719922999632e-11,0.002638395965058,0,6.06613233088008e-18,7.22539432798652e-16,6.02664942716412e-05,0,1.54667945118092e-14,0.0212577065074305,0,0,0,0.00260869738361976,1.14664007455634e-12,1.39140261812276e-12,0,0,0.00148425516378061,0,0,1.37526008376493e-11,0.018338960535538,4.01539565486608e-12,1.6269320959883e-14,0,0,0,0,0.0254432768783954,0,0.0393651132009711,0,1.53411727765729e-11,1.76624131986713e-11,0.0580803881373468,1.41852155022271e-12,0,0,0.000227526005274914,0.0507677700371349,0.0294447953711092,0,9.46411914109374e-05,0.0892358544486762,0.128174515702304,2.08102870873084e-11,0,1.13799109024981e-11,0,0,0,0,2.33476432631719e-13,0,0,0,0.00151501076739513,0,9.22554564021428e-05,0,3.45880789287545e-11,0.000216144348559894,9.05437875931659e-05,0,7.6475978327828e-13,0,4.49727061146987e-15,4.49727061146987e-15,0,0.00590431307043078,4.79429829169931e-11,0,5.15544449904424,5.39127568726478,0.0109128770630973,0,0,1.06996494997347e-11,7.79420972207845e-12,2.85033663338652e-11,0.222154327089127,0,0,0,2.67354680061338e-11,0,0,0,2.02053165865301e-11,0,2.05837014100041e-11,0.280417733602967,0.415144887219459,0.00347017393914478,2.59276766723104e-11,0.0944565523854791,0.0296219597967371,1.08545707144803e-11,2.2783415778993e-12,0.0864075396539821,0.00835528881465222,0.0259665569260183,0.298673606235737,0.011919503004813,0.0151729605033719,6.91002810526698e-12,2.40218955838145e-12,1.1571854585668e-12,1.93212112975516e-12,0,0.712313913445742,0.160947511427893,1.83712212109555e-11,1.81759711448404e-11,0.230245560787731,0,0.94098362094086,0.0303845776543488,0,0,0
P112,"Servicios de información, telecomunicaciones y radiodifusión",0.101331317126597,0.0276850339323036,0.0118307788893836,0,0.00298112366172224,0.343219780667251,0.0151443279656763,0.00892936633566062,0.0263143585429322,0.958509855719118,0.214981924998354,0.0510334518043912,0,0.0280458077253578,0.052122274119689,0.113368847735801,0.0306443105404262,0.305123089259215,0.07285341220926,0,0.218541733122905,0.120533140293284,0.148340202975185,0.595702975017412,0.215563827393777,0.0578454118757745,0.000121006544138587,0,0.547143501021914,0.263162550291384,0.0588582253808663,0.0742446743201603,3.22609774581561,0.0480302145511858,0.00204293487893235,0.141618432056032,0.0621243601021062,0.00993958241437287,0.00507186904432148,0.120256726387,0.0367581172946328,0.111415461405834,0.163036335239379,0.347524065509539,0.112905954885761,0.207259047043337,0.0928054769679965,0.01662020589191,0.128583359777101,0.355258074360914,0.145528401355652,0.306181420713088,3.75789913033469,0.0574116033534567,0.0326376985328775,0.0777867384794139,0.20017588541109,0.0438281406912364,0.387572024503676,5.82666447750499,0.171783353388423,1.4077546173266,0.21688447970918,0.0969200723297611,0.133022324524084,21.4744704132496,0.554313847380845,0.0015013796004423,0,0.0412544817560945,0.0668843343175209,1.06318892896006,0.319946753339294,0.195074800732408,1.49407815566311,0.613120351889142,0.0607695073801858,0.0379489193303736,0.210596675744528,0.209490070975429,0.00908163312315827,0.120162939383284,0.0961050295135233,0.153680018164958,0.118752889243553,0,0,0.902465067498994,0,0.0232644753871295,0.12522291204942,0.44230004570072,0.17400343725316,0.00507421412228563,0.54327443945355,0.168945271332667,0.165468381419695,1.12029547287707,8.71947837076817e-07,0.0934529689063067,1.26590058795898,48.3517498315405,1.62072118725249,1.54092233258914,3.52723554872024,0.0676157217031299,0.0499705725445212,1.3432954249204,0.215179907454063,1.10248613415416,3.22663933838915,1567.61340679846,0.0826986547343533,0.5045903428007,2.34159876942211,0.214139234519204,2.36235927322906,1.65091802078606e-05,2.0465564172597,0.927164464644061,3.6276494587478,0.555188001836762,9.82227725715449,18.5978642729718,0.625069050559952,0.598360989284064,2.35268459411941,1.06380404000146,0.107249880208003,1.44514388838058,10.6704280573875,0.444429405150231,0.403186840205859,1.0946344387202,0.228752743217347,9.35459981286245,1.88125881727038,0.484841234368892,0.752065604848585,1.94073783603838,0.133166308702295,19.965420583934,7.50787428358906,1.43376693752791,0.742788764404063,2.46351740483466,0.0880202821139568,9.04931488007761,10.1305383734571,0,0,0
P113,Servicios de banco central,0,0,0,0,0,0,0,0,0,0,0,0,0,0,0,0,0,0,0,0,0,0,0,0,0,0,0,0,0,0,0,0,0,0,0,0,0,0,0,0,0,0,0,0,0,0,0,0,0,0,0,0,0,0,0,0,0,0,0,0,0,0,0,0,0,0,0,0,0,0,0,0,0,0,0,0,0,0,0,0,0,0,0,0,0,0,0,0,0,0,0,0,0,0,0,0,0,0,0,0,0,0,0,0,0,0,0,0,0,0,0,0,0,0,0,0,0,0,0,0,0,0,0,0,0,0,0,0,0,0,0,0,0,0,0,0,0,0,0,0,0,0,0,0,0,0,0,0,0,0,0,0
P114,Otros servicios financieros y servicios de banca de inversión,0.0810751463504202,0.225604383552356,0.0964086077990773,0,0.00238372431730558,2.19715607098207,0.0513333562092889,0.0302670639377711,0.0891953966900871,2.67427449727143,0,0.0140246994558964,0.00913614444062816,0,0.027545948363919,0.017030078451018,0.0677795197296276,0.0158342235647564,0.0052797167846482,0.00420455176152155,0.00834579975632546,0,0.0581693471555499,0.0805096881552405,0.389003296393108,0,0.000173799221002602,0.0154964657549662,0,0,0.024025754859675,0,0.345669991813946,8.64915582395489e-09,0.00128440364659882,0.00318563813463828,0.0753943711739574,0.0326282595795325,0.00181096639262921,1.59834662943705,0.0326879524036928,0.100052391899216,0.0420357250521672,0.135647847376916,0.0316858441396445,0.0592196655478947,0.00120371496953577,0.000360631057875211,0.00268855086032648,0.0952277320191473,0,0.503540827545851,0.436765662549222,0.390521347359881,0.154212492453791,0.00996760580007114,0.0453316603245748,0.0116019846517303,0.0896397160073773,0.315698859148194,0.0348200159277947,1.05586335888287,0.0346638921863975,0.0451739927386258,0.0904496315564816,0.0188154159211297,0.102009701259805,8.44582256474687e-05,0,0.00428659084393448,1.95110150200678,0.0842007501519224,0.0194164441709651,0.590857701905788,1.20777328333092,3.48856583460361,0.00855878358503773,0.0066718802914451,0.297221248763664,0.0225723618924409,0.0440497279918115,0.0724036394683677,0.00161175076582055,0.0778843284683983,0.0131584719358622,0,0,1.97967522124683,0,0,0.0912298229433075,0.0459221830253603,0.219260947530731,0.425764069161223,0.916708100623981,0.0682000474589761,0.0250250750290631,0.0060588583097497,0.00197614134083514,0.952531581571901,1.57119651864106,4.65326454436584,0.0937250256476596,0.360630111842228,0.0709766497929882,0.0599544361826395,0.000234717066059989,0.0470908279014745,0.0250857093780355,0.0338008080384662,0.246995507174678,1.20669385699535,0.206519014865987,199.921327470147,184.388581687122,0.0755191984003878,0.153191941397897,0.571036768353897,0.385523686149999,0.006652701174739,0.00106843294501607,0.0111052958560549,5.24578117692661,0.296799344536293,0.371238687402109,0.230545527737368,1.19900512109104,0.234810975580165,0.0049334494471287,0.109638464701001,0.157800569965049,2.14545131380548,0.0658901939470266,0.14783196187156,0.0340993903508706,0.359216302395306,5.0097565487229,0.00480572065621027,0.88245974103194,0.0965040388985554,0.00314122617323257,4.16195463771075,8.54189745006388,0.0236052691241307,0.0242109496002755,1.06100016916458,0.00178085495139388,0.754054359652852,1.4510241165831,0,0,0
P115,Servicios de Intermediación Financiera Medidos Indirectamente (SIFMI),2.16375179032358,0.586633889692169,0.250689085479823,0.0756046777472712,0.0635985224829062,3.79629133307125,0.935743684127012,0.551731194067391,1.62592192035263,5.90068994694121,1.212999998734,6.78744547229859,0.974311181378269,1.25474210455017,2.48438859383516,2.21224468588253,0.673024678477173,1.95283366176737,0.522894821648909,0.186491410765594,2.72987354525197,1.45515001425737,10.8132622262412,0.883939409128604,4.65062103065499,0.100028809812041,2.68001207465575,0.0838926845934394,0.408704566534719,1.01950615056647,0.379357074507872,0.741392210809078,1.29959681526457,0.875003978387737,0.114661587866809,1.58603761994158,1.194737288531,0.279624883893522,0.239011516334157,2.43811122963557,0.742105183728255,2.07629238028867,5.75213892728458,1.53844883507828,0.597863005757481,1.09544882975615,4.17178847699066,0.0587610464266193,0.828314408528412,3.68523415766285,1.37902106385815,12.3867606042446,10.5643250574404,2.1902970115943,1.47221889242945,1.77029100660599,7.39194818736535,1.24768573892896,4.79818588581044,2.26342836789743,0.709744533248779,1.20608014918718,1.49089685527165,2.72956788965846,3.38708742055199,2.20240215996683,1.40631454328136,0,0,0,7.13004162776404,1.14246595262972,2.14041161982905,2.06029172325909,5.05494400824561,6.83369046772508,1.2588536104521,1.65637712865504,17.5632812669632,2.59225473106157,10.2220821298488,3.05365199664487,0.587500380786064,3.03117956960523,1.69545193387485,0,0,4.8958243791103,0,0.0702782261993049,1.657345649372,1.75163706549507,0.949597791314922,0.955371887232032,93.5887161178002,1.0241453308363,9.96828348239709e-16,10.1983263297717,13.5540740906419,10.2812351524284,28.7023587119642,185.585216368356,4.70745527973588,5.49412632943117,9.14954656729207,0.949654046514903,0,7.05500489688948,0.360001389312803,1.80100423995346,11.9861286946842,13.2604866611121,0,6.64778200355178,18.5590484214692,7.57000208862461,19.8898130237445,29.4467565959061,8.43376158971881,1.88329996877694,1.49877567642491,1.39022810097998,3.64864081630881,3.01059625026565,2.53377909231412,3.10714036572027,0.979984512283809,1.78013061666051,0.826755085887431,2.39094255535492,2.80758453964427,1.83368186374969,0.397087530351044,0.932623142460728,0,1.77710578785359,37.5513906326782,0,0,0,6.32230763524401,3.46343362271453,1.22703715891831,2.71312093176966,1.42696450173918,1.86768792494105,0.079566747812302,2.07897251179454,0.659274585208479,0,0,0
P116,"Servicios de seguro, reaseguro y fondos de pensiones",0.0500388774069194,0.153172225318684,0.0654558247669593,0,0.00147149360792809,0.177497195808776,0.0252482795186541,0.014886836687517,0.0438707007238512,0.783800129069667,0.874390635202308,1.27314530135144,0,0,0.336515381070761,0,0,3.9533881695082,1.1407290614718,0,0.188133760196081,0,0,0.206660220331335,0,0,0.000502267280306362,0,0.0601703938092724,0.395230220348063,1.69864266458642,4.25428384979735,1.861965468618,0,0.000113751561174077,0.90212834973636,2.23210589067095,0.33265214983537,0.126878853942462,1.21044806649856,0.16184268610186,0.518458277359518,2.3185396595151,0.969782116449648,0.113238325251601,0.202806197670237,2.29412768827754,0.0599468891521026,0.337046567153098,0.60159496381874,0.058359701792427,4.31583411626501,5.72848833913217,0.724097195782,1.03382232629767,0.855494521244597,1.54212834788012,0.287985354781892,1.37432265844798,4.18654491832767,0.189751606096238,0.838346734467449,1.08580635790038,1.1964294640764,1.56229547738035,0.694276593331072,1.12876551457886,0.0438618192940483,0,0.316866760883069,0.6927150949416,0.91189275712042,3.46425030910777,2.04904228027281,4.54320383418926,9.06513908667775,0.328603804632958,0.38320046848614,4.71049038825981,0.363027214303112,9.44045160511891e-05,1.66034331079484,0.317670418606668,1.24784700855224,0.295896289630519,0,0,0.383487665298686,0,0.00351262904123249,0.0864485587028387,0.957215305441565,1.12953664581038,0.165642981682383,18.8443093904664,0.295832849539575,0.000823090587047504,0,0,0.00260344450598177,0.0139047844386679,71.4931040691958,1.46452910729039,6.10128649682499,12.4254387715841,1.21964957671775,1.07744307414335,16.1455276654927,1.76606793398459,2.25899899061569,2.5240179745678,8.77246539027866,0.210994630180328,8.0409982348576,30.8397164591181,801.702126572776,7.62293044771475,3.00619565608805e-06,10.9135069668083,2.31293469467568,0.6068795137466,1.6406709259354,12.6402314474716,2.99317350797653,7.13585876824371,0.862316483145224,1.42020783946587,4.90738804934676,0.886472815034743,0.372761280885569,3.34945568888512,2.57813596207125,0.0928982159567824,4.47457955672626,0.22414808907633,2.14934384532845,3.20278735176409,2.04610772966563,2.8224071821933,12.718593395744,0.472475744564466,7.81876542578403,5.70736818149058,2.84365987635378,1.97236190701219,1.69887241060593,0.633251656820601,3.40893389840357,0.755025268438926,0,0,0
P117,Servicios auxiliares de la intermediación financiera,0,0,0,0,0,0,0,0,0,0,0,0,0,0,0,0,0,0,0,0,0,0,0,0,0,0,0,0,0,0,0,0,0,0,0,0,0,0,0,0,0,0,0,0,0,0,0,0,0,0,0,0,0,0,0,0,0,0,0,0,0,0,0,0,0,0,0,0,0,0,0,0,0,0,0,0,0,0,0,0,0,0,0,0,0,0,0,0,0,0,0,0,0,0,0,0,0,0,0,0,0,0,0,0,0,0,0,0,0,0,0,0,0,0,0,0,0,0,0,0,0,0,0,0,0,0,0,0,0,0,0,0,0,0,0,0,0,0,0,0,0,0,0,0,0,0,0,0,0,0,0,0
P118,Servicios de alquiler de vivienda,0,0,0,0,0,0,0,0,0,0,0,0,0,0,0,0,0,0,0,0,0,0,0,0,0,0,0,0,0,0,0,0,0,0,0,0,0,0,0,0,0,0,0,0,0,0,0,0,0,0,0,0,0,0,0,0,0,0,0,0,0,0,0,0,0,0,0,0,0,0,0,0,0,0,0,0,0,0,0,0,0,0,0,0,0,0,0,0,0,0,0,0,0,0,0,0,0,0,0,0,0,0,0,0,0,0,0,0,0,0,0,0,0,0,0,0,0,0,0,0,0,0,0,0,0,0,0,0,0,0,0,0,0,0,0,0,0,0,0,0,0,0,0,0,0,0,0,0,0,0,0,0
P119,"Otros servicios inmobiliarios, excepto alquiler de vivienda",0,0,0,0,0,0,0,0,0,0,0,0,0,0,0,0,0,0,0,0,0,0,0,0,0,0,0,0,0,0,0,0,0,0,0,0,0,0,0,0,0,0,0,0,0,0,0,0,0,0,0,0,0,0,0,0,0,0,0,0,0,0,0,0,0,0,0,0,0,0,0,0,0,0,0,0,0,0,0,0,0,0,0,0,0,0,0,0,0,0,0,0,0,0,0,0,0,0,0,0,0,0,0,0,0,0,0,0,0,0,0,0,0,0,0,0,0,0,0,0,0,0,0,0,0,0,0,0,0,0,0,0,0,0,0,0,0,0,0,0,0,0,0,0,0,0,0,0,0,0,0,0
P120,"Servicios jurídicos, de contabilidad, auditoría, teneduría de libros y consultoría fiscal",0,2.1888606378806e-11,9.35376424685236e-12,0,0,0.0247786302480831,2.61350836805452e-13,1.54097736090528e-13,4.54117646264685e-13,0.110493395045843,0.0181337694193962,0.019140692305914,0,0,0,0.00988599291309184,1.77337190071514e-11,0.198514637427894,2.85427584345577e-12,0,0.0524196076154355,0.00989725152559712,0.0102240274139969,0.0225194944259569,0.00303815249090273,2.70788346173195e-11,0.0186160751613716,0.010314342060726,0.00546147860060574,0.0358738119212875,1.18816598270247e-11,4.86479259653727e-12,0.0804880570812611,3.78313759527632e-06,1.29340169217201e-14,2.41152584012916e-14,0.016387081372626,0.0047920795429271,7.62766586004382e-14,0.0319636955806729,9.82722800704772e-13,2.70708455651913e-12,1.19380894059162e-11,0.0211846608952176,0.0110986082539003,0.0203143515268306,0,0,0.00380231520191918,8.30364769999203e-12,1.7390008703877e-12,0.866382348786731,0.306220830828434,3.08292696926671e-11,4.0833511160028e-11,0,0,0,0.0256316311309675,0.0790483498721782,0.0278931776024369,0.00755445348470928,0.0220428159371027,0.0248819880506961,0.030858462780547,0,0.0373759196128188,4.19283192692153e-13,0,0.000268234758649191,0.0280185000530239,0.404081743664442,0.0465917262756224,0.0353739427933476,0.129071427614713,0.124420570663241,3.11695738663964e-11,2.80847077364921e-11,1.46108958265501e-11,0,7.12936654156948e-14,1.21974652600443e-11,3.06783938530675e-12,6.5510756541709e-12,0.00531535073654067,0,0,0.0182930170818595,0,3.19855609440077e-05,0.011149157312199,2.06612713049559e-11,0.00472679125352678,0.00975405172832562,1.14981080212573e-11,0.0536375522393954,0.0108943706336572,4.27775870281977e-12,0.00331214266427959,9.74448360735423e-05,0.139639281186293,15.2195064509084,0,1.47228340630079e-11,3.7171293820748e-11,8.00920622683575e-13,0.0297682350345243,0.0430628650962408,1.57359906355348e-11,0.0481702135966155,1.29081190181068e-11,0.553811484366566,0.0228623712011695,0.200210873043057,0.548905194353108,1.94039506684618e-11,1.09303995536739,2.42175189949477e-17,7.19574400065426e-12,0.679734312208887,0.0759154566639583,0.64159630105188,1.41472100944598,0.205515116452182,0.0921391108059444,1.89460946931064e-11,0.0461302814870338,0.0454539477255033,1.42056973823079e-11,0,0.0984445224378265,0.0396820088892264,0.0513656021066446,0.0119356320286975,0.00411698308955262,0.00011214284874532,0.12342770243382,0.0045319505748995,0.106066352245561,0.065098155366275,1.98361292669258e-14,0.104445335396733,0.0365173133625951,0,0.064099485152499,0.0978335565090614,0.00833545295308505,0.165355301679116,0.118479579937721,0,0,0
P121,Servicios de tecnología de la información,0,0,0,0,0,0,0,0,0,0.53727577539296,0,0,0,0,0,0,0,0,0,0,0,0,0,0,0,0,0,0,0,0,1.21083698623181e-14,0,0.00885954407906277,0,0,1.57270030332058e-14,1.70441949564652e-06,0.00712804907277847,6.09061412415458e-15,0.000547332585903894,1.4646727840989e-12,4.4468552104493e-16,0,0,9.537726511355e-16,1.56992474575901e-15,0,0,0,1.67227343084164e-14,0,9.13089048815153e-13,0.349191241394426,1.04166675285455e-13,3.19544737892308e-14,2.80737696978229e-10,0,0,4.20983314397897e-11,0.0190529357477576,0,0.0320913088317938,0,0.0239979179905352,0.0310125476350411,0.361170575178927,2.43798037313781e-14,8.06863256763713e-16,0,0.00268306118225043,1.74141590036925e-10,0.271622502103615,0.982214622430028,2.05955044685347e-15,0.384952949166326,0.122740127542069,0,0,2.47968312550029e-13,0,0,0,3.83807569059869e-17,0,0,0,0,0.211693647240014,0,0,4.75740280503346e-12,2.4386742625282e-14,7.88892605754766e-17,0.000570307240486802,3.25939275569454e-12,2.20774371006982e-10,0,0,0,1.01061195002805e-16,0.0694910557618468,96.6251564301757,2.01105132546786e-10,1.63624669369256e-12,1.34114941374719e-13,1.54151864883989e-15,2.86715096109447e-14,9.28368493191557e-13,2.36001163056443e-10,2.85260925991793e-10,1.2152501227547e-12,2.09244102850849,7.86348763881507e-12,4.93440843740701e-11,1.40465417075575e-10,1.50013335087351e-12,1.3755857564135e-10,0,8.71320793294218e-11,1.30195632053187e-10,0.137068620911178,4.40705250071006e-11,8.73789929300984e-12,0.399225498786242,3.33563645454893e-12,7.72937269744035e-13,0.00412159128323602,1.26610300957501,9.31622418098855e-11,1.78684262953108,1.13030427168012,0.0444906296379548,0.0794780598810174,0,0.0119947028809846,0.000689669463935372,1.1335922555572,0.0384116370461807,0.997908459858556,0.242783105047127,5.72430991496732e-13,1.23371457688417,0.654946878544833,1.31827881943991e-12,3.67984158335805e-10,0.520930404482457,3.21921309054396e-15,0.0713408543998492,0.00154503934052248,0,0,0
P122,"Servicios de arquitectura e ingeniería, ensayos y análisis técnicos",0,0,0,0,0,0.00920243667180789,0.000519142229056431,0.000306095533196496,0.000902046943326207,0,0,0.0588449259766841,0,0,0,0,0,0.0268646379909959,0.00650170151731747,0,0,0,0,0,0,0,0.00164164985860402,0.00035325763985994,0,0,5.09712839981686,10.4919567407735,0.0535826893049547,0,0,0.0167746976509356,0.00486234328605036,0,0.000212310989726452,0.0203335541431272,0.000965343818531121,0.00266646040452537,2.70208507040973e-05,3.04761636028944e-05,0.00624042337288047,0.0103592722456732,0,0,0.00639608040850594,0.00196794347132896,0.00022374883270273,0.0178839772173185,0.0727296910732069,0.00248468321260646,0.00031474411776099,0.00156630417650794,0.00394539469176253,0.00133241418877586,0.000185631595414572,0.00500789560752834,0,0.018921814827083,0.0170401148699264,0.00755196131659855,0.0105451278887643,0.00421357287314712,0.0209636752447659,0.000461505286725512,0,0.655506227614243,0.0189247673718534,0,0.00357285567385367,0.0949616463643777,0.0394330855646812,0.218795787037377,0.00067920180815489,0.016157344247484,0.00666433319645745,0.0138014364606065,0.00952072152570599,0.0156885735036273,0.0184044056010199,0.0166520384795021,0.0223667953242275,0,0,0,0,0,0,0.00276426469477436,0.000175718926684825,0,0.784867039452197,0.0745923774306273,0,0.00868288467791674,0.0093029619086193,0.692754718400714,1.07411469680261,0.455411533996107,0.0056610887789623,0.00540225588632587,0.00595424933137009,0.00088157383221096,0,0.0754979699907394,0,0.0328491033932348,0.00355903688197647,1.07811037759409,0.000134394244477964,5.00805269371224e-05,1.17170402167731e-05,0.00161036365544031,0.00994273745255756,3.05457758308797e-06,0.206421290031133,0.00341219113869966,0.0349221122981037,0.877120913214304,1.08919250647743,0.419301088982983,0.00884180897585217,0.000425244721444705,0.000571215697033061,0.0955225840111693,0.00329447566529059,0,1.42346257122688,0.294892124024867,0.00150973316045938,0.0757862450401824,0.0457209652766556,0,0.335807694661096,0.00388462442584107,0.184955125169534,0.028269756969224,0.00531984189625073,0.222450241546293,0.114756187642135,0.0638063058868633,0.0161207206242058,0.0059877077150389,0,0.086902414923447,0.0303229812656819,0,0,0
P123,"Otros servicios profesionales, científicos y técnicos",0,0,0,0,0,0.172545971212104,0,0,0,0.446364347108984,0,2.34401387189096e-11,0,4.23516083314343e-12,1.55040508209572e-10,0,0,1.88608338956999,7.90051357668584e-12,0,0,2.6396429486651e-10,0,0.0845106340555512,0,0,0,0.00953359910682506,0.0637141650290539,0.418507539830083,8.85927442517646e-11,0,0.560955033801204,0,0,3.50541401461492e-11,0.459875518339934,0.0718106382771217,3.54902982002671e-11,0.162752591468839,1.83856298241459e-11,5.081984832955e-11,0,0.0299145647732843,6.08195160900458e-11,9.15660602895886e-11,3.59719006086925,7.40802488796667e-11,0.221399655114932,0,8.93755284624795e-15,19.0672423704797,3.14518611578752,0,2.78474077131091e-10,0,23.4593882827873,3.88802352216972,0,2.07143644343762,2.56086886939162e-10,0.273764999076953,1.57423823976534e-10,2.3532391313362e-12,3.52393114688689e-12,0.744770340727657,1.75642833610813e-10,1.57108050527479e-13,0,0.00272384417569681,1.76576975263732e-10,0.619424461751577,3.04660873037557,0.276206751650524,0.964241895798571,0.211222928415133,0,0,0,7.95568055877946e-11,0,0,0,0,0,0,0,1.10121936390924,0,0,0,2.19949169988341e-10,8.25290356887228e-14,0.235550212206468,8.90489197436066,1.29709576412999e-10,0,0,0,4.14200895804104e-10,0.474643241956848,163.24142879216,0,3.92899046630623e-11,5.95599125574573e-11,3.00109980269618e-13,0.00539260251837064,0.916907319867317,6.79016842752804e-11,2.20081730617481e-10,0,30.38505387872,0.918254114369763,2.98072460803016,13.7759900294904,2.90849122563924e-10,0,0,15.9833180222558,0,0,2.02017957917621e-10,17.5882094081386,0.592113969167919,0.0273239504159427,0,0.686309855418489,0.0205327887005834,1.19138032772519e-11,1.16799181437692e-10,0.475877180725892,0.632727652007962,0.213443917988424,0.359564172833419,0,0.0157795774236546,32.7132750547739,3.82347352921383,17.5475036214331,18.3361432099845,0,4.75641462054688,2.13208273684909,0,0.0105501624188851,2.00025707922189,0,12.7193592450523,0.47619549503663,0,0,0
P124,Servicios de publicidad y estudios de mercado,3.91476122718287e-06,0,0,0,0,0,0,0,0,0.478845770293031,0,0.0338564399728214,0,0,0.0113236096637777,0,0.00905338861782475,0.0142984071524958,0.00261090358258313,0,0,0.0174414094854579,0,0,0,0,0.00412390990415095,0.000841531918961493,0,0,0.0412144931174981,0.0454628777203108,0.31423301069099,1.98927314848408e-08,1.30453813832913e-05,0.0389776607638977,0.147942045052311,0.00107675317301736,0.000847848065340821,0.0422103432393055,0.0112675793717176,0.0307426242165555,0.00672575811828448,0.0563125105212894,0.036569725441164,0.113713504231726,0.117672829552794,0.0065320312000483,0.219803099466523,0.238434966469334,0.000334783797741268,0.179367740404191,3.73883799571926,0.051216588034596,1.15080353745039,0.194540162532294,4.32701842090126,0.754225724050519,0.0227256207858728,0.838953683899479,8.98752723959218e-05,0.178916446355528,0.0139801188528385,0.0419835385201486,0.0366216033991809,0.28719091482091,0.0136737351542546,0.000811422069192411,0,0.0166638068974173,0.0371645035846133,0.0649594189852015,0.313451130335723,0.188828817284065,0.27546995291216,0.879264960340419,0,0.0403858314752967,22.1921522078891,0.0441449319571702,0.000276417977773524,0.0585229887229724,0.00389671041695071,0.0231948450294802,0.018383931515903,0,0,0.259786254381921,0,0.000168386952679788,0,0.0731282372237551,0.00965737365527556,0.00648269020838333,0.400687126972582,0.0151360627640084,0,0.013489742185611,0.013489742185611,0.00183043760660928,0.309490588960609,64.0323349010114,0.239934878858731,0.213534078974174,0.895455025521862,0.0648025979661295,0.00474047715219292,0.189345679265827,0.0390866588375717,0.114449501281705,0.914089814304604,8.78362480923685,0.0281523115172118,0.261406336697238,1.27000796887159,0.143101454521649,0.833643233495865,5.43988573243343e-07,0.399651809875386,0.0659993825843563,0.0902048494951968,0.0608222841481137,2.75148551378223,1.31920262431513,0.253485672222078,0.107568108232477,1.97766100230665,0.113571742653042,0.0116328504219896,0.150211669947759,0.551613219051401,0.0904328355827245,0.0441814698071684,0.0343536330045121,0.0258290153870311,0.0172615739712777,21.6469531348721,0.983338968077582,7.8062261502194,0.792325741547921,0.0126157243261915,3.57547919516047,0.850350174998768,0.0608015135965593,0.135620877915989,1.07387437976134,0.1093727002826,1.73602799941551,0.66170450265391,0,0,0
P125,Servicios de arrendamiento o alquiler sin operador,0,0,0,0,0,0,0,0,0,0,0,0,0,0,0,0,0,0,0,0,0,0,0,0,0,0,0,0,0,0,0,0,0.0133705949653275,0,0,0.36272214856994,0,0,0,3.19036104792228,0.964178022221512,1.12164389453257,0,0,0.474346062292132,0.780679042505819,9.45184727502542,0,2.25580770958803,4.24918251369642,0,4.609853214069,15.6603134487554,7.1622537411149,5.69363698509588,0.962021147665723,0.00468857051071386,0,0.924491488883854,0.486907607779585,0,0,0,0.417204054873475,0.818922919872695,3.67994633651357,0.442138022983193,0,0,0,0.0117784057718891,0,86.381484900346,4.81314145162919,0.17184918504932,13.0911431774777,0,2.94792573605251,3.45190722144169,1.62009204988465,0.0623427845432158,2.04470233786553,0,0.996400405241723,0,0,0,2.76424852658376,0,0,0,0,0.0116427231974818,0.00626146337787142,29.6041067269178,0.667682800042117,0,0.470299357951461,0.499483550326108,1.26791227644877,2.47418307991077,193.285254514511,0.0505262762690488,0.0244993629391235,0,0,0,2.18473339520562,0.188325019837097,13.9498443658124,82.6758618653339,134.08277937966,0.16335054659044,0.619828471538707,2.89436671888687,0.430777456926326,3.1682418346289,0,0.151277765882828,0.544718879502219,46.5137233778282,0.381637614394432,1.06414299607052,8.96213390316335,13.7893967567117,0,0.0142373922071424,1.47533001129079,0.523111442748206,3.89381671897665,2.9770458222819,0,0,0,0,0,15.2830491115352,8.84206684902384,6.31571195497557,10.7958414995391,25.9813029539409,7.09819346382238,0.435163553381155,0,1.00511818099147,8.96644920040568,4.25550357540432,0.141566411221822,4.45326474581105e-06,0,0,0
P126,Servicios  de agencias de empleo y de dotación de recursos humanos,0,0,0,0,0,0,0,0,0,0,0,0,0,0,0,0,0,0,0,0,0,0,0,0,0,0,0,0,0,0,0,0,0,0,0,0,0,0,0,0,0,0,0,0,0,0,0,0,0,0,0,0,0,0,0,0,0,0,0,0,0,0,0,0,0,0,0,0,0,0,0,0,0,0,0,0,0,0,0,0,0,0,0,0,0,0,0,0,0,0,0,0,0,0,0,0,0,0,0,0,0,0,0,0,0,0,0,0,0,0,0,0,0,0,0,0,0,0,0,0,0,0,0,0,0,0,0,0,0,0,0,0,0,0,0,0,0,0,0,0,0,0,0,0,0,0,0,0,0,0,0,0
P127,"Servicios de agencias de viajes, operadores turísticos y actividades conexas",0,0,0,0,0,0,0,0,0,0,0,0,0,0,0,0,0,0,0,0,0,0,0,0,0,0,0,0,0,0,0,0,0,0,0,0,0,0,0,0,0,0,0,0,0,0,0,0,0,0,0,0,0,0,0,0,0,0,0,0,0,0,0,0,0,0,0,0,0,0,0,0,0,0,0,0,0,0,0,0,0,0,0,0,0,0,0,0,0,0,0,0,0,0,0,0,0,0,0,0,0,0,0,0,0,0,0,0,0,0,0,0,0,0,0,0,0,0,0,0,0,0,0,0,0,0,0,0,0,0,0,0,0,0,0,0,0,0,0,0,0,0,0,0,0,0,0,0,0,0,0,0
P128,"Servicios de seguridad, sistemas de seguridad e investigación privada",0,0,0,0,0,0,0,0,0,0,0,0,0,0,0,0,0,0,0,0,0,0,0,0,0,0,0,0,0,0,0,0,0,0,0,0,0,0,0,0,0,0,0,0,0,0,0,0,0,0,0,0,0,0,0,0,0,0,0,0,0,0,0,0,0,0,0,0,0,0,0,0,0,0,0,0,0,0,0,0,0,0,0,0,0,0,0,0,0,0,0,0,0,0,0,0,0,0,0,0,0,0,0,0,0,0,0,0,0,0,0,0,0,0,0,0,0,0,0,0,0,0,0,0,0,0,0,0,0,0,0,0,0,0,0,0,0,0,0,0,0,0,0,0,0,0,0,0,0,0,0,0
P129,Servicios de limpieza,0,0,0,0,0,0,0,0,0,0,0,0,0,0,0,0,0,0,0,0,0,0,0,0,0,0,0,0,0,0,0,0,0,0,0,0,0,0,0,0,0,0,0,0,0,0,0,0,0,0,0,0,0,0,0,0,0,0,0,0,0,0,0,0,0,0,0,0,0,0,0,0,0,0,0,0,0,0,0,0,0,0,0,0,0,0,0,0,0,0,0,0,0,0,0,0,0,0,0,0,0,0,0,0,0,0,0,0,0,0,0,0,0,0,0,0,0,0,0,0,0,0,0,0,0,0,0,0,0,0,0,0,0,0,0,0,0,0,0,0,0,0,0,0,0,0,0,0,0,0,0,0
P130,Servicios telefónicos de centros de llamadas,0,0,0,0,0,0,0,0,0,0,0,0,0,0,0,0,0,0,0,0,0,0,0,0,0,0,0,0,0,0,0,0,0,0,0,0,0,0,0,0,0,0,0,0,0,0,0,0,0,0,0,0,0,0,0,0,0,0,0,0,0,0.10057367311321,0,0,0,0,1.01649591521813e-13,0,0,0,0,0,0,0,0,0,0,0,0,0,0,0,0,0,0,0,0,0,0,0,0,0,0,0,7.28989091314247e-12,0,0,0,0,0,0,0,0,0,0,0,0,0,6.55692750095582e-10,0,0,63.3573160165434,0,2.53354863373025,7.00371305197426,0,0,0,7.25925870521775e-16,0,5.03026245657345e-10,0,3.34844820393581e-07,1.66916567196979,0,0,0,0,0,3.48966172345821,0,0,0,0,0,0,0,0,0,0,0,0,0,0,0,0,0,0,0,0,0,0
P131,"Servicios administrativos, de apoyo de oficina y otros servicios de apoyo a las empresas",0,0,0,0,0,0.0289163469591406,0.00727752951904607,0.00429096142406768,0.0126452307098065,0.0508226873574998,0.0177807215647778,0,0,0,0,0,0,0,0.00517511404643405,0,0,0,0,0,0,0,0,0,0,0,0.17602875779565,0,0.00464901969534456,0,0,0.0119561816492317,4.84999369161929e-06,0.000793931857825838,0.000793931857825838,0.0164963849686539,0.0053099389464758,0.0140351943583661,0.00128417604476839,0.000323596894616254,0.00131954470677864,0.00219503286061032,0.00474800149792149,0,0.000390606058099424,0.00457501615135493,5.45555831220278e-09,0.862123251962936,0.222155842474717,0.00432034758893209,0.0386383817513491,0.0123715510499065,0.0346378423575709,0.00695380943972312,0.00956855960198047,0.0302983816991571,0.000626056203604188,0.0251955293781448,0.00764679056402747,0.0220824848760869,0.0286417778100872,0.140034926244146,8.89847963166665e-05,0.00509881092137991,0,0.0166430957877544,0.00214805766062114,0.0148970538832645,0.00178596880469068,0.011771887748707,0.115020363870585,0.493885521651045,0.00277403014246103,0,1.68251423316581e-06,1.93460820334726e-08,0,0.066681010280822,0.0146890768325084,0.0444439263300859,0.00829178730136348,0,0,0.00555359935231717,0,0,0,0.0787523719205183,0.0136666129171935,0.030605422640059,3.91112950488093,0.149007510187269,0.0218495180449023,0.758771866107273,0,0.0199524352540609,0.770665000164177,7.54914622131588,0.257772342687927,0.219878582760085,0.687488971861503,0.0367280250921946,0.102550437887199,0.319071916476478,0.16701133923323,0.110355276091803,0.337141104173349,2.3253009387232,0,0.232542691083299,1.33687839958613,0.488320584745594,1.78687173944773,0,2.24131825827233,0.379559400764818,0.123209952816443,0.114271939315572,1.04851596583957,0.715650407733056,0.23825996740514,0.519188166502371,0.214460851082378,0.0204722625830102,0.206911150028936,0.227835857569896,0.773007475262385,0.116367162992186,0.00212964411994954,0.00914954051773727,0.00454455871567868,0.0639740129813033,0.204618271316862,0.000261620073697294,0.00588237009311835,0.00951552409288112,0.0136094986132062,0.589859381282289,0.076291712888948,0.365033663519969,0.593497304599178,0.901091540500102,0.0216638581318711,0.255916136513096,0.343491078989867,0,0,0
P132,"Servicios de mantenimiento, reparación e instalación de productos metálicos elaborados, maquinaria y equipo",0,0,0,0,0,0.000790125322380676,1.68382018397861e-15,9.92803929344976e-16,2.92571956245213e-15,0.0147504792950605,0.000184645821765687,0,0,0,5.82888771971657e-15,7.06449872558967e-15,0,0,7.25712892557517e-14,0,0,0,0,0.00108141266547038,0,0,0,0.000126412520452312,9.90175713208874e-05,0.000650398544100166,3.13567436447705e-13,1.41422545332434e-13,0.00536477317401735,5.91130562690608e-19,9.33112670519019e-17,1.97748935282238e-13,0.00380712050847387,0,4.05307298140256e-15,0.00201920581231877,0,0,4.78176526153007e-13,0.00150317488192533,0.00352148404757553,0.00670604319555546,4.68829836064444e-13,0,0.00143306270466222,5.79316651073969e-13,0,7.10248808551139e-13,0.00851314678013005,0,8.50187973358646e-05,3.58263332195241e-13,0,0,6.8039768697653e-13,0.00302563488095184,0,0.000923257858076174,1.9918832208643e-13,0.00671013856559751,0.0119321354186262,5.83392925981863e-13,0,9.66898570147682e-15,0,1.19526316276473e-05,0.00167582712266521,0.000259137386624872,0,0.00174125071871251,0.00186554512387771,0.0770507772481802,0,0,0,0,0,3.28194882295157e-13,3.93657545796899e-14,1.63418107171354e-13,3.34838493737388e-14,0,0,0.00282048713944953,0,4.16793161224215e-05,2.05934444844069e-14,1.88676331502879e-13,0.00241079961251002,0.000838210492585994,7.9973212703836e-13,4.70710276312403e-13,0,0,0,5.86102997732207e-13,0.00437865750630107,0,1.50882778493511e-13,1.01219380099771e-13,2.36744651660459e-13,1.84698303946538e-14,0,0,8.21446860185815e-14,0,0,0.00818427475525021,3.06720794596149e-15,2.07975997534859e-14,1.37591327220576e-13,9.06555646523755e-16,2.74768489211263e-13,1.30478642643502e-19,1.43115120448956e-13,0,1.82119293604122e-13,0,0.00626151171095476,0.00831522800353678,2.73645689441437e-13,0,0.00183928406592513,0.000735198130132863,0,0.0306722345843973,0.00611714109403787,0.0110612519759214,0.000602914171291338,0.00223575946089376,0.000342965001377295,0.000407350876708248,0,0,0,0,0.320394013066508,0.00892336433026568,0.00912709878066122,0,1.19109745937845e-12,0.00436229055104486,0,0.00254736256266138,0.000707809003715872,0,0,0
P133,Servicios de reparación de otros bienes,0,0,0,0,0,0,0,0,0,0,0,0,0,0,0,0,0,0,0,0,0,0,0,0,0,0,0,0,0,0,0,0,0,0,0,0,0,0,0,0,0,0,0,0,0,0,0,0,0,0,0,0,0,0,0,0,0,0,0,0,0,0,0,0,0,0,0,0,0,0,0,0,0,0,0,0,0,0,0,0,0,0,0,0,0,0,0,0,0,0,0,0,0,0,0,0,0,0,0,0,0,0,0,0,0,0,0,0,0,0,0,0,0,0,0,0,0,0,0,0,0,0,0,0,0,0,0,0,0,0,0,0,0,0,0,0,0,0,0,0,0,0,0,0,0,0,0,0,0,0,0,0
P134,"Servicios de apoyo a la agricultura, caza, silvicultura y pesca",0,0,0,0,0,0,0,0,0,0,0,0,0,0,0,0,0,0,0,0,0,0,0,0,0,0,0,0,0,0,0,0,0,0,0,0,0,0,0,0,0,0,0,0,0,0,0,0,0,0,0,0,0,0,0,0,0,0,0,0,0,0,0,0,0,0,0,0,0,0,0,0,0,0,0,0,0,0,0,0,0,0,0,0,0,0,0,0,0,0,0,0,0,0,0,0,0,0,0,0,0,0,0,0,0,0,0,0,0,0,0,0,0,0,0,0,0,0,0,0,0,0,0,0,0,0,0,0,0,0,0,0,0,0,0,0,0,0,0,0,0,0,0,0,0,0,0,0,0,0,0,0
P135,"Servicios de apoyo a la explotación de minas y canteras y los relacionados con la distribución de electricidad, gas y agua",0,0,0,0,0,0,0,0,0,0,0,0,0,0,0,0,0,0,0,0,0,0,0,0,0,0,0,0,0,0,0,0,0,0,0,0,0,0,0,0,0,0,0,0,0,0,0,0,0,0,0,0,0,0,0,0,0,0,0,0,0,0,0,0,0,0,0,0,0,0,0,0,0,0,0,0,0,0,0,0,0,0,0,0,0,0,0,0,0,0,0,0,0,0,0,0,0,0,0,0,0,0,0,0,0,0,0,0,0,0,0,0,0,0,0,0,0,0,0,0,0,0,0,0,0,0,0,0,0,0,0,0,0,0,0,0,0,0,0,0,0,0,0,0,0,0,0,0,0,0,0,0
P136,Servicios de manufactura,0,0,0,0,0,0,0,0,0,0,0,0,0,0,0,0,0,0,0,0,0,0,0,0,0,0,0,0,0,0,0,0,0,0,0,0,0,0,0,0,0,0,0,0,0,0,0,0,0,0,0,0,0,0,0,0,0,0,0,0,0,0,0,0,0,0,0,0,0,0,0,0,0,0,0,0,0,0,0,0,0,0,0,0,0,0,0,0,0,0,0,0,0,0,0,0,0,0,0,0,0,0,0,0,0,0,0,0,0,0,0,0,0,0,0,0,0,0,0,0,0,0,0,0,0,0,0,0,0,0,0,0,0,0,0,0,0,0,0,0,0,0,0,0,0,0,0,0,0,0,0,0
P137,Servicios públicos del gobierno general,0,0,0,0,0,0,0,0,0,0,0,0,0,0,0,0,0,0,0,0,0,0,0,0,0,0,0,0,0,0,0,0,0,0,0,0,0,0,0,0,0,0,0,0,0,0,0,0,0,0,0,0,0,0,0,0,0,0,0,0,0,0,0,0,0,0,0,0,0,0,0,0,0,0,0,0,0,0,0,0,0,0,0,0,0,0,0,0,0,0,0,0,0,0,0,0,0,0,0,0,0,0,0,0,0,0,0,0,0,0,0,0,0,0,0,0,0,0,0,0,0,0,0,0,0,0,0,0,0,0,0,0,0,0,0,0,0,0,0,0,0,0,0,0,0,0,0,0,0,0,0,0
P138,"Servicios públicos administrativos relacionados con la provisión de servicios educativos, de salud, servicios sociales, culturales y otros, sin contar los servicios de seguridad social",0,0,0,0,0,0,0,0,0,0,0,0,0,0,0,0,0,0,0,0,0,0,0,0,0,0,0,0,0,0,0,0,0,0,0,0,0,0,0,0,0,0,0,0,0,0,0,0,0,0,0,0,0,0,0,0,0,0,0,0,0,0,0,0,0,0,0,0,0,0,0,0,0,0,0,0,0,0,0,0,0,0,0,0,0,0,0,0,0,0,0,0,0,0,0,0,0,0,0,0,0,0,0,0,0,0,0,0,0,0,0,0,0,0,0,0,0,0,0,0,0,0,0,0,0,0,0,0,0,0,0,0,0,0,0,0,0,0,0,0,0,0,0,0,0,0,0,0,0,0,0,0
P139,Otros servicios administrativos,0,0,0,0,0,0,0,0,0,0,0,0,0,0,0,0,0,0,0,0,0,0,0,0,0,0,0,0,0,0,0,0,0,0,0,0,0,0,0,0,0,0,0,0,0,0,0,0,0,0,0,0,0,0,0,0,0,0,0,0,0,0,0,0,0,0,0,0,0,0,0,0,0,0,0,0,0,0,0,0,0,0,0,0,0,0,0,0,0,0,0,0,0,0,0,0,0,0,0,0,0,0,0,0,0,0,0,0,0,0,0,0,0,0,0,0,0,0,0,0,0,0,0,0,0,0,0,0,0,0,0,0,0,0,0,0,0,0,0,0,0,0,0,0,0,0,0,0,0,0,0,0
P140,Servicios públicos administrativos prestados a la comunidad en su conjunto,0,0,0,0,0,0,0,0,0,0,0,0,0,0,0,0,0,0,0,0,0,0,0,0,0,0,0,0,0,0,0,0,0,0,0,0,0,0,0,0,0,0,0,0,0,0,0,0,0,0,0,0,0,0,0,0,0,0,0,0,0,0,0,0,0,0,0,0,0,0,0,0,0,0,0,0,0,0,0,0,0,0,0,0,0,0,0,0,0,0,0,0,0,0,0,0,0,0,0,0,0,0,0,0,0,0,0,0,0,0,0,0,0,0,0,0,0,0,0,0,0,0,0,0,0,0,0,0,0,0,0,0,0,0,0,0,0,0,0,0,0,0,0,0,0,0,0,0,0,0,0,0
P141,Servicios administrativos relacionados con los sistemas de seguridad social de afiliación obligatoria,0,0,0,0,0,0,0,0,0,0,0,0,0,0,0,0,0,0,0,0,0,0,0,0,0,0,0,0,0,0,0,0,0,0,0,0,0,0,0,0,0,0,0,0,0,0,0,0,0,0,0,0,0,0,0,0,0,0,0,0,0,0,0,0,0,0,0,0,0,0,0,0,0,0,0,0,0,0,0,0,0,0,0,0,0,0,0,0,0,0,0,0,0,0,0,0,0,0,0,0,0,0,0,0,0,0,0,0,0,0,0,0,0,0,0,0,0,0,0,0,0,0,0,0,0,0,0,0,0,0,0,0,0,0,0,0,0,0,0,0,0,0,0,0,0,0,0,0,0,0,0,0
P142,Servicios de enseñanza,0,0,0,0,0,0,0,0,0,0,0,0,0,0,0,0,0,0,0,0,0,0,0,0,0,0,0,0,0,0,0,0,0,0,0,0,0,0,0,0,0,0,0,0,0,0,0,0,0,0,0,0,0,0,0,0,0,0,0,0,0,0,0,0,0,7.58564760484915e-15,0,0,0,0,2.06376747549575e-23,0,1.76855092054463e-19,0,1.63757661305159e-05,1.62277409840026e-21,0,0,0,0,0,0,0,0,0,0,0,0,0,0,0,0,0,0,0,0,0,0,0,0,0.00065019405895785,1.31641556707074e-22,0,0,0,0,0,0,0,0,2.32798589433481e-13,0,0.0439236493391261,0.171403966266811,0.778566892636993,0,0.122821538298128,0,0,0,0,1.59293016060644e-15,0.000196414780594947,0.000118576853195982,3.58899718212909e-16,6.33330613629254e-16,0,0.000472231845215507,2.97923849219145e-15,0,0.028398932353652,9.05633887340575e-07,0,0.000231221674180872,0,0,0.3469957553319,0.140929388077024,0.24239335006355,0.231649504802296,0,1.34942400862677,0.00602904518718149,0,0,0.000382042833476944,5.20826669800763e-17,0.151542716479402,7.16716912802333e-05,0,0,0
P143,Servicios de hospitalización,0,0,0,0,0,0,0,0,0,0,0,0,0,0,0,0,0,0,0,0,0,0,0,0,0,0,0,0,0,0,0,0,0,0,0,0,0,0,0,0,0,0,0,0,0,0,0,0,0,0,0,0,0,0,0,0,0,0,0,0,0,0,0,0,0,0,0,0,0,0,0,0,0,0,0,0,0,0,0,0,0,0,0,0,0,0,0,0,0,0,0,0,0,0,0,0,0,0,0,0,0,0,0,0,0,0,0,0,0,0,0,0,0,0,0,0,0,0,0,0,0,0,0,0,0,0,0,0,0,0,0,0,0,0,0,0,0,0,0,0,0,0,0,0,0,0,0,0,0,0,0,0
P144,Servicios médicos y dentales,0,0,0,0,0,0,0,0,0,0,0,0,0,0,0,0,0,0,0,0,0,0,0,0,0,0,0,0,0,0,0,0,0,0,0,0,0,0,0,0,0,0,0,0,0,0,0,0,0,0,0,0,0,0,0,0,0,0,0,0,0,0,0,0,0,0,0,0,0,0,0,0,0,0,0,0,0,0,0,0,0,0,0,0,0,0,0,0,0,0,0,0,0,0,0,0,0,0,0,0,0,0,0,0,0,0,0,0,0,0,0,0,0,0,0,0,0,0,0,0,0,0,0,0,0,0,0,0,0,0,0,0,0,0,0,0,0,0,0,0,0,0,0,0,0,0,0,0,0,0,0,0
P145,Otros servicios de atención de la salud humana,0,0,0,0,0,0,0,0,0,0,0,0,0,0,0,0,0,0,0,0,0,0,0,0,0,0,0,0,0,0,0,0,0,0,0,0,0,0,0,0,0,0,0,0,0,0,0,0,0,0,0,0,0,0,0,0,0,0,0,0,0,0,0,0,0,0,0,0,0,0,0,0,0,0,0,0,0,0,0,0,0,0,0,0,0,0,0,0,0,0,0,0,0,0,0,0,0,0,0,0,0,0,0,0,0,0,0,0,0,0,0,0,0,0,0,0,0,0,0,0,0,0,0,0,0,0,0,0,0,0,0,0,0,0,0,0,0,0,0,0,0,0,0,0,0,0,0,0,0,0,0,0
P146,"Servicios audiovisuales, recreativos, culturales y deportivos",0,0,0,0,0,0,0,0,0,0,0,0,0,0,0,0,0,0,0,0,0,0,0,0,0,0,0,0,0,0,0,0,0,0,0,0,0,0,0,0,0,0,0,0,0,0,0,0,0,0,0,0,0,0,0,0,0,0,0,0,0,0,0,0,0,4.18958506423711,0.000197927365156101,0,0,0,0,0,0,0,0,0,0,0,0,0,0,0,0,0,0,0,0,0,0,0,0,0,0,0,0,0.161990485303836,0,0,0,0,0,0.22418158978657,0,0,0,0,0,0.0773892398875891,0,3.01523791243315,1.54082548839025,0,0.0847481209330119,0.00217241773849731,0.00600538464333809,0,0,0,0.0116999616109277,0,0,0,0,99.6609194862188,0,0,0,7.70940770093412e-05,0,0,0.000673595563559466,0,0,0,0,0,1.5123848299171,0.0641314641988222,0.0460451518699719,0.0238336106740419,0,0.247268915272326,0.0896749384899394,0,0.0177542070884649,61.7921730350005,0,0,0,0,0,0
P147,Servicios de asociaciones que sirven a las empresas,0,0,0,0.00180829396495227,0,0.0191297638843839,0,0,0,0.000688798024479703,0.0103736558209379,0,0,0.000773439737310581,0,0.00334784998970192,0,4.76694668720411e-05,0,0,0.0107607397225283,0,0.00259939703724919,0.0408973719776158,0.013122003347142,0,0,1.93778585256534e-18,0.00277358835773251,0.0182183606983891,2.42470477387501e-06,0,0.00429627526566828,0,0,2.20961569461028e-05,0.000162649724697012,0,1.45577148238661e-06,3.93537872224767e-05,2.80185801745094e-06,1.95382611919417e-06,4.1178715421853e-05,1.31255589767838e-05,0.000114970661408117,0.000189638222843897,0,0,4.28522497916894e-08,0,0,0.0169292238683831,0.000631571267924198,4.45876410376966e-06,0.00255997288063203,0.000205041915389347,6.48829239468562e-06,1.07571603291124e-06,0.00723536349115412,0.13152279430762,7.48458739350021e-08,0,8.04633666239134e-24,6.91606176018582e-19,3.50696620180456e-07,1.22251566484031e-06,4.8527638860089e-07,0,0,0,0.084936248063375,2.81962396589591e-05,2.88037251288181e-09,6.02242576171679e-06,0.159587678544677,6.8109126953427e-07,0,0,0.000108633590000749,0,0,0,9.09719563850556e-08,1.53960270270168e-07,0,0,0,0,0,0,0,5.11072480696666e-23,4.65805421761696e-37,0,0.0411257092594518,0.000277880765476849,0,0.00135732304588588,0.00135732304588588,0.0027831922722128,0.0970439693781356,0.968589775364093,0.000271327468095311,0.000835926221369751,0.00179502278324923,0.000210124723821108,0,0.000136198087296489,2.19228387181012e-05,0.000634401951130576,0.00408981051002362,0,2.6927773712201e-06,1.08792555121842e-05,7.82182614281244e-05,0.000512491287883786,0.000678054891471636,0,0.000556006184431462,5.31101280471805e-07,0,8.02414421052293e-07,0.00485985186040209,0.0338588534175425,0.000486925947596342,9.48458910847149e-07,0.00031604081740263,0,2.70118054937526e-07,9.3217568464112e-05,0,0.000326321317134035,0,0,0.00113972683961933,0.0264236528223746,0,0,0,0,0,0.0984118732261405,0,8.81073696796977e-06,0.44050203382108,0.000789564072751983,0.000135151628307342,0,1.34509179582432e-05,0,0,0
P148,Servicios de asociaciones que sirven a los hogares,0,0,0,0,0,0,0,0,0,0,0,0,0,0,0,0,0,0,0,0,0,0,0,0,0,0,0,0,0,0,0,0,0,0,0,0,0,0,0,0,0,0,0,0,0,0,0,0,0,0,0,0,0,0,0,0,0,0,0,0,0,0,0,0,0,0,0,0,0,0,0,0,0,0,0,0,0,0,0,0,0,0,0,0,0,0,0,0,0,0,0,0,0,0,0,0,0,0,0,0,0,0,0,0,0,0,0,0,0,0,0,0,0,0,0,0,0,0,0,0,0,0,0,0,0,0,0,0,0,0,0,0,0,0,0,0,0,0,0,0,0,0,0,0,0,0,0,0,0,0,0,0
P149,Otros servicios,0,0,0,0,0,0,0,0,0,0,0,0,0,0,0,0,0,0,0,0,0,0,0,0,0,0,0,0,0,0,0,0,0,0,0,0,0,0,0,0,0,0,0,0,0,0,0,0,0,0,0,0,0,0,0,0,0,0,0,0,0,0,0,0,0,0,0,0,0,0,0,0,0,0,0,0,0,0,0,0,0,0,0,0,0,0,0,0,0,0,0,0,0,0,0,0,0,0,0,0,0,0,0,0,0,0,0,0,0,0,0,0,0,0,0,0,0,0,0,0,0,0,0,0,0,0,0,0,0,0,0,0,0,0,0,0,0,0,0,0,0,0,0,0,0,0,0,0,0,0,0,0
P150,Servicios domésticos,0,0,0,0,0,0,0,0,0,0,0,0,0,0,0,0,0,0,0,0,0,0,0,0,0,0,0,0,0,0,0,0,0,0,0,0,0,0,0,0,0,0,0,0,0,0,0,0,0,0,0,0,0,0,0,0,0,0,0,0,0,0,0,0,0,0,0,0,0,0,0,0,0,0,0,0,0,0,0,0,0,0,0,0,0,0,0,0,0,0,0,0,0,0,0,0,0,0,0,0,0,0,0,0,0,0,0,0,0,0,0,0,0,0,0,0,0,0,0,0,0,0,0,0,0,0,0,0,0,0,0,0,0,0,0,0,0,0,0,0,0,0,0,0,0,0,0,0,0,0,0,0
P151,Compras directas en el exterior por residentes,0,0,0,0,0,0,0,0,0,0,0,0,0,0,0,0,0,0,0,0,0,0,0,0,0,0,0,0,0,0,0,0,0,0,0,0,0,0,0,0,0,0,0,0,0,0,0,0,0,0,0,0,0,0,0,0,0,0,0,0,0,0,0,0,0,0,0,0,0,0,0,0,0,0,0,0,0,0,0,0,0,0,0,0,0,0,0,0,0,0,0,0,0,0,0,0,0,0,0,0,0,0,0,0,0,0,0,0,0,0,0,0,0,0,0,0,0,0,0,0,0,0,0,0,0,0,0,0,0,0,0,0,0,0,0,0,164.1066334,0,0,0,0,0,0,0,0,0,0,0,0,0,0,0
P152,Compras directas en el territorio nacional por no residentes,0,0,0,0,0,0,0,0,0,0,0,0,0,0,0,0,0,0,0,0,0,0,0,0,0,0,0,0,0,0,0,0,0,0,0,0,0,0,0,0,0,0,0,0,0,0,0,0,0,0,0,0,0,0,0,0,0,0,0,0,0,0,0,0,0,0,0,0,0,0,0,0,0,0,0,0,0,0,0,0,0,0,0,0,0,0,0,0,0,0,0,0,0,0,0,0,0,0,0,0,0,0,0,0,0,0,0,0,0,0,0,0,0,0,0,0,0,0,0,0,0,0,0,0,0,0,0,0,0,0,0,0,0,0,0,0,0,0,0,0,0,0,0,0,0,0,0,0,0,0,0,0
