indicador_id,indicador,unidad,criterio_desempate,posicion_ordenada,rango_con_empates,codigo,producto,producto_produccion_cero,apto_para_simulacion,estado_simulacion,valor
multiplicador_produccion_domestica,Multiplicador de producción doméstica,millones por millón de demanda final,codigo_ascendente,1,1,P036,Carne y despojos comestibles de aves,False,True,apto,2.36674459892313
multiplicador_produccion_domestica,Multiplicador de producción doméstica,millones por millón de demanda final,codigo_ascendente,2,2,P035,Carne y despojos comestibles de ganado porcino,False,True,apto,2.35180574639109
multiplicador_produccion_domestica,Multiplicador de producción doméstica,millones por millón de demanda final,codigo_ascendente,3,3,P016,Café en grano,False,True,apto,2.08956023340053
multiplicador_produccion_domestica,Multiplicador de producción doméstica,millones por millón de demanda final,codigo_ascendente,4,4,P052,"Azúcar de caña sin refinar y refinada, melaza y los demás azúcares n.c.p.",False,True,apto,2.02340021077659
multiplicador_produccion_domestica,Multiplicador de producción doméstica,millones por millón de demanda final,codigo_ascendente,5,5,P018,Caucho natural,False,True,apto,1.9958577340132
multiplicador_produccion_domestica,Multiplicador de producción doméstica,millones por millón de demanda final,codigo_ascendente,6,6,P045,Leche líquida y crema procesada,False,True,apto,1.9821483701021
multiplicador_produccion_domestica,Multiplicador de producción doméstica,millones por millón de demanda final,codigo_ascendente,7,7,P034,Carne y despojos comestibles de ganado bovino; cueros y pieles de bovino y de otros animales,False,True,apto,1.98166820672735
multiplicador_produccion_domestica,Multiplicador de producción doméstica,millones por millón de demanda final,codigo_ascendente,8,8,P023,Aves de corral,False,True,apto,1.97239514159786
multiplicador_produccion_domestica,Multiplicador de producción doméstica,millones por millón de demanda final,codigo_ascendente,9,9,P037,Carne y despojos de otros animales y conservas y preparados de carne,False,True,apto,1.95783119298782
multiplicador_produccion_domestica,Multiplicador de producción doméstica,millones por millón de demanda final,codigo_ascendente,10,10,P046,Otros productos lácteos n.c.p.,False,True,apto,1.92770447250568
multiplicador_produccion_domestica,Multiplicador de producción doméstica,millones por millón de demanda final,codigo_ascendente,11,11,P080,"Artículos de hormigón, cemento y yeso",False,True,apto,1.89875287602272
multiplicador_produccion_domestica,Multiplicador de producción doméstica,millones por millón de demanda final,codigo_ascendente,12,12,P022,Ganado porcino y otro tipo de animales vivos n.c.p.,False,True,apto,1.8547982893645
multiplicador_produccion_domestica,Multiplicador de producción doméstica,millones por millón de demanda final,codigo_ascendente,13,13,P044,"Margarina, grasas y otros aceites de origen animal y vegetal",False,True,apto,1.84887160698701
multiplicador_produccion_domestica,Multiplicador de producción doméstica,millones por millón de demanda final,codigo_ascendente,14,14,P024,Leche cruda,False,True,apto,1.8487218165075
multiplicador_produccion_domestica,Multiplicador de producción doméstica,millones por millón de demanda final,codigo_ascendente,15,15,P111,Servicio de suministro de comidas y bebidas,False,True,apto,1.82783041002092
multiplicador_produccion_domestica,Multiplicador de producción doméstica,millones por millón de demanda final,codigo_ascendente,16,16,P113,Servicios de banco central,False,True,apto,1.82722001427535
multiplicador_produccion_domestica,Multiplicador de producción doméstica,millones por millón de demanda final,codigo_ascendente,17,17,P055,"Aguardientes, licores, vinos, demás bebidas espirituosas y productos del tabaco",False,True,apto,1.81739059608039
multiplicador_produccion_domestica,Multiplicador de producción doméstica,millones por millón de demanda final,codigo_ascendente,18,18,P017,Cardamomo,False,True,apto,1.81583195822136
multiplicador_produccion_domestica,Multiplicador de producción doméstica,millones por millón de demanda final,codigo_ascendente,19,19,P043,Aceites de origen vegetal,False,True,apto,1.80693624625906
multiplicador_produccion_domestica,Multiplicador de producción doméstica,millones por millón de demanda final,codigo_ascendente,20,20,P092,Muebles,False,True,apto,1.76913013864914
multiplicador_produccion_domestica,Multiplicador de producción doméstica,millones por millón de demanda final,codigo_ascendente,21,21,P061,Cuero de piel curtida o adobada y cuero artificial o regenerado y artículos de cuero,False,True,apto,1.75792050740315
multiplicador_produccion_domestica,Multiplicador de producción doméstica,millones por millón de demanda final,codigo_ascendente,22,22,P057,Bebidas no alcohólicas,False,True,apto,1.74084031357767
multiplicador_produccion_domestica,Multiplicador de producción doméstica,millones por millón de demanda final,codigo_ascendente,23,23,P114,Otros servicios financieros y servicios de banca de inversión,False,True,apto,1.72564405512379
multiplicador_produccion_domestica,Multiplicador de producción doméstica,millones por millón de demanda final,codigo_ascendente,24,24,P074,Otros productos químicos,False,True,apto,1.72486015434598
multiplicador_produccion_domestica,Multiplicador de producción doméstica,millones por millón de demanda final,codigo_ascendente,25,25,P137,Servicios públicos del gobierno general,False,True,apto,1.71433266366585
multiplicador_produccion_domestica,Multiplicador de producción doméstica,millones por millón de demanda final,codigo_ascendente,26,26,P099,Edificaciones no residenciales,False,True,apto,1.71147851592574
multiplicador_produccion_domestica,Multiplicador de producción doméstica,millones por millón de demanda final,codigo_ascendente,27,27,P139,Otros servicios administrativos,False,True,apto,1.69729627742901
multiplicador_produccion_domestica,Multiplicador de producción doméstica,millones por millón de demanda final,codigo_ascendente,28,28,P100,Obras de ingeniería civil,False,True,apto,1.69435813854528
multiplicador_produccion_domestica,Multiplicador de producción doméstica,millones por millón de demanda final,codigo_ascendente,29,29,P040,"Vegetales preparados o en conserva, legumbres y papas",False,True,apto,1.69386721127491
multiplicador_produccion_domestica,Multiplicador de producción doméstica,millones por millón de demanda final,codigo_ascendente,30,30,P116,"Servicios de seguro, reaseguro y fondos de pensiones",False,True,apto,1.69232895842324
multiplicador_produccion_domestica,Multiplicador de producción doméstica,millones por millón de demanda final,codigo_ascendente,31,31,P101,Servicios generales y especializados de construcción,False,True,apto,1.68873814775874
multiplicador_produccion_domestica,Multiplicador de producción doméstica,millones por millón de demanda final,codigo_ascendente,32,32,P019,Propagación de plantas,False,True,apto,1.68731144417733
multiplicador_produccion_domestica,Multiplicador de producción doméstica,millones por millón de demanda final,codigo_ascendente,33,33,P010,Caña de azúcar y otras plantas azucareras,False,True,apto,1.68693936358317
multiplicador_produccion_domestica,Multiplicador de producción doméstica,millones por millón de demanda final,codigo_ascendente,34,34,P148,Servicios de asociaciones que sirven a los hogares,False,True,apto,1.68615727385742
multiplicador_produccion_domestica,Multiplicador de producción doméstica,millones por millón de demanda final,codigo_ascendente,35,35,P063,"Madera aserrada y acepillada, productos de madera, corcho, paja y materiales trenzables",False,True,apto,1.68424077564051
multiplicador_produccion_domestica,Multiplicador de producción doméstica,millones por millón de demanda final,codigo_ascendente,36,36,P030,Crustáceos sin congelar y otros productos de la pesca,False,True,apto,1.68388643177874
multiplicador_produccion_domestica,Multiplicador de producción doméstica,millones por millón de demanda final,codigo_ascendente,37,37,P081,Piedras talladas para construcción y otros productos minerales no metálicos n.c.p.,False,True,apto,1.68375127508284
multiplicador_produccion_domestica,Multiplicador de producción doméstica,millones por millón de demanda final,codigo_ascendente,38,38,P050,Pan y otros productos de panadería y repostería n.c.p.,False,True,apto,1.67175547969703
multiplicador_produccion_domestica,Multiplicador de producción doméstica,millones por millón de demanda final,codigo_ascendente,39,39,P062,"Calzado y sus partes, de cualquier material y de cualquier uso",False,True,apto,1.66458053552275
multiplicador_produccion_domestica,Multiplicador de producción doméstica,millones por millón de demanda final,codigo_ascendente,40,40,P042,Jugos de frutas,False,True,apto,1.65030506785183
multiplicador_produccion_domestica,Multiplicador de producción doméstica,millones por millón de demanda final,codigo_ascendente,41,41,P098,Edificaciones residenciales,False,True,apto,1.60270999891624
multiplicador_produccion_domestica,Multiplicador de producción doméstica,millones por millón de demanda final,codigo_ascendente,42,42,P026,Otros productos de animales vivos,False,True,apto,1.59059510888455
multiplicador_produccion_domestica,Multiplicador de producción doméstica,millones por millón de demanda final,codigo_ascendente,43,43,P060,"Prendas de vestir, adobo y teñido de pieles",False,True,apto,1.57984188321217
multiplicador_produccion_domestica,Multiplicador de producción doméstica,millones por millón de demanda final,codigo_ascendente,44,44,P108,Otros servicios de apoyo al transporte,False,True,apto,1.57966390920111
multiplicador_produccion_domestica,Multiplicador de producción doméstica,millones por millón de demanda final,codigo_ascendente,45,45,P117,Servicios auxiliares de la intermediación financiera,False,True,apto,1.57091077604947
multiplicador_produccion_domestica,Multiplicador de producción doméstica,millones por millón de demanda final,codigo_ascendente,46,46,P053,Productos alimenticios n.c.p.,False,True,apto,1.55783738529888
multiplicador_produccion_domestica,Multiplicador de producción doméstica,millones por millón de demanda final,codigo_ascendente,47,47,P078,Productos de cerámica y arcilla,False,True,apto,1.55421670142235
multiplicador_produccion_domestica,Multiplicador de producción doméstica,millones por millón de demanda final,codigo_ascendente,48,48,P079,"Cemento, cal y yeso",False,True,apto,1.553470572181
multiplicador_produccion_domestica,Multiplicador de producción doméstica,millones por millón de demanda final,codigo_ascendente,49,49,P132,"Servicios de mantenimiento, reparación e instalación de productos metálicos elaborados, maquinaria y equipo",False,True,apto,1.54794137814106
multiplicador_produccion_domestica,Multiplicador de producción doméstica,millones por millón de demanda final,codigo_ascendente,50,50,P124,Servicios de publicidad y estudios de mercado,False,True,apto,1.53022503080047
multiplicador_produccion_domestica,Multiplicador de producción doméstica,millones por millón de demanda final,codigo_ascendente,51,51,P146,"Servicios audiovisuales, recreativos, culturales y deportivos",False,True,apto,1.52590619476474
multiplicador_produccion_domestica,Multiplicador de producción doméstica,millones por millón de demanda final,codigo_ascendente,52,52,P109,Servicios postales y de mensajería,False,True,apto,1.5221151882681
multiplicador_produccion_domestica,Multiplicador de producción doméstica,millones por millón de demanda final,codigo_ascendente,53,53,P110,Servicio de alojamiento,False,True,apto,1.51213124449256
multiplicador_produccion_domestica,Multiplicador de producción doméstica,millones por millón de demanda final,codigo_ascendente,54,54,P077,Vidrio y productos de vidrio,False,True,apto,1.50431204851078
multiplicador_produccion_domestica,Multiplicador de producción doméstica,millones por millón de demanda final,codigo_ascendente,55,55,P067,Productos de la impresión,False,True,apto,1.50427403131689
multiplicador_produccion_domestica,Multiplicador de producción doméstica,millones por millón de demanda final,codigo_ascendente,56,56,P090,"Aparatos médicos, instrumentos ópticos y de precisión, relojes",False,True,apto,1.49811157172438
multiplicador_produccion_domestica,Multiplicador de producción doméstica,millones por millón de demanda final,codigo_ascendente,57,57,P054,Preparados para alimentación animal,False,True,apto,1.49542281783249
multiplicador_produccion_domestica,Multiplicador de producción doméstica,millones por millón de demanda final,codigo_ascendente,58,58,P107,Servicios de almacenamiento y depósito,False,True,apto,1.48789596584946
multiplicador_produccion_domestica,Multiplicador de producción doméstica,millones por millón de demanda final,codigo_ascendente,59,59,P039,"Crustáceos, moluscos y demás invertebrados acuáticos congelados, preparados o en conserva y sus productos",False,True,apto,1.48711653421006
multiplicador_produccion_domestica,Multiplicador de producción doméstica,millones por millón de demanda final,codigo_ascendente,60,60,P127,"Servicios de agencias de viajes, operadores turísticos y actividades conexas",False,True,apto,1.48461999971634
multiplicador_produccion_domestica,Multiplicador de producción doméstica,millones por millón de demanda final,codigo_ascendente,61,61,P041,Preparaciones y conservas de frutas y nueces,False,True,apto,1.4844923460342
multiplicador_produccion_domestica,Multiplicador de producción doméstica,millones por millón de demanda final,codigo_ascendente,62,62,P003,Leguminosas (legumbres secas) y semillas oleaginosas,False,True,apto,1.48260494104398
multiplicador_produccion_domestica,Multiplicador de producción doméstica,millones por millón de demanda final,codigo_ascendente,63,63,P147,Servicios de asociaciones que sirven a las empresas,False,True,apto,1.4819731191715
multiplicador_produccion_domestica,Multiplicador de producción doméstica,millones por millón de demanda final,codigo_ascendente,64,64,P135,"Servicios de apoyo a la explotación de minas y canteras y los relacionados con la distribución de electricidad, gas y agua",False,True,apto,1.48182959516443
multiplicador_produccion_domestica,Multiplicador de producción doméstica,millones por millón de demanda final,codigo_ascendente,65,65,P056,Malta y cerveza de malta,False,True,apto,1.47655713254374
multiplicador_produccion_domestica,Multiplicador de producción doméstica,millones por millón de demanda final,codigo_ascendente,66,66,P059,"Hilados, tejidos, telas y otros productos textiles excepto prendas de vestir",False,True,apto,1.47480031627593
multiplicador_produccion_domestica,Multiplicador de producción doméstica,millones por millón de demanda final,codigo_ascendente,67,67,P004,Arroz,False,True,apto,1.47336547691917
multiplicador_produccion_domestica,Multiplicador de producción doméstica,millones por millón de demanda final,codigo_ascendente,68,68,P088,"Maquinaria y aparatos eléctricos, sus partes y piezas",False,True,apto,1.47144884394016
multiplicador_produccion_domestica,Multiplicador de producción doméstica,millones por millón de demanda final,codigo_ascendente,69,69,P025,Huevos,False,True,apto,1.46938999863841
multiplicador_produccion_domestica,Multiplicador de producción doméstica,millones por millón de demanda final,codigo_ascendente,70,70,P091,Equipo de transporte,False,True,apto,1.46917745092275
multiplicador_produccion_domestica,Multiplicador de producción doméstica,millones por millón de demanda final,codigo_ascendente,71,71,P051,"Tortillas de maíz, incluso tostadas, horneadas o fritas",False,True,apto,1.46621387070247
multiplicador_produccion_domestica,Multiplicador de producción doméstica,millones por millón de demanda final,codigo_ascendente,72,72,P145,Otros servicios de atención de la salud humana,False,True,apto,1.45986030686962
multiplicador_produccion_domestica,Multiplicador de producción doméstica,millones por millón de demanda final,codigo_ascendente,73,73,P122,"Servicios de arquitectura e ingeniería, ensayos y análisis técnicos",False,True,apto,1.45356007203976
multiplicador_produccion_domestica,Multiplicador de producción doméstica,millones por millón de demanda final,codigo_ascendente,74,74,P106,Otros tipos de transporte,False,True,apto,1.44705954100446
multiplicador_produccion_domestica,Multiplicador de producción doméstica,millones por millón de demanda final,codigo_ascendente,75,75,P049,"Otros productos de molinería, almidones y productos de almidón",False,True,apto,1.44685048291357
multiplicador_produccion_domestica,Multiplicador de producción doméstica,millones por millón de demanda final,codigo_ascendente,76,76,P064,Pasta de papel y papel,False,True,apto,1.44394866818758
multiplicador_produccion_domestica,Multiplicador de producción doméstica,millones por millón de demanda final,codigo_ascendente,77,77,P012,"Bananos, plátanos y otros",False,True,apto,1.43769407234383
multiplicador_produccion_domestica,Multiplicador de producción doméstica,millones por millón de demanda final,codigo_ascendente,78,78,P096,Agua natural y distribución de agua natural,False,True,apto,1.43552165116684
multiplicador_produccion_domestica,Multiplicador de producción doméstica,millones por millón de demanda final,codigo_ascendente,79,79,P066,Productos de la edición,False,True,apto,1.42805558890476
multiplicador_produccion_domestica,Multiplicador de producción doméstica,millones por millón de demanda final,codigo_ascendente,80,80,P093,Otros artículos n.c.p.,False,True,apto,1.42374012489872
multiplicador_produccion_domestica,Multiplicador de producción doméstica,millones por millón de demanda final,codigo_ascendente,81,81,P115,Servicios de Intermediación Financiera Medidos Indirectamente (SIFMI),False,True,apto,1.42203882274183
multiplicador_produccion_domestica,Multiplicador de producción doméstica,millones por millón de demanda final,codigo_ascendente,82,82,P075,Productos farmacéuticos,False,True,apto,1.41687322732776
multiplicador_produccion_domestica,Multiplicador de producción doméstica,millones por millón de demanda final,codigo_ascendente,83,83,P009,Raíces y tubérculos,False,True,apto,1.41625563642363
multiplicador_produccion_domestica,Multiplicador de producción doméstica,millones por millón de demanda final,codigo_ascendente,84,84,P065,Envases de papel y cartón,False,True,apto,1.4069160380649
multiplicador_produccion_domestica,Multiplicador de producción doméstica,millones por millón de demanda final,codigo_ascendente,85,85,P121,Servicios de tecnología de la información,False,True,apto,1.40364098698688
multiplicador_produccion_domestica,Multiplicador de producción doméstica,millones por millón de demanda final,codigo_ascendente,86,86,P082,"Métales básicos de hierro y acero, productos primarios de metales preciosos y otros metales no ferrosos",False,True,apto,1.39223775059157
multiplicador_produccion_domestica,Multiplicador de producción doméstica,millones por millón de demanda final,codigo_ascendente,87,87,P015,Palma africana,False,True,apto,1.39211115210022
multiplicador_produccion_domestica,Multiplicador de producción doméstica,millones por millón de demanda final,codigo_ascendente,88,88,P119,"Otros servicios inmobiliarios, excepto alquiler de vivienda",False,True,apto,1.38783843759411
multiplicador_produccion_domestica,Multiplicador de producción doméstica,millones por millón de demanda final,codigo_ascendente,89,89,P071,"Abonos, fertilizantes y pesticidas",False,True,apto,1.38699355470161
multiplicador_produccion_domestica,Multiplicador de producción doméstica,millones por millón de demanda final,codigo_ascendente,90,90,P072,"Pinturas, barnices, tintas y productos relacionados",False,True,apto,1.3851756919375
multiplicador_produccion_domestica,Multiplicador de producción doméstica,millones por millón de demanda final,codigo_ascendente,91,91,P136,Servicios de manufactura,False,True,apto,1.3776890527716
multiplicador_produccion_domestica,Multiplicador de producción doméstica,millones por millón de demanda final,codigo_ascendente,92,92,P105,Servicio de transporte de carga por vía terrestre,False,True,apto,1.37323148102142
multiplicador_produccion_domestica,Multiplicador de producción doméstica,millones por millón de demanda final,codigo_ascendente,93,93,P048,Arroz sin cáscara,False,True,apto,1.37187532202482
multiplicador_produccion_domestica,Multiplicador de producción doméstica,millones por millón de demanda final,codigo_ascendente,94,94,P033,Minerales no metálicos,False,True,apto,1.37169817180717
multiplicador_produccion_domestica,Multiplicador de producción doméstica,millones por millón de demanda final,codigo_ascendente,95,95,P002,Frijoles,False,True,apto,1.366652332949
multiplicador_produccion_domestica,Multiplicador de producción doméstica,millones por millón de demanda final,codigo_ascendente,96,96,P020,"Otros frutos oleaginosos, otras plantas bebestibles y especias aromáticas",False,True,apto,1.36629502237007
multiplicador_produccion_domestica,Multiplicador de producción doméstica,millones por millón de demanda final,codigo_ascendente,97,97,P138,"Servicios públicos administrativos relacionados con la provisión de servicios educativos, de salud, servicios sociales, culturales y otros, sin contar los servicios de seguridad social",False,True,apto,1.36338874059401
multiplicador_produccion_domestica,Multiplicador de producción doméstica,millones por millón de demanda final,codigo_ascendente,98,98,P123,"Otros servicios profesionales, científicos y técnicos",False,True,apto,1.36167799609588
multiplicador_produccion_domestica,Multiplicador de producción doméstica,millones por millón de demanda final,codigo_ascendente,99,99,P125,Servicios de arrendamiento o alquiler sin operador,False,True,apto,1.36060857035232
multiplicador_produccion_domestica,Multiplicador de producción doméstica,millones por millón de demanda final,codigo_ascendente,100,100,P058,Aguas minerales y otras aguas embotelladas,False,True,apto,1.35482650746658
multiplicador_produccion_domestica,Multiplicador de producción doméstica,millones por millón de demanda final,codigo_ascendente,101,101,P032,Minerales metálicos,False,True,apto,1.35224526427173
multiplicador_produccion_domestica,Multiplicador de producción doméstica,millones por millón de demanda final,codigo_ascendente,102,102,P011,Tabaco y otras plantas no perennes,False,True,apto,1.35096080783034
multiplicador_produccion_domestica,Multiplicador de producción doméstica,millones por millón de demanda final,codigo_ascendente,103,103,P031,Petróleo crudo y gas natural,False,True,apto,1.3489500808731
multiplicador_produccion_domestica,Multiplicador de producción doméstica,millones por millón de demanda final,codigo_ascendente,104,104,P144,Servicios médicos y dentales,False,True,apto,1.34515783390527
multiplicador_produccion_domestica,Multiplicador de producción doméstica,millones por millón de demanda final,codigo_ascendente,105,105,P102,Servicios de comercio,False,True,apto,1.34485937290511
multiplicador_produccion_domestica,Multiplicador de producción doméstica,millones por millón de demanda final,codigo_ascendente,106,106,P129,Servicios de limpieza,False,True,apto,1.33991421609189
multiplicador_produccion_domestica,Multiplicador de producción doméstica,millones por millón de demanda final,codigo_ascendente,107,107,P028,Productos forestales no madereros,False,True,apto,1.32678000529741
multiplicador_produccion_domestica,Multiplicador de producción doméstica,millones por millón de demanda final,codigo_ascendente,108,108,P131,"Servicios administrativos, de apoyo de oficina y otros servicios de apoyo a las empresas",False,True,apto,1.32588620525068
multiplicador_produccion_domestica,Multiplicador de producción doméstica,millones por millón de demanda final,codigo_ascendente,109,109,P112,"Servicios de información, telecomunicaciones y radiodifusión",False,True,apto,1.32417120044039
multiplicador_produccion_domestica,Multiplicador de producción doméstica,millones por millón de demanda final,codigo_ascendente,110,110,P085,"Maquinaria para usos generales y especiales, sus partes y piezas, excepto electrodomésticos",False,True,apto,1.31788842907352
multiplicador_produccion_domestica,Multiplicador de producción doméstica,millones por millón de demanda final,codigo_ascendente,111,111,P104,Servicio de transporte de pasajeros por vía terrestre,False,True,apto,1.31701041823992
multiplicador_produccion_domestica,Multiplicador de producción doméstica,millones por millón de demanda final,codigo_ascendente,112,112,P073,"Jabón, preparados de limpieza, perfumes y preparados de toilet",False,True,apto,1.31595903047306
multiplicador_produccion_domestica,Multiplicador de producción doméstica,millones por millón de demanda final,codigo_ascendente,113,113,P070,"Gases de petróleo, otros productos de la refinación de petróleo n.c.p.",False,True,apto,1.3144518820103
multiplicador_produccion_domestica,Multiplicador de producción doméstica,millones por millón de demanda final,codigo_ascendente,114,114,P076,Productos de caucho y plástico,False,True,apto,1.30068001911502
multiplicador_produccion_domestica,Multiplicador de producción doméstica,millones por millón de demanda final,codigo_ascendente,115,115,P095,"Generación y distribución de energía eléctrica, gas, vapor y aire acondicionado",False,True,apto,1.30001521875469
multiplicador_produccion_domestica,Multiplicador de producción doméstica,millones por millón de demanda final,codigo_ascendente,116,116,P021,Ganado bovino,False,True,apto,1.29301124049095
multiplicador_produccion_domestica,Multiplicador de producción doméstica,millones por millón de demanda final,codigo_ascendente,117,117,P005,Otros cereales,False,True,apto,1.29213539090717
multiplicador_produccion_domestica,Multiplicador de producción doméstica,millones por millón de demanda final,codigo_ascendente,118,118,P014,"Berries, otras frutas y semillas de frutas",False,True,apto,1.29096741193776
multiplicador_produccion_domestica,Multiplicador de producción doméstica,millones por millón de demanda final,codigo_ascendente,119,119,P143,Servicios de hospitalización,False,True,apto,1.28555138932388
multiplicador_produccion_domestica,Multiplicador de producción doméstica,millones por millón de demanda final,codigo_ascendente,120,120,P130,Servicios telefónicos de centros de llamadas,False,True,apto,1.28299928058001
multiplicador_produccion_domestica,Multiplicador de producción doméstica,millones por millón de demanda final,codigo_ascendente,121,121,P007,Sandías y melones,False,True,apto,1.27887415276141
multiplicador_produccion_domestica,Multiplicador de producción doméstica,millones por millón de demanda final,codigo_ascendente,122,122,P103,Mantenimiento y reparación de vehículos automotores y motocicletas,False,True,apto,1.27440289033316
multiplicador_produccion_domestica,Multiplicador de producción doméstica,millones por millón de demanda final,codigo_ascendente,123,123,P001,Maíz,False,True,apto,1.27092172457894
multiplicador_produccion_domestica,Multiplicador de producción doméstica,millones por millón de demanda final,codigo_ascendente,124,124,P141,Servicios administrativos relacionados con los sistemas de seguridad social de afiliación obligatoria,False,True,apto,1.2673536535057
multiplicador_produccion_domestica,Multiplicador de producción doméstica,millones por millón de demanda final,codigo_ascendente,125,125,P047,Harina de trigo,False,True,apto,1.26569033682356
multiplicador_produccion_domestica,Multiplicador de producción doméstica,millones por millón de demanda final,codigo_ascendente,126,126,P084,Otros productos elaborados de metal,False,True,apto,1.26174861054578
multiplicador_produccion_domestica,Multiplicador de producción doméstica,millones por millón de demanda final,codigo_ascendente,127,127,P006,Hortalizas,False,True,apto,1.25396852382601
multiplicador_produccion_domestica,Multiplicador de producción doméstica,millones por millón de demanda final,codigo_ascendente,128,128,P097,"Evacuación de aguas residuales, recogida, tratamiento y eliminación de desechos",False,True,apto,1.25099861673268
multiplicador_produccion_domestica,Multiplicador de producción doméstica,millones por millón de demanda final,codigo_ascendente,129,129,P133,Servicios de reparación de otros bienes,False,True,apto,1.24569315644221
multiplicador_produccion_domestica,Multiplicador de producción doméstica,millones por millón de demanda final,codigo_ascendente,130,130,P083,Productos metálicos estructurales y sus partes de hierro o de acero,False,True,apto,1.24547985536002
multiplicador_produccion_domestica,Multiplicador de producción doméstica,millones por millón de demanda final,codigo_ascendente,131,131,P120,"Servicios jurídicos, de contabilidad, auditoría, teneduría de libros y consultoría fiscal",False,True,apto,1.23755628738919
multiplicador_produccion_domestica,Multiplicador de producción doméstica,millones por millón de demanda final,codigo_ascendente,132,132,P029,"Peces vivos, frescos o refrigerados",False,True,apto,1.23228338242652
multiplicador_produccion_domestica,Multiplicador de producción doméstica,millones por millón de demanda final,codigo_ascendente,133,133,P008,Ejotes y arvejas,False,True,apto,1.23046750913252
multiplicador_produccion_domestica,Multiplicador de producción doméstica,millones por millón de demanda final,codigo_ascendente,134,134,P094,Residuos y desechos,False,True,apto,1.22270517360745
multiplicador_produccion_domestica,Multiplicador de producción doméstica,millones por millón de demanda final,codigo_ascendente,135,135,P140,Servicios públicos administrativos prestados a la comunidad en su conjunto,False,True,apto,1.19894042544323
multiplicador_produccion_domestica,Multiplicador de producción doméstica,millones por millón de demanda final,codigo_ascendente,136,136,P128,"Servicios de seguridad, sistemas de seguridad e investigación privada",False,True,apto,1.19615277024923
multiplicador_produccion_domestica,Multiplicador de producción doméstica,millones por millón de demanda final,codigo_ascendente,137,137,P013,Frutas tropicales y subtropicales,False,True,apto,1.19501587919587
multiplicador_produccion_domestica,Multiplicador de producción doméstica,millones por millón de demanda final,codigo_ascendente,138,138,P038,"Pescado congelado, preparado o en conserva y sus productos",False,True,apto,1.19385546206971
multiplicador_produccion_domestica,Multiplicador de producción doméstica,millones por millón de demanda final,codigo_ascendente,139,139,P068,"Gasolinas, diésel oil y fuel oils",False,True,apto,1.18756649778355
multiplicador_produccion_domestica,Multiplicador de producción doméstica,millones por millón de demanda final,codigo_ascendente,140,140,P027,Troncos de madera y leña,False,True,apto,1.15903914695124
multiplicador_produccion_domestica,Multiplicador de producción doméstica,millones por millón de demanda final,codigo_ascendente,141,141,P149,Otros servicios,False,True,apto,1.15880792371108
multiplicador_produccion_domestica,Multiplicador de producción doméstica,millones por millón de demanda final,codigo_ascendente,142,142,P142,Servicios de enseñanza,False,True,apto,1.15816347630356
multiplicador_produccion_domestica,Multiplicador de producción doméstica,millones por millón de demanda final,codigo_ascendente,143,143,P126,Servicios  de agencias de empleo y de dotación de recursos humanos,False,True,apto,1.12857197258112
multiplicador_produccion_domestica,Multiplicador de producción doméstica,millones por millón de demanda final,codigo_ascendente,144,144,P134,"Servicios de apoyo a la agricultura, caza, silvicultura y pesca",False,True,apto,1.10713101643705
multiplicador_produccion_domestica,Multiplicador de producción doméstica,millones por millón de demanda final,codigo_ascendente,145,145,P118,Servicios de alquiler de vivienda,False,True,apto,1.08741642826434
multiplicador_produccion_domestica,Multiplicador de producción doméstica,millones por millón de demanda final,codigo_ascendente,146,146,P069,"Aceites, grasas lubricantes y otros aceites preparados",True,False,solo_completitud_algebraica,1
multiplicador_produccion_domestica,Multiplicador de producción doméstica,millones por millón de demanda final,codigo_ascendente,147,146,P086,Electrodomésticos y sus partes,True,False,solo_completitud_algebraica,1
multiplicador_produccion_domestica,Multiplicador de producción doméstica,millones por millón de demanda final,codigo_ascendente,148,146,P087,"Maquinaria de oficina, contabilidad e informática, sus partes y piezas",True,False,solo_completitud_algebraica,1
multiplicador_produccion_domestica,Multiplicador de producción doméstica,millones por millón de demanda final,codigo_ascendente,149,146,P089,"Equipo y aparatos de radio, televisión y comunicaciones",True,False,solo_completitud_algebraica,1
multiplicador_produccion_domestica,Multiplicador de producción doméstica,millones por millón de demanda final,codigo_ascendente,150,146,P150,Servicios domésticos,False,True,apto,1
multiplicador_produccion_domestica,Multiplicador de producción doméstica,millones por millón de demanda final,codigo_ascendente,151,146,P151,Compras directas en el exterior por residentes,True,False,solo_completitud_algebraica,1
multiplicador_produccion_domestica,Multiplicador de producción doméstica,millones por millón de demanda final,codigo_ascendente,152,146,P152,Compras directas en el territorio nacional por no residentes,True,False,solo_completitud_algebraica,1
requerimiento_importacion_total,Requerimiento total de importaciones intermedias,millones por millón de demanda final,codigo_ascendente,1,1,P047,Harina de trigo,False,True,apto,0.600595310263131
requerimiento_importacion_total,Requerimiento total de importaciones intermedias,millones por millón de demanda final,codigo_ascendente,2,2,P038,"Pescado congelado, preparado o en conserva y sus productos",False,True,apto,0.590872470540308
requerimiento_importacion_total,Requerimiento total de importaciones intermedias,millones por millón de demanda final,codigo_ascendente,3,3,P083,Productos metálicos estructurales y sus partes de hierro o de acero,False,True,apto,0.555630658677894
requerimiento_importacion_total,Requerimiento total de importaciones intermedias,millones por millón de demanda final,codigo_ascendente,4,4,P076,Productos de caucho y plástico,False,True,apto,0.522764396413983
requerimiento_importacion_total,Requerimiento total de importaciones intermedias,millones por millón de demanda final,codigo_ascendente,5,5,P088,"Maquinaria y aparatos eléctricos, sus partes y piezas",False,True,apto,0.514121591245781
requerimiento_importacion_total,Requerimiento total de importaciones intermedias,millones por millón de demanda final,codigo_ascendente,6,6,P064,Pasta de papel y papel,False,True,apto,0.511018954989892
requerimiento_importacion_total,Requerimiento total de importaciones intermedias,millones por millón de demanda final,codigo_ascendente,7,7,P084,Otros productos elaborados de metal,False,True,apto,0.502060768952761
requerimiento_importacion_total,Requerimiento total de importaciones intermedias,millones por millón de demanda final,codigo_ascendente,8,8,P082,"Métales básicos de hierro y acero, productos primarios de metales preciosos y otros metales no ferrosos",False,True,apto,0.482833893666875
requerimiento_importacion_total,Requerimiento total de importaciones intermedias,millones por millón de demanda final,codigo_ascendente,9,9,P054,Preparados para alimentación animal,False,True,apto,0.477963562171576
requerimiento_importacion_total,Requerimiento total de importaciones intermedias,millones por millón de demanda final,codigo_ascendente,10,10,P039,"Crustáceos, moluscos y demás invertebrados acuáticos congelados, preparados o en conserva y sus productos",False,True,apto,0.464424635050348
requerimiento_importacion_total,Requerimiento total de importaciones intermedias,millones por millón de demanda final,codigo_ascendente,11,11,P048,Arroz sin cáscara,False,True,apto,0.459701127978928
requerimiento_importacion_total,Requerimiento total de importaciones intermedias,millones por millón de demanda final,codigo_ascendente,12,12,P065,Envases de papel y cartón,False,True,apto,0.457354815691754
requerimiento_importacion_total,Requerimiento total de importaciones intermedias,millones por millón de demanda final,codigo_ascendente,13,13,P072,"Pinturas, barnices, tintas y productos relacionados",False,True,apto,0.431197605612169
requerimiento_importacion_total,Requerimiento total de importaciones intermedias,millones por millón de demanda final,codigo_ascendente,14,14,P056,Malta y cerveza de malta,False,True,apto,0.427127080045034
requerimiento_importacion_total,Requerimiento total de importaciones intermedias,millones por millón de demanda final,codigo_ascendente,15,15,P075,Productos farmacéuticos,False,True,apto,0.422470514646557
requerimiento_importacion_total,Requerimiento total de importaciones intermedias,millones por millón de demanda final,codigo_ascendente,16,16,P073,"Jabón, preparados de limpieza, perfumes y preparados de toilet",False,True,apto,0.409306048108328
requerimiento_importacion_total,Requerimiento total de importaciones intermedias,millones por millón de demanda final,codigo_ascendente,17,17,P085,"Maquinaria para usos generales y especiales, sus partes y piezas, excepto electrodomésticos",False,True,apto,0.406278036414286
requerimiento_importacion_total,Requerimiento total de importaciones intermedias,millones por millón de demanda final,codigo_ascendente,18,18,P132,"Servicios de mantenimiento, reparación e instalación de productos metálicos elaborados, maquinaria y equipo",False,True,apto,0.399984986536728
requerimiento_importacion_total,Requerimiento total de importaciones intermedias,millones por millón de demanda final,codigo_ascendente,19,19,P049,"Otros productos de molinería, almidones y productos de almidón",False,True,apto,0.396156635759678
requerimiento_importacion_total,Requerimiento total de importaciones intermedias,millones por millón de demanda final,codigo_ascendente,20,20,P059,"Hilados, tejidos, telas y otros productos textiles excepto prendas de vestir",False,True,apto,0.38907168625471
requerimiento_importacion_total,Requerimiento total de importaciones intermedias,millones por millón de demanda final,codigo_ascendente,21,21,P071,"Abonos, fertilizantes y pesticidas",False,True,apto,0.386943244322927
requerimiento_importacion_total,Requerimiento total de importaciones intermedias,millones por millón de demanda final,codigo_ascendente,22,22,P077,Vidrio y productos de vidrio,False,True,apto,0.370631961913188
requerimiento_importacion_total,Requerimiento total de importaciones intermedias,millones por millón de demanda final,codigo_ascendente,23,23,P057,Bebidas no alcohólicas,False,True,apto,0.365603279609091
requerimiento_importacion_total,Requerimiento total de importaciones intermedias,millones por millón de demanda final,codigo_ascendente,24,24,P091,Equipo de transporte,False,True,apto,0.358787197542126
requerimiento_importacion_total,Requerimiento total de importaciones intermedias,millones por millón de demanda final,codigo_ascendente,25,25,P135,"Servicios de apoyo a la explotación de minas y canteras y los relacionados con la distribución de electricidad, gas y agua",False,True,apto,0.355738788928108
requerimiento_importacion_total,Requerimiento total de importaciones intermedias,millones por millón de demanda final,codigo_ascendente,26,26,P024,Leche cruda,False,True,apto,0.351676860744677
requerimiento_importacion_total,Requerimiento total de importaciones intermedias,millones por millón de demanda final,codigo_ascendente,27,27,P067,Productos de la impresión,False,True,apto,0.340730636474793
requerimiento_importacion_total,Requerimiento total de importaciones intermedias,millones por millón de demanda final,codigo_ascendente,28,28,P060,"Prendas de vestir, adobo y teñido de pieles",False,True,apto,0.332301320063391
requerimiento_importacion_total,Requerimiento total de importaciones intermedias,millones por millón de demanda final,codigo_ascendente,29,29,P053,Productos alimenticios n.c.p.,False,True,apto,0.33171493897422
requerimiento_importacion_total,Requerimiento total de importaciones intermedias,millones por millón de demanda final,codigo_ascendente,30,30,P040,"Vegetales preparados o en conserva, legumbres y papas",False,True,apto,0.321183178238536
requerimiento_importacion_total,Requerimiento total de importaciones intermedias,millones por millón de demanda final,codigo_ascendente,31,31,P105,Servicio de transporte de carga por vía terrestre,False,True,apto,0.303462895508602
requerimiento_importacion_total,Requerimiento total de importaciones intermedias,millones por millón de demanda final,codigo_ascendente,32,32,P023,Aves de corral,False,True,apto,0.300078998715232
requerimiento_importacion_total,Requerimiento total de importaciones intermedias,millones por millón de demanda final,codigo_ascendente,33,33,P042,Jugos de frutas,False,True,apto,0.299262534465624
requerimiento_importacion_total,Requerimiento total de importaciones intermedias,millones por millón de demanda final,codigo_ascendente,34,34,P004,Arroz,False,True,apto,0.292779689964288
requerimiento_importacion_total,Requerimiento total de importaciones intermedias,millones por millón de demanda final,codigo_ascendente,35,35,P081,Piedras talladas para construcción y otros productos minerales no metálicos n.c.p.,False,True,apto,0.289869498529439
requerimiento_importacion_total,Requerimiento total de importaciones intermedias,millones por millón de demanda final,codigo_ascendente,36,36,P104,Servicio de transporte de pasajeros por vía terrestre,False,True,apto,0.287103064603446
requerimiento_importacion_total,Requerimiento total de importaciones intermedias,millones por millón de demanda final,codigo_ascendente,37,37,P003,Leguminosas (legumbres secas) y semillas oleaginosas,False,True,apto,0.286942369814176
requerimiento_importacion_total,Requerimiento total de importaciones intermedias,millones por millón de demanda final,codigo_ascendente,38,38,P022,Ganado porcino y otro tipo de animales vivos n.c.p.,False,True,apto,0.286923538900289
requerimiento_importacion_total,Requerimiento total de importaciones intermedias,millones por millón de demanda final,codigo_ascendente,39,39,P050,Pan y otros productos de panadería y repostería n.c.p.,False,True,apto,0.286691953343371
requerimiento_importacion_total,Requerimiento total de importaciones intermedias,millones por millón de demanda final,codigo_ascendente,40,40,P090,"Aparatos médicos, instrumentos ópticos y de precisión, relojes",False,True,apto,0.2846136784006
requerimiento_importacion_total,Requerimiento total de importaciones intermedias,millones por millón de demanda final,codigo_ascendente,41,41,P062,"Calzado y sus partes, de cualquier material y de cualquier uso",False,True,apto,0.282252045137378
requerimiento_importacion_total,Requerimiento total de importaciones intermedias,millones por millón de demanda final,codigo_ascendente,42,42,P074,Otros productos químicos,False,True,apto,0.276532995960313
requerimiento_importacion_total,Requerimiento total de importaciones intermedias,millones por millón de demanda final,codigo_ascendente,43,43,P019,Propagación de plantas,False,True,apto,0.276475383646451
requerimiento_importacion_total,Requerimiento total de importaciones intermedias,millones por millón de demanda final,codigo_ascendente,44,44,P093,Otros artículos n.c.p.,False,True,apto,0.27620394326841
requerimiento_importacion_total,Requerimiento total de importaciones intermedias,millones por millón de demanda final,codigo_ascendente,45,45,P116,"Servicios de seguro, reaseguro y fondos de pensiones",False,True,apto,0.27149051660802
requerimiento_importacion_total,Requerimiento total de importaciones intermedias,millones por millón de demanda final,codigo_ascendente,46,46,P099,Edificaciones no residenciales,False,True,apto,0.269743330730325
requerimiento_importacion_total,Requerimiento total de importaciones intermedias,millones por millón de demanda final,codigo_ascendente,47,47,P029,"Peces vivos, frescos o refrigerados",False,True,apto,0.265017052255985
requerimiento_importacion_total,Requerimiento total de importaciones intermedias,millones por millón de demanda final,codigo_ascendente,48,48,P030,Crustáceos sin congelar y otros productos de la pesca,False,True,apto,0.253666003432933
requerimiento_importacion_total,Requerimiento total de importaciones intermedias,millones por millón de demanda final,codigo_ascendente,49,49,P037,Carne y despojos de otros animales y conservas y preparados de carne,False,True,apto,0.251268348061906
requerimiento_importacion_total,Requerimiento total de importaciones intermedias,millones por millón de demanda final,codigo_ascendente,50,50,P044,"Margarina, grasas y otros aceites de origen animal y vegetal",False,True,apto,0.248417050306885
requerimiento_importacion_total,Requerimiento total de importaciones intermedias,millones por millón de demanda final,codigo_ascendente,51,51,P005,Otros cereales,False,True,apto,0.242026894908011
requerimiento_importacion_total,Requerimiento total de importaciones intermedias,millones por millón de demanda final,codigo_ascendente,52,52,P045,Leche líquida y crema procesada,False,True,apto,0.240441266063072
requerimiento_importacion_total,Requerimiento total de importaciones intermedias,millones por millón de demanda final,codigo_ascendente,53,53,P046,Otros productos lácteos n.c.p.,False,True,apto,0.235968334642856
requerimiento_importacion_total,Requerimiento total de importaciones intermedias,millones por millón de demanda final,codigo_ascendente,54,54,P036,Carne y despojos comestibles de aves,False,True,apto,0.235452190912106
requerimiento_importacion_total,Requerimiento total de importaciones intermedias,millones por millón de demanda final,codigo_ascendente,55,55,P092,Muebles,False,True,apto,0.234738590570259
requerimiento_importacion_total,Requerimiento total de importaciones intermedias,millones por millón de demanda final,codigo_ascendente,56,56,P101,Servicios generales y especializados de construcción,False,True,apto,0.234380465994083
requerimiento_importacion_total,Requerimiento total de importaciones intermedias,millones por millón de demanda final,codigo_ascendente,57,57,P095,"Generación y distribución de energía eléctrica, gas, vapor y aire acondicionado",False,True,apto,0.233056989957118
requerimiento_importacion_total,Requerimiento total de importaciones intermedias,millones por millón de demanda final,codigo_ascendente,58,58,P106,Otros tipos de transporte,False,True,apto,0.228451869543884
requerimiento_importacion_total,Requerimiento total de importaciones intermedias,millones por millón de demanda final,codigo_ascendente,59,59,P070,"Gases de petróleo, otros productos de la refinación de petróleo n.c.p.",False,True,apto,0.225954720622704
requerimiento_importacion_total,Requerimiento total de importaciones intermedias,millones por millón de demanda final,codigo_ascendente,60,60,P043,Aceites de origen vegetal,False,True,apto,0.217706757665191
requerimiento_importacion_total,Requerimiento total de importaciones intermedias,millones por millón de demanda final,codigo_ascendente,61,61,P041,Preparaciones y conservas de frutas y nueces,False,True,apto,0.216566820194514
requerimiento_importacion_total,Requerimiento total de importaciones intermedias,millones por millón de demanda final,codigo_ascendente,62,62,P066,Productos de la edición,False,True,apto,0.212789142627851
requerimiento_importacion_total,Requerimiento total de importaciones intermedias,millones por millón de demanda final,codigo_ascendente,63,63,P063,"Madera aserrada y acepillada, productos de madera, corcho, paja y materiales trenzables",False,True,apto,0.211201549490762
requerimiento_importacion_total,Requerimiento total de importaciones intermedias,millones por millón de demanda final,codigo_ascendente,64,64,P035,Carne y despojos comestibles de ganado porcino,False,True,apto,0.210665136030606
requerimiento_importacion_total,Requerimiento total de importaciones intermedias,millones por millón de demanda final,codigo_ascendente,65,65,P031,Petróleo crudo y gas natural,False,True,apto,0.209564930972576
requerimiento_importacion_total,Requerimiento total de importaciones intermedias,millones por millón de demanda final,codigo_ascendente,66,66,P078,Productos de cerámica y arcilla,False,True,apto,0.206887678879189
requerimiento_importacion_total,Requerimiento total de importaciones intermedias,millones por millón de demanda final,codigo_ascendente,67,67,P100,Obras de ingeniería civil,False,True,apto,0.206723337240854
requerimiento_importacion_total,Requerimiento total de importaciones intermedias,millones por millón de demanda final,codigo_ascendente,68,68,P111,Servicio de suministro de comidas y bebidas,False,True,apto,0.206685253401016
requerimiento_importacion_total,Requerimiento total de importaciones intermedias,millones por millón de demanda final,codigo_ascendente,69,69,P001,Maíz,False,True,apto,0.205066341840066
requerimiento_importacion_total,Requerimiento total de importaciones intermedias,millones por millón de demanda final,codigo_ascendente,70,70,P012,"Bananos, plátanos y otros",False,True,apto,0.202214463162424
requerimiento_importacion_total,Requerimiento total de importaciones intermedias,millones por millón de demanda final,codigo_ascendente,71,71,P032,Minerales metálicos,False,True,apto,0.19794302345683
requerimiento_importacion_total,Requerimiento total de importaciones intermedias,millones por millón de demanda final,codigo_ascendente,72,72,P109,Servicios postales y de mensajería,False,True,apto,0.197829108911942
requerimiento_importacion_total,Requerimiento total de importaciones intermedias,millones por millón de demanda final,codigo_ascendente,73,73,P051,"Tortillas de maíz, incluso tostadas, horneadas o fritas",False,True,apto,0.194447417233578
requerimiento_importacion_total,Requerimiento total de importaciones intermedias,millones por millón de demanda final,codigo_ascendente,74,74,P098,Edificaciones residenciales,False,True,apto,0.193670601029483
requerimiento_importacion_total,Requerimiento total de importaciones intermedias,millones por millón de demanda final,codigo_ascendente,75,75,P010,Caña de azúcar y otras plantas azucareras,False,True,apto,0.193055768759693
requerimiento_importacion_total,Requerimiento total de importaciones intermedias,millones por millón de demanda final,codigo_ascendente,76,76,P009,Raíces y tubérculos,False,True,apto,0.182767932779085
requerimiento_importacion_total,Requerimiento total de importaciones intermedias,millones por millón de demanda final,codigo_ascendente,77,77,P020,"Otros frutos oleaginosos, otras plantas bebestibles y especias aromáticas",False,True,apto,0.180161513288839
requerimiento_importacion_total,Requerimiento total de importaciones intermedias,millones por millón de demanda final,codigo_ascendente,78,78,P055,"Aguardientes, licores, vinos, demás bebidas espirituosas y productos del tabaco",False,True,apto,0.179759728727779
requerimiento_importacion_total,Requerimiento total de importaciones intermedias,millones por millón de demanda final,codigo_ascendente,79,79,P079,"Cemento, cal y yeso",False,True,apto,0.177155436622123
requerimiento_importacion_total,Requerimiento total de importaciones intermedias,millones por millón de demanda final,codigo_ascendente,80,80,P114,Otros servicios financieros y servicios de banca de inversión,False,True,apto,0.17473975432265
requerimiento_importacion_total,Requerimiento total de importaciones intermedias,millones por millón de demanda final,codigo_ascendente,81,81,P061,Cuero de piel curtida o adobada y cuero artificial o regenerado y artículos de cuero,False,True,apto,0.174630676470155
requerimiento_importacion_total,Requerimiento total de importaciones intermedias,millones por millón de demanda final,codigo_ascendente,82,82,P018,Caucho natural,False,True,apto,0.174394380483955
requerimiento_importacion_total,Requerimiento total de importaciones intermedias,millones por millón de demanda final,codigo_ascendente,83,83,P137,Servicios públicos del gobierno general,False,True,apto,0.17432881099731
requerimiento_importacion_total,Requerimiento total de importaciones intermedias,millones por millón de demanda final,codigo_ascendente,84,84,P015,Palma africana,False,True,apto,0.173887322799293
requerimiento_importacion_total,Requerimiento total de importaciones intermedias,millones por millón de demanda final,codigo_ascendente,85,85,P097,"Evacuación de aguas residuales, recogida, tratamiento y eliminación de desechos",False,True,apto,0.172728779162319
requerimiento_importacion_total,Requerimiento total de importaciones intermedias,millones por millón de demanda final,codigo_ascendente,86,86,P007,Sandías y melones,False,True,apto,0.17216682066156
requerimiento_importacion_total,Requerimiento total de importaciones intermedias,millones por millón de demanda final,codigo_ascendente,87,87,P025,Huevos,False,True,apto,0.170660128732302
requerimiento_importacion_total,Requerimiento total de importaciones intermedias,millones por millón de demanda final,codigo_ascendente,88,88,P080,"Artículos de hormigón, cemento y yeso",False,True,apto,0.169746421532607
requerimiento_importacion_total,Requerimiento total de importaciones intermedias,millones por millón de demanda final,codigo_ascendente,89,89,P033,Minerales no metálicos,False,True,apto,0.166285301032093
requerimiento_importacion_total,Requerimiento total de importaciones intermedias,millones por millón de demanda final,codigo_ascendente,90,90,P058,Aguas minerales y otras aguas embotelladas,False,True,apto,0.165413057919392
requerimiento_importacion_total,Requerimiento total de importaciones intermedias,millones por millón de demanda final,codigo_ascendente,91,91,P146,"Servicios audiovisuales, recreativos, culturales y deportivos",False,True,apto,0.156754021273211
requerimiento_importacion_total,Requerimiento total de importaciones intermedias,millones por millón de demanda final,codigo_ascendente,92,92,P052,"Azúcar de caña sin refinar y refinada, melaza y los demás azúcares n.c.p.",False,True,apto,0.156451982340809
requerimiento_importacion_total,Requerimiento total de importaciones intermedias,millones por millón de demanda final,codigo_ascendente,93,93,P136,Servicios de manufactura,False,True,apto,0.155003047103885
requerimiento_importacion_total,Requerimiento total de importaciones intermedias,millones por millón de demanda final,codigo_ascendente,94,94,P110,Servicio de alojamiento,False,True,apto,0.154929122443262
requerimiento_importacion_total,Requerimiento total de importaciones intermedias,millones por millón de demanda final,codigo_ascendente,95,95,P112,"Servicios de información, telecomunicaciones y radiodifusión",False,True,apto,0.152671022915693
requerimiento_importacion_total,Requerimiento total de importaciones intermedias,millones por millón de demanda final,codigo_ascendente,96,96,P103,Mantenimiento y reparación de vehículos automotores y motocicletas,False,True,apto,0.151888835527997
requerimiento_importacion_total,Requerimiento total de importaciones intermedias,millones por millón de demanda final,codigo_ascendente,97,97,P014,"Berries, otras frutas y semillas de frutas",False,True,apto,0.151811312219625
requerimiento_importacion_total,Requerimiento total de importaciones intermedias,millones por millón de demanda final,codigo_ascendente,98,98,P133,Servicios de reparación de otros bienes,False,True,apto,0.147288616694394
requerimiento_importacion_total,Requerimiento total de importaciones intermedias,millones por millón de demanda final,codigo_ascendente,99,99,P002,Frijoles,False,True,apto,0.146196510702536
requerimiento_importacion_total,Requerimiento total de importaciones intermedias,millones por millón de demanda final,codigo_ascendente,100,100,P124,Servicios de publicidad y estudios de mercado,False,True,apto,0.14270466787991
requerimiento_importacion_total,Requerimiento total de importaciones intermedias,millones por millón de demanda final,codigo_ascendente,101,101,P006,Hortalizas,False,True,apto,0.141624522021827
requerimiento_importacion_total,Requerimiento total de importaciones intermedias,millones por millón de demanda final,codigo_ascendente,102,102,P144,Servicios médicos y dentales,False,True,apto,0.14066109443851
requerimiento_importacion_total,Requerimiento total de importaciones intermedias,millones por millón de demanda final,codigo_ascendente,103,103,P011,Tabaco y otras plantas no perennes,False,True,apto,0.14040759194531
requerimiento_importacion_total,Requerimiento total de importaciones intermedias,millones por millón de demanda final,codigo_ascendente,104,104,P108,Otros servicios de apoyo al transporte,False,True,apto,0.139374082078503
requerimiento_importacion_total,Requerimiento total de importaciones intermedias,millones por millón de demanda final,codigo_ascendente,105,105,P096,Agua natural y distribución de agua natural,False,True,apto,0.138827207423798
requerimiento_importacion_total,Requerimiento total de importaciones intermedias,millones por millón de demanda final,codigo_ascendente,106,106,P113,Servicios de banco central,False,True,apto,0.138226272008153
requerimiento_importacion_total,Requerimiento total de importaciones intermedias,millones por millón de demanda final,codigo_ascendente,107,107,P148,Servicios de asociaciones que sirven a los hogares,False,True,apto,0.136766480103648
requerimiento_importacion_total,Requerimiento total de importaciones intermedias,millones por millón de demanda final,codigo_ascendente,108,108,P121,Servicios de tecnología de la información,False,True,apto,0.136385428391648
requerimiento_importacion_total,Requerimiento total de importaciones intermedias,millones por millón de demanda final,codigo_ascendente,109,109,P145,Otros servicios de atención de la salud humana,False,True,apto,0.131056889670125
requerimiento_importacion_total,Requerimiento total de importaciones intermedias,millones por millón de demanda final,codigo_ascendente,110,110,P008,Ejotes y arvejas,False,True,apto,0.12997791132522
requerimiento_importacion_total,Requerimiento total de importaciones intermedias,millones por millón de demanda final,codigo_ascendente,111,111,P021,Ganado bovino,False,True,apto,0.125824000637748
requerimiento_importacion_total,Requerimiento total de importaciones intermedias,millones por millón de demanda final,codigo_ascendente,112,112,P094,Residuos y desechos,False,True,apto,0.124118504610373
requerimiento_importacion_total,Requerimiento total de importaciones intermedias,millones por millón de demanda final,codigo_ascendente,113,113,P026,Otros productos de animales vivos,False,True,apto,0.115241788311207
requerimiento_importacion_total,Requerimiento total de importaciones intermedias,millones por millón de demanda final,codigo_ascendente,114,114,P034,Carne y despojos comestibles de ganado bovino; cueros y pieles de bovino y de otros animales,False,True,apto,0.114292030429418
requerimiento_importacion_total,Requerimiento total de importaciones intermedias,millones por millón de demanda final,codigo_ascendente,115,115,P139,Otros servicios administrativos,False,True,apto,0.113469604803915
requerimiento_importacion_total,Requerimiento total de importaciones intermedias,millones por millón de demanda final,codigo_ascendente,116,116,P028,Productos forestales no madereros,False,True,apto,0.108083565703988
requerimiento_importacion_total,Requerimiento total de importaciones intermedias,millones por millón de demanda final,codigo_ascendente,117,117,P143,Servicios de hospitalización,False,True,apto,0.105520393964934
requerimiento_importacion_total,Requerimiento total de importaciones intermedias,millones por millón de demanda final,codigo_ascendente,118,118,P127,"Servicios de agencias de viajes, operadores turísticos y actividades conexas",False,True,apto,0.103552380725461
requerimiento_importacion_total,Requerimiento total de importaciones intermedias,millones por millón de demanda final,codigo_ascendente,119,119,P125,Servicios de arrendamiento o alquiler sin operador,False,True,apto,0.100141927343824
requerimiento_importacion_total,Requerimiento total de importaciones intermedias,millones por millón de demanda final,codigo_ascendente,120,120,P013,Frutas tropicales y subtropicales,False,True,apto,0.0957417377057701
requerimiento_importacion_total,Requerimiento total de importaciones intermedias,millones por millón de demanda final,codigo_ascendente,121,121,P068,"Gasolinas, diésel oil y fuel oils",False,True,apto,0.0951265332168361
requerimiento_importacion_total,Requerimiento total de importaciones intermedias,millones por millón de demanda final,codigo_ascendente,122,122,P147,Servicios de asociaciones que sirven a las empresas,False,True,apto,0.087882722776927
requerimiento_importacion_total,Requerimiento total de importaciones intermedias,millones por millón de demanda final,codigo_ascendente,123,123,P122,"Servicios de arquitectura e ingeniería, ensayos y análisis técnicos",False,True,apto,0.0862589164234942
requerimiento_importacion_total,Requerimiento total de importaciones intermedias,millones por millón de demanda final,codigo_ascendente,124,124,P141,Servicios administrativos relacionados con los sistemas de seguridad social de afiliación obligatoria,False,True,apto,0.0859248596934717
requerimiento_importacion_total,Requerimiento total de importaciones intermedias,millones por millón de demanda final,codigo_ascendente,125,125,P017,Cardamomo,False,True,apto,0.0854625903369398
requerimiento_importacion_total,Requerimiento total de importaciones intermedias,millones por millón de demanda final,codigo_ascendente,126,126,P016,Café en grano,False,True,apto,0.0853621529349063
requerimiento_importacion_total,Requerimiento total de importaciones intermedias,millones por millón de demanda final,codigo_ascendente,127,127,P131,"Servicios administrativos, de apoyo de oficina y otros servicios de apoyo a las empresas",False,True,apto,0.0842322226338661
requerimiento_importacion_total,Requerimiento total de importaciones intermedias,millones por millón de demanda final,codigo_ascendente,128,128,P027,Troncos de madera y leña,False,True,apto,0.0740810511333983
requerimiento_importacion_total,Requerimiento total de importaciones intermedias,millones por millón de demanda final,codigo_ascendente,129,129,P138,"Servicios públicos administrativos relacionados con la provisión de servicios educativos, de salud, servicios sociales, culturales y otros, sin contar los servicios de seguridad social",False,True,apto,0.073627874171302
requerimiento_importacion_total,Requerimiento total de importaciones intermedias,millones por millón de demanda final,codigo_ascendente,130,130,P117,Servicios auxiliares de la intermediación financiera,False,True,apto,0.0729556073499754
requerimiento_importacion_total,Requerimiento total de importaciones intermedias,millones por millón de demanda final,codigo_ascendente,131,131,P102,Servicios de comercio,False,True,apto,0.0720640395044682
requerimiento_importacion_total,Requerimiento total de importaciones intermedias,millones por millón de demanda final,codigo_ascendente,132,132,P129,Servicios de limpieza,False,True,apto,0.0712158360419843
requerimiento_importacion_total,Requerimiento total de importaciones intermedias,millones por millón de demanda final,codigo_ascendente,133,133,P115,Servicios de Intermediación Financiera Medidos Indirectamente (SIFMI),False,True,apto,0.0613305284402154
requerimiento_importacion_total,Requerimiento total de importaciones intermedias,millones por millón de demanda final,codigo_ascendente,134,134,P123,"Otros servicios profesionales, científicos y técnicos",False,True,apto,0.0613060097645435
requerimiento_importacion_total,Requerimiento total de importaciones intermedias,millones por millón de demanda final,codigo_ascendente,135,135,P107,Servicios de almacenamiento y depósito,False,True,apto,0.0576369814392104
requerimiento_importacion_total,Requerimiento total de importaciones intermedias,millones por millón de demanda final,codigo_ascendente,136,136,P119,"Otros servicios inmobiliarios, excepto alquiler de vivienda",False,True,apto,0.0511416039910297
requerimiento_importacion_total,Requerimiento total de importaciones intermedias,millones por millón de demanda final,codigo_ascendente,137,137,P140,Servicios públicos administrativos prestados a la comunidad en su conjunto,False,True,apto,0.0509354948594861
requerimiento_importacion_total,Requerimiento total de importaciones intermedias,millones por millón de demanda final,codigo_ascendente,138,138,P128,"Servicios de seguridad, sistemas de seguridad e investigación privada",False,True,apto,0.0484182183958957
requerimiento_importacion_total,Requerimiento total de importaciones intermedias,millones por millón de demanda final,codigo_ascendente,139,139,P134,"Servicios de apoyo a la agricultura, caza, silvicultura y pesca",False,True,apto,0.0460234096462225
requerimiento_importacion_total,Requerimiento total de importaciones intermedias,millones por millón de demanda final,codigo_ascendente,140,140,P149,Otros servicios,False,True,apto,0.045735398043806
requerimiento_importacion_total,Requerimiento total de importaciones intermedias,millones por millón de demanda final,codigo_ascendente,141,141,P120,"Servicios jurídicos, de contabilidad, auditoría, teneduría de libros y consultoría fiscal",False,True,apto,0.043789897715542
requerimiento_importacion_total,Requerimiento total de importaciones intermedias,millones por millón de demanda final,codigo_ascendente,142,142,P142,Servicios de enseñanza,False,True,apto,0.0404107766575167
requerimiento_importacion_total,Requerimiento total de importaciones intermedias,millones por millón de demanda final,codigo_ascendente,143,143,P130,Servicios telefónicos de centros de llamadas,False,True,apto,0.0369071297448946
requerimiento_importacion_total,Requerimiento total de importaciones intermedias,millones por millón de demanda final,codigo_ascendente,144,144,P126,Servicios  de agencias de empleo y de dotación de recursos humanos,False,True,apto,0.0268837008220452
requerimiento_importacion_total,Requerimiento total de importaciones intermedias,millones por millón de demanda final,codigo_ascendente,145,145,P118,Servicios de alquiler de vivienda,False,True,apto,0.0121380814565413
requerimiento_importacion_total,Requerimiento total de importaciones intermedias,millones por millón de demanda final,codigo_ascendente,146,146,P069,"Aceites, grasas lubricantes y otros aceites preparados",True,False,solo_completitud_algebraica,0
requerimiento_importacion_total,Requerimiento total de importaciones intermedias,millones por millón de demanda final,codigo_ascendente,147,146,P086,Electrodomésticos y sus partes,True,False,solo_completitud_algebraica,0
requerimiento_importacion_total,Requerimiento total de importaciones intermedias,millones por millón de demanda final,codigo_ascendente,148,146,P087,"Maquinaria de oficina, contabilidad e informática, sus partes y piezas",True,False,solo_completitud_algebraica,0
requerimiento_importacion_total,Requerimiento total de importaciones intermedias,millones por millón de demanda final,codigo_ascendente,149,146,P089,"Equipo y aparatos de radio, televisión y comunicaciones",True,False,solo_completitud_algebraica,0
requerimiento_importacion_total,Requerimiento total de importaciones intermedias,millones por millón de demanda final,codigo_ascendente,150,146,P150,Servicios domésticos,False,True,apto,0
requerimiento_importacion_total,Requerimiento total de importaciones intermedias,millones por millón de demanda final,codigo_ascendente,151,146,P151,Compras directas en el exterior por residentes,True,False,solo_completitud_algebraica,0
requerimiento_importacion_total,Requerimiento total de importaciones intermedias,millones por millón de demanda final,codigo_ascendente,152,146,P152,Compras directas en el territorio nacional por no residentes,True,False,solo_completitud_algebraica,0
multiplicador_valor_agregado,Multiplicador de valor agregado,millones por millón de demanda final,codigo_ascendente,1,1,P150,Servicios domésticos,False,True,apto,1
multiplicador_valor_agregado,Multiplicador de valor agregado,millones por millón de demanda final,codigo_ascendente,2,2,P118,Servicios de alquiler de vivienda,False,True,apto,0.985627054226479
multiplicador_valor_agregado,Multiplicador de valor agregado,millones por millón de demanda final,codigo_ascendente,3,3,P126,Servicios  de agencias de empleo y de dotación de recursos humanos,False,True,apto,0.969026400747294
multiplicador_valor_agregado,Multiplicador de valor agregado,millones por millón de demanda final,codigo_ascendente,4,4,P130,Servicios telefónicos de centros de llamadas,False,True,apto,0.955620623938909
multiplicador_valor_agregado,Multiplicador de valor agregado,millones por millón de demanda final,codigo_ascendente,5,5,P142,Servicios de enseñanza,False,True,apto,0.953548831082387
multiplicador_valor_agregado,Multiplicador de valor agregado,millones por millón de demanda final,codigo_ascendente,6,6,P120,"Servicios jurídicos, de contabilidad, auditoría, teneduría de libros y consultoría fiscal",False,True,apto,0.949335474400063
multiplicador_valor_agregado,Multiplicador de valor agregado,millones por millón de demanda final,codigo_ascendente,7,7,P149,Otros servicios,False,True,apto,0.94848432151521
multiplicador_valor_agregado,Multiplicador de valor agregado,millones por millón de demanda final,codigo_ascendente,8,8,P134,"Servicios de apoyo a la agricultura, caza, silvicultura y pesca",False,True,apto,0.94666090881926
multiplicador_valor_agregado,Multiplicador de valor agregado,millones por millón de demanda final,codigo_ascendente,9,9,P128,"Servicios de seguridad, sistemas de seguridad e investigación privada",False,True,apto,0.944588551101351
multiplicador_valor_agregado,Multiplicador de valor agregado,millones por millón de demanda final,codigo_ascendente,10,10,P140,Servicios públicos administrativos prestados a la comunidad en su conjunto,False,True,apto,0.942385697797752
multiplicador_valor_agregado,Multiplicador de valor agregado,millones por millón de demanda final,codigo_ascendente,11,11,P119,"Otros servicios inmobiliarios, excepto alquiler de vivienda",False,True,apto,0.937791446309213
multiplicador_valor_agregado,Multiplicador de valor agregado,millones por millón de demanda final,codigo_ascendente,12,12,P107,Servicios de almacenamiento y depósito,False,True,apto,0.929248084832118
multiplicador_valor_agregado,Multiplicador de valor agregado,millones por millón de demanda final,codigo_ascendente,13,13,P115,Servicios de Intermediación Financiera Medidos Indirectamente (SIFMI),False,True,apto,0.929076804755124
multiplicador_valor_agregado,Multiplicador de valor agregado,millones por millón de demanda final,codigo_ascendente,14,14,P123,"Otros servicios profesionales, científicos y técnicos",False,True,apto,0.928407476358328
multiplicador_valor_agregado,Multiplicador de valor agregado,millones por millón de demanda final,codigo_ascendente,15,15,P129,Servicios de limpieza,False,True,apto,0.918454368970357
multiplicador_valor_agregado,Multiplicador de valor agregado,millones por millón de demanda final,codigo_ascendente,16,16,P027,Troncos de madera y leña,False,True,apto,0.918172837470578
multiplicador_valor_agregado,Multiplicador de valor agregado,millones por millón de demanda final,codigo_ascendente,17,17,P102,Servicios de comercio,False,True,apto,0.917315740528035
multiplicador_valor_agregado,Multiplicador de valor agregado,millones por millón de demanda final,codigo_ascendente,18,18,P117,Servicios auxiliares de la intermediación financiera,False,True,apto,0.91486003940538
multiplicador_valor_agregado,Multiplicador de valor agregado,millones por millón de demanda final,codigo_ascendente,19,19,P138,"Servicios públicos administrativos relacionados con la provisión de servicios educativos, de salud, servicios sociales, culturales y otros, sin contar los servicios de seguridad social",False,True,apto,0.91421171555367
multiplicador_valor_agregado,Multiplicador de valor agregado,millones por millón de demanda final,codigo_ascendente,20,20,P016,Café en grano,False,True,apto,0.909518994911223
multiplicador_valor_agregado,Multiplicador de valor agregado,millones por millón de demanda final,codigo_ascendente,21,21,P017,Cardamomo,False,True,apto,0.908592695193989
multiplicador_valor_agregado,Multiplicador de valor agregado,millones por millón de demanda final,codigo_ascendente,22,22,P141,Servicios administrativos relacionados con los sistemas de seguridad social de afiliación obligatoria,False,True,apto,0.907494696518635
multiplicador_valor_agregado,Multiplicador de valor agregado,millones por millón de demanda final,codigo_ascendente,23,23,P131,"Servicios administrativos, de apoyo de oficina y otros servicios de apoyo a las empresas",False,True,apto,0.902940559822306
multiplicador_valor_agregado,Multiplicador de valor agregado,millones por millón de demanda final,codigo_ascendente,24,24,P002,Frijoles,False,True,apto,0.900535949762359
multiplicador_valor_agregado,Multiplicador de valor agregado,millones por millón de demanda final,codigo_ascendente,25,25,P013,Frutas tropicales y subtropicales,False,True,apto,0.899911227809127
multiplicador_valor_agregado,Multiplicador de valor agregado,millones por millón de demanda final,codigo_ascendente,26,26,P122,"Servicios de arquitectura e ingeniería, ensayos y análisis técnicos",False,True,apto,0.899402705391765
multiplicador_valor_agregado,Multiplicador de valor agregado,millones por millón de demanda final,codigo_ascendente,27,27,P068,"Gasolinas, diésel oil y fuel oils",False,True,apto,0.898396189146996
multiplicador_valor_agregado,Multiplicador de valor agregado,millones por millón de demanda final,codigo_ascendente,28,28,P147,Servicios de asociaciones que sirven a las empresas,False,True,apto,0.897344301548556
multiplicador_valor_agregado,Multiplicador de valor agregado,millones por millón de demanda final,codigo_ascendente,29,29,P125,Servicios de arrendamiento o alquiler sin operador,False,True,apto,0.887298866908179
multiplicador_valor_agregado,Multiplicador de valor agregado,millones por millón de demanda final,codigo_ascendente,30,30,P143,Servicios de hospitalización,False,True,apto,0.8829699444001
multiplicador_valor_agregado,Multiplicador de valor agregado,millones por millón de demanda final,codigo_ascendente,31,31,P028,Productos forestales no madereros,False,True,apto,0.881934625163759
multiplicador_valor_agregado,Multiplicador de valor agregado,millones por millón de demanda final,codigo_ascendente,32,32,P127,"Servicios de agencias de viajes, operadores turísticos y actividades conexas",False,True,apto,0.880548366680096
multiplicador_valor_agregado,Multiplicador de valor agregado,millones por millón de demanda final,codigo_ascendente,33,33,P034,Carne y despojos comestibles de ganado bovino; cueros y pieles de bovino y de otros animales,False,True,apto,0.877440642118512
multiplicador_valor_agregado,Multiplicador de valor agregado,millones por millón de demanda final,codigo_ascendente,34,34,P026,Otros productos de animales vivos,False,True,apto,0.877023316340776
multiplicador_valor_agregado,Multiplicador de valor agregado,millones por millón de demanda final,codigo_ascendente,35,35,P021,Ganado bovino,False,True,apto,0.869428304106763
multiplicador_valor_agregado,Multiplicador de valor agregado,millones por millón de demanda final,codigo_ascendente,36,36,P139,Otros servicios administrativos,False,True,apto,0.866941575030727
multiplicador_valor_agregado,Multiplicador de valor agregado,millones por millón de demanda final,codigo_ascendente,37,37,P008,Ejotes y arvejas,False,True,apto,0.864122688424759
multiplicador_valor_agregado,Multiplicador de valor agregado,millones por millón de demanda final,codigo_ascendente,38,38,P094,Residuos y desechos,False,True,apto,0.860796186195698
multiplicador_valor_agregado,Multiplicador de valor agregado,millones por millón de demanda final,codigo_ascendente,39,39,P145,Otros servicios de atención de la salud humana,False,True,apto,0.852524502525042
multiplicador_valor_agregado,Multiplicador de valor agregado,millones por millón de demanda final,codigo_ascendente,40,40,P006,Hortalizas,False,True,apto,0.851803560923651
multiplicador_valor_agregado,Multiplicador de valor agregado,millones por millón de demanda final,codigo_ascendente,41,41,P011,Tabaco y otras plantas no perennes,False,True,apto,0.851763595569138
multiplicador_valor_agregado,Multiplicador de valor agregado,millones por millón de demanda final,codigo_ascendente,42,42,P121,Servicios de tecnología de la información,False,True,apto,0.849133368971836
multiplicador_valor_agregado,Multiplicador de valor agregado,millones por millón de demanda final,codigo_ascendente,43,43,P108,Otros servicios de apoyo al transporte,False,True,apto,0.845916961900725
multiplicador_valor_agregado,Multiplicador de valor agregado,millones por millón de demanda final,codigo_ascendente,44,44,P096,Agua natural y distribución de agua natural,False,True,apto,0.84531195246635
multiplicador_valor_agregado,Multiplicador de valor agregado,millones por millón de demanda final,codigo_ascendente,45,45,P144,Servicios médicos y dentales,False,True,apto,0.844688704369553
multiplicador_valor_agregado,Multiplicador de valor agregado,millones por millón de demanda final,codigo_ascendente,46,46,P133,Servicios de reparación de otros bienes,False,True,apto,0.843299361325547
multiplicador_valor_agregado,Multiplicador de valor agregado,millones por millón de demanda final,codigo_ascendente,47,47,P014,"Berries, otras frutas y semillas de frutas",False,True,apto,0.842137539368138
multiplicador_valor_agregado,Multiplicador de valor agregado,millones por millón de demanda final,codigo_ascendente,48,48,P124,Servicios de publicidad y estudios de mercado,False,True,apto,0.841628898960413
multiplicador_valor_agregado,Multiplicador de valor agregado,millones por millón de demanda final,codigo_ascendente,49,49,P148,Servicios de asociaciones que sirven a los hogares,False,True,apto,0.838682410742673
multiplicador_valor_agregado,Multiplicador de valor agregado,millones por millón de demanda final,codigo_ascendente,50,50,P113,Servicios de banco central,False,True,apto,0.836442697480403
multiplicador_valor_agregado,Multiplicador de valor agregado,millones por millón de demanda final,codigo_ascendente,51,51,P112,"Servicios de información, telecomunicaciones y radiodifusión",False,True,apto,0.836391654703318
multiplicador_valor_agregado,Multiplicador de valor agregado,millones por millón de demanda final,codigo_ascendente,52,52,P136,Servicios de manufactura,False,True,apto,0.834324526577772
multiplicador_valor_agregado,Multiplicador de valor agregado,millones por millón de demanda final,codigo_ascendente,53,53,P103,Mantenimiento y reparación de vehículos automotores y motocicletas,False,True,apto,0.833193714444127
multiplicador_valor_agregado,Multiplicador de valor agregado,millones por millón de demanda final,codigo_ascendente,54,54,P052,"Azúcar de caña sin refinar y refinada, melaza y los demás azúcares n.c.p.",False,True,apto,0.830110824697337
multiplicador_valor_agregado,Multiplicador de valor agregado,millones por millón de demanda final,codigo_ascendente,55,55,P110,Servicio de alojamiento,False,True,apto,0.828730424837768
multiplicador_valor_agregado,Multiplicador de valor agregado,millones por millón de demanda final,codigo_ascendente,56,56,P001,Maíz,False,True,apto,0.827822610636612
multiplicador_valor_agregado,Multiplicador de valor agregado,millones por millón de demanda final,codigo_ascendente,57,57,P146,"Servicios audiovisuales, recreativos, culturales y deportivos",False,True,apto,0.826003467709662
multiplicador_valor_agregado,Multiplicador de valor agregado,millones por millón de demanda final,codigo_ascendente,58,58,P025,Huevos,False,True,apto,0.825366991278467
multiplicador_valor_agregado,Multiplicador de valor agregado,millones por millón de demanda final,codigo_ascendente,59,59,P058,Aguas minerales y otras aguas embotelladas,False,True,apto,0.824419914090204
multiplicador_valor_agregado,Multiplicador de valor agregado,millones por millón de demanda final,codigo_ascendente,60,60,P007,Sandías y melones,False,True,apto,0.821375571778245
multiplicador_valor_agregado,Multiplicador de valor agregado,millones por millón de demanda final,codigo_ascendente,61,61,P015,Palma africana,False,True,apto,0.817537070104276
multiplicador_valor_agregado,Multiplicador de valor agregado,millones por millón de demanda final,codigo_ascendente,62,62,P033,Minerales no metálicos,False,True,apto,0.816938457760345
multiplicador_valor_agregado,Multiplicador de valor agregado,millones por millón de demanda final,codigo_ascendente,63,63,P061,Cuero de piel curtida o adobada y cuero artificial o regenerado y artículos de cuero,False,True,apto,0.813475477537949
multiplicador_valor_agregado,Multiplicador de valor agregado,millones por millón de demanda final,codigo_ascendente,64,64,P018,Caucho natural,False,True,apto,0.811834466898216
multiplicador_valor_agregado,Multiplicador de valor agregado,millones por millón de demanda final,codigo_ascendente,65,65,P114,Otros servicios financieros y servicios de banca de inversión,False,True,apto,0.809024545580401
multiplicador_valor_agregado,Multiplicador de valor agregado,millones por millón de demanda final,codigo_ascendente,66,66,P009,Raíces y tubérculos,False,True,apto,0.80850882379117
multiplicador_valor_agregado,Multiplicador de valor agregado,millones por millón de demanda final,codigo_ascendente,67,67,P097,"Evacuación de aguas residuales, recogida, tratamiento y eliminación de desechos",False,True,apto,0.807852621998815
multiplicador_valor_agregado,Multiplicador de valor agregado,millones por millón de demanda final,codigo_ascendente,68,68,P079,"Cemento, cal y yeso",False,True,apto,0.806356950775355
multiplicador_valor_agregado,Multiplicador de valor agregado,millones por millón de demanda final,codigo_ascendente,69,69,P051,"Tortillas de maíz, incluso tostadas, horneadas o fritas",False,True,apto,0.80554940205178
multiplicador_valor_agregado,Multiplicador de valor agregado,millones por millón de demanda final,codigo_ascendente,70,70,P020,"Otros frutos oleaginosos, otras plantas bebestibles y especias aromáticas",False,True,apto,0.805229491602754
multiplicador_valor_agregado,Multiplicador de valor agregado,millones por millón de demanda final,codigo_ascendente,71,71,P137,Servicios públicos del gobierno general,False,True,apto,0.802857419632743
multiplicador_valor_agregado,Multiplicador de valor agregado,millones por millón de demanda final,codigo_ascendente,72,72,P080,"Artículos de hormigón, cemento y yeso",False,True,apto,0.800126521728517
multiplicador_valor_agregado,Multiplicador de valor agregado,millones por millón de demanda final,codigo_ascendente,73,73,P055,"Aguardientes, licores, vinos, demás bebidas espirituosas y productos del tabaco",False,True,apto,0.798953664528395
multiplicador_valor_agregado,Multiplicador de valor agregado,millones por millón de demanda final,codigo_ascendente,74,74,P010,Caña de azúcar y otras plantas azucareras,False,True,apto,0.791234837613866
multiplicador_valor_agregado,Multiplicador de valor agregado,millones por millón de demanda final,codigo_ascendente,75,75,P032,Minerales metálicos,False,True,apto,0.79121048867976
multiplicador_valor_agregado,Multiplicador de valor agregado,millones por millón de demanda final,codigo_ascendente,76,76,P098,Edificaciones residenciales,False,True,apto,0.790004201795111
multiplicador_valor_agregado,Multiplicador de valor agregado,millones por millón de demanda final,codigo_ascendente,77,77,P012,"Bananos, plátanos y otros",False,True,apto,0.787681607461893
multiplicador_valor_agregado,Multiplicador de valor agregado,millones por millón de demanda final,codigo_ascendente,78,78,P035,Carne y despojos comestibles de ganado porcino,False,True,apto,0.781849410150103
multiplicador_valor_agregado,Multiplicador de valor agregado,millones por millón de demanda final,codigo_ascendente,79,79,P109,Servicios postales y de mensajería,False,True,apto,0.779900116074174
multiplicador_valor_agregado,Multiplicador de valor agregado,millones por millón de demanda final,codigo_ascendente,80,80,P078,Productos de cerámica y arcilla,False,True,apto,0.778188947192621
multiplicador_valor_agregado,Multiplicador de valor agregado,millones por millón de demanda final,codigo_ascendente,81,81,P031,Petróleo crudo y gas natural,False,True,apto,0.777662335757162
multiplicador_valor_agregado,Multiplicador de valor agregado,millones por millón de demanda final,codigo_ascendente,82,82,P066,Productos de la edición,False,True,apto,0.776024423814684
multiplicador_valor_agregado,Multiplicador de valor agregado,millones por millón de demanda final,codigo_ascendente,83,83,P111,Servicio de suministro de comidas y bebidas,False,True,apto,0.775665148475364
multiplicador_valor_agregado,Multiplicador de valor agregado,millones por millón de demanda final,codigo_ascendente,84,84,P041,Preparaciones y conservas de frutas y nueces,False,True,apto,0.775130997641315
multiplicador_valor_agregado,Multiplicador de valor agregado,millones por millón de demanda final,codigo_ascendente,85,85,P063,"Madera aserrada y acepillada, productos de madera, corcho, paja y materiales trenzables",False,True,apto,0.775085657774497
multiplicador_valor_agregado,Multiplicador de valor agregado,millones por millón de demanda final,codigo_ascendente,86,86,P043,Aceites de origen vegetal,False,True,apto,0.77406363892499
multiplicador_valor_agregado,Multiplicador de valor agregado,millones por millón de demanda final,codigo_ascendente,87,87,P100,Obras de ingeniería civil,False,True,apto,0.772221535740408
multiplicador_valor_agregado,Multiplicador de valor agregado,millones por millón de demanda final,codigo_ascendente,88,88,P070,"Gases de petróleo, otros productos de la refinación de petróleo n.c.p.",False,True,apto,0.760672299568157
multiplicador_valor_agregado,Multiplicador de valor agregado,millones por millón de demanda final,codigo_ascendente,89,89,P095,"Generación y distribución de energía eléctrica, gas, vapor y aire acondicionado",False,True,apto,0.757137871107354
multiplicador_valor_agregado,Multiplicador de valor agregado,millones por millón de demanda final,codigo_ascendente,90,90,P036,Carne y despojos comestibles de aves,False,True,apto,0.756344293131432
multiplicador_valor_agregado,Multiplicador de valor agregado,millones por millón de demanda final,codigo_ascendente,91,91,P106,Otros tipos de transporte,False,True,apto,0.751625345813591
multiplicador_valor_agregado,Multiplicador de valor agregado,millones por millón de demanda final,codigo_ascendente,92,92,P005,Otros cereales,False,True,apto,0.751537562697925
multiplicador_valor_agregado,Multiplicador de valor agregado,millones por millón de demanda final,codigo_ascendente,93,93,P092,Muebles,False,True,apto,0.751280473986635
multiplicador_valor_agregado,Multiplicador de valor agregado,millones por millón de demanda final,codigo_ascendente,94,94,P046,Otros productos lácteos n.c.p.,False,True,apto,0.749285176986798
multiplicador_valor_agregado,Multiplicador de valor agregado,millones por millón de demanda final,codigo_ascendente,95,95,P045,Leche líquida y crema procesada,False,True,apto,0.745882888175416
multiplicador_valor_agregado,Multiplicador de valor agregado,millones por millón de demanda final,codigo_ascendente,96,96,P101,Servicios generales y especializados de construcción,False,True,apto,0.743965448504426
multiplicador_valor_agregado,Multiplicador de valor agregado,millones por millón de demanda final,codigo_ascendente,97,97,P044,"Margarina, grasas y otros aceites de origen animal y vegetal",False,True,apto,0.741317684641912
multiplicador_valor_agregado,Multiplicador de valor agregado,millones por millón de demanda final,codigo_ascendente,98,98,P030,Crustáceos sin congelar y otros productos de la pesca,False,True,apto,0.736653040250023
multiplicador_valor_agregado,Multiplicador de valor agregado,millones por millón de demanda final,codigo_ascendente,99,99,P037,Carne y despojos de otros animales y conservas y preparados de carne,False,True,apto,0.736503962745114
multiplicador_valor_agregado,Multiplicador de valor agregado,millones por millón de demanda final,codigo_ascendente,100,100,P116,"Servicios de seguro, reaseguro y fondos de pensiones",False,True,apto,0.711055330210661
multiplicador_valor_agregado,Multiplicador de valor agregado,millones por millón de demanda final,codigo_ascendente,101,101,P074,Otros productos químicos,False,True,apto,0.710973335158759
multiplicador_valor_agregado,Multiplicador de valor agregado,millones por millón de demanda final,codigo_ascendente,102,102,P099,Edificaciones no residenciales,False,True,apto,0.710586968519237
multiplicador_valor_agregado,Multiplicador de valor agregado,millones por millón de demanda final,codigo_ascendente,103,103,P093,Otros artículos n.c.p.,False,True,apto,0.709916085844519
multiplicador_valor_agregado,Multiplicador de valor agregado,millones por millón de demanda final,codigo_ascendente,104,104,P003,Leguminosas (legumbres secas) y semillas oleaginosas,False,True,apto,0.706533609791842
multiplicador_valor_agregado,Multiplicador de valor agregado,millones por millón de demanda final,codigo_ascendente,105,105,P022,Ganado porcino y otro tipo de animales vivos n.c.p.,False,True,apto,0.705867065367304
multiplicador_valor_agregado,Multiplicador de valor agregado,millones por millón de demanda final,codigo_ascendente,106,106,P062,"Calzado y sus partes, de cualquier material y de cualquier uso",False,True,apto,0.703287721149379
multiplicador_valor_agregado,Multiplicador de valor agregado,millones por millón de demanda final,codigo_ascendente,107,107,P050,Pan y otros productos de panadería y repostería n.c.p.,False,True,apto,0.702778427027698
multiplicador_valor_agregado,Multiplicador de valor agregado,millones por millón de demanda final,codigo_ascendente,108,108,P004,Arroz,False,True,apto,0.698115632897373
multiplicador_valor_agregado,Multiplicador de valor agregado,millones por millón de demanda final,codigo_ascendente,109,109,P090,"Aparatos médicos, instrumentos ópticos y de precisión, relojes",False,True,apto,0.697081768463751
multiplicador_valor_agregado,Multiplicador de valor agregado,millones por millón de demanda final,codigo_ascendente,110,110,P029,"Peces vivos, frescos o refrigerados",False,True,apto,0.69560250187365
multiplicador_valor_agregado,Multiplicador de valor agregado,millones por millón de demanda final,codigo_ascendente,111,111,P023,Aves de corral,False,True,apto,0.694499592590091
multiplicador_valor_agregado,Multiplicador de valor agregado,millones por millón de demanda final,codigo_ascendente,112,112,P019,Propagación de plantas,False,True,apto,0.692506298009733
multiplicador_valor_agregado,Multiplicador de valor agregado,millones por millón de demanda final,codigo_ascendente,113,113,P081,Piedras talladas para construcción y otros productos minerales no metálicos n.c.p.,False,True,apto,0.691509800554195
multiplicador_valor_agregado,Multiplicador de valor agregado,millones por millón de demanda final,codigo_ascendente,114,114,P104,Servicio de transporte de pasajeros por vía terrestre,False,True,apto,0.68874843819312
multiplicador_valor_agregado,Multiplicador de valor agregado,millones por millón de demanda final,codigo_ascendente,115,115,P042,Jugos de frutas,False,True,apto,0.68509287198574
multiplicador_valor_agregado,Multiplicador de valor agregado,millones por millón de demanda final,codigo_ascendente,116,116,P105,Servicio de transporte de carga por vía terrestre,False,True,apto,0.665626043195643
multiplicador_valor_agregado,Multiplicador de valor agregado,millones por millón de demanda final,codigo_ascendente,117,117,P040,"Vegetales preparados o en conserva, legumbres y papas",False,True,apto,0.664515614860944
multiplicador_valor_agregado,Multiplicador de valor agregado,millones por millón de demanda final,codigo_ascendente,118,118,P053,Productos alimenticios n.c.p.,False,True,apto,0.653632307390784
multiplicador_valor_agregado,Multiplicador de valor agregado,millones por millón de demanda final,codigo_ascendente,119,119,P060,"Prendas de vestir, adobo y teñido de pieles",False,True,apto,0.651522240306931
multiplicador_valor_agregado,Multiplicador de valor agregado,millones por millón de demanda final,codigo_ascendente,120,120,P067,Productos de la impresión,False,True,apto,0.643131584976072
multiplicador_valor_agregado,Multiplicador de valor agregado,millones por millón de demanda final,codigo_ascendente,121,121,P024,Leche cruda,False,True,apto,0.639527425333582
multiplicador_valor_agregado,Multiplicador de valor agregado,millones por millón de demanda final,codigo_ascendente,122,122,P135,"Servicios de apoyo a la explotación de minas y canteras y los relacionados con la distribución de electricidad, gas y agua",False,True,apto,0.629111209523696
multiplicador_valor_agregado,Multiplicador de valor agregado,millones por millón de demanda final,codigo_ascendente,123,123,P091,Equipo de transporte,False,True,apto,0.626724467524099
multiplicador_valor_agregado,Multiplicador de valor agregado,millones por millón de demanda final,codigo_ascendente,124,124,P057,Bebidas no alcohólicas,False,True,apto,0.616853102710596
multiplicador_valor_agregado,Multiplicador de valor agregado,millones por millón de demanda final,codigo_ascendente,125,125,P077,Vidrio y productos de vidrio,False,True,apto,0.614054998704341
multiplicador_valor_agregado,Multiplicador de valor agregado,millones por millón de demanda final,codigo_ascendente,126,126,P071,"Abonos, fertilizantes y pesticidas",False,True,apto,0.603233723398106
multiplicador_valor_agregado,Multiplicador de valor agregado,millones por millón de demanda final,codigo_ascendente,127,127,P059,"Hilados, tejidos, telas y otros productos textiles excepto prendas de vestir",False,True,apto,0.597307250032971
multiplicador_valor_agregado,Multiplicador de valor agregado,millones por millón de demanda final,codigo_ascendente,128,128,P049,"Otros productos de molinería, almidones y productos de almidón",False,True,apto,0.595529309133663
multiplicador_valor_agregado,Multiplicador de valor agregado,millones por millón de demanda final,codigo_ascendente,129,129,P085,"Maquinaria para usos generales y especiales, sus partes y piezas, excepto electrodomésticos",False,True,apto,0.582758540515199
multiplicador_valor_agregado,Multiplicador de valor agregado,millones por millón de demanda final,codigo_ascendente,130,130,P132,"Servicios de mantenimiento, reparación e instalación de productos metálicos elaborados, maquinaria y equipo",False,True,apto,0.580808662490041
multiplicador_valor_agregado,Multiplicador de valor agregado,millones por millón de demanda final,codigo_ascendente,131,131,P073,"Jabón, preparados de limpieza, perfumes y preparados de toilet",False,True,apto,0.579011305478464
multiplicador_valor_agregado,Multiplicador de valor agregado,millones por millón de demanda final,codigo_ascendente,132,132,P075,Productos farmacéuticos,False,True,apto,0.562231104939178
multiplicador_valor_agregado,Multiplicador de valor agregado,millones por millón de demanda final,codigo_ascendente,133,133,P056,Malta y cerveza de malta,False,True,apto,0.556833768785991
multiplicador_valor_agregado,Multiplicador de valor agregado,millones por millón de demanda final,codigo_ascendente,134,134,P072,"Pinturas, barnices, tintas y productos relacionados",False,True,apto,0.554595328789181
multiplicador_valor_agregado,Multiplicador de valor agregado,millones por millón de demanda final,codigo_ascendente,135,135,P065,Envases de papel y cartón,False,True,apto,0.530925484601766
multiplicador_valor_agregado,Multiplicador de valor agregado,millones por millón de demanda final,codigo_ascendente,136,136,P048,Arroz sin cáscara,False,True,apto,0.528117300212706
multiplicador_valor_agregado,Multiplicador de valor agregado,millones por millón de demanda final,codigo_ascendente,137,137,P039,"Crustáceos, moluscos y demás invertebrados acuáticos congelados, preparados o en conserva y sus productos",False,True,apto,0.526874259150836
multiplicador_valor_agregado,Multiplicador de valor agregado,millones por millón de demanda final,codigo_ascendente,138,138,P054,Preparados para alimentación animal,False,True,apto,0.519158243041542
multiplicador_valor_agregado,Multiplicador de valor agregado,millones por millón de demanda final,codigo_ascendente,139,139,P082,"Métales básicos de hierro y acero, productos primarios de metales preciosos y otros metales no ferrosos",False,True,apto,0.504818346773314
multiplicador_valor_agregado,Multiplicador de valor agregado,millones por millón de demanda final,codigo_ascendente,140,140,P084,Otros productos elaborados de metal,False,True,apto,0.484157655768322
multiplicador_valor_agregado,Multiplicador de valor agregado,millones por millón de demanda final,codigo_ascendente,141,141,P064,Pasta de papel y papel,False,True,apto,0.475532164524862
multiplicador_valor_agregado,Multiplicador de valor agregado,millones por millón de demanda final,codigo_ascendente,142,142,P088,"Maquinaria y aparatos eléctricos, sus partes y piezas",False,True,apto,0.468343493849134
multiplicador_valor_agregado,Multiplicador de valor agregado,millones por millón de demanda final,codigo_ascendente,143,143,P076,Productos de caucho y plástico,False,True,apto,0.466947704520109
multiplicador_valor_agregado,Multiplicador de valor agregado,millones por millón de demanda final,codigo_ascendente,144,144,P083,Productos metálicos estructurales y sus partes de hierro o de acero,False,True,apto,0.432083840554503
multiplicador_valor_agregado,Multiplicador de valor agregado,millones por millón de demanda final,codigo_ascendente,145,145,P038,"Pescado congelado, preparado o en conserva y sus productos",False,True,apto,0.395238125531056
multiplicador_valor_agregado,Multiplicador de valor agregado,millones por millón de demanda final,codigo_ascendente,146,146,P047,Harina de trigo,False,True,apto,0.390574037809175
multiplicador_valor_agregado,Multiplicador de valor agregado,millones por millón de demanda final,codigo_ascendente,147,147,P069,"Aceites, grasas lubricantes y otros aceites preparados",True,False,solo_completitud_algebraica,0
multiplicador_valor_agregado,Multiplicador de valor agregado,millones por millón de demanda final,codigo_ascendente,148,147,P086,Electrodomésticos y sus partes,True,False,solo_completitud_algebraica,0
multiplicador_valor_agregado,Multiplicador de valor agregado,millones por millón de demanda final,codigo_ascendente,149,147,P087,"Maquinaria de oficina, contabilidad e informática, sus partes y piezas",True,False,solo_completitud_algebraica,0
multiplicador_valor_agregado,Multiplicador de valor agregado,millones por millón de demanda final,codigo_ascendente,150,147,P089,"Equipo y aparatos de radio, televisión y comunicaciones",True,False,solo_completitud_algebraica,0
multiplicador_valor_agregado,Multiplicador de valor agregado,millones por millón de demanda final,codigo_ascendente,151,147,P151,Compras directas en el exterior por residentes,True,False,solo_completitud_algebraica,0
multiplicador_valor_agregado,Multiplicador de valor agregado,millones por millón de demanda final,codigo_ascendente,152,147,P152,Compras directas en el territorio nacional por no residentes,True,False,solo_completitud_algebraica,0
multiplicador_empleo_puestos_por_millon,Multiplicador de empleo,puestos por millón de demanda final,codigo_ascendente,1,1,P002,Frijoles,False,True,apto,229.803745578358
multiplicador_empleo_puestos_por_millon,Multiplicador de empleo,puestos por millón de demanda final,codigo_ascendente,2,2,P001,Maíz,False,True,apto,176.585134208582
multiplicador_empleo_puestos_por_millon,Multiplicador de empleo,puestos por millón de demanda final,codigo_ascendente,3,3,P003,Leguminosas (legumbres secas) y semillas oleaginosas,False,True,apto,168.157147724468
multiplicador_empleo_puestos_por_millon,Multiplicador de empleo,puestos por millón de demanda final,codigo_ascendente,4,4,P005,Otros cereales,False,True,apto,153.944503380727
multiplicador_empleo_puestos_por_millon,Multiplicador de empleo,puestos por millón de demanda final,codigo_ascendente,5,5,P051,"Tortillas de maíz, incluso tostadas, horneadas o fritas",False,True,apto,59.3401409886163
multiplicador_empleo_puestos_por_millon,Multiplicador de empleo,puestos por millón de demanda final,codigo_ascendente,6,6,P134,"Servicios de apoyo a la agricultura, caza, silvicultura y pesca",False,True,apto,57.744729376622
multiplicador_empleo_puestos_por_millon,Multiplicador de empleo,puestos por millón de demanda final,codigo_ascendente,7,7,P027,Troncos de madera y leña,False,True,apto,56.115733742335
multiplicador_empleo_puestos_por_millon,Multiplicador de empleo,puestos por millón de demanda final,codigo_ascendente,8,8,P150,Servicios domésticos,False,True,apto,48.6963448312358
multiplicador_empleo_puestos_por_millon,Multiplicador de empleo,puestos por millón de demanda final,codigo_ascendente,9,9,P014,"Berries, otras frutas y semillas de frutas",False,True,apto,44.6289861702445
multiplicador_empleo_puestos_por_millon,Multiplicador de empleo,puestos por millón de demanda final,codigo_ascendente,10,10,P028,Productos forestales no madereros,False,True,apto,44.3971011916315
multiplicador_empleo_puestos_por_millon,Multiplicador de empleo,puestos por millón de demanda final,codigo_ascendente,11,11,P013,Frutas tropicales y subtropicales,False,True,apto,43.4810136740547
multiplicador_empleo_puestos_por_millon,Multiplicador de empleo,puestos por millón de demanda final,codigo_ascendente,12,12,P020,"Otros frutos oleaginosos, otras plantas bebestibles y especias aromáticas",False,True,apto,38.8075029681484
multiplicador_empleo_puestos_por_millon,Multiplicador de empleo,puestos por millón de demanda final,codigo_ascendente,13,13,P017,Cardamomo,False,True,apto,36.7051084962551
multiplicador_empleo_puestos_por_millon,Multiplicador de empleo,puestos por millón de demanda final,codigo_ascendente,14,14,P145,Otros servicios de atención de la salud humana,False,True,apto,32.286131393978
multiplicador_empleo_puestos_por_millon,Multiplicador de empleo,puestos por millón de demanda final,codigo_ascendente,15,15,P004,Arroz,False,True,apto,31.8228369551218
multiplicador_empleo_puestos_por_millon,Multiplicador de empleo,puestos por millón de demanda final,codigo_ascendente,16,16,P016,Café en grano,False,True,apto,31.0967669827668
multiplicador_empleo_puestos_por_millon,Multiplicador de empleo,puestos por millón de demanda final,codigo_ascendente,17,17,P006,Hortalizas,False,True,apto,28.5022870376051
multiplicador_empleo_puestos_por_millon,Multiplicador de empleo,puestos por millón de demanda final,codigo_ascendente,18,18,P008,Ejotes y arvejas,False,True,apto,28.499399117159
multiplicador_empleo_puestos_por_millon,Multiplicador de empleo,puestos por millón de demanda final,codigo_ascendente,19,19,P011,Tabaco y otras plantas no perennes,False,True,apto,28.2017566241153
multiplicador_empleo_puestos_por_millon,Multiplicador de empleo,puestos por millón de demanda final,codigo_ascendente,20,20,P007,Sandías y melones,False,True,apto,28.0639092628854
multiplicador_empleo_puestos_por_millon,Multiplicador de empleo,puestos por millón de demanda final,codigo_ascendente,21,21,P019,Propagación de plantas,False,True,apto,26.3250590391578
multiplicador_empleo_puestos_por_millon,Multiplicador de empleo,puestos por millón de demanda final,codigo_ascendente,22,22,P029,"Peces vivos, frescos o refrigerados",False,True,apto,25.2936930923986
multiplicador_empleo_puestos_por_millon,Multiplicador de empleo,puestos por millón de demanda final,codigo_ascendente,23,23,P022,Ganado porcino y otro tipo de animales vivos n.c.p.,False,True,apto,25.1305493060821
multiplicador_empleo_puestos_por_millon,Multiplicador de empleo,puestos por millón de demanda final,codigo_ascendente,24,24,P009,Raíces y tubérculos,False,True,apto,24.8730876101376
multiplicador_empleo_puestos_por_millon,Multiplicador de empleo,puestos por millón de demanda final,codigo_ascendente,25,25,P063,"Madera aserrada y acepillada, productos de madera, corcho, paja y materiales trenzables",False,True,apto,24.16918585783
multiplicador_empleo_puestos_por_millon,Multiplicador de empleo,puestos por millón de demanda final,codigo_ascendente,26,26,P026,Otros productos de animales vivos,False,True,apto,23.4021537637778
multiplicador_empleo_puestos_por_millon,Multiplicador de empleo,puestos por millón de demanda final,codigo_ascendente,27,27,P035,Carne y despojos comestibles de ganado porcino,False,True,apto,23.235233404828
multiplicador_empleo_puestos_por_millon,Multiplicador de empleo,puestos por millón de demanda final,codigo_ascendente,28,28,P021,Ganado bovino,False,True,apto,22.8005081272785
multiplicador_empleo_puestos_por_millon,Multiplicador de empleo,puestos por millón de demanda final,codigo_ascendente,29,29,P078,Productos de cerámica y arcilla,False,True,apto,19.8219777645451
multiplicador_empleo_puestos_por_millon,Multiplicador de empleo,puestos por millón de demanda final,codigo_ascendente,30,30,P034,Carne y despojos comestibles de ganado bovino; cueros y pieles de bovino y de otros animales,False,True,apto,19.7016380227351
multiplicador_empleo_puestos_por_millon,Multiplicador de empleo,puestos por millón de demanda final,codigo_ascendente,31,31,P126,Servicios  de agencias de empleo y de dotación de recursos humanos,False,True,apto,18.7299849438833
multiplicador_empleo_puestos_por_millon,Multiplicador de empleo,puestos por millón de demanda final,codigo_ascendente,32,32,P030,Crustáceos sin congelar y otros productos de la pesca,False,True,apto,18.6821026995799
multiplicador_empleo_puestos_por_millon,Multiplicador de empleo,puestos por millón de demanda final,codigo_ascendente,33,33,P040,"Vegetales preparados o en conserva, legumbres y papas",False,True,apto,18.5565102604912
multiplicador_empleo_puestos_por_millon,Multiplicador de empleo,puestos por millón de demanda final,codigo_ascendente,34,34,P111,Servicio de suministro de comidas y bebidas,False,True,apto,18.3418995390711
multiplicador_empleo_puestos_por_millon,Multiplicador de empleo,puestos por millón de demanda final,codigo_ascendente,35,35,P054,Preparados para alimentación animal,False,True,apto,18.324596304713
multiplicador_empleo_puestos_por_millon,Multiplicador de empleo,puestos por millón de demanda final,codigo_ascendente,36,36,P049,"Otros productos de molinería, almidones y productos de almidón",False,True,apto,17.9916995500916
multiplicador_empleo_puestos_por_millon,Multiplicador de empleo,puestos por millón de demanda final,codigo_ascendente,37,37,P097,"Evacuación de aguas residuales, recogida, tratamiento y eliminación de desechos",False,True,apto,17.8148339644506
multiplicador_empleo_puestos_por_millon,Multiplicador de empleo,puestos por millón de demanda final,codigo_ascendente,38,38,P133,Servicios de reparación de otros bienes,False,True,apto,17.5526027280567
multiplicador_empleo_puestos_por_millon,Multiplicador de empleo,puestos por millón de demanda final,codigo_ascendente,39,39,P024,Leche cruda,False,True,apto,17.0452813743957
multiplicador_empleo_puestos_por_millon,Multiplicador de empleo,puestos por millón de demanda final,codigo_ascendente,40,40,P012,"Bananos, plátanos y otros",False,True,apto,16.5607414654918
multiplicador_empleo_puestos_por_millon,Multiplicador de empleo,puestos por millón de demanda final,codigo_ascendente,41,41,P098,Edificaciones residenciales,False,True,apto,16.0388449707853
multiplicador_empleo_puestos_por_millon,Multiplicador de empleo,puestos por millón de demanda final,codigo_ascendente,42,42,P045,Leche líquida y crema procesada,False,True,apto,15.9126550744138
multiplicador_empleo_puestos_por_millon,Multiplicador de empleo,puestos por millón de demanda final,codigo_ascendente,43,43,P046,Otros productos lácteos n.c.p.,False,True,apto,15.8242512634689
multiplicador_empleo_puestos_por_millon,Multiplicador de empleo,puestos por millón de demanda final,codigo_ascendente,44,44,P010,Caña de azúcar y otras plantas azucareras,False,True,apto,15.8151165539673
multiplicador_empleo_puestos_por_millon,Multiplicador de empleo,puestos por millón de demanda final,codigo_ascendente,45,45,P033,Minerales no metálicos,False,True,apto,15.7773724587844
multiplicador_empleo_puestos_por_millon,Multiplicador de empleo,puestos por millón de demanda final,codigo_ascendente,46,46,P136,Servicios de manufactura,False,True,apto,15.418606359438
multiplicador_empleo_puestos_por_millon,Multiplicador de empleo,puestos por millón de demanda final,codigo_ascendente,47,47,P092,Muebles,False,True,apto,15.0474059643139
multiplicador_empleo_puestos_por_millon,Multiplicador de empleo,puestos por millón de demanda final,codigo_ascendente,48,48,P061,Cuero de piel curtida o adobada y cuero artificial o regenerado y artículos de cuero,False,True,apto,14.9883213739748
multiplicador_empleo_puestos_por_millon,Multiplicador de empleo,puestos por millón de demanda final,codigo_ascendente,49,49,P128,"Servicios de seguridad, sistemas de seguridad e investigación privada",False,True,apto,14.9015533616773
multiplicador_empleo_puestos_por_millon,Multiplicador de empleo,puestos por millón de demanda final,codigo_ascendente,50,50,P129,Servicios de limpieza,False,True,apto,14.7138133922714
multiplicador_empleo_puestos_por_millon,Multiplicador de empleo,puestos por millón de demanda final,codigo_ascendente,51,51,P023,Aves de corral,False,True,apto,14.5613797108191
multiplicador_empleo_puestos_por_millon,Multiplicador de empleo,puestos por millón de demanda final,codigo_ascendente,52,52,P015,Palma africana,False,True,apto,14.1846213336816
multiplicador_empleo_puestos_por_millon,Multiplicador de empleo,puestos por millón de demanda final,codigo_ascendente,53,53,P041,Preparaciones y conservas de frutas y nueces,False,True,apto,13.8256789467332
multiplicador_empleo_puestos_por_millon,Multiplicador de empleo,puestos por millón de demanda final,codigo_ascendente,54,54,P094,Residuos y desechos,False,True,apto,13.6514090119231
multiplicador_empleo_puestos_por_millon,Multiplicador de empleo,puestos por millón de demanda final,codigo_ascendente,55,55,P142,Servicios de enseñanza,False,True,apto,13.4566726878181
multiplicador_empleo_puestos_por_millon,Multiplicador de empleo,puestos por millón de demanda final,codigo_ascendente,56,56,P025,Huevos,False,True,apto,13.230854462377
multiplicador_empleo_puestos_por_millon,Multiplicador de empleo,puestos por millón de demanda final,codigo_ascendente,57,57,P102,Servicios de comercio,False,True,apto,13.1389314243582
multiplicador_empleo_puestos_por_millon,Multiplicador de empleo,puestos por millón de demanda final,codigo_ascendente,58,58,P036,Carne y despojos comestibles de aves,False,True,apto,13.0699703071533
multiplicador_empleo_puestos_por_millon,Multiplicador de empleo,puestos por millón de demanda final,codigo_ascendente,59,59,P103,Mantenimiento y reparación de vehículos automotores y motocicletas,False,True,apto,12.852913529815
multiplicador_empleo_puestos_por_millon,Multiplicador de empleo,puestos por millón de demanda final,codigo_ascendente,60,60,P096,Agua natural y distribución de agua natural,False,True,apto,12.6351601992538
multiplicador_empleo_puestos_por_millon,Multiplicador de empleo,puestos por millón de demanda final,codigo_ascendente,61,61,P149,Otros servicios,False,True,apto,12.2535506136417
multiplicador_empleo_puestos_por_millon,Multiplicador de empleo,puestos por millón de demanda final,codigo_ascendente,62,62,P110,Servicio de alojamiento,False,True,apto,12.2094863175414
multiplicador_empleo_puestos_por_millon,Multiplicador de empleo,puestos por millón de demanda final,codigo_ascendente,63,63,P037,Carne y despojos de otros animales y conservas y preparados de carne,False,True,apto,11.8800455440057
multiplicador_empleo_puestos_por_millon,Multiplicador de empleo,puestos por millón de demanda final,codigo_ascendente,64,64,P055,"Aguardientes, licores, vinos, demás bebidas espirituosas y productos del tabaco",False,True,apto,11.8623465354027
multiplicador_empleo_puestos_por_millon,Multiplicador de empleo,puestos por millón de demanda final,codigo_ascendente,65,65,P042,Jugos de frutas,False,True,apto,11.7547974979208
multiplicador_empleo_puestos_por_millon,Multiplicador de empleo,puestos por millón de demanda final,codigo_ascendente,66,66,P062,"Calzado y sus partes, de cualquier material y de cualquier uso",False,True,apto,11.7141309531197
multiplicador_empleo_puestos_por_millon,Multiplicador de empleo,puestos por millón de demanda final,codigo_ascendente,67,67,P059,"Hilados, tejidos, telas y otros productos textiles excepto prendas de vestir",False,True,apto,11.3858307827012
multiplicador_empleo_puestos_por_millon,Multiplicador de empleo,puestos por millón de demanda final,codigo_ascendente,68,68,P104,Servicio de transporte de pasajeros por vía terrestre,False,True,apto,11.2832502216556
multiplicador_empleo_puestos_por_millon,Multiplicador de empleo,puestos por millón de demanda final,codigo_ascendente,69,69,P018,Caucho natural,False,True,apto,11.1215625910017
multiplicador_empleo_puestos_por_millon,Multiplicador de empleo,puestos por millón de demanda final,codigo_ascendente,70,70,P060,"Prendas de vestir, adobo y teñido de pieles",False,True,apto,11.0434611965408
multiplicador_empleo_puestos_por_millon,Multiplicador de empleo,puestos por millón de demanda final,codigo_ascendente,71,71,P050,Pan y otros productos de panadería y repostería n.c.p.,False,True,apto,10.7894412688627
multiplicador_empleo_puestos_por_millon,Multiplicador de empleo,puestos por millón de demanda final,codigo_ascendente,72,72,P105,Servicio de transporte de carga por vía terrestre,False,True,apto,10.7000802634631
multiplicador_empleo_puestos_por_millon,Multiplicador de empleo,puestos por millón de demanda final,codigo_ascendente,73,73,P146,"Servicios audiovisuales, recreativos, culturales y deportivos",False,True,apto,10.5375773019835
multiplicador_empleo_puestos_por_millon,Multiplicador de empleo,puestos por millón de demanda final,codigo_ascendente,74,74,P099,Edificaciones no residenciales,False,True,apto,10.1194802756561
multiplicador_empleo_puestos_por_millon,Multiplicador de empleo,puestos por millón de demanda final,codigo_ascendente,75,75,P143,Servicios de hospitalización,False,True,apto,10.0520549585047
multiplicador_empleo_puestos_por_millon,Multiplicador de empleo,puestos por millón de demanda final,codigo_ascendente,76,76,P138,"Servicios públicos administrativos relacionados con la provisión de servicios educativos, de salud, servicios sociales, culturales y otros, sin contar los servicios de seguridad social",False,True,apto,9.89724455400873
multiplicador_empleo_puestos_por_millon,Multiplicador de empleo,puestos por millón de demanda final,codigo_ascendente,77,77,P140,Servicios públicos administrativos prestados a la comunidad en su conjunto,False,True,apto,9.73551235437692
multiplicador_empleo_puestos_por_millon,Multiplicador de empleo,puestos por millón de demanda final,codigo_ascendente,78,78,P052,"Azúcar de caña sin refinar y refinada, melaza y los demás azúcares n.c.p.",False,True,apto,9.51753772628378
multiplicador_empleo_puestos_por_millon,Multiplicador de empleo,puestos por millón de demanda final,codigo_ascendente,79,79,P109,Servicios postales y de mensajería,False,True,apto,9.48348950398438
multiplicador_empleo_puestos_por_millon,Multiplicador de empleo,puestos por millón de demanda final,codigo_ascendente,80,80,P101,Servicios generales y especializados de construcción,False,True,apto,9.43825545154537
multiplicador_empleo_puestos_por_millon,Multiplicador de empleo,puestos por millón de demanda final,codigo_ascendente,81,81,P148,Servicios de asociaciones que sirven a los hogares,False,True,apto,9.40177291012103
multiplicador_empleo_puestos_por_millon,Multiplicador de empleo,puestos por millón de demanda final,codigo_ascendente,82,82,P139,Otros servicios administrativos,False,True,apto,9.17251058652262
multiplicador_empleo_puestos_por_millon,Multiplicador de empleo,puestos por millón de demanda final,codigo_ascendente,83,83,P131,"Servicios administrativos, de apoyo de oficina y otros servicios de apoyo a las empresas",False,True,apto,9.09039690991638
multiplicador_empleo_puestos_por_millon,Multiplicador de empleo,puestos por millón de demanda final,codigo_ascendente,84,84,P044,"Margarina, grasas y otros aceites de origen animal y vegetal",False,True,apto,9.03432856415573
multiplicador_empleo_puestos_por_millon,Multiplicador de empleo,puestos por millón de demanda final,codigo_ascendente,85,85,P130,Servicios telefónicos de centros de llamadas,False,True,apto,8.83391522483278
multiplicador_empleo_puestos_por_millon,Multiplicador de empleo,puestos por millón de demanda final,codigo_ascendente,86,86,P120,"Servicios jurídicos, de contabilidad, auditoría, teneduría de libros y consultoría fiscal",False,True,apto,8.83273943497731
multiplicador_empleo_puestos_por_millon,Multiplicador de empleo,puestos por millón de demanda final,codigo_ascendente,87,87,P144,Servicios médicos y dentales,False,True,apto,8.75537586693827
multiplicador_empleo_puestos_por_millon,Multiplicador de empleo,puestos por millón de demanda final,codigo_ascendente,88,88,P093,Otros artículos n.c.p.,False,True,apto,8.65929496831554
multiplicador_empleo_puestos_por_millon,Multiplicador de empleo,puestos por millón de demanda final,codigo_ascendente,89,89,P107,Servicios de almacenamiento y depósito,False,True,apto,8.43860704408903
multiplicador_empleo_puestos_por_millon,Multiplicador de empleo,puestos por millón de demanda final,codigo_ascendente,90,90,P127,"Servicios de agencias de viajes, operadores turísticos y actividades conexas",False,True,apto,8.34913639115922
multiplicador_empleo_puestos_por_millon,Multiplicador de empleo,puestos por millón de demanda final,codigo_ascendente,91,91,P108,Otros servicios de apoyo al transporte,False,True,apto,8.33734545843915
multiplicador_empleo_puestos_por_millon,Multiplicador de empleo,puestos por millón de demanda final,codigo_ascendente,92,92,P043,Aceites de origen vegetal,False,True,apto,8.23933585194215
multiplicador_empleo_puestos_por_millon,Multiplicador de empleo,puestos por millón de demanda final,codigo_ascendente,93,93,P137,Servicios públicos del gobierno general,False,True,apto,8.19183209813048
multiplicador_empleo_puestos_por_millon,Multiplicador de empleo,puestos por millón de demanda final,codigo_ascendente,94,94,P090,"Aparatos médicos, instrumentos ópticos y de precisión, relojes",False,True,apto,8.15563438797538
multiplicador_empleo_puestos_por_millon,Multiplicador de empleo,puestos por millón de demanda final,codigo_ascendente,95,95,P123,"Otros servicios profesionales, científicos y técnicos",False,True,apto,8.12306716144975
multiplicador_empleo_puestos_por_millon,Multiplicador de empleo,puestos por millón de demanda final,codigo_ascendente,96,96,P125,Servicios de arrendamiento o alquiler sin operador,False,True,apto,7.99636065345089
multiplicador_empleo_puestos_por_millon,Multiplicador de empleo,puestos por millón de demanda final,codigo_ascendente,97,97,P080,"Artículos de hormigón, cemento y yeso",False,True,apto,7.9268141815688
multiplicador_empleo_puestos_por_millon,Multiplicador de empleo,puestos por millón de demanda final,codigo_ascendente,98,98,P053,Productos alimenticios n.c.p.,False,True,apto,7.88424635681542
multiplicador_empleo_puestos_por_millon,Multiplicador de empleo,puestos por millón de demanda final,codigo_ascendente,99,99,P067,Productos de la impresión,False,True,apto,7.80966910099854
multiplicador_empleo_puestos_por_millon,Multiplicador de empleo,puestos por millón de demanda final,codigo_ascendente,100,100,P147,Servicios de asociaciones que sirven a las empresas,False,True,apto,7.65644605283055
multiplicador_empleo_puestos_por_millon,Multiplicador de empleo,puestos por millón de demanda final,codigo_ascendente,101,101,P083,Productos metálicos estructurales y sus partes de hierro o de acero,False,True,apto,7.50482569264719
multiplicador_empleo_puestos_por_millon,Multiplicador de empleo,puestos por millón de demanda final,codigo_ascendente,102,102,P121,Servicios de tecnología de la información,False,True,apto,7.40008705849184
multiplicador_empleo_puestos_por_millon,Multiplicador de empleo,puestos por millón de demanda final,codigo_ascendente,103,103,P084,Otros productos elaborados de metal,False,True,apto,7.11987284790312
multiplicador_empleo_puestos_por_millon,Multiplicador de empleo,puestos por millón de demanda final,codigo_ascendente,104,104,P081,Piedras talladas para construcción y otros productos minerales no metálicos n.c.p.,False,True,apto,6.97587162694833
multiplicador_empleo_puestos_por_millon,Multiplicador de empleo,puestos por millón de demanda final,codigo_ascendente,105,105,P100,Obras de ingeniería civil,False,True,apto,6.84320004293812
multiplicador_empleo_puestos_por_millon,Multiplicador de empleo,puestos por millón de demanda final,codigo_ascendente,106,106,P048,Arroz sin cáscara,False,True,apto,6.72092808878232
multiplicador_empleo_puestos_por_millon,Multiplicador de empleo,puestos por millón de demanda final,codigo_ascendente,107,107,P124,Servicios de publicidad y estudios de mercado,False,True,apto,6.64029322806918
multiplicador_empleo_puestos_por_millon,Multiplicador de empleo,puestos por millón de demanda final,codigo_ascendente,108,108,P141,Servicios administrativos relacionados con los sistemas de seguridad social de afiliación obligatoria,False,True,apto,6.6320019036785
multiplicador_empleo_puestos_por_millon,Multiplicador de empleo,puestos por millón de demanda final,codigo_ascendente,109,109,P114,Otros servicios financieros y servicios de banca de inversión,False,True,apto,6.44324956138462
multiplicador_empleo_puestos_por_millon,Multiplicador de empleo,puestos por millón de demanda final,codigo_ascendente,110,110,P132,"Servicios de mantenimiento, reparación e instalación de productos metálicos elaborados, maquinaria y equipo",False,True,apto,6.38454571690894
multiplicador_empleo_puestos_por_millon,Multiplicador de empleo,puestos por millón de demanda final,codigo_ascendente,111,111,P106,Otros tipos de transporte,False,True,apto,6.30924258042253
multiplicador_empleo_puestos_por_millon,Multiplicador de empleo,puestos por millón de demanda final,codigo_ascendente,112,112,P119,"Otros servicios inmobiliarios, excepto alquiler de vivienda",False,True,apto,6.12037125278781
multiplicador_empleo_puestos_por_millon,Multiplicador de empleo,puestos por millón de demanda final,codigo_ascendente,113,113,P122,"Servicios de arquitectura e ingeniería, ensayos y análisis técnicos",False,True,apto,5.75606173255683
multiplicador_empleo_puestos_por_millon,Multiplicador de empleo,puestos por millón de demanda final,codigo_ascendente,114,114,P074,Otros productos químicos,False,True,apto,5.73029754302564
multiplicador_empleo_puestos_por_millon,Multiplicador de empleo,puestos por millón de demanda final,codigo_ascendente,115,115,P113,Servicios de banco central,False,True,apto,5.44799305485779
multiplicador_empleo_puestos_por_millon,Multiplicador de empleo,puestos por millón de demanda final,codigo_ascendente,116,116,P115,Servicios de Intermediación Financiera Medidos Indirectamente (SIFMI),False,True,apto,5.29432713080685
multiplicador_empleo_puestos_por_millon,Multiplicador de empleo,puestos por millón de demanda final,codigo_ascendente,117,117,P117,Servicios auxiliares de la intermediación financiera,False,True,apto,5.25475972818385
multiplicador_empleo_puestos_por_millon,Multiplicador de empleo,puestos por millón de demanda final,codigo_ascendente,118,118,P091,Equipo de transporte,False,True,apto,5.24212033518386
multiplicador_empleo_puestos_por_millon,Multiplicador de empleo,puestos por millón de demanda final,codigo_ascendente,119,119,P057,Bebidas no alcohólicas,False,True,apto,5.20011951650598
multiplicador_empleo_puestos_por_millon,Multiplicador de empleo,puestos por millón de demanda final,codigo_ascendente,120,120,P065,Envases de papel y cartón,False,True,apto,5.05555215905479
multiplicador_empleo_puestos_por_millon,Multiplicador de empleo,puestos por millón de demanda final,codigo_ascendente,121,121,P066,Productos de la edición,False,True,apto,4.93937439087585
multiplicador_empleo_puestos_por_millon,Multiplicador de empleo,puestos por millón de demanda final,codigo_ascendente,122,122,P085,"Maquinaria para usos generales y especiales, sus partes y piezas, excepto electrodomésticos",False,True,apto,4.89719440823989
multiplicador_empleo_puestos_por_millon,Multiplicador de empleo,puestos por millón de demanda final,codigo_ascendente,123,123,P064,Pasta de papel y papel,False,True,apto,4.70621206489883
multiplicador_empleo_puestos_por_millon,Multiplicador de empleo,puestos por millón de demanda final,codigo_ascendente,124,124,P072,"Pinturas, barnices, tintas y productos relacionados",False,True,apto,4.24084937007553
multiplicador_empleo_puestos_por_millon,Multiplicador de empleo,puestos por millón de demanda final,codigo_ascendente,125,125,P088,"Maquinaria y aparatos eléctricos, sus partes y piezas",False,True,apto,4.19576814651032
multiplicador_empleo_puestos_por_millon,Multiplicador de empleo,puestos por millón de demanda final,codigo_ascendente,126,126,P076,Productos de caucho y plástico,False,True,apto,4.16314588197852
multiplicador_empleo_puestos_por_millon,Multiplicador de empleo,puestos por millón de demanda final,codigo_ascendente,127,127,P039,"Crustáceos, moluscos y demás invertebrados acuáticos congelados, preparados o en conserva y sus productos",False,True,apto,4.0614211969732
multiplicador_empleo_puestos_por_millon,Multiplicador de empleo,puestos por millón de demanda final,codigo_ascendente,128,128,P077,Vidrio y productos de vidrio,False,True,apto,4.03659827659353
multiplicador_empleo_puestos_por_millon,Multiplicador de empleo,puestos por millón de demanda final,codigo_ascendente,129,129,P075,Productos farmacéuticos,False,True,apto,3.82107809777085
multiplicador_empleo_puestos_por_millon,Multiplicador de empleo,puestos por millón de demanda final,codigo_ascendente,130,130,P058,Aguas minerales y otras aguas embotelladas,False,True,apto,3.76639956123472
multiplicador_empleo_puestos_por_millon,Multiplicador de empleo,puestos por millón de demanda final,codigo_ascendente,131,131,P079,"Cemento, cal y yeso",False,True,apto,3.6898769303081
multiplicador_empleo_puestos_por_millon,Multiplicador de empleo,puestos por millón de demanda final,codigo_ascendente,132,132,P082,"Métales básicos de hierro y acero, productos primarios de metales preciosos y otros metales no ferrosos",False,True,apto,3.50605620955025
multiplicador_empleo_puestos_por_millon,Multiplicador de empleo,puestos por millón de demanda final,codigo_ascendente,133,133,P073,"Jabón, preparados de limpieza, perfumes y preparados de toilet",False,True,apto,3.49101654143685
multiplicador_empleo_puestos_por_millon,Multiplicador de empleo,puestos por millón de demanda final,codigo_ascendente,134,134,P135,"Servicios de apoyo a la explotación de minas y canteras y los relacionados con la distribución de electricidad, gas y agua",False,True,apto,3.47577449829028
multiplicador_empleo_puestos_por_millon,Multiplicador de empleo,puestos por millón de demanda final,codigo_ascendente,135,135,P116,"Servicios de seguro, reaseguro y fondos de pensiones",False,True,apto,3.38152467887025
multiplicador_empleo_puestos_por_millon,Multiplicador de empleo,puestos por millón de demanda final,codigo_ascendente,136,136,P056,Malta y cerveza de malta,False,True,apto,3.18223513633039
multiplicador_empleo_puestos_por_millon,Multiplicador de empleo,puestos por millón de demanda final,codigo_ascendente,137,137,P038,"Pescado congelado, preparado o en conserva y sus productos",False,True,apto,2.7726021379354
multiplicador_empleo_puestos_por_millon,Multiplicador de empleo,puestos por millón de demanda final,codigo_ascendente,138,138,P112,"Servicios de información, telecomunicaciones y radiodifusión",False,True,apto,2.68578492513724
multiplicador_empleo_puestos_por_millon,Multiplicador de empleo,puestos por millón de demanda final,codigo_ascendente,139,139,P071,"Abonos, fertilizantes y pesticidas",False,True,apto,2.66124336962757
multiplicador_empleo_puestos_por_millon,Multiplicador de empleo,puestos por millón de demanda final,codigo_ascendente,140,140,P095,"Generación y distribución de energía eléctrica, gas, vapor y aire acondicionado",False,True,apto,2.57202960329774
multiplicador_empleo_puestos_por_millon,Multiplicador de empleo,puestos por millón de demanda final,codigo_ascendente,141,141,P032,Minerales metálicos,False,True,apto,2.30635409762653
multiplicador_empleo_puestos_por_millon,Multiplicador de empleo,puestos por millón de demanda final,codigo_ascendente,142,142,P047,Harina de trigo,False,True,apto,1.91786631218397
multiplicador_empleo_puestos_por_millon,Multiplicador de empleo,puestos por millón de demanda final,codigo_ascendente,143,143,P031,Petróleo crudo y gas natural,False,True,apto,1.6284556994998
multiplicador_empleo_puestos_por_millon,Multiplicador de empleo,puestos por millón de demanda final,codigo_ascendente,144,144,P070,"Gases de petróleo, otros productos de la refinación de petróleo n.c.p.",False,True,apto,1.55786941490561
multiplicador_empleo_puestos_por_millon,Multiplicador de empleo,puestos por millón de demanda final,codigo_ascendente,145,145,P068,"Gasolinas, diésel oil y fuel oils",False,True,apto,1.10615188901434
multiplicador_empleo_puestos_por_millon,Multiplicador de empleo,puestos por millón de demanda final,codigo_ascendente,146,146,P118,Servicios de alquiler de vivienda,False,True,apto,0.466945049277893
multiplicador_empleo_puestos_por_millon,Multiplicador de empleo,puestos por millón de demanda final,codigo_ascendente,147,147,P069,"Aceites, grasas lubricantes y otros aceites preparados",True,False,solo_completitud_algebraica,0
multiplicador_empleo_puestos_por_millon,Multiplicador de empleo,puestos por millón de demanda final,codigo_ascendente,148,147,P086,Electrodomésticos y sus partes,True,False,solo_completitud_algebraica,0
multiplicador_empleo_puestos_por_millon,Multiplicador de empleo,puestos por millón de demanda final,codigo_ascendente,149,147,P087,"Maquinaria de oficina, contabilidad e informática, sus partes y piezas",True,False,solo_completitud_algebraica,0
multiplicador_empleo_puestos_por_millon,Multiplicador de empleo,puestos por millón de demanda final,codigo_ascendente,150,147,P089,"Equipo y aparatos de radio, televisión y comunicaciones",True,False,solo_completitud_algebraica,0
multiplicador_empleo_puestos_por_millon,Multiplicador de empleo,puestos por millón de demanda final,codigo_ascendente,151,147,P151,Compras directas en el exterior por residentes,True,False,solo_completitud_algebraica,0
multiplicador_empleo_puestos_por_millon,Multiplicador de empleo,puestos por millón de demanda final,codigo_ascendente,152,147,P152,Compras directas en el territorio nacional por no residentes,True,False,solo_completitud_algebraica,0
encadenamiento_atras_normalizado,Encadenamiento hacia atrás normalizado,índice; media = 1,codigo_ascendente,1,1,P036,Carne y despojos comestibles de aves,False,True,apto,1.60486553349724
encadenamiento_atras_normalizado,Encadenamiento hacia atrás normalizado,índice; media = 1,codigo_ascendente,2,2,P035,Carne y despojos comestibles de ganado porcino,False,True,apto,1.59473564895052
encadenamiento_atras_normalizado,Encadenamiento hacia atrás normalizado,índice; media = 1,codigo_ascendente,3,3,P016,Café en grano,False,True,apto,1.41690962357188
encadenamiento_atras_normalizado,Encadenamiento hacia atrás normalizado,índice; media = 1,codigo_ascendente,4,4,P052,"Azúcar de caña sin refinar y refinada, melaza y los demás azúcares n.c.p.",False,True,apto,1.37204718254091
encadenamiento_atras_normalizado,Encadenamiento hacia atrás normalizado,índice; media = 1,codigo_ascendente,5,5,P018,Caucho natural,False,True,apto,1.35337090809845
encadenamiento_atras_normalizado,Encadenamiento hacia atrás normalizado,índice; media = 1,codigo_ascendente,6,6,P045,Leche líquida y crema procesada,False,True,apto,1.34407472732883
encadenamiento_atras_normalizado,Encadenamiento hacia atrás normalizado,índice; media = 1,codigo_ascendente,7,7,P034,Carne y despojos comestibles de ganado bovino; cueros y pieles de bovino y de otros animales,False,True,apto,1.34374913340926
encadenamiento_atras_normalizado,Encadenamiento hacia atrás normalizado,índice; media = 1,codigo_ascendente,8,8,P023,Aves de corral,False,True,apto,1.33746116189642
encadenamiento_atras_normalizado,Encadenamiento hacia atrás normalizado,índice; media = 1,codigo_ascendente,9,9,P037,Carne y despojos de otros animales y conservas y preparados de carne,False,True,apto,1.32758549590082
encadenamiento_atras_normalizado,Encadenamiento hacia atrás normalizado,índice; media = 1,codigo_ascendente,10,10,P046,Otros productos lácteos n.c.p.,False,True,apto,1.30715687197532
encadenamiento_atras_normalizado,Encadenamiento hacia atrás normalizado,índice; media = 1,codigo_ascendente,11,11,P080,"Artículos de hormigón, cemento y yeso",False,True,apto,1.28752508772772
encadenamiento_atras_normalizado,Encadenamiento hacia atrás normalizado,índice; media = 1,codigo_ascendente,12,12,P022,Ganado porcino y otro tipo de animales vivos n.c.p.,False,True,apto,1.25771992784736
encadenamiento_atras_normalizado,Encadenamiento hacia atrás normalizado,índice; media = 1,codigo_ascendente,13,13,P044,"Margarina, grasas y otros aceites de origen animal y vegetal",False,True,apto,1.25370110457426
encadenamiento_atras_normalizado,Encadenamiento hacia atrás normalizado,índice; media = 1,codigo_ascendente,14,14,P024,Leche cruda,False,True,apto,1.25359953316774
encadenamiento_atras_normalizado,Encadenamiento hacia atrás normalizado,índice; media = 1,codigo_ascendente,15,15,P111,Servicio de suministro de comidas y bebidas,False,True,apto,1.23943328209365
encadenamiento_atras_normalizado,Encadenamiento hacia atrás normalizado,índice; media = 1,codigo_ascendente,16,16,P113,Servicios de banco central,False,True,apto,1.23901937892289
encadenamiento_atras_normalizado,Encadenamiento hacia atrás normalizado,índice; media = 1,codigo_ascendente,17,17,P055,"Aguardientes, licores, vinos, demás bebidas espirituosas y productos del tabaco",False,True,apto,1.23235415003314
encadenamiento_atras_normalizado,Encadenamiento hacia atrás normalizado,índice; media = 1,codigo_ascendente,18,18,P017,Cardamomo,False,True,apto,1.2312972534925
encadenamiento_atras_normalizado,Encadenamiento hacia atrás normalizado,índice; media = 1,codigo_ascendente,19,19,P043,Aceites de origen vegetal,False,True,apto,1.22526516133912
encadenamiento_atras_normalizado,Encadenamiento hacia atrás normalizado,índice; media = 1,codigo_ascendente,20,20,P092,Muebles,False,True,apto,1.19962922280716
encadenamiento_atras_normalizado,Encadenamiento hacia atrás normalizado,índice; media = 1,codigo_ascendente,21,21,P061,Cuero de piel curtida o adobada y cuero artificial o regenerado y artículos de cuero,False,True,apto,1.19202808543133
encadenamiento_atras_normalizado,Encadenamiento hacia atrás normalizado,índice; media = 1,codigo_ascendente,22,22,P057,Bebidas no alcohólicas,False,True,apto,1.18044617904886
encadenamiento_atras_normalizado,Encadenamiento hacia atrás normalizado,índice; media = 1,codigo_ascendente,23,23,P114,Otros servicios financieros y servicios de banca de inversión,False,True,apto,1.17014175015448
encadenamiento_atras_normalizado,Encadenamiento hacia atrás normalizado,índice; media = 1,codigo_ascendente,24,24,P074,Otros productos químicos,False,True,apto,1.16961019497926
encadenamiento_atras_normalizado,Encadenamiento hacia atrás normalizado,índice; media = 1,codigo_ascendente,25,25,P137,Servicios públicos del gobierno general,False,True,apto,1.16247161020993
encadenamiento_atras_normalizado,Encadenamiento hacia atrás normalizado,índice; media = 1,codigo_ascendente,26,26,P099,Edificaciones no residenciales,False,True,apto,1.1605362415446
encadenamiento_atras_normalizado,Encadenamiento hacia atrás normalizado,índice; media = 1,codigo_ascendente,27,27,P139,Otros servicios administrativos,False,True,apto,1.15091940930947
encadenamiento_atras_normalizado,Encadenamiento hacia atrás normalizado,índice; media = 1,codigo_ascendente,28,28,P100,Obras de ingeniería civil,False,True,apto,1.14892708710062
encadenamiento_atras_normalizado,Encadenamiento hacia atrás normalizado,índice; media = 1,codigo_ascendente,29,29,P040,"Vegetales preparados o en conserva, legumbres y papas",False,True,apto,1.14859419429248
encadenamiento_atras_normalizado,Encadenamiento hacia atrás normalizado,índice; media = 1,codigo_ascendente,30,30,P116,"Servicios de seguro, reaseguro y fondos de pensiones",False,True,apto,1.14755112061881
encadenamiento_atras_normalizado,Encadenamiento hacia atrás normalizado,índice; media = 1,codigo_ascendente,31,31,P101,Servicios generales y especializados de construcción,False,True,apto,1.14511622828805
encadenamiento_atras_normalizado,Encadenamiento hacia atrás normalizado,índice; media = 1,codigo_ascendente,32,32,P019,Propagación de plantas,False,True,apto,1.14414879504436
encadenamiento_atras_normalizado,Encadenamiento hacia atrás normalizado,índice; media = 1,codigo_ascendente,33,33,P010,Caña de azúcar y otras plantas azucareras,False,True,apto,1.14389649096326
encadenamiento_atras_normalizado,Encadenamiento hacia atrás normalizado,índice; media = 1,codigo_ascendente,34,34,P148,Servicios de asociaciones que sirven a los hogares,False,True,apto,1.14336616384408
encadenamiento_atras_normalizado,Encadenamiento hacia atrás normalizado,índice; media = 1,codigo_ascendente,35,35,P063,"Madera aserrada y acepillada, productos de madera, corcho, paja y materiales trenzables",False,True,apto,1.14206660582049
encadenamiento_atras_normalizado,Encadenamiento hacia atrás normalizado,índice; media = 1,codigo_ascendente,36,36,P030,Crustáceos sin congelar y otros productos de la pesca,False,True,apto,1.14182632883791
encadenamiento_atras_normalizado,Encadenamiento hacia atrás normalizado,índice; media = 1,codigo_ascendente,37,37,P081,Piedras talladas para construcción y otros productos minerales no metálicos n.c.p.,False,True,apto,1.14173468045178
encadenamiento_atras_normalizado,Encadenamiento hacia atrás normalizado,índice; media = 1,codigo_ascendente,38,38,P050,Pan y otros productos de panadería y repostería n.c.p.,False,True,apto,1.13360045313789
encadenamiento_atras_normalizado,Encadenamiento hacia atrás normalizado,índice; media = 1,codigo_ascendente,39,39,P062,"Calzado y sus partes, de cualquier material y de cualquier uso",False,True,apto,1.12873519618735
encadenamiento_atras_normalizado,Encadenamiento hacia atrás normalizado,índice; media = 1,codigo_ascendente,40,40,P042,Jugos de frutas,False,True,apto,1.11905514619377
encadenamiento_atras_normalizado,Encadenamiento hacia atrás normalizado,índice; media = 1,codigo_ascendente,41,41,P098,Edificaciones residenciales,False,True,apto,1.08678141216521
encadenamiento_atras_normalizado,Encadenamiento hacia atrás normalizado,índice; media = 1,codigo_ascendente,42,42,P026,Otros productos de animales vivos,False,True,apto,1.07856642797857
encadenamiento_atras_normalizado,Encadenamiento hacia atrás normalizado,índice; media = 1,codigo_ascendente,43,43,P060,"Prendas de vestir, adobo y teñido de pieles",False,True,apto,1.07127477459807
encadenamiento_atras_normalizado,Encadenamiento hacia atrás normalizado,índice; media = 1,codigo_ascendente,44,44,P108,Otros servicios de apoyo al transporte,False,True,apto,1.07115409222435
encadenamiento_atras_normalizado,Encadenamiento hacia atrás normalizado,índice; media = 1,codigo_ascendente,45,45,P117,Servicios auxiliares de la intermediación financiera,False,True,apto,1.06521868131792
encadenamiento_atras_normalizado,Encadenamiento hacia atrás normalizado,índice; media = 1,codigo_ascendente,46,46,P053,Productos alimenticios n.c.p.,False,True,apto,1.05635374750499
encadenamiento_atras_normalizado,Encadenamiento hacia atrás normalizado,índice; media = 1,codigo_ascendente,47,47,P078,Productos de cerámica y arcilla,False,True,apto,1.05389859845182
encadenamiento_atras_normalizado,Encadenamiento hacia atrás normalizado,índice; media = 1,codigo_ascendente,48,48,P079,"Cemento, cal y yeso",False,True,apto,1.05339265577278
encadenamiento_atras_normalizado,Encadenamiento hacia atrás normalizado,índice; media = 1,codigo_ascendente,49,49,P132,"Servicios de mantenimiento, reparación e instalación de productos metálicos elaborados, maquinaria y equipo",False,True,apto,1.04964336531417
encadenamiento_atras_normalizado,Encadenamiento hacia atrás normalizado,índice; media = 1,codigo_ascendente,50,50,P124,Servicios de publicidad y estudios de mercado,False,True,apto,1.03763008967838
encadenamiento_atras_normalizado,Encadenamiento hacia atrás normalizado,índice; media = 1,codigo_ascendente,51,51,P146,"Servicios audiovisuales, recreativos, culturales y deportivos",False,True,apto,1.03470153071949
encadenamiento_atras_normalizado,Encadenamiento hacia atrás normalizado,índice; media = 1,codigo_ascendente,52,52,P109,Servicios postales y de mensajería,False,True,apto,1.03213088762328
encadenamiento_atras_normalizado,Encadenamiento hacia atrás normalizado,índice; media = 1,codigo_ascendente,53,53,P110,Servicio de alojamiento,False,True,apto,1.02536087650293
encadenamiento_atras_normalizado,Encadenamiento hacia atrás normalizado,índice; media = 1,codigo_ascendente,54,54,P077,Vidrio y productos de vidrio,False,True,apto,1.02005875892906
encadenamiento_atras_normalizado,Encadenamiento hacia atrás normalizado,índice; media = 1,codigo_ascendente,55,55,P067,Productos de la impresión,False,True,apto,1.02003297985506
encadenamiento_atras_normalizado,Encadenamiento hacia atrás normalizado,índice; media = 1,codigo_ascendente,56,56,P090,"Aparatos médicos, instrumentos ópticos y de precisión, relojes",False,True,apto,1.01585427844127
encadenamiento_atras_normalizado,Encadenamiento hacia atrás normalizado,índice; media = 1,codigo_ascendente,57,57,P054,Preparados para alimentación animal,False,True,apto,1.0140310616687
encadenamiento_atras_normalizado,Encadenamiento hacia atrás normalizado,índice; media = 1,codigo_ascendente,58,58,P107,Servicios de almacenamiento y depósito,False,True,apto,1.00892717959845
encadenamiento_atras_normalizado,Encadenamiento hacia atrás normalizado,índice; media = 1,codigo_ascendente,59,59,P039,"Crustáceos, moluscos y demás invertebrados acuáticos congelados, preparados o en conserva y sus productos",False,True,apto,1.00839865490071
encadenamiento_atras_normalizado,Encadenamiento hacia atrás normalizado,índice; media = 1,codigo_ascendente,60,60,P127,"Servicios de agencias de viajes, operadores turísticos y actividades conexas",False,True,apto,1.00670578015453
encadenamiento_atras_normalizado,Encadenamiento hacia atrás normalizado,índice; media = 1,codigo_ascendente,61,61,P041,Preparaciones y conservas de frutas y nueces,False,True,apto,1.00661921948602
encadenamiento_atras_normalizado,Encadenamiento hacia atrás normalizado,índice; media = 1,codigo_ascendente,62,62,P003,Leguminosas (legumbres secas) y semillas oleaginosas,False,True,apto,1.00533938928468
encadenamiento_atras_normalizado,Encadenamiento hacia atrás normalizado,índice; media = 1,codigo_ascendente,63,63,P147,Servicios de asociaciones que sirven a las empresas,False,True,apto,1.00491095727435
encadenamiento_atras_normalizado,Encadenamiento hacia atrás normalizado,índice; media = 1,codigo_ascendente,64,64,P135,"Servicios de apoyo a la explotación de minas y canteras y los relacionados con la distribución de electricidad, gas y agua",False,True,apto,1.00481363509929
encadenamiento_atras_normalizado,Encadenamiento hacia atrás normalizado,índice; media = 1,codigo_ascendente,65,65,P056,Malta y cerveza de malta,False,True,apto,1.00123843161496
encadenamiento_atras_normalizado,Encadenamiento hacia atrás normalizado,índice; media = 1,codigo_ascendente,66,66,P059,"Hilados, tejidos, telas y otros productos textiles excepto prendas de vestir",False,True,apto,1.00004715230321
encadenamiento_atras_normalizado,Encadenamiento hacia atrás normalizado,índice; media = 1,codigo_ascendente,67,67,P004,Arroz,False,True,apto,0.999074202272683
encadenamiento_atras_normalizado,Encadenamiento hacia atrás normalizado,índice; media = 1,codigo_ascendente,68,68,P088,"Maquinaria y aparatos eléctricos, sus partes y piezas",False,True,apto,0.997774552868271
encadenamiento_atras_normalizado,Encadenamiento hacia atrás normalizado,índice; media = 1,codigo_ascendente,69,69,P025,Huevos,False,True,apto,0.996378470728661
encadenamiento_atras_normalizado,Encadenamiento hacia atrás normalizado,índice; media = 1,codigo_ascendente,70,70,P091,Equipo de transporte,False,True,apto,0.996234344276131
encadenamiento_atras_normalizado,Encadenamiento hacia atrás normalizado,índice; media = 1,codigo_ascendente,71,71,P051,"Tortillas de maíz, incluso tostadas, horneadas o fritas",False,True,apto,0.99422477055472
encadenamiento_atras_normalizado,Encadenamiento hacia atrás normalizado,índice; media = 1,codigo_ascendente,72,72,P145,Otros servicios de atención de la salud humana,False,True,apto,0.989916483291763
encadenamiento_atras_normalizado,Encadenamiento hacia atrás normalizado,índice; media = 1,codigo_ascendente,73,73,P122,"Servicios de arquitectura e ingeniería, ensayos y análisis técnicos",False,True,apto,0.985644357885422
encadenamiento_atras_normalizado,Encadenamiento hacia atrás normalizado,índice; media = 1,codigo_ascendente,74,74,P106,Otros tipos de transporte,False,True,apto,0.981236413651501
encadenamiento_atras_normalizado,Encadenamiento hacia atrás normalizado,índice; media = 1,codigo_ascendente,75,75,P049,"Otros productos de molinería, almidones y productos de almidón",False,True,apto,0.981094653478176
encadenamiento_atras_normalizado,Encadenamiento hacia atrás normalizado,índice; media = 1,codigo_ascendente,76,76,P064,Pasta de papel y papel,False,True,apto,0.979126962312658
encadenamiento_atras_normalizado,Encadenamiento hacia atrás normalizado,índice; media = 1,codigo_ascendente,77,77,P012,"Bananos, plátanos y otros",False,True,apto,0.974885784240398
encadenamiento_atras_normalizado,Encadenamiento hacia atrás normalizado,índice; media = 1,codigo_ascendente,78,78,P096,Agua natural y distribución de agua natural,False,True,apto,0.973412687450497
encadenamiento_atras_normalizado,Encadenamiento hacia atrás normalizado,índice; media = 1,codigo_ascendente,79,79,P066,Productos de la edición,False,True,apto,0.968350026274125
encadenamiento_atras_normalizado,Encadenamiento hacia atrás normalizado,índice; media = 1,codigo_ascendente,80,80,P093,Otros artículos n.c.p.,False,True,apto,0.965423753854406
encadenamiento_atras_normalizado,Encadenamiento hacia atrás normalizado,índice; media = 1,codigo_ascendente,81,81,P115,Servicios de Intermediación Financiera Medidos Indirectamente (SIFMI),False,True,apto,0.964270118098822
encadenamiento_atras_normalizado,Encadenamiento hacia atrás normalizado,índice; media = 1,codigo_ascendente,82,82,P075,Productos farmacéuticos,False,True,apto,0.960767380184555
encadenamiento_atras_normalizado,Encadenamiento hacia atrás normalizado,índice; media = 1,codigo_ascendente,83,83,P009,Raíces y tubérculos,False,True,apto,0.960348598049682
encadenamiento_atras_normalizado,Encadenamiento hacia atrás normalizado,índice; media = 1,codigo_ascendente,84,84,P065,Envases de papel y cartón,False,True,apto,0.954015511028186
encadenamiento_atras_normalizado,Encadenamiento hacia atrás normalizado,índice; media = 1,codigo_ascendente,85,85,P121,Servicios de tecnología de la información,False,True,apto,0.951794732073859
encadenamiento_atras_normalizado,Encadenamiento hacia atrás normalizado,índice; media = 1,codigo_ascendente,86,86,P082,"Métales básicos de hierro y acero, productos primarios de metales preciosos y otros metales no ferrosos",False,True,apto,0.944062313007824
encadenamiento_atras_normalizado,Encadenamiento hacia atrás normalizado,índice; media = 1,codigo_ascendente,87,87,P015,Palma africana,False,True,apto,0.943976467853487
encadenamiento_atras_normalizado,Encadenamiento hacia atrás normalizado,índice; media = 1,codigo_ascendente,88,88,P119,"Otros servicios inmobiliarios, excepto alquiler de vivienda",False,True,apto,0.941079183436555
encadenamiento_atras_normalizado,Encadenamiento hacia atrás normalizado,índice; media = 1,codigo_ascendente,89,89,P071,"Abonos, fertilizantes y pesticidas",False,True,apto,0.940506276907209
encadenamiento_atras_normalizado,Encadenamiento hacia atrás normalizado,índice; media = 1,codigo_ascendente,90,90,P072,"Pinturas, barnices, tintas y productos relacionados",False,True,apto,0.93927360258482
encadenamiento_atras_normalizado,Encadenamiento hacia atrás normalizado,índice; media = 1,codigo_ascendente,91,91,P136,Servicios de manufactura,False,True,apto,0.934196988418443
encadenamiento_atras_normalizado,Encadenamiento hacia atrás normalizado,índice; media = 1,codigo_ascendente,92,92,P105,Servicio de transporte de carga por vía terrestre,False,True,apto,0.931174354177209
encadenamiento_atras_normalizado,Encadenamiento hacia atrás normalizado,índice; media = 1,codigo_ascendente,93,93,P048,Arroz sin cáscara,False,True,apto,0.930254756501746
encadenamiento_atras_normalizado,Encadenamiento hacia atrás normalizado,índice; media = 1,codigo_ascendente,94,94,P033,Minerales no metálicos,False,True,apto,0.930134632733985
encadenamiento_atras_normalizado,Encadenamiento hacia atrás normalizado,índice; media = 1,codigo_ascendente,95,95,P002,Frijoles,False,True,apto,0.926713100526941
encadenamiento_atras_normalizado,Encadenamiento hacia atrás normalizado,índice; media = 1,codigo_ascendente,96,96,P020,"Otros frutos oleaginosos, otras plantas bebestibles y especias aromáticas",False,True,apto,0.926470811843517
encadenamiento_atras_normalizado,Encadenamiento hacia atrás normalizado,índice; media = 1,codigo_ascendente,97,97,P138,"Servicios públicos administrativos relacionados con la provisión de servicios educativos, de salud, servicios sociales, culturales y otros, sin contar los servicios de seguridad social",False,True,apto,0.924500091616606
encadenamiento_atras_normalizado,Encadenamiento hacia atrás normalizado,índice; media = 1,codigo_ascendente,98,98,P123,"Otros servicios profesionales, científicos y técnicos",False,True,apto,0.923340053105093
encadenamiento_atras_normalizado,Encadenamiento hacia atrás normalizado,índice; media = 1,codigo_ascendente,99,99,P125,Servicios de arrendamiento o alquiler sin operador,False,True,apto,0.922614886343434
encadenamiento_atras_normalizado,Encadenamiento hacia atrás normalizado,índice; media = 1,codigo_ascendente,100,100,P058,Aguas minerales y otras aguas embotelladas,False,True,apto,0.91869412808246
encadenamiento_atras_normalizado,Encadenamiento hacia atrás normalizado,índice; media = 1,codigo_ascendente,101,101,P032,Minerales metálicos,False,True,apto,0.916943813224292
encadenamiento_atras_normalizado,Encadenamiento hacia atrás normalizado,índice; media = 1,codigo_ascendente,102,102,P011,Tabaco y otras plantas no perennes,False,True,apto,0.916072836325048
encadenamiento_atras_normalizado,Encadenamiento hacia atrás normalizado,índice; media = 1,codigo_ascendente,103,103,P031,Petróleo crudo y gas natural,False,True,apto,0.914709382747332
encadenamiento_atras_normalizado,Encadenamiento hacia atrás normalizado,índice; media = 1,codigo_ascendente,104,104,P144,Servicios médicos y dentales,False,True,apto,0.91213789850017
encadenamiento_atras_normalizado,Encadenamiento hacia atrás normalizado,índice; media = 1,codigo_ascendente,105,105,P102,Servicios de comercio,False,True,apto,0.911935515119864
encadenamiento_atras_normalizado,Encadenamiento hacia atrás normalizado,índice; media = 1,codigo_ascendente,106,106,P129,Servicios de limpieza,False,True,apto,0.908582254387428
encadenamiento_atras_normalizado,Encadenamiento hacia atrás normalizado,índice; media = 1,codigo_ascendente,107,107,P028,Productos forestales no madereros,False,True,apto,0.899676079118944
encadenamiento_atras_normalizado,Encadenamiento hacia atrás normalizado,índice; media = 1,codigo_ascendente,108,108,P131,"Servicios administrativos, de apoyo de oficina y otros servicios de apoyo a las empresas",False,True,apto,0.899070002362925
encadenamiento_atras_normalizado,Encadenamiento hacia atrás normalizado,índice; media = 1,codigo_ascendente,109,109,P112,"Servicios de información, telecomunicaciones y radiodifusión",False,True,apto,0.897907074976903
encadenamiento_atras_normalizado,Encadenamiento hacia atrás normalizado,índice; media = 1,codigo_ascendente,110,110,P085,"Maquinaria para usos generales y especiales, sus partes y piezas, excepto electrodomésticos",False,True,apto,0.893646791367879
encadenamiento_atras_normalizado,Encadenamiento hacia atrás normalizado,índice; media = 1,codigo_ascendente,111,111,P104,Servicio de transporte de pasajeros por vía terrestre,False,True,apto,0.893051421117316
encadenamiento_atras_normalizado,Encadenamiento hacia atrás normalizado,índice; media = 1,codigo_ascendente,112,112,P073,"Jabón, preparados de limpieza, perfumes y preparados de toilet",False,True,apto,0.892338485724902
encadenamiento_atras_normalizado,Encadenamiento hacia atrás normalizado,índice; media = 1,codigo_ascendente,113,113,P070,"Gases de petróleo, otros productos de la refinación de petróleo n.c.p.",False,True,apto,0.891316503622211
encadenamiento_atras_normalizado,Encadenamiento hacia atrás normalizado,índice; media = 1,codigo_ascendente,114,114,P076,Productos de caucho y plástico,False,True,apto,0.881977942924645
encadenamiento_atras_normalizado,Encadenamiento hacia atrás normalizado,índice; media = 1,codigo_ascendente,115,115,P095,"Generación y distribución de energía eléctrica, gas, vapor y aire acondicionado",False,True,apto,0.881527148535826
encadenamiento_atras_normalizado,Encadenamiento hacia atrás normalizado,índice; media = 1,codigo_ascendente,116,116,P021,Ganado bovino,False,True,apto,0.876777821837054
encadenamiento_atras_normalizado,Encadenamiento hacia atrás normalizado,índice; media = 1,codigo_ascendente,117,117,P005,Otros cereales,False,True,apto,0.876183917108098
encadenamiento_atras_normalizado,Encadenamiento hacia atrás normalizado,índice; media = 1,codigo_ascendente,118,118,P014,"Berries, otras frutas y semillas de frutas",False,True,apto,0.875391922402497
encadenamiento_atras_normalizado,Encadenamiento hacia atrás normalizado,índice; media = 1,codigo_ascendente,119,119,P143,Servicios de hospitalización,False,True,apto,0.871719372341283
encadenamiento_atras_normalizado,Encadenamiento hacia atrás normalizado,índice; media = 1,codigo_ascendente,120,120,P130,Servicios telefónicos de centros de llamadas,False,True,apto,0.869988813259141
encadenamiento_atras_normalizado,Encadenamiento hacia atrás normalizado,índice; media = 1,codigo_ascendente,121,121,P007,Sandías y melones,False,True,apto,0.867191605879706
encadenamiento_atras_normalizado,Encadenamiento hacia atrás normalizado,índice; media = 1,codigo_ascendente,122,122,P103,Mantenimiento y reparación de vehículos automotores y motocicletas,False,True,apto,0.864159688128385
encadenamiento_atras_normalizado,Encadenamiento hacia atrás normalizado,índice; media = 1,codigo_ascendente,123,123,P001,Maíz,False,True,apto,0.861799144900407
encadenamiento_atras_normalizado,Encadenamiento hacia atrás normalizado,índice; media = 1,codigo_ascendente,124,124,P141,Servicios administrativos relacionados con los sistemas de seguridad social de afiliación obligatoria,False,True,apto,0.8593796720561
encadenamiento_atras_normalizado,Encadenamiento hacia atrás normalizado,índice; media = 1,codigo_ascendente,125,125,P047,Harina de trigo,False,True,apto,0.858251793866088
encadenamiento_atras_normalizado,Encadenamiento hacia atrás normalizado,índice; media = 1,codigo_ascendente,126,126,P084,Otros productos elaborados de metal,False,True,apto,0.855578949213322
encadenamiento_atras_normalizado,Encadenamiento hacia atrás normalizado,índice; media = 1,codigo_ascendente,127,127,P006,Hortalizas,False,True,apto,0.850303351233776
encadenamiento_atras_normalizado,Encadenamiento hacia atrás normalizado,índice; media = 1,codigo_ascendente,128,128,P097,"Evacuación de aguas residuales, recogida, tratamiento y eliminación de desechos",False,True,apto,0.848289487323853
encadenamiento_atras_normalizado,Encadenamiento hacia atrás normalizado,índice; media = 1,codigo_ascendente,129,129,P133,Servicios de reparación de otros bienes,False,True,apto,0.844691908453964
encadenamiento_atras_normalizado,Encadenamiento hacia atrás normalizado,índice; media = 1,codigo_ascendente,130,130,P083,Productos metálicos estructurales y sus partes de hierro o de acero,False,True,apto,0.844547271151226
encadenamiento_atras_normalizado,Encadenamiento hacia atrás normalizado,índice; media = 1,codigo_ascendente,131,131,P120,"Servicios jurídicos, de contabilidad, auditoría, teneduría de libros y consultoría fiscal",False,True,apto,0.839174379989034
encadenamiento_atras_normalizado,Encadenamiento hacia atrás normalizado,índice; media = 1,codigo_ascendente,132,132,P029,"Peces vivos, frescos o refrigerados",False,True,apto,0.835598876557085
encadenamiento_atras_normalizado,Encadenamiento hacia atrás normalizado,índice; media = 1,codigo_ascendente,133,133,P008,Ejotes y arvejas,False,True,apto,0.834367551274223
encadenamiento_atras_normalizado,Encadenamiento hacia atrás normalizado,índice; media = 1,codigo_ascendente,134,134,P094,Residuos y desechos,False,True,apto,0.829103990199957
encadenamiento_atras_normalizado,Encadenamiento hacia atrás normalizado,índice; media = 1,codigo_ascendente,135,135,P140,Servicios públicos administrativos prestados a la comunidad en su conjunto,False,True,apto,0.812989355245954
encadenamiento_atras_normalizado,Encadenamiento hacia atrás normalizado,índice; media = 1,codigo_ascendente,136,136,P128,"Servicios de seguridad, sistemas de seguridad e investigación privada",False,True,apto,0.811099074502455
encadenamiento_atras_normalizado,Encadenamiento hacia atrás normalizado,índice; media = 1,codigo_ascendente,137,137,P013,Frutas tropicales y subtropicales,False,True,apto,0.810328160197758
encadenamiento_atras_normalizado,Encadenamiento hacia atrás normalizado,índice; media = 1,codigo_ascendente,138,138,P038,"Pescado congelado, preparado o en conserva y sus productos",False,True,apto,0.809541293101446
encadenamiento_atras_normalizado,Encadenamiento hacia atrás normalizado,índice; media = 1,codigo_ascendente,139,139,P068,"Gasolinas, diésel oil y fuel oils",False,True,apto,0.805276810136603
encadenamiento_atras_normalizado,Encadenamiento hacia atrás normalizado,índice; media = 1,codigo_ascendente,140,140,P027,Troncos de madera y leña,False,True,apto,0.785932702566404
encadenamiento_atras_normalizado,Encadenamiento hacia atrás normalizado,índice; media = 1,codigo_ascendente,141,141,P149,Otros servicios,False,True,apto,0.785775912429924
encadenamiento_atras_normalizado,Encadenamiento hacia atrás normalizado,índice; media = 1,codigo_ascendente,142,142,P142,Servicios de enseñanza,False,True,apto,0.785338919172201
encadenamiento_atras_normalizado,Encadenamiento hacia atrás normalizado,índice; media = 1,codigo_ascendente,143,143,P126,Servicios  de agencias de empleo y de dotación de recursos humanos,False,True,apto,0.765273220308829
encadenamiento_atras_normalizado,Encadenamiento hacia atrás normalizado,índice; media = 1,codigo_ascendente,144,144,P134,"Servicios de apoyo a la agricultura, caza, silvicultura y pesca",False,True,apto,0.750734325179842
encadenamiento_atras_normalizado,Encadenamiento hacia atrás normalizado,índice; media = 1,codigo_ascendente,145,145,P118,Servicios de alquiler de vivienda,False,True,apto,0.737366062681271
encadenamiento_atras_normalizado,Encadenamiento hacia atrás normalizado,índice; media = 1,codigo_ascendente,146,146,P069,"Aceites, grasas lubricantes y otros aceites preparados",True,False,solo_completitud_algebraica,0.678089868348049
encadenamiento_atras_normalizado,Encadenamiento hacia atrás normalizado,índice; media = 1,codigo_ascendente,147,146,P086,Electrodomésticos y sus partes,True,False,solo_completitud_algebraica,0.678089868348049
encadenamiento_atras_normalizado,Encadenamiento hacia atrás normalizado,índice; media = 1,codigo_ascendente,148,146,P087,"Maquinaria de oficina, contabilidad e informática, sus partes y piezas",True,False,solo_completitud_algebraica,0.678089868348049
encadenamiento_atras_normalizado,Encadenamiento hacia atrás normalizado,índice; media = 1,codigo_ascendente,149,146,P089,"Equipo y aparatos de radio, televisión y comunicaciones",True,False,solo_completitud_algebraica,0.678089868348049
encadenamiento_atras_normalizado,Encadenamiento hacia atrás normalizado,índice; media = 1,codigo_ascendente,150,146,P150,Servicios domésticos,False,True,apto,0.678089868348049
encadenamiento_atras_normalizado,Encadenamiento hacia atrás normalizado,índice; media = 1,codigo_ascendente,151,146,P151,Compras directas en el exterior por residentes,True,False,solo_completitud_algebraica,0.678089868348049
encadenamiento_atras_normalizado,Encadenamiento hacia atrás normalizado,índice; media = 1,codigo_ascendente,152,146,P152,Compras directas en el territorio nacional por no residentes,True,False,solo_completitud_algebraica,0.678089868348049
indice_dispersion_adelante_rh_normalizado,Índice de sensibilidad de dispersión hacia adelante RH (filas de L),índice; media = 1,codigo_ascendente,1,1,P102,Servicios de comercio,False,True,apto,6.26869069696694
indice_dispersion_adelante_rh_normalizado,Índice de sensibilidad de dispersión hacia adelante RH (filas de L),índice; media = 1,codigo_ascendente,2,2,P054,Preparados para alimentación animal,False,True,apto,2.80489787222452
indice_dispersion_adelante_rh_normalizado,Índice de sensibilidad de dispersión hacia adelante RH (filas de L),índice; media = 1,codigo_ascendente,3,3,P095,"Generación y distribución de energía eléctrica, gas, vapor y aire acondicionado",False,True,apto,2.76035830937892
indice_dispersion_adelante_rh_normalizado,Índice de sensibilidad de dispersión hacia adelante RH (filas de L),índice; media = 1,codigo_ascendente,4,4,P119,"Otros servicios inmobiliarios, excepto alquiler de vivienda",False,True,apto,2.35911743198054
indice_dispersion_adelante_rh_normalizado,Índice de sensibilidad de dispersión hacia adelante RH (filas de L),índice; media = 1,codigo_ascendente,5,5,P105,Servicio de transporte de carga por vía terrestre,False,True,apto,2.23105606666983
indice_dispersion_adelante_rh_normalizado,Índice de sensibilidad de dispersión hacia adelante RH (filas de L),índice; media = 1,codigo_ascendente,6,6,P101,Servicios generales y especializados de construcción,False,True,apto,2.09422809271904
indice_dispersion_adelante_rh_normalizado,Índice de sensibilidad de dispersión hacia adelante RH (filas de L),índice; media = 1,codigo_ascendente,7,7,P071,"Abonos, fertilizantes y pesticidas",False,True,apto,1.99397581032245
indice_dispersion_adelante_rh_normalizado,Índice de sensibilidad de dispersión hacia adelante RH (filas de L),índice; media = 1,codigo_ascendente,8,8,P126,Servicios  de agencias de empleo y de dotación de recursos humanos,False,True,apto,1.9767485153842
indice_dispersion_adelante_rh_normalizado,Índice de sensibilidad de dispersión hacia adelante RH (filas de L),índice; media = 1,codigo_ascendente,9,9,P123,"Otros servicios profesionales, científicos y técnicos",False,True,apto,1.93929711550732
indice_dispersion_adelante_rh_normalizado,Índice de sensibilidad de dispersión hacia adelante RH (filas de L),índice; media = 1,codigo_ascendente,10,10,P132,"Servicios de mantenimiento, reparación e instalación de productos metálicos elaborados, maquinaria y equipo",False,True,apto,1.69729525334722
indice_dispersion_adelante_rh_normalizado,Índice de sensibilidad de dispersión hacia adelante RH (filas de L),índice; media = 1,codigo_ascendente,11,11,P115,Servicios de Intermediación Financiera Medidos Indirectamente (SIFMI),False,True,apto,1.68539031655709
indice_dispersion_adelante_rh_normalizado,Índice de sensibilidad de dispersión hacia adelante RH (filas de L),índice; media = 1,codigo_ascendente,12,12,P076,Productos de caucho y plástico,False,True,apto,1.66756402244784
indice_dispersion_adelante_rh_normalizado,Índice de sensibilidad de dispersión hacia adelante RH (filas de L),índice; media = 1,codigo_ascendente,13,13,P112,"Servicios de información, telecomunicaciones y radiodifusión",False,True,apto,1.59890559390801
indice_dispersion_adelante_rh_normalizado,Índice de sensibilidad de dispersión hacia adelante RH (filas de L),índice; media = 1,codigo_ascendente,14,14,P125,Servicios de arrendamiento o alquiler sin operador,False,True,apto,1.55469164560984
indice_dispersion_adelante_rh_normalizado,Índice de sensibilidad de dispersión hacia adelante RH (filas de L),índice; media = 1,codigo_ascendente,15,15,P120,"Servicios jurídicos, de contabilidad, auditoría, teneduría de libros y consultoría fiscal",False,True,apto,1.54206071044762
indice_dispersion_adelante_rh_normalizado,Índice de sensibilidad de dispersión hacia adelante RH (filas de L),índice; media = 1,codigo_ascendente,16,16,P124,Servicios de publicidad y estudios de mercado,False,True,apto,1.53433744414447
indice_dispersion_adelante_rh_normalizado,Índice de sensibilidad de dispersión hacia adelante RH (filas de L),índice; media = 1,codigo_ascendente,17,17,P117,Servicios auxiliares de la intermediación financiera,False,True,apto,1.45823196574623
indice_dispersion_adelante_rh_normalizado,Índice de sensibilidad de dispersión hacia adelante RH (filas de L),índice; media = 1,codigo_ascendente,18,18,P079,"Cemento, cal y yeso",False,True,apto,1.44381062433618
indice_dispersion_adelante_rh_normalizado,Índice de sensibilidad de dispersión hacia adelante RH (filas de L),índice; media = 1,codigo_ascendente,19,19,P134,"Servicios de apoyo a la agricultura, caza, silvicultura y pesca",False,True,apto,1.421796145235
indice_dispersion_adelante_rh_normalizado,Índice de sensibilidad de dispersión hacia adelante RH (filas de L),índice; media = 1,codigo_ascendente,20,20,P023,Aves de corral,False,True,apto,1.36261020732478
indice_dispersion_adelante_rh_normalizado,Índice de sensibilidad de dispersión hacia adelante RH (filas de L),índice; media = 1,codigo_ascendente,21,21,P128,"Servicios de seguridad, sistemas de seguridad e investigación privada",False,True,apto,1.33900647187962
indice_dispersion_adelante_rh_normalizado,Índice de sensibilidad de dispersión hacia adelante RH (filas de L),índice; media = 1,codigo_ascendente,22,22,P052,"Azúcar de caña sin refinar y refinada, melaza y los demás azúcares n.c.p.",False,True,apto,1.2821357561353
indice_dispersion_adelante_rh_normalizado,Índice de sensibilidad de dispersión hacia adelante RH (filas de L),índice; media = 1,codigo_ascendente,23,23,P103,Mantenimiento y reparación de vehículos automotores y motocicletas,False,True,apto,1.28180574423171
indice_dispersion_adelante_rh_normalizado,Índice de sensibilidad de dispersión hacia adelante RH (filas de L),índice; media = 1,codigo_ascendente,24,24,P022,Ganado porcino y otro tipo de animales vivos n.c.p.,False,True,apto,1.2812015454141
indice_dispersion_adelante_rh_normalizado,Índice de sensibilidad de dispersión hacia adelante RH (filas de L),índice; media = 1,codigo_ascendente,25,25,P010,Caña de azúcar y otras plantas azucareras,False,True,apto,1.27807240764427
indice_dispersion_adelante_rh_normalizado,Índice de sensibilidad de dispersión hacia adelante RH (filas de L),índice; media = 1,codigo_ascendente,26,26,P021,Ganado bovino,False,True,apto,1.26158207469123
indice_dispersion_adelante_rh_normalizado,Índice de sensibilidad de dispersión hacia adelante RH (filas de L),índice; media = 1,codigo_ascendente,27,27,P033,Minerales no metálicos,False,True,apto,1.25627514748444
indice_dispersion_adelante_rh_normalizado,Índice de sensibilidad de dispersión hacia adelante RH (filas de L),índice; media = 1,codigo_ascendente,28,28,P015,Palma africana,False,True,apto,1.22902659714674
indice_dispersion_adelante_rh_normalizado,Índice de sensibilidad de dispersión hacia adelante RH (filas de L),índice; media = 1,codigo_ascendente,29,29,P108,Otros servicios de apoyo al transporte,False,True,apto,1.21931369162415
indice_dispersion_adelante_rh_normalizado,Índice de sensibilidad de dispersión hacia adelante RH (filas de L),índice; media = 1,codigo_ascendente,30,30,P082,"Métales básicos de hierro y acero, productos primarios de metales preciosos y otros metales no ferrosos",False,True,apto,1.21515594978144
indice_dispersion_adelante_rh_normalizado,Índice de sensibilidad de dispersión hacia adelante RH (filas de L),índice; media = 1,codigo_ascendente,31,31,P136,Servicios de manufactura,False,True,apto,1.19214560946784
indice_dispersion_adelante_rh_normalizado,Índice de sensibilidad de dispersión hacia adelante RH (filas de L),índice; media = 1,codigo_ascendente,32,32,P016,Café en grano,False,True,apto,1.18207210475477
indice_dispersion_adelante_rh_normalizado,Índice de sensibilidad de dispersión hacia adelante RH (filas de L),índice; media = 1,codigo_ascendente,33,33,P122,"Servicios de arquitectura e ingeniería, ensayos y análisis técnicos",False,True,apto,1.17868282535615
indice_dispersion_adelante_rh_normalizado,Índice de sensibilidad de dispersión hacia adelante RH (filas de L),índice; media = 1,codigo_ascendente,34,34,P024,Leche cruda,False,True,apto,1.17514988546136
indice_dispersion_adelante_rh_normalizado,Índice de sensibilidad de dispersión hacia adelante RH (filas de L),índice; media = 1,codigo_ascendente,35,35,P096,Agua natural y distribución de agua natural,False,True,apto,1.17058541650628
indice_dispersion_adelante_rh_normalizado,Índice de sensibilidad de dispersión hacia adelante RH (filas de L),índice; media = 1,codigo_ascendente,36,36,P084,Otros productos elaborados de metal,False,True,apto,1.15794806716186
indice_dispersion_adelante_rh_normalizado,Índice de sensibilidad de dispersión hacia adelante RH (filas de L),índice; media = 1,codigo_ascendente,37,37,P063,"Madera aserrada y acepillada, productos de madera, corcho, paja y materiales trenzables",False,True,apto,1.15395014035311
indice_dispersion_adelante_rh_normalizado,Índice de sensibilidad de dispersión hacia adelante RH (filas de L),índice; media = 1,codigo_ascendente,38,38,P116,"Servicios de seguro, reaseguro y fondos de pensiones",False,True,apto,1.15303434142223
indice_dispersion_adelante_rh_normalizado,Índice de sensibilidad de dispersión hacia adelante RH (filas de L),índice; media = 1,codigo_ascendente,39,39,P027,Troncos de madera y leña,False,True,apto,1.10789332141538
indice_dispersion_adelante_rh_normalizado,Índice de sensibilidad de dispersión hacia adelante RH (filas de L),índice; media = 1,codigo_ascendente,40,40,P131,"Servicios administrativos, de apoyo de oficina y otros servicios de apoyo a las empresas",False,True,apto,1.08794918510685
indice_dispersion_adelante_rh_normalizado,Índice de sensibilidad de dispersión hacia adelante RH (filas de L),índice; media = 1,codigo_ascendente,41,41,P111,Servicio de suministro de comidas y bebidas,False,True,apto,1.0844421371296
indice_dispersion_adelante_rh_normalizado,Índice de sensibilidad de dispersión hacia adelante RH (filas de L),índice; media = 1,codigo_ascendente,42,42,P011,Tabaco y otras plantas no perennes,False,True,apto,1.06478409057653
indice_dispersion_adelante_rh_normalizado,Índice de sensibilidad de dispersión hacia adelante RH (filas de L),índice; media = 1,codigo_ascendente,43,43,P059,"Hilados, tejidos, telas y otros productos textiles excepto prendas de vestir",False,True,apto,1.06299282775747
indice_dispersion_adelante_rh_normalizado,Índice de sensibilidad de dispersión hacia adelante RH (filas de L),índice; media = 1,codigo_ascendente,44,44,P018,Caucho natural,False,True,apto,1.06047021749734
indice_dispersion_adelante_rh_normalizado,Índice de sensibilidad de dispersión hacia adelante RH (filas de L),índice; media = 1,codigo_ascendente,45,45,P001,Maíz,False,True,apto,1.05218252018142
indice_dispersion_adelante_rh_normalizado,Índice de sensibilidad de dispersión hacia adelante RH (filas de L),índice; media = 1,codigo_ascendente,46,46,P121,Servicios de tecnología de la información,False,True,apto,1.01533769881854
indice_dispersion_adelante_rh_normalizado,Índice de sensibilidad de dispersión hacia adelante RH (filas de L),índice; media = 1,codigo_ascendente,47,47,P065,Envases de papel y cartón,False,True,apto,0.987910688741309
indice_dispersion_adelante_rh_normalizado,Índice de sensibilidad de dispersión hacia adelante RH (filas de L),índice; media = 1,codigo_ascendente,48,48,P094,Residuos y desechos,False,True,apto,0.987407376655437
indice_dispersion_adelante_rh_normalizado,Índice de sensibilidad de dispersión hacia adelante RH (filas de L),índice; media = 1,codigo_ascendente,49,49,P017,Cardamomo,False,True,apto,0.979904481068212
indice_dispersion_adelante_rh_normalizado,Índice de sensibilidad de dispersión hacia adelante RH (filas de L),índice; media = 1,codigo_ascendente,50,50,P114,Otros servicios financieros y servicios de banca de inversión,False,True,apto,0.973761767256966
indice_dispersion_adelante_rh_normalizado,Índice de sensibilidad de dispersión hacia adelante RH (filas de L),índice; media = 1,codigo_ascendente,51,51,P034,Carne y despojos comestibles de ganado bovino; cueros y pieles de bovino y de otros animales,False,True,apto,0.947832333210747
indice_dispersion_adelante_rh_normalizado,Índice de sensibilidad de dispersión hacia adelante RH (filas de L),índice; media = 1,codigo_ascendente,52,52,P064,Pasta de papel y papel,False,True,apto,0.947231573656009
indice_dispersion_adelante_rh_normalizado,Índice de sensibilidad de dispersión hacia adelante RH (filas de L),índice; media = 1,codigo_ascendente,53,53,P110,Servicio de alojamiento,False,True,apto,0.947071703746861
indice_dispersion_adelante_rh_normalizado,Índice de sensibilidad de dispersión hacia adelante RH (filas de L),índice; media = 1,codigo_ascendente,54,54,P043,Aceites de origen vegetal,False,True,apto,0.935159892500761
indice_dispersion_adelante_rh_normalizado,Índice de sensibilidad de dispersión hacia adelante RH (filas de L),índice; media = 1,codigo_ascendente,55,55,P074,Otros productos químicos,False,True,apto,0.91428800168683
indice_dispersion_adelante_rh_normalizado,Índice de sensibilidad de dispersión hacia adelante RH (filas de L),índice; media = 1,codigo_ascendente,56,56,P061,Cuero de piel curtida o adobada y cuero artificial o regenerado y artículos de cuero,False,True,apto,0.903257877769907
indice_dispersion_adelante_rh_normalizado,Índice de sensibilidad de dispersión hacia adelante RH (filas de L),índice; media = 1,codigo_ascendente,57,57,P031,Petróleo crudo y gas natural,False,True,apto,0.902335910626416
indice_dispersion_adelante_rh_normalizado,Índice de sensibilidad de dispersión hacia adelante RH (filas de L),índice; media = 1,codigo_ascendente,58,58,P129,Servicios de limpieza,False,True,apto,0.901034022233689
indice_dispersion_adelante_rh_normalizado,Índice de sensibilidad de dispersión hacia adelante RH (filas de L),índice; media = 1,codigo_ascendente,59,59,P080,"Artículos de hormigón, cemento y yeso",False,True,apto,0.892908571864052
indice_dispersion_adelante_rh_normalizado,Índice de sensibilidad de dispersión hacia adelante RH (filas de L),índice; media = 1,codigo_ascendente,60,60,P072,"Pinturas, barnices, tintas y productos relacionados",False,True,apto,0.862950091628144
indice_dispersion_adelante_rh_normalizado,Índice de sensibilidad de dispersión hacia adelante RH (filas de L),índice; media = 1,codigo_ascendente,61,61,P047,Harina de trigo,False,True,apto,0.859488501565495
indice_dispersion_adelante_rh_normalizado,Índice de sensibilidad de dispersión hacia adelante RH (filas de L),índice; media = 1,codigo_ascendente,62,62,P067,Productos de la impresión,False,True,apto,0.857053331375073
indice_dispersion_adelante_rh_normalizado,Índice de sensibilidad de dispersión hacia adelante RH (filas de L),índice; media = 1,codigo_ascendente,63,63,P044,"Margarina, grasas y otros aceites de origen animal y vegetal",False,True,apto,0.850993732079472
indice_dispersion_adelante_rh_normalizado,Índice de sensibilidad de dispersión hacia adelante RH (filas de L),índice; media = 1,codigo_ascendente,64,64,P003,Leguminosas (legumbres secas) y semillas oleaginosas,False,True,apto,0.850082275470922
indice_dispersion_adelante_rh_normalizado,Índice de sensibilidad de dispersión hacia adelante RH (filas de L),índice; media = 1,codigo_ascendente,65,65,P093,Otros artículos n.c.p.,False,True,apto,0.836484055332224
indice_dispersion_adelante_rh_normalizado,Índice de sensibilidad de dispersión hacia adelante RH (filas de L),índice; media = 1,codigo_ascendente,66,66,P019,Propagación de plantas,False,True,apto,0.834725422534064
indice_dispersion_adelante_rh_normalizado,Índice de sensibilidad de dispersión hacia adelante RH (filas de L),índice; media = 1,codigo_ascendente,67,67,P083,Productos metálicos estructurales y sus partes de hierro o de acero,False,True,apto,0.831739904986141
indice_dispersion_adelante_rh_normalizado,Índice de sensibilidad de dispersión hacia adelante RH (filas de L),índice; media = 1,codigo_ascendente,68,68,P133,Servicios de reparación de otros bienes,False,True,apto,0.82134958653953
indice_dispersion_adelante_rh_normalizado,Índice de sensibilidad de dispersión hacia adelante RH (filas de L),índice; media = 1,codigo_ascendente,69,69,P004,Arroz,False,True,apto,0.821329980088234
indice_dispersion_adelante_rh_normalizado,Índice de sensibilidad de dispersión hacia adelante RH (filas de L),índice; media = 1,codigo_ascendente,70,70,P078,Productos de cerámica y arcilla,False,True,apto,0.815327281187848
indice_dispersion_adelante_rh_normalizado,Índice de sensibilidad de dispersión hacia adelante RH (filas de L),índice; media = 1,codigo_ascendente,71,71,P109,Servicios postales y de mensajería,False,True,apto,0.810661367934221
indice_dispersion_adelante_rh_normalizado,Índice de sensibilidad de dispersión hacia adelante RH (filas de L),índice; media = 1,codigo_ascendente,72,72,P077,Vidrio y productos de vidrio,False,True,apto,0.80822291278954
indice_dispersion_adelante_rh_normalizado,Índice de sensibilidad de dispersión hacia adelante RH (filas de L),índice; media = 1,codigo_ascendente,73,73,P039,"Crustáceos, moluscos y demás invertebrados acuáticos congelados, preparados o en conserva y sus productos",False,True,apto,0.800859000734289
indice_dispersion_adelante_rh_normalizado,Índice de sensibilidad de dispersión hacia adelante RH (filas de L),índice; media = 1,codigo_ascendente,74,74,P006,Hortalizas,False,True,apto,0.799774546546803
indice_dispersion_adelante_rh_normalizado,Índice de sensibilidad de dispersión hacia adelante RH (filas de L),índice; media = 1,codigo_ascendente,75,75,P053,Productos alimenticios n.c.p.,False,True,apto,0.793503833981711
indice_dispersion_adelante_rh_normalizado,Índice de sensibilidad de dispersión hacia adelante RH (filas de L),índice; media = 1,codigo_ascendente,76,76,P070,"Gases de petróleo, otros productos de la refinación de petróleo n.c.p.",False,True,apto,0.788494341321409
indice_dispersion_adelante_rh_normalizado,Índice de sensibilidad de dispersión hacia adelante RH (filas de L),índice; media = 1,codigo_ascendente,77,77,P066,Productos de la edición,False,True,apto,0.783418233116667
indice_dispersion_adelante_rh_normalizado,Índice de sensibilidad de dispersión hacia adelante RH (filas de L),índice; media = 1,codigo_ascendente,78,78,P036,Carne y despojos comestibles de aves,False,True,apto,0.777518377513184
indice_dispersion_adelante_rh_normalizado,Índice de sensibilidad de dispersión hacia adelante RH (filas de L),índice; media = 1,codigo_ascendente,79,79,P014,"Berries, otras frutas y semillas de frutas",False,True,apto,0.777464705713831
indice_dispersion_adelante_rh_normalizado,Índice de sensibilidad de dispersión hacia adelante RH (filas de L),índice; media = 1,codigo_ascendente,80,80,P013,Frutas tropicales y subtropicales,False,True,apto,0.773024123957388
indice_dispersion_adelante_rh_normalizado,Índice de sensibilidad de dispersión hacia adelante RH (filas de L),índice; media = 1,codigo_ascendente,81,81,P060,"Prendas de vestir, adobo y teñido de pieles",False,True,apto,0.771259212645699
indice_dispersion_adelante_rh_normalizado,Índice de sensibilidad de dispersión hacia adelante RH (filas de L),índice; media = 1,codigo_ascendente,82,82,P073,"Jabón, preparados de limpieza, perfumes y preparados de toilet",False,True,apto,0.770612433178201
indice_dispersion_adelante_rh_normalizado,Índice de sensibilidad de dispersión hacia adelante RH (filas de L),índice; media = 1,codigo_ascendente,83,83,P085,"Maquinaria para usos generales y especiales, sus partes y piezas, excepto electrodomésticos",False,True,apto,0.769881256944309
indice_dispersion_adelante_rh_normalizado,Índice de sensibilidad de dispersión hacia adelante RH (filas de L),índice; media = 1,codigo_ascendente,84,84,P081,Piedras talladas para construcción y otros productos minerales no metálicos n.c.p.,False,True,apto,0.764268351949898
indice_dispersion_adelante_rh_normalizado,Índice de sensibilidad de dispersión hacia adelante RH (filas de L),índice; media = 1,codigo_ascendente,85,85,P135,"Servicios de apoyo a la explotación de minas y canteras y los relacionados con la distribución de electricidad, gas y agua",False,True,apto,0.761145043403899
indice_dispersion_adelante_rh_normalizado,Índice de sensibilidad de dispersión hacia adelante RH (filas de L),índice; media = 1,codigo_ascendente,86,86,P035,Carne y despojos comestibles de ganado porcino,False,True,apto,0.758656396612412
indice_dispersion_adelante_rh_normalizado,Índice de sensibilidad de dispersión hacia adelante RH (filas de L),índice; media = 1,codigo_ascendente,87,87,P145,Otros servicios de atención de la salud humana,False,True,apto,0.755247475935224
indice_dispersion_adelante_rh_normalizado,Índice de sensibilidad de dispersión hacia adelante RH (filas de L),índice; media = 1,codigo_ascendente,88,88,P147,Servicios de asociaciones que sirven a las empresas,False,True,apto,0.751136670149015
indice_dispersion_adelante_rh_normalizado,Índice de sensibilidad de dispersión hacia adelante RH (filas de L),índice; media = 1,codigo_ascendente,89,89,P002,Frijoles,False,True,apto,0.746801479393446
indice_dispersion_adelante_rh_normalizado,Índice de sensibilidad de dispersión hacia adelante RH (filas de L),índice; media = 1,codigo_ascendente,90,90,P146,"Servicios audiovisuales, recreativos, culturales y deportivos",False,True,apto,0.746740441885662
indice_dispersion_adelante_rh_normalizado,Índice de sensibilidad de dispersión hacia adelante RH (filas de L),índice; media = 1,codigo_ascendente,91,91,P144,Servicios médicos y dentales,False,True,apto,0.74237768756534
indice_dispersion_adelante_rh_normalizado,Índice de sensibilidad de dispersión hacia adelante RH (filas de L),índice; media = 1,codigo_ascendente,92,92,P097,"Evacuación de aguas residuales, recogida, tratamiento y eliminación de desechos",False,True,apto,0.735988205968987
indice_dispersion_adelante_rh_normalizado,Índice de sensibilidad de dispersión hacia adelante RH (filas de L),índice; media = 1,codigo_ascendente,93,93,P107,Servicios de almacenamiento y depósito,False,True,apto,0.734001029481158
indice_dispersion_adelante_rh_normalizado,Índice de sensibilidad de dispersión hacia adelante RH (filas de L),índice; media = 1,codigo_ascendente,94,94,P104,Servicio de transporte de pasajeros por vía terrestre,False,True,apto,0.730553670384319
indice_dispersion_adelante_rh_normalizado,Índice de sensibilidad de dispersión hacia adelante RH (filas de L),índice; media = 1,codigo_ascendente,95,95,P009,Raíces y tubérculos,False,True,apto,0.728346669884161
indice_dispersion_adelante_rh_normalizado,Índice de sensibilidad de dispersión hacia adelante RH (filas de L),índice; media = 1,codigo_ascendente,96,96,P055,"Aguardientes, licores, vinos, demás bebidas espirituosas y productos del tabaco",False,True,apto,0.727787074173926
indice_dispersion_adelante_rh_normalizado,Índice de sensibilidad de dispersión hacia adelante RH (filas de L),índice; media = 1,codigo_ascendente,97,97,P037,Carne y despojos de otros animales y conservas y preparados de carne,False,True,apto,0.727523678656868
indice_dispersion_adelante_rh_normalizado,Índice de sensibilidad de dispersión hacia adelante RH (filas de L),índice; media = 1,codigo_ascendente,98,98,P030,Crustáceos sin congelar y otros productos de la pesca,False,True,apto,0.721599165635171
indice_dispersion_adelante_rh_normalizado,Índice de sensibilidad de dispersión hacia adelante RH (filas de L),índice; media = 1,codigo_ascendente,99,99,P106,Otros tipos de transporte,False,True,apto,0.721417517599415
indice_dispersion_adelante_rh_normalizado,Índice de sensibilidad de dispersión hacia adelante RH (filas de L),índice; media = 1,codigo_ascendente,100,100,P049,"Otros productos de molinería, almidones y productos de almidón",False,True,apto,0.7213440203618
indice_dispersion_adelante_rh_normalizado,Índice de sensibilidad de dispersión hacia adelante RH (filas de L),índice; media = 1,codigo_ascendente,101,101,P041,Preparaciones y conservas de frutas y nueces,False,True,apto,0.716406721811592
indice_dispersion_adelante_rh_normalizado,Índice de sensibilidad de dispersión hacia adelante RH (filas de L),índice; media = 1,codigo_ascendente,102,102,P012,"Bananos, plátanos y otros",False,True,apto,0.712334431479584
indice_dispersion_adelante_rh_normalizado,Índice de sensibilidad de dispersión hacia adelante RH (filas de L),índice; media = 1,codigo_ascendente,103,103,P130,Servicios telefónicos de centros de llamadas,False,True,apto,0.709607576094021
indice_dispersion_adelante_rh_normalizado,Índice de sensibilidad de dispersión hacia adelante RH (filas de L),índice; media = 1,codigo_ascendente,104,104,P025,Huevos,False,True,apto,0.709520287712032
indice_dispersion_adelante_rh_normalizado,Índice de sensibilidad de dispersión hacia adelante RH (filas de L),índice; media = 1,codigo_ascendente,105,105,P008,Ejotes y arvejas,False,True,apto,0.70712946349839
indice_dispersion_adelante_rh_normalizado,Índice de sensibilidad de dispersión hacia adelante RH (filas de L),índice; media = 1,codigo_ascendente,106,106,P068,"Gasolinas, diésel oil y fuel oils",False,True,apto,0.706941863348322
indice_dispersion_adelante_rh_normalizado,Índice de sensibilidad de dispersión hacia adelante RH (filas de L),índice; media = 1,codigo_ascendente,107,107,P058,Aguas minerales y otras aguas embotelladas,False,True,apto,0.706015067875225
indice_dispersion_adelante_rh_normalizado,Índice de sensibilidad de dispersión hacia adelante RH (filas de L),índice; media = 1,codigo_ascendente,108,108,P062,"Calzado y sus partes, de cualquier material y de cualquier uso",False,True,apto,0.703902556148468
indice_dispersion_adelante_rh_normalizado,Índice de sensibilidad de dispersión hacia adelante RH (filas de L),índice; media = 1,codigo_ascendente,109,109,P050,Pan y otros productos de panadería y repostería n.c.p.,False,True,apto,0.703380501383709
indice_dispersion_adelante_rh_normalizado,Índice de sensibilidad de dispersión hacia adelante RH (filas de L),índice; media = 1,codigo_ascendente,110,110,P091,Equipo de transporte,False,True,apto,0.702855769270461
indice_dispersion_adelante_rh_normalizado,Índice de sensibilidad de dispersión hacia adelante RH (filas de L),índice; media = 1,codigo_ascendente,111,111,P029,"Peces vivos, frescos o refrigerados",False,True,apto,0.700452740216569
indice_dispersion_adelante_rh_normalizado,Índice de sensibilidad de dispersión hacia adelante RH (filas de L),índice; media = 1,codigo_ascendente,112,112,P057,Bebidas no alcohólicas,False,True,apto,0.697800129531724
indice_dispersion_adelante_rh_normalizado,Índice de sensibilidad de dispersión hacia adelante RH (filas de L),índice; media = 1,codigo_ascendente,113,113,P142,Servicios de enseñanza,False,True,apto,0.696341011700014
indice_dispersion_adelante_rh_normalizado,Índice de sensibilidad de dispersión hacia adelante RH (filas de L),índice; media = 1,codigo_ascendente,114,114,P045,Leche líquida y crema procesada,False,True,apto,0.69619623985281
indice_dispersion_adelante_rh_normalizado,Índice de sensibilidad de dispersión hacia adelante RH (filas de L),índice; media = 1,codigo_ascendente,115,115,P040,"Vegetales preparados o en conserva, legumbres y papas",False,True,apto,0.694793508648852
indice_dispersion_adelante_rh_normalizado,Índice de sensibilidad de dispersión hacia adelante RH (filas de L),índice; media = 1,codigo_ascendente,116,116,P075,Productos farmacéuticos,False,True,apto,0.693901176550296
indice_dispersion_adelante_rh_normalizado,Índice de sensibilidad de dispersión hacia adelante RH (filas de L),índice; media = 1,codigo_ascendente,117,117,P026,Otros productos de animales vivos,False,True,apto,0.691415299469275
indice_dispersion_adelante_rh_normalizado,Índice de sensibilidad de dispersión hacia adelante RH (filas de L),índice; media = 1,codigo_ascendente,118,118,P051,"Tortillas de maíz, incluso tostadas, horneadas o fritas",False,True,apto,0.690935866009633
indice_dispersion_adelante_rh_normalizado,Índice de sensibilidad de dispersión hacia adelante RH (filas de L),índice; media = 1,codigo_ascendente,119,119,P046,Otros productos lácteos n.c.p.,False,True,apto,0.690775798316308
indice_dispersion_adelante_rh_normalizado,Índice de sensibilidad de dispersión hacia adelante RH (filas de L),índice; media = 1,codigo_ascendente,120,120,P088,"Maquinaria y aparatos eléctricos, sus partes y piezas",False,True,apto,0.689942267679937
indice_dispersion_adelante_rh_normalizado,Índice de sensibilidad de dispersión hacia adelante RH (filas de L),índice; media = 1,codigo_ascendente,121,121,P020,"Otros frutos oleaginosos, otras plantas bebestibles y especias aromáticas",False,True,apto,0.68922233736711
indice_dispersion_adelante_rh_normalizado,Índice de sensibilidad de dispersión hacia adelante RH (filas de L),índice; media = 1,codigo_ascendente,122,122,P042,Jugos de frutas,False,True,apto,0.688934210459646
indice_dispersion_adelante_rh_normalizado,Índice de sensibilidad de dispersión hacia adelante RH (filas de L),índice; media = 1,codigo_ascendente,123,123,P092,Muebles,False,True,apto,0.687594718836001
indice_dispersion_adelante_rh_normalizado,Índice de sensibilidad de dispersión hacia adelante RH (filas de L),índice; media = 1,codigo_ascendente,124,124,P149,Otros servicios,False,True,apto,0.687421712345741
indice_dispersion_adelante_rh_normalizado,Índice de sensibilidad de dispersión hacia adelante RH (filas de L),índice; media = 1,codigo_ascendente,125,125,P005,Otros cereales,False,True,apto,0.686696822364522
indice_dispersion_adelante_rh_normalizado,Índice de sensibilidad de dispersión hacia adelante RH (filas de L),índice; media = 1,codigo_ascendente,126,126,P127,"Servicios de agencias de viajes, operadores turísticos y actividades conexas",False,True,apto,0.685055680829526
indice_dispersion_adelante_rh_normalizado,Índice de sensibilidad de dispersión hacia adelante RH (filas de L),índice; media = 1,codigo_ascendente,127,127,P048,Arroz sin cáscara,False,True,apto,0.683057165877183
indice_dispersion_adelante_rh_normalizado,Índice de sensibilidad de dispersión hacia adelante RH (filas de L),índice; media = 1,codigo_ascendente,128,128,P038,"Pescado congelado, preparado o en conserva y sus productos",False,True,apto,0.683040595243491
indice_dispersion_adelante_rh_normalizado,Índice de sensibilidad de dispersión hacia adelante RH (filas de L),índice; media = 1,codigo_ascendente,129,129,P028,Productos forestales no madereros,False,True,apto,0.682504118012018
indice_dispersion_adelante_rh_normalizado,Índice de sensibilidad de dispersión hacia adelante RH (filas de L),índice; media = 1,codigo_ascendente,130,130,P056,Malta y cerveza de malta,False,True,apto,0.682443391447729
indice_dispersion_adelante_rh_normalizado,Índice de sensibilidad de dispersión hacia adelante RH (filas de L),índice; media = 1,codigo_ascendente,131,131,P090,"Aparatos médicos, instrumentos ópticos y de precisión, relojes",False,True,apto,0.682383095609027
indice_dispersion_adelante_rh_normalizado,Índice de sensibilidad de dispersión hacia adelante RH (filas de L),índice; media = 1,codigo_ascendente,132,132,P007,Sandías y melones,False,True,apto,0.679683603551312
indice_dispersion_adelante_rh_normalizado,Índice de sensibilidad de dispersión hacia adelante RH (filas de L),índice; media = 1,codigo_ascendente,133,133,P086,Electrodomésticos y sus partes,True,False,solo_completitud_algebraica,0.678089868359197
indice_dispersion_adelante_rh_normalizado,Índice de sensibilidad de dispersión hacia adelante RH (filas de L),índice; media = 1,codigo_ascendente,134,134,P087,"Maquinaria de oficina, contabilidad e informática, sus partes y piezas",True,False,solo_completitud_algebraica,0.678089868355328
indice_dispersion_adelante_rh_normalizado,Índice de sensibilidad de dispersión hacia adelante RH (filas de L),índice; media = 1,codigo_ascendente,135,135,P032,Minerales metálicos,False,True,apto,0.678089868348049
indice_dispersion_adelante_rh_normalizado,Índice de sensibilidad de dispersión hacia adelante RH (filas de L),índice; media = 1,codigo_ascendente,136,135,P069,"Aceites, grasas lubricantes y otros aceites preparados",True,False,solo_completitud_algebraica,0.678089868348049
indice_dispersion_adelante_rh_normalizado,Índice de sensibilidad de dispersión hacia adelante RH (filas de L),índice; media = 1,codigo_ascendente,137,135,P089,"Equipo y aparatos de radio, televisión y comunicaciones",True,False,solo_completitud_algebraica,0.678089868348049
indice_dispersion_adelante_rh_normalizado,Índice de sensibilidad de dispersión hacia adelante RH (filas de L),índice; media = 1,codigo_ascendente,138,135,P098,Edificaciones residenciales,False,True,apto,0.678089868348049
indice_dispersion_adelante_rh_normalizado,Índice de sensibilidad de dispersión hacia adelante RH (filas de L),índice; media = 1,codigo_ascendente,139,135,P099,Edificaciones no residenciales,False,True,apto,0.678089868348049
indice_dispersion_adelante_rh_normalizado,Índice de sensibilidad de dispersión hacia adelante RH (filas de L),índice; media = 1,codigo_ascendente,140,135,P100,Obras de ingeniería civil,False,True,apto,0.678089868348049
indice_dispersion_adelante_rh_normalizado,Índice de sensibilidad de dispersión hacia adelante RH (filas de L),índice; media = 1,codigo_ascendente,141,135,P113,Servicios de banco central,False,True,apto,0.678089868348049
indice_dispersion_adelante_rh_normalizado,Índice de sensibilidad de dispersión hacia adelante RH (filas de L),índice; media = 1,codigo_ascendente,142,135,P118,Servicios de alquiler de vivienda,False,True,apto,0.678089868348049
indice_dispersion_adelante_rh_normalizado,Índice de sensibilidad de dispersión hacia adelante RH (filas de L),índice; media = 1,codigo_ascendente,143,135,P137,Servicios públicos del gobierno general,False,True,apto,0.678089868348049
indice_dispersion_adelante_rh_normalizado,Índice de sensibilidad de dispersión hacia adelante RH (filas de L),índice; media = 1,codigo_ascendente,144,135,P138,"Servicios públicos administrativos relacionados con la provisión de servicios educativos, de salud, servicios sociales, culturales y otros, sin contar los servicios de seguridad social",False,True,apto,0.678089868348049
indice_dispersion_adelante_rh_normalizado,Índice de sensibilidad de dispersión hacia adelante RH (filas de L),índice; media = 1,codigo_ascendente,145,135,P139,Otros servicios administrativos,False,True,apto,0.678089868348049
indice_dispersion_adelante_rh_normalizado,Índice de sensibilidad de dispersión hacia adelante RH (filas de L),índice; media = 1,codigo_ascendente,146,135,P140,Servicios públicos administrativos prestados a la comunidad en su conjunto,False,True,apto,0.678089868348049
indice_dispersion_adelante_rh_normalizado,Índice de sensibilidad de dispersión hacia adelante RH (filas de L),índice; media = 1,codigo_ascendente,147,135,P141,Servicios administrativos relacionados con los sistemas de seguridad social de afiliación obligatoria,False,True,apto,0.678089868348049
indice_dispersion_adelante_rh_normalizado,Índice de sensibilidad de dispersión hacia adelante RH (filas de L),índice; media = 1,codigo_ascendente,148,135,P143,Servicios de hospitalización,False,True,apto,0.678089868348049
indice_dispersion_adelante_rh_normalizado,Índice de sensibilidad de dispersión hacia adelante RH (filas de L),índice; media = 1,codigo_ascendente,149,135,P148,Servicios de asociaciones que sirven a los hogares,False,True,apto,0.678089868348049
indice_dispersion_adelante_rh_normalizado,Índice de sensibilidad de dispersión hacia adelante RH (filas de L),índice; media = 1,codigo_ascendente,150,135,P150,Servicios domésticos,False,True,apto,0.678089868348049
indice_dispersion_adelante_rh_normalizado,Índice de sensibilidad de dispersión hacia adelante RH (filas de L),índice; media = 1,codigo_ascendente,151,135,P151,Compras directas en el exterior por residentes,True,False,solo_completitud_algebraica,0.678089868348049
indice_dispersion_adelante_rh_normalizado,Índice de sensibilidad de dispersión hacia adelante RH (filas de L),índice; media = 1,codigo_ascendente,152,135,P152,Compras directas en el territorio nacional por no residentes,True,False,solo_completitud_algebraica,0.678089868348049
