origen,codigo,producto,componente,valor_publicado_millones_quetzales,multiplicador_contable,valor_aplicado_millones_quetzales
domestico,P001,Maíz,exportaciones_fob,11.4508637896902,1,11.4508637896902
domestico,P002,Frijoles,exportaciones_fob,26.5721775959875,1,26.5721775959875
domestico,P003,Leguminosas (legumbres secas) y semillas oleaginosas,exportaciones_fob,351.565491270436,1,351.565491270436
domestico,P004,Arroz,exportaciones_fob,0.03701,1,0.03701
domestico,P005,Otros cereales,exportaciones_fob,1.2288042,1,1.2288042
domestico,P006,Hortalizas,exportaciones_fob,580.241991465419,1,580.241991465419
domestico,P007,Sandías y melones,exportaciones_fob,1099.27342362726,1,1099.27342362726
domestico,P008,Ejotes y arvejas,exportaciones_fob,560.204555924756,1,560.204555924756
domestico,P009,Raíces y tubérculos,exportaciones_fob,55.6360080572132,1,55.6360080572132
domestico,P010,Caña de azúcar y otras plantas azucareras,exportaciones_fob,2.316666,1,2.316666
domestico,P011,Tabaco y otras plantas no perennes,exportaciones_fob,285.9470406636,1,285.9470406636
domestico,P012,"Bananos, plátanos y otros",exportaciones_fob,4275.86101565449,1,4275.86101565449
domestico,P013,Frutas tropicales y subtropicales,exportaciones_fob,185.677269679283,1,185.677269679283
domestico,P014,"Berries, otras frutas y semillas de frutas",exportaciones_fob,190.693626935215,1,190.693626935215
domestico,P015,Palma africana,exportaciones_fob,0,1,0
domestico,P016,Café en grano,exportaciones_fob,5543.63570328,1,5543.63570328
domestico,P017,Cardamomo,exportaciones_fob,1690.199019,1,1690.199019
domestico,P018,Caucho natural,exportaciones_fob,1876.597296,1,1876.597296
domestico,P019,Propagación de plantas,exportaciones_fob,253.832085,1,253.832085
domestico,P020,"Otros frutos oleaginosos, otras plantas bebestibles y especias aromáticas",exportaciones_fob,19.1095586483933,1,19.1095586483933
domestico,P021,Ganado bovino,exportaciones_fob,23.9643991357754,1,23.9643991357754
domestico,P022,Ganado porcino y otro tipo de animales vivos n.c.p.,exportaciones_fob,1.13478,1,1.13478
domestico,P023,Aves de corral,exportaciones_fob,12.504845,1,12.504845
domestico,P024,Leche cruda,exportaciones_fob,0,1,0
domestico,P025,Huevos,exportaciones_fob,0,1,0
domestico,P026,Otros productos de animales vivos,exportaciones_fob,44.5266808997102,1,44.5266808997102
domestico,P027,Troncos de madera y leña,exportaciones_fob,11.523621,1,11.523621
domestico,P028,Productos forestales no madereros,exportaciones_fob,142.188999465724,1,142.188999465724
domestico,P029,"Peces vivos, frescos o refrigerados",exportaciones_fob,36.7811657646997,1,36.7811657646997
domestico,P030,Crustáceos sin congelar y otros productos de la pesca,exportaciones_fob,201.139168841933,1,201.139168841933
domestico,P031,Petróleo crudo y gas natural,exportaciones_fob,2214.71768859199,1,2214.71768859199
domestico,P032,Minerales metálicos,exportaciones_fob,4016.789804,1,4016.789804
domestico,P033,Minerales no metálicos,exportaciones_fob,66.9252307314348,1,66.9252307314348
domestico,P034,Carne y despojos comestibles de ganado bovino; cueros y pieles de bovino y de otros animales,exportaciones_fob,59.3365220083889,1,59.3365220083889
domestico,P035,Carne y despojos comestibles de ganado porcino,exportaciones_fob,0.957469,1,0.957469
domestico,P036,Carne y despojos comestibles de aves,exportaciones_fob,48.479381,1,48.479381
domestico,P037,Carne y despojos de otros animales y conservas y preparados de carne,exportaciones_fob,293.1183709692,1,293.1183709692
domestico,P038,"Pescado congelado, preparado o en conserva y sus productos",exportaciones_fob,581.34234650439,1,581.34234650439
domestico,P039,"Crustáceos, moluscos y demás invertebrados acuáticos congelados, preparados o en conserva y sus productos",exportaciones_fob,360.102272733167,1,360.102272733167
domestico,P040,"Vegetales preparados o en conserva, legumbres y papas",exportaciones_fob,518.5202664641,1,518.5202664641
domestico,P041,Preparaciones y conservas de frutas y nueces,exportaciones_fob,613.9647984352,1,613.9647984352
domestico,P042,Jugos de frutas,exportaciones_fob,262.7723544576,1,262.7723544576
domestico,P043,Aceites de origen vegetal,exportaciones_fob,2509.2955069106,1,2509.2955069106
domestico,P044,"Margarina, grasas y otros aceites de origen animal y vegetal",exportaciones_fob,353.2498629093,1,353.2498629093
domestico,P045,Leche líquida y crema procesada,exportaciones_fob,1.7222177733,1,1.7222177733
domestico,P046,Otros productos lácteos n.c.p.,exportaciones_fob,93.8315229994434,1,93.8315229994434
domestico,P047,Harina de trigo,exportaciones_fob,26.1100983200099,1,26.1100983200099
domestico,P048,Arroz sin cáscara,exportaciones_fob,3.446638,1,3.446638
domestico,P049,"Otros productos de molinería, almidones y productos de almidón",exportaciones_fob,282.567800800727,1,282.567800800727
domestico,P050,Pan y otros productos de panadería y repostería n.c.p.,exportaciones_fob,534.57478682291,1,534.57478682291
domestico,P051,"Tortillas de maíz, incluso tostadas, horneadas o fritas",exportaciones_fob,0,1,0
domestico,P052,"Azúcar de caña sin refinar y refinada, melaza y los demás azúcares n.c.p.",exportaciones_fob,7669.3661073908,1,7669.3661073908
domestico,P053,Productos alimenticios n.c.p.,exportaciones_fob,2106.01877040786,1,2106.01877040786
domestico,P054,Preparados para alimentación animal,exportaciones_fob,486.0510529846,1,486.0510529846
domestico,P055,"Aguardientes, licores, vinos, demás bebidas espirituosas y productos del tabaco",exportaciones_fob,932.8401244063,1,932.8401244063
domestico,P056,Malta y cerveza de malta,exportaciones_fob,67.2275917507,1,67.2275917507
domestico,P057,Bebidas no alcohólicas,exportaciones_fob,805.8001597261,1,805.8001597261
domestico,P058,Aguas minerales y otras aguas embotelladas,exportaciones_fob,25.854833,1,25.854833
domestico,P059,"Hilados, tejidos, telas y otros productos textiles excepto prendas de vestir",exportaciones_fob,1335.8201176744,1,1335.8201176744
domestico,P060,"Prendas de vestir, adobo y teñido de pieles",exportaciones_fob,2056.01596690294,1,2056.01596690294
domestico,P061,Cuero de piel curtida o adobada y cuero artificial o regenerado y artículos de cuero,exportaciones_fob,112.107586828927,1,112.107586828927
domestico,P062,"Calzado y sus partes, de cualquier material y de cualquier uso",exportaciones_fob,270.096255615323,1,270.096255615323
domestico,P063,"Madera aserrada y acepillada, productos de madera, corcho, paja y materiales trenzables",exportaciones_fob,429.038133821652,1,429.038133821652
domestico,P064,Pasta de papel y papel,exportaciones_fob,469.769258195123,1,469.769258195123
domestico,P065,Envases de papel y cartón,exportaciones_fob,922.0308533418,1,922.0308533418
domestico,P066,Productos de la edición,exportaciones_fob,60.0900138920655,1,60.0900138920655
domestico,P067,Productos de la impresión,exportaciones_fob,99.9974932247397,1,99.9974932247397
domestico,P068,"Gasolinas, diésel oil y fuel oils",exportaciones_fob,0,1,0
domestico,P069,"Aceites, grasas lubricantes y otros aceites preparados",exportaciones_fob,0,1,0
domestico,P070,"Gases de petróleo, otros productos de la refinación de petróleo n.c.p.",exportaciones_fob,33.2212436802999,1,33.2212436802999
domestico,P071,"Abonos, fertilizantes y pesticidas",exportaciones_fob,1014.1165332776,1,1014.1165332776
domestico,P072,"Pinturas, barnices, tintas y productos relacionados",exportaciones_fob,359.2331302035,1,359.2331302035
domestico,P073,"Jabón, preparados de limpieza, perfumes y preparados de toilet",exportaciones_fob,1746.73381511222,1,1746.73381511222
domestico,P074,Otros productos químicos,exportaciones_fob,2109.28530085799,1,2109.28530085799
domestico,P075,Productos farmacéuticos,exportaciones_fob,999.6227423771,1,999.6227423771
domestico,P076,Productos de caucho y plástico,exportaciones_fob,2100.62313076026,1,2100.62313076026
domestico,P077,Vidrio y productos de vidrio,exportaciones_fob,373.003640184484,1,373.003640184484
domestico,P078,Productos de cerámica y arcilla,exportaciones_fob,373.8226832846,1,373.8226832846
domestico,P079,"Cemento, cal y yeso",exportaciones_fob,87.70775,1,87.70775
domestico,P080,"Artículos de hormigón, cemento y yeso",exportaciones_fob,18.3841056944,1,18.3841056944
domestico,P081,Piedras talladas para construcción y otros productos minerales no metálicos n.c.p.,exportaciones_fob,16.52779202,1,16.52779202
domestico,P082,"Métales básicos de hierro y acero, productos primarios de metales preciosos y otros metales no ferrosos",exportaciones_fob,1502.2911341287,1,1502.2911341287
domestico,P083,Productos metálicos estructurales y sus partes de hierro o de acero,exportaciones_fob,133.1637270694,1,133.1637270694
domestico,P084,Otros productos elaborados de metal,exportaciones_fob,889.595363418902,1,889.595363418902
domestico,P085,"Maquinaria para usos generales y especiales, sus partes y piezas, excepto electrodomésticos",exportaciones_fob,258.040716540965,1,258.040716540965
domestico,P086,Electrodomésticos y sus partes,exportaciones_fob,0,1,0
domestico,P087,"Maquinaria de oficina, contabilidad e informática, sus partes y piezas",exportaciones_fob,0,1,0
domestico,P088,"Maquinaria y aparatos eléctricos, sus partes y piezas",exportaciones_fob,146.905035086531,1,146.905035086531
domestico,P089,"Equipo y aparatos de radio, televisión y comunicaciones",exportaciones_fob,0,1,0
domestico,P090,"Aparatos médicos, instrumentos ópticos y de precisión, relojes",exportaciones_fob,0,1,0
domestico,P091,Equipo de transporte,exportaciones_fob,107.991274686602,1,107.991274686602
domestico,P092,Muebles,exportaciones_fob,342.268871067195,1,342.268871067195
domestico,P093,Otros artículos n.c.p.,exportaciones_fob,148.5893441326,1,148.5893441326
domestico,P094,Residuos y desechos,exportaciones_fob,501.712868196362,1,501.712868196362
domestico,P095,"Generación y distribución de energía eléctrica, gas, vapor y aire acondicionado",exportaciones_fob,219.596391914399,1,219.596391914399
domestico,P096,Agua natural y distribución de agua natural,exportaciones_fob,0,1,0
domestico,P097,"Evacuación de aguas residuales, recogida, tratamiento y eliminación de desechos",exportaciones_fob,0,1,0
domestico,P098,Edificaciones residenciales,exportaciones_fob,0,1,0
domestico,P099,Edificaciones no residenciales,exportaciones_fob,0,1,0
domestico,P100,Obras de ingeniería civil,exportaciones_fob,0,1,0
domestico,P101,Servicios generales y especializados de construcción,exportaciones_fob,214.567115740813,1,214.567115740813
domestico,P102,Servicios de comercio,exportaciones_fob,2563.76650795549,1,2563.76650795549
domestico,P103,Mantenimiento y reparación de vehículos automotores y motocicletas,exportaciones_fob,5.22663582912429,1,5.22663582912429
domestico,P104,Servicio de transporte de pasajeros por vía terrestre,exportaciones_fob,5.23942259525629,1,5.23942259525629
domestico,P105,Servicio de transporte de carga por vía terrestre,exportaciones_fob,1026.32459002887,1,1026.32459002887
domestico,P106,Otros tipos de transporte,exportaciones_fob,124.339003792286,1,124.339003792286
domestico,P107,Servicios de almacenamiento y depósito,exportaciones_fob,1.62989373,1,1.62989373
domestico,P108,Otros servicios de apoyo al transporte,exportaciones_fob,1728.15969005828,1,1728.15969005828
domestico,P109,Servicios postales y de mensajería,exportaciones_fob,43.1026842901674,1,43.1026842901674
domestico,P110,Servicio de alojamiento,exportaciones_fob,0,1,0
domestico,P111,Servicio de suministro de comidas y bebidas,exportaciones_fob,33.3248228836982,1,33.3248228836982
domestico,P112,"Servicios de información, telecomunicaciones y radiodifusión",exportaciones_fob,3535.47833665048,1,3535.47833665048
domestico,P113,Servicios de banco central,exportaciones_fob,0,1,0
domestico,P114,Otros servicios financieros y servicios de banca de inversión,exportaciones_fob,63.7785505790595,1,63.7785505790595
domestico,P115,Servicios de Intermediación Financiera Medidos Indirectamente (SIFMI),exportaciones_fob,131.671668258195,1,131.671668258195
domestico,P116,"Servicios de seguro, reaseguro y fondos de pensiones",exportaciones_fob,236.779837858047,1,236.779837858047
domestico,P117,Servicios auxiliares de la intermediación financiera,exportaciones_fob,2.120522,1,2.120522
domestico,P118,Servicios de alquiler de vivienda,exportaciones_fob,0,1,0
domestico,P119,"Otros servicios inmobiliarios, excepto alquiler de vivienda",exportaciones_fob,0,1,0
domestico,P120,"Servicios jurídicos, de contabilidad, auditoría, teneduría de libros y consultoría fiscal",exportaciones_fob,8.86394942697256,1,8.86394942697256
domestico,P121,Servicios de tecnología de la información,exportaciones_fob,317.314047420089,1,317.314047420089
domestico,P122,"Servicios de arquitectura e ingeniería, ensayos y análisis técnicos",exportaciones_fob,9.315264114381,1,9.315264114381
domestico,P123,"Otros servicios profesionales, científicos y técnicos",exportaciones_fob,227.099116289575,1,227.099116289575
domestico,P124,Servicios de publicidad y estudios de mercado,exportaciones_fob,37.8361698055693,1,37.8361698055693
domestico,P125,Servicios de arrendamiento o alquiler sin operador,exportaciones_fob,121.028423234524,1,121.028423234524
domestico,P126,Servicios  de agencias de empleo y de dotación de recursos humanos,exportaciones_fob,0,1,0
domestico,P127,"Servicios de agencias de viajes, operadores turísticos y actividades conexas",exportaciones_fob,443.798532803681,1,443.798532803681
domestico,P128,"Servicios de seguridad, sistemas de seguridad e investigación privada",exportaciones_fob,8.047698137,1,8.047698137
domestico,P129,Servicios de limpieza,exportaciones_fob,0,1,0
domestico,P130,Servicios telefónicos de centros de llamadas,exportaciones_fob,1847.95444488644,1,1847.95444488644
domestico,P131,"Servicios administrativos, de apoyo de oficina y otros servicios de apoyo a las empresas",exportaciones_fob,117.760099093287,1,117.760099093287
domestico,P132,"Servicios de mantenimiento, reparación e instalación de productos metálicos elaborados, maquinaria y equipo",exportaciones_fob,105.466978248665,1,105.466978248665
domestico,P133,Servicios de reparación de otros bienes,exportaciones_fob,0,1,0
domestico,P134,"Servicios de apoyo a la agricultura, caza, silvicultura y pesca",exportaciones_fob,0,1,0
domestico,P135,"Servicios de apoyo a la explotación de minas y canteras y los relacionados con la distribución de electricidad, gas y agua",exportaciones_fob,0,1,0
domestico,P136,Servicios de manufactura,exportaciones_fob,3609.5874353223,1,3609.5874353223
domestico,P137,Servicios públicos del gobierno general,exportaciones_fob,0,1,0
domestico,P138,"Servicios públicos administrativos relacionados con la provisión de servicios educativos, de salud, servicios sociales, culturales y otros, sin contar los servicios de seguridad social",exportaciones_fob,0,1,0
domestico,P139,Otros servicios administrativos,exportaciones_fob,0,1,0
domestico,P140,Servicios públicos administrativos prestados a la comunidad en su conjunto,exportaciones_fob,25.3492686103732,1,25.3492686103732
domestico,P141,Servicios administrativos relacionados con los sistemas de seguridad social de afiliación obligatoria,exportaciones_fob,0,1,0
domestico,P142,Servicios de enseñanza,exportaciones_fob,2.89474059715065,1,2.89474059715065
domestico,P143,Servicios de hospitalización,exportaciones_fob,118.706199617126,1,118.706199617126
domestico,P144,Servicios médicos y dentales,exportaciones_fob,175.055693929619,1,175.055693929619
domestico,P145,Otros servicios de atención de la salud humana,exportaciones_fob,53.5696091052262,1,53.5696091052262
domestico,P146,"Servicios audiovisuales, recreativos, culturales y deportivos",exportaciones_fob,0,1,0
domestico,P147,Servicios de asociaciones que sirven a las empresas,exportaciones_fob,0,1,0
domestico,P148,Servicios de asociaciones que sirven a los hogares,exportaciones_fob,0,1,0
domestico,P149,Otros servicios,exportaciones_fob,0,1,0
domestico,P150,Servicios domésticos,exportaciones_fob,0,1,0
domestico,P151,Compras directas en el exterior por residentes,exportaciones_fob,0,1,0
domestico,P152,Compras directas en el territorio nacional por no residentes,exportaciones_fob,0,1,0
domestico,P001,Maíz,consumo_hogares,3224.93987528495,1,3224.93987528495
domestico,P002,Frijoles,consumo_hogares,1303.74832387208,1,1303.74832387208
domestico,P003,Leguminosas (legumbres secas) y semillas oleaginosas,consumo_hogares,82.8163497903019,1,82.8163497903019
domestico,P004,Arroz,consumo_hogares,0,1,0
domestico,P005,Otros cereales,consumo_hogares,97.7839968027453,1,97.7839968027453
domestico,P006,Hortalizas,consumo_hogares,3827.08129855607,1,3827.08129855607
domestico,P007,Sandías y melones,consumo_hogares,129.988588653985,1,129.988588653985
domestico,P008,Ejotes y arvejas,consumo_hogares,161.011998469635,1,161.011998469635
domestico,P009,Raíces y tubérculos,consumo_hogares,1374.67309893429,1,1374.67309893429
domestico,P010,Caña de azúcar y otras plantas azucareras,consumo_hogares,3.29261128151251,1,3.29261128151251
domestico,P011,Tabaco y otras plantas no perennes,consumo_hogares,166.74203368947,1,166.74203368947
domestico,P012,"Bananos, plátanos y otros",consumo_hogares,1417.9794959988,1,1417.9794959988
domestico,P013,Frutas tropicales y subtropicales,consumo_hogares,1137.66719872416,1,1137.66719872416
domestico,P014,"Berries, otras frutas y semillas de frutas",consumo_hogares,1121.12376003269,1,1121.12376003269
domestico,P015,Palma africana,consumo_hogares,0,1,0
domestico,P016,Café en grano,consumo_hogares,0,1,0
domestico,P017,Cardamomo,consumo_hogares,0,1,0
domestico,P018,Caucho natural,consumo_hogares,0,1,0
domestico,P019,Propagación de plantas,consumo_hogares,29.3152840544036,1,29.3152840544036
domestico,P020,"Otros frutos oleaginosos, otras plantas bebestibles y especias aromáticas",consumo_hogares,144.077705702481,1,144.077705702481
domestico,P021,Ganado bovino,consumo_hogares,0,1,0
domestico,P022,Ganado porcino y otro tipo de animales vivos n.c.p.,consumo_hogares,161.787970152478,1,161.787970152478
domestico,P023,Aves de corral,consumo_hogares,507.51020133369,1,507.51020133369
domestico,P024,Leche cruda,consumo_hogares,693.662732514208,1,693.662732514208
domestico,P025,Huevos,consumo_hogares,2457.93297675151,1,2457.93297675151
domestico,P026,Otros productos de animales vivos,consumo_hogares,26.607745270105,1,26.607745270105
domestico,P027,Troncos de madera y leña,consumo_hogares,3103.5125972631,1,3103.5125972631
domestico,P028,Productos forestales no madereros,consumo_hogares,81.2000295170458,1,81.2000295170458
domestico,P029,"Peces vivos, frescos o refrigerados",consumo_hogares,821.047512052852,1,821.047512052852
domestico,P030,Crustáceos sin congelar y otros productos de la pesca,consumo_hogares,320.305583864874,1,320.305583864874
domestico,P031,Petróleo crudo y gas natural,consumo_hogares,0,1,0
domestico,P032,Minerales metálicos,consumo_hogares,0,1,0
domestico,P033,Minerales no metálicos,consumo_hogares,173.130713538716,1,173.130713538716
domestico,P034,Carne y despojos comestibles de ganado bovino; cueros y pieles de bovino y de otros animales,consumo_hogares,4837.29184482891,1,4837.29184482891
domestico,P035,Carne y despojos comestibles de ganado porcino,consumo_hogares,618.991393580605,1,618.991393580605
domestico,P036,Carne y despojos comestibles de aves,consumo_hogares,6091.06880629303,1,6091.06880629303
domestico,P037,Carne y despojos de otros animales y conservas y preparados de carne,consumo_hogares,1359.29594115587,1,1359.29594115587
domestico,P038,"Pescado congelado, preparado o en conserva y sus productos",consumo_hogares,21.1566184058213,1,21.1566184058213
domestico,P039,"Crustáceos, moluscos y demás invertebrados acuáticos congelados, preparados o en conserva y sus productos",consumo_hogares,17.7819743831953,1,17.7819743831953
domestico,P040,"Vegetales preparados o en conserva, legumbres y papas",consumo_hogares,399.079691554193,1,399.079691554193
domestico,P041,Preparaciones y conservas de frutas y nueces,consumo_hogares,248.901782323262,1,248.901782323262
domestico,P042,Jugos de frutas,consumo_hogares,817.259741905873,1,817.259741905873
domestico,P043,Aceites de origen vegetal,consumo_hogares,905.81234479572,1,905.81234479572
domestico,P044,"Margarina, grasas y otros aceites de origen animal y vegetal",consumo_hogares,247.777517784035,1,247.777517784035
domestico,P045,Leche líquida y crema procesada,consumo_hogares,876.611910485084,1,876.611910485084
domestico,P046,Otros productos lácteos n.c.p.,consumo_hogares,1657.59743301166,1,1657.59743301166
domestico,P047,Harina de trigo,consumo_hogares,39.5088965246785,1,39.5088965246785
domestico,P048,Arroz sin cáscara,consumo_hogares,402.350296283072,1,402.350296283072
domestico,P049,"Otros productos de molinería, almidones y productos de almidón",consumo_hogares,555.877342187224,1,555.877342187224
domestico,P050,Pan y otros productos de panadería y repostería n.c.p.,consumo_hogares,6517.40362525394,1,6517.40362525394
domestico,P051,"Tortillas de maíz, incluso tostadas, horneadas o fritas",consumo_hogares,5399.22865454342,1,5399.22865454342
domestico,P052,"Azúcar de caña sin refinar y refinada, melaza y los demás azúcares n.c.p.",consumo_hogares,2663.40114286428,1,2663.40114286428
domestico,P053,Productos alimenticios n.c.p.,consumo_hogares,3646.05939830457,1,3646.05939830457
domestico,P054,Preparados para alimentación animal,consumo_hogares,146.159190977591,1,146.159190977591
domestico,P055,"Aguardientes, licores, vinos, demás bebidas espirituosas y productos del tabaco",consumo_hogares,246.475617819438,1,246.475617819438
domestico,P056,Malta y cerveza de malta,consumo_hogares,1249.69483659951,1,1249.69483659951
domestico,P057,Bebidas no alcohólicas,consumo_hogares,5874.567131361,1,5874.567131361
domestico,P058,Aguas minerales y otras aguas embotelladas,consumo_hogares,878.188365199094,1,878.188365199094
domestico,P059,"Hilados, tejidos, telas y otros productos textiles excepto prendas de vestir",consumo_hogares,1217.33216794975,1,1217.33216794975
domestico,P060,"Prendas de vestir, adobo y teñido de pieles",consumo_hogares,3876.87120940538,1,3876.87120940538
domestico,P061,Cuero de piel curtida o adobada y cuero artificial o regenerado y artículos de cuero,consumo_hogares,463.276098182109,1,463.276098182109
domestico,P062,"Calzado y sus partes, de cualquier material y de cualquier uso",consumo_hogares,1034.69293268236,1,1034.69293268236
domestico,P063,"Madera aserrada y acepillada, productos de madera, corcho, paja y materiales trenzables",consumo_hogares,26.5738585568122,1,26.5738585568122
domestico,P064,Pasta de papel y papel,consumo_hogares,411.58204429454,1,411.58204429454
domestico,P065,Envases de papel y cartón,consumo_hogares,5.60091086528783,1,5.60091086528783
domestico,P066,Productos de la edición,consumo_hogares,1030.26667618838,1,1030.26667618838
domestico,P067,Productos de la impresión,consumo_hogares,195.589925423468,1,195.589925423468
domestico,P068,"Gasolinas, diésel oil y fuel oils",consumo_hogares,0,1,0
domestico,P069,"Aceites, grasas lubricantes y otros aceites preparados",consumo_hogares,0,1,0
domestico,P070,"Gases de petróleo, otros productos de la refinación de petróleo n.c.p.",consumo_hogares,0,1,0
domestico,P071,"Abonos, fertilizantes y pesticidas",consumo_hogares,5.16936122329105,1,5.16936122329105
domestico,P072,"Pinturas, barnices, tintas y productos relacionados",consumo_hogares,37.272489213875,1,37.272489213875
domestico,P073,"Jabón, preparados de limpieza, perfumes y preparados de toilet",consumo_hogares,2042.02551197692,1,2042.02551197692
domestico,P074,Otros productos químicos,consumo_hogares,322.397777419136,1,322.397777419136
domestico,P075,Productos farmacéuticos,consumo_hogares,629.420737587503,1,629.420737587503
domestico,P076,Productos de caucho y plástico,consumo_hogares,1717.85113711216,1,1717.85113711216
domestico,P077,Vidrio y productos de vidrio,consumo_hogares,37.3568920331921,1,37.3568920331921
domestico,P078,Productos de cerámica y arcilla,consumo_hogares,127.498636247978,1,127.498636247978
domestico,P079,"Cemento, cal y yeso",consumo_hogares,48.942554897118,1,48.942554897118
domestico,P080,"Artículos de hormigón, cemento y yeso",consumo_hogares,0.0479062122352849,1,0.0479062122352849
domestico,P081,Piedras talladas para construcción y otros productos minerales no metálicos n.c.p.,consumo_hogares,20.1713778302575,1,20.1713778302575
domestico,P082,"Métales básicos de hierro y acero, productos primarios de metales preciosos y otros metales no ferrosos",consumo_hogares,1.75249756652723,1,1.75249756652723
domestico,P083,Productos metálicos estructurales y sus partes de hierro o de acero,consumo_hogares,555.1288873223,1,555.1288873223
domestico,P084,Otros productos elaborados de metal,consumo_hogares,240.913172774813,1,240.913172774813
domestico,P085,"Maquinaria para usos generales y especiales, sus partes y piezas, excepto electrodomésticos",consumo_hogares,0.216681565490006,1,0.216681565490006
domestico,P086,Electrodomésticos y sus partes,consumo_hogares,0,1,0
domestico,P087,"Maquinaria de oficina, contabilidad e informática, sus partes y piezas",consumo_hogares,0,1,0
domestico,P088,"Maquinaria y aparatos eléctricos, sus partes y piezas",consumo_hogares,4.02068039831658,1,4.02068039831658
domestico,P089,"Equipo y aparatos de radio, televisión y comunicaciones",consumo_hogares,0,1,0
domestico,P090,"Aparatos médicos, instrumentos ópticos y de precisión, relojes",consumo_hogares,34.4429422955788,1,34.4429422955788
domestico,P091,Equipo de transporte,consumo_hogares,277.659691060451,1,277.659691060451
domestico,P092,Muebles,consumo_hogares,2190.60599053758,1,2190.60599053758
domestico,P093,Otros artículos n.c.p.,consumo_hogares,862.466171383523,1,862.466171383523
domestico,P094,Residuos y desechos,consumo_hogares,0,1,0
domestico,P095,"Generación y distribución de energía eléctrica, gas, vapor y aire acondicionado",consumo_hogares,5301.34880344284,1,5301.34880344284
domestico,P096,Agua natural y distribución de agua natural,consumo_hogares,1183.2952092493,1,1183.2952092493
domestico,P097,"Evacuación de aguas residuales, recogida, tratamiento y eliminación de desechos",consumo_hogares,450.667756088854,1,450.667756088854
domestico,P098,Edificaciones residenciales,consumo_hogares,0,1,0
domestico,P099,Edificaciones no residenciales,consumo_hogares,0,1,0
domestico,P100,Obras de ingeniería civil,consumo_hogares,0,1,0
domestico,P101,Servicios generales y especializados de construcción,consumo_hogares,110.240787312852,1,110.240787312852
domestico,P102,Servicios de comercio,consumo_hogares,72946.1055169695,1,72946.1055169695
domestico,P103,Mantenimiento y reparación de vehículos automotores y motocicletas,consumo_hogares,5711.80036797364,1,5711.80036797364
domestico,P104,Servicio de transporte de pasajeros por vía terrestre,consumo_hogares,5654.80782753905,1,5654.80782753905
domestico,P105,Servicio de transporte de carga por vía terrestre,consumo_hogares,3056.6908943993,1,3056.6908943993
domestico,P106,Otros tipos de transporte,consumo_hogares,246.119413385182,1,246.119413385182
domestico,P107,Servicios de almacenamiento y depósito,consumo_hogares,0,1,0
domestico,P108,Otros servicios de apoyo al transporte,consumo_hogares,1765.6305266606,1,1765.6305266606
domestico,P109,Servicios postales y de mensajería,consumo_hogares,325.218143979133,1,325.218143979133
domestico,P110,Servicio de alojamiento,consumo_hogares,877.084754710434,1,877.084754710434
domestico,P111,Servicio de suministro de comidas y bebidas,consumo_hogares,24469.8992280186,1,24469.8992280186
domestico,P112,"Servicios de información, telecomunicaciones y radiodifusión",consumo_hogares,13507.1387285554,1,13507.1387285554
domestico,P113,Servicios de banco central,consumo_hogares,0,1,0
domestico,P114,Otros servicios financieros y servicios de banca de inversión,consumo_hogares,523.266523720787,1,523.266523720787
domestico,P115,Servicios de Intermediación Financiera Medidos Indirectamente (SIFMI),consumo_hogares,9058.32166575995,1,9058.32166575995
domestico,P116,"Servicios de seguro, reaseguro y fondos de pensiones",consumo_hogares,1614.01522651942,1,1614.01522651942
domestico,P117,Servicios auxiliares de la intermediación financiera,consumo_hogares,1954.83181877897,1,1954.83181877897
domestico,P118,Servicios de alquiler de vivienda,consumo_hogares,30462.7748683978,1,30462.7748683978
domestico,P119,"Otros servicios inmobiliarios, excepto alquiler de vivienda",consumo_hogares,29.6872019086769,1,29.6872019086769
domestico,P120,"Servicios jurídicos, de contabilidad, auditoría, teneduría de libros y consultoría fiscal",consumo_hogares,153.286574440027,1,153.286574440027
domestico,P121,Servicios de tecnología de la información,consumo_hogares,0,1,0
domestico,P122,"Servicios de arquitectura e ingeniería, ensayos y análisis técnicos",consumo_hogares,83.7548599840627,1,83.7548599840627
domestico,P123,"Otros servicios profesionales, científicos y técnicos",consumo_hogares,81.3534956988212,1,81.3534956988212
domestico,P124,Servicios de publicidad y estudios de mercado,consumo_hogares,2.5608787659644,1,2.5608787659644
domestico,P125,Servicios de arrendamiento o alquiler sin operador,consumo_hogares,327.266690818806,1,327.266690818806
domestico,P126,Servicios  de agencias de empleo y de dotación de recursos humanos,consumo_hogares,0,1,0
domestico,P127,"Servicios de agencias de viajes, operadores turísticos y actividades conexas",consumo_hogares,218.35317330226,1,218.35317330226
domestico,P128,"Servicios de seguridad, sistemas de seguridad e investigación privada",consumo_hogares,252.982644153006,1,252.982644153006
domestico,P129,Servicios de limpieza,consumo_hogares,28.0932839224408,1,28.0932839224408
domestico,P130,Servicios telefónicos de centros de llamadas,consumo_hogares,0,1,0
domestico,P131,"Servicios administrativos, de apoyo de oficina y otros servicios de apoyo a las empresas",consumo_hogares,275.556956626579,1,275.556956626579
domestico,P132,"Servicios de mantenimiento, reparación e instalación de productos metálicos elaborados, maquinaria y equipo",consumo_hogares,1.11322306581024,1,1.11322306581024
domestico,P133,Servicios de reparación de otros bienes,consumo_hogares,698.6066625506,1,698.6066625506
domestico,P134,"Servicios de apoyo a la agricultura, caza, silvicultura y pesca",consumo_hogares,0,1,0
domestico,P135,"Servicios de apoyo a la explotación de minas y canteras y los relacionados con la distribución de electricidad, gas y agua",consumo_hogares,0,1,0
domestico,P136,Servicios de manufactura,consumo_hogares,1029.02418226663,1,1029.02418226663
domestico,P137,Servicios públicos del gobierno general,consumo_hogares,506.43811952,1,506.43811952
domestico,P138,"Servicios públicos administrativos relacionados con la provisión de servicios educativos, de salud, servicios sociales, culturales y otros, sin contar los servicios de seguridad social",consumo_hogares,0.43577784,1,0.43577784
domestico,P139,Otros servicios administrativos,consumo_hogares,22.5719986287,1,22.5719986287
domestico,P140,Servicios públicos administrativos prestados a la comunidad en su conjunto,consumo_hogares,241.478098029627,1,241.478098029627
domestico,P141,Servicios administrativos relacionados con los sistemas de seguridad social de afiliación obligatoria,consumo_hogares,0.2140026,1,0.2140026
domestico,P142,Servicios de enseñanza,consumo_hogares,7192.9421571949,1,7192.9421571949
domestico,P143,Servicios de hospitalización,consumo_hogares,1537.58604387888,1,1537.58604387888
domestico,P144,Servicios médicos y dentales,consumo_hogares,3162.83683906212,1,3162.83683906212
domestico,P145,Otros servicios de atención de la salud humana,consumo_hogares,1467.84777959011,1,1467.84777959011
domestico,P146,"Servicios audiovisuales, recreativos, culturales y deportivos",consumo_hogares,1707.90150396772,1,1707.90150396772
domestico,P147,Servicios de asociaciones que sirven a las empresas,consumo_hogares,0,1,0
domestico,P148,Servicios de asociaciones que sirven a los hogares,consumo_hogares,19.0534012484009,1,19.0534012484009
domestico,P149,Otros servicios,consumo_hogares,7631.80469597264,1,7631.80469597264
domestico,P150,Servicios domésticos,consumo_hogares,7294.0998186,1,7294.0998186
domestico,P151,Compras directas en el exterior por residentes,consumo_hogares,0,1,0
domestico,P152,Compras directas en el territorio nacional por no residentes,consumo_hogares,0,1,0
domestico,P001,Maíz,consumo_isflsh,0,1,0
domestico,P002,Frijoles,consumo_isflsh,0.00204179040118291,1,0.00204179040118291
domestico,P003,Leguminosas (legumbres secas) y semillas oleaginosas,consumo_isflsh,0,1,0
domestico,P004,Arroz,consumo_isflsh,0,1,0
domestico,P005,Otros cereales,consumo_isflsh,0,1,0
domestico,P006,Hortalizas,consumo_isflsh,0.171440213374126,1,0.171440213374126
domestico,P007,Sandías y melones,consumo_isflsh,0,1,0
domestico,P008,Ejotes y arvejas,consumo_isflsh,0,1,0
domestico,P009,Raíces y tubérculos,consumo_isflsh,0,1,0
domestico,P010,Caña de azúcar y otras plantas azucareras,consumo_isflsh,0,1,0
domestico,P011,Tabaco y otras plantas no perennes,consumo_isflsh,0,1,0
domestico,P012,"Bananos, plátanos y otros",consumo_isflsh,1.87115330156866,1,1.87115330156866
domestico,P013,Frutas tropicales y subtropicales,consumo_isflsh,2.09328865142723,1,2.09328865142723
domestico,P014,"Berries, otras frutas y semillas de frutas",consumo_isflsh,0,1,0
domestico,P015,Palma africana,consumo_isflsh,0,1,0
domestico,P016,Café en grano,consumo_isflsh,0,1,0
domestico,P017,Cardamomo,consumo_isflsh,0,1,0
domestico,P018,Caucho natural,consumo_isflsh,0,1,0
domestico,P019,Propagación de plantas,consumo_isflsh,0,1,0
domestico,P020,"Otros frutos oleaginosos, otras plantas bebestibles y especias aromáticas",consumo_isflsh,0,1,0
domestico,P021,Ganado bovino,consumo_isflsh,0,1,0
domestico,P022,Ganado porcino y otro tipo de animales vivos n.c.p.,consumo_isflsh,0.01178,1,0.01178
domestico,P023,Aves de corral,consumo_isflsh,0.027835,1,0.027835
domestico,P024,Leche cruda,consumo_isflsh,0,1,0
domestico,P025,Huevos,consumo_isflsh,0.139214486591643,1,0.139214486591643
domestico,P026,Otros productos de animales vivos,consumo_isflsh,0,1,0
domestico,P027,Troncos de madera y leña,consumo_isflsh,0,1,0
domestico,P028,Productos forestales no madereros,consumo_isflsh,0,1,0
domestico,P029,"Peces vivos, frescos o refrigerados",consumo_isflsh,0,1,0
domestico,P030,Crustáceos sin congelar y otros productos de la pesca,consumo_isflsh,0,1,0
domestico,P031,Petróleo crudo y gas natural,consumo_isflsh,0,1,0
domestico,P032,Minerales metálicos,consumo_isflsh,0,1,0
domestico,P033,Minerales no metálicos,consumo_isflsh,0,1,0
domestico,P034,Carne y despojos comestibles de ganado bovino; cueros y pieles de bovino y de otros animales,consumo_isflsh,0.0299568218565527,1,0.0299568218565527
domestico,P035,Carne y despojos comestibles de ganado porcino,consumo_isflsh,0,1,0
domestico,P036,Carne y despojos comestibles de aves,consumo_isflsh,0.260803224577857,1,0.260803224577857
domestico,P037,Carne y despojos de otros animales y conservas y preparados de carne,consumo_isflsh,0,1,0
domestico,P038,"Pescado congelado, preparado o en conserva y sus productos",consumo_isflsh,0,1,0
domestico,P039,"Crustáceos, moluscos y demás invertebrados acuáticos congelados, preparados o en conserva y sus productos",consumo_isflsh,0,1,0
domestico,P040,"Vegetales preparados o en conserva, legumbres y papas",consumo_isflsh,0.00708242596952192,1,0.00708242596952192
domestico,P041,Preparaciones y conservas de frutas y nueces,consumo_isflsh,0,1,0
domestico,P042,Jugos de frutas,consumo_isflsh,0,1,0
domestico,P043,Aceites de origen vegetal,consumo_isflsh,10.9749515364062,1,10.9749515364062
domestico,P044,"Margarina, grasas y otros aceites de origen animal y vegetal",consumo_isflsh,0,1,0
domestico,P045,Leche líquida y crema procesada,consumo_isflsh,0.135404122954774,1,0.135404122954774
domestico,P046,Otros productos lácteos n.c.p.,consumo_isflsh,0,1,0
domestico,P047,Harina de trigo,consumo_isflsh,0.105057496944919,1,0.105057496944919
domestico,P048,Arroz sin cáscara,consumo_isflsh,1.09519207788266,1,1.09519207788266
domestico,P049,"Otros productos de molinería, almidones y productos de almidón",consumo_isflsh,6.50167351180547,1,6.50167351180547
domestico,P050,Pan y otros productos de panadería y repostería n.c.p.,consumo_isflsh,0.0468300936640175,1,0.0468300936640175
domestico,P051,"Tortillas de maíz, incluso tostadas, horneadas o fritas",consumo_isflsh,0,1,0
domestico,P052,"Azúcar de caña sin refinar y refinada, melaza y los demás azúcares n.c.p.",consumo_isflsh,0.0011726435111358,1,0.0011726435111358
domestico,P053,Productos alimenticios n.c.p.,consumo_isflsh,9.84372932028419,1,9.84372932028419
domestico,P054,Preparados para alimentación animal,consumo_isflsh,0.0290225904623408,1,0.0290225904623408
domestico,P055,"Aguardientes, licores, vinos, demás bebidas espirituosas y productos del tabaco",consumo_isflsh,0,1,0
domestico,P056,Malta y cerveza de malta,consumo_isflsh,0,1,0
domestico,P057,Bebidas no alcohólicas,consumo_isflsh,9.87869341799467,1,9.87869341799467
domestico,P058,Aguas minerales y otras aguas embotelladas,consumo_isflsh,0.345937703767186,1,0.345937703767186
domestico,P059,"Hilados, tejidos, telas y otros productos textiles excepto prendas de vestir",consumo_isflsh,0.00931229335243587,1,0.00931229335243587
domestico,P060,"Prendas de vestir, adobo y teñido de pieles",consumo_isflsh,4.77069096103542,1,4.77069096103542
domestico,P061,Cuero de piel curtida o adobada y cuero artificial o regenerado y artículos de cuero,consumo_isflsh,0,1,0
domestico,P062,"Calzado y sus partes, de cualquier material y de cualquier uso",consumo_isflsh,0,1,0
domestico,P063,"Madera aserrada y acepillada, productos de madera, corcho, paja y materiales trenzables",consumo_isflsh,0,1,0
domestico,P064,Pasta de papel y papel,consumo_isflsh,1.59094955925924,1,1.59094955925924
domestico,P065,Envases de papel y cartón,consumo_isflsh,0,1,0
domestico,P066,Productos de la edición,consumo_isflsh,16.2253374046195,1,16.2253374046195
domestico,P067,Productos de la impresión,consumo_isflsh,0,1,0
domestico,P068,"Gasolinas, diésel oil y fuel oils",consumo_isflsh,0,1,0
domestico,P069,"Aceites, grasas lubricantes y otros aceites preparados",consumo_isflsh,0,1,0
domestico,P070,"Gases de petróleo, otros productos de la refinación de petróleo n.c.p.",consumo_isflsh,0,1,0
domestico,P071,"Abonos, fertilizantes y pesticidas",consumo_isflsh,0,1,0
domestico,P072,"Pinturas, barnices, tintas y productos relacionados",consumo_isflsh,2.61850865978913,1,2.61850865978913
domestico,P073,"Jabón, preparados de limpieza, perfumes y preparados de toilet",consumo_isflsh,0,1,0
domestico,P074,Otros productos químicos,consumo_isflsh,0,1,0
domestico,P075,Productos farmacéuticos,consumo_isflsh,31.891509341568,1,31.891509341568
domestico,P076,Productos de caucho y plástico,consumo_isflsh,5.14587083744506,1,5.14587083744506
domestico,P077,Vidrio y productos de vidrio,consumo_isflsh,0,1,0
domestico,P078,Productos de cerámica y arcilla,consumo_isflsh,0,1,0
domestico,P079,"Cemento, cal y yeso",consumo_isflsh,0,1,0
domestico,P080,"Artículos de hormigón, cemento y yeso",consumo_isflsh,0,1,0
domestico,P081,Piedras talladas para construcción y otros productos minerales no metálicos n.c.p.,consumo_isflsh,0,1,0
domestico,P082,"Métales básicos de hierro y acero, productos primarios de metales preciosos y otros metales no ferrosos",consumo_isflsh,0,1,0
domestico,P083,Productos metálicos estructurales y sus partes de hierro o de acero,consumo_isflsh,0,1,0
domestico,P084,Otros productos elaborados de metal,consumo_isflsh,0,1,0
domestico,P085,"Maquinaria para usos generales y especiales, sus partes y piezas, excepto electrodomésticos",consumo_isflsh,0,1,0
domestico,P086,Electrodomésticos y sus partes,consumo_isflsh,0,1,0
domestico,P087,"Maquinaria de oficina, contabilidad e informática, sus partes y piezas",consumo_isflsh,0,1,0
domestico,P088,"Maquinaria y aparatos eléctricos, sus partes y piezas",consumo_isflsh,0,1,0
domestico,P089,"Equipo y aparatos de radio, televisión y comunicaciones",consumo_isflsh,0,1,0
domestico,P090,"Aparatos médicos, instrumentos ópticos y de precisión, relojes",consumo_isflsh,1.07083699293896,1,1.07083699293896
domestico,P091,Equipo de transporte,consumo_isflsh,0.0151863641174186,1,0.0151863641174186
domestico,P092,Muebles,consumo_isflsh,0,1,0
domestico,P093,Otros artículos n.c.p.,consumo_isflsh,9.96100481788783,1,9.96100481788783
domestico,P094,Residuos y desechos,consumo_isflsh,0,1,0
domestico,P095,"Generación y distribución de energía eléctrica, gas, vapor y aire acondicionado",consumo_isflsh,0,1,0
domestico,P096,Agua natural y distribución de agua natural,consumo_isflsh,0,1,0
domestico,P097,"Evacuación de aguas residuales, recogida, tratamiento y eliminación de desechos",consumo_isflsh,0,1,0
domestico,P098,Edificaciones residenciales,consumo_isflsh,0,1,0
domestico,P099,Edificaciones no residenciales,consumo_isflsh,0,1,0
domestico,P100,Obras de ingeniería civil,consumo_isflsh,0,1,0
domestico,P101,Servicios generales y especializados de construcción,consumo_isflsh,0,1,0
domestico,P102,Servicios de comercio,consumo_isflsh,138.619776555947,1,138.619776555947
domestico,P103,Mantenimiento y reparación de vehículos automotores y motocicletas,consumo_isflsh,0,1,0
domestico,P104,Servicio de transporte de pasajeros por vía terrestre,consumo_isflsh,0,1,0
domestico,P105,Servicio de transporte de carga por vía terrestre,consumo_isflsh,2.87927714452793,1,2.87927714452793
domestico,P106,Otros tipos de transporte,consumo_isflsh,0,1,0
domestico,P107,Servicios de almacenamiento y depósito,consumo_isflsh,0,1,0
domestico,P108,Otros servicios de apoyo al transporte,consumo_isflsh,0,1,0
domestico,P109,Servicios postales y de mensajería,consumo_isflsh,0,1,0
domestico,P110,Servicio de alojamiento,consumo_isflsh,0,1,0
domestico,P111,Servicio de suministro de comidas y bebidas,consumo_isflsh,47.8051251162879,1,47.8051251162879
domestico,P112,"Servicios de información, telecomunicaciones y radiodifusión",consumo_isflsh,0,1,0
domestico,P113,Servicios de banco central,consumo_isflsh,0,1,0
domestico,P114,Otros servicios financieros y servicios de banca de inversión,consumo_isflsh,0,1,0
domestico,P115,Servicios de Intermediación Financiera Medidos Indirectamente (SIFMI),consumo_isflsh,0,1,0
domestico,P116,"Servicios de seguro, reaseguro y fondos de pensiones",consumo_isflsh,0,1,0
domestico,P117,Servicios auxiliares de la intermediación financiera,consumo_isflsh,0,1,0
domestico,P118,Servicios de alquiler de vivienda,consumo_isflsh,0,1,0
domestico,P119,"Otros servicios inmobiliarios, excepto alquiler de vivienda",consumo_isflsh,0,1,0
domestico,P120,"Servicios jurídicos, de contabilidad, auditoría, teneduría de libros y consultoría fiscal",consumo_isflsh,0,1,0
domestico,P121,Servicios de tecnología de la información,consumo_isflsh,0,1,0
domestico,P122,"Servicios de arquitectura e ingeniería, ensayos y análisis técnicos",consumo_isflsh,0,1,0
domestico,P123,"Otros servicios profesionales, científicos y técnicos",consumo_isflsh,52.8163062626131,1,52.8163062626131
domestico,P124,Servicios de publicidad y estudios de mercado,consumo_isflsh,0,1,0
domestico,P125,Servicios de arrendamiento o alquiler sin operador,consumo_isflsh,0,1,0
domestico,P126,Servicios  de agencias de empleo y de dotación de recursos humanos,consumo_isflsh,0,1,0
domestico,P127,"Servicios de agencias de viajes, operadores turísticos y actividades conexas",consumo_isflsh,0,1,0
domestico,P128,"Servicios de seguridad, sistemas de seguridad e investigación privada",consumo_isflsh,0,1,0
domestico,P129,Servicios de limpieza,consumo_isflsh,0,1,0
domestico,P130,Servicios telefónicos de centros de llamadas,consumo_isflsh,0,1,0
domestico,P131,"Servicios administrativos, de apoyo de oficina y otros servicios de apoyo a las empresas",consumo_isflsh,0,1,0
domestico,P132,"Servicios de mantenimiento, reparación e instalación de productos metálicos elaborados, maquinaria y equipo",consumo_isflsh,0,1,0
domestico,P133,Servicios de reparación de otros bienes,consumo_isflsh,0,1,0
domestico,P134,"Servicios de apoyo a la agricultura, caza, silvicultura y pesca",consumo_isflsh,0,1,0
domestico,P135,"Servicios de apoyo a la explotación de minas y canteras y los relacionados con la distribución de electricidad, gas y agua",consumo_isflsh,0,1,0
domestico,P136,Servicios de manufactura,consumo_isflsh,0,1,0
domestico,P137,Servicios públicos del gobierno general,consumo_isflsh,0,1,0
domestico,P138,"Servicios públicos administrativos relacionados con la provisión de servicios educativos, de salud, servicios sociales, culturales y otros, sin contar los servicios de seguridad social",consumo_isflsh,0,1,0
domestico,P139,Otros servicios administrativos,consumo_isflsh,0,1,0
domestico,P140,Servicios públicos administrativos prestados a la comunidad en su conjunto,consumo_isflsh,0,1,0
domestico,P141,Servicios administrativos relacionados con los sistemas de seguridad social de afiliación obligatoria,consumo_isflsh,0,1,0
domestico,P142,Servicios de enseñanza,consumo_isflsh,758.270972059435,1,758.270972059435
domestico,P143,Servicios de hospitalización,consumo_isflsh,20.7894886262364,1,20.7894886262364
domestico,P144,Servicios médicos y dentales,consumo_isflsh,178.238027936741,1,178.238027936741
domestico,P145,Otros servicios de atención de la salud humana,consumo_isflsh,535.210647221036,1,535.210647221036
domestico,P146,"Servicios audiovisuales, recreativos, culturales y deportivos",consumo_isflsh,99.9226754012151,1,99.9226754012151
domestico,P147,Servicios de asociaciones que sirven a las empresas,consumo_isflsh,0,1,0
domestico,P148,Servicios de asociaciones que sirven a los hogares,consumo_isflsh,1906.91972339597,1,1906.91972339597
domestico,P149,Otros servicios,consumo_isflsh,0.0252621818181818,1,0.0252621818181818
domestico,P150,Servicios domésticos,consumo_isflsh,0,1,0
domestico,P151,Compras directas en el exterior por residentes,consumo_isflsh,0,1,0
domestico,P152,Compras directas en el territorio nacional por no residentes,consumo_isflsh,0,1,0
domestico,P001,Maíz,consumo_gobierno,0,1,0
domestico,P002,Frijoles,consumo_gobierno,37.5886801585092,1,37.5886801585092
domestico,P003,Leguminosas (legumbres secas) y semillas oleaginosas,consumo_gobierno,0,1,0
domestico,P004,Arroz,consumo_gobierno,0,1,0
domestico,P005,Otros cereales,consumo_gobierno,0,1,0
domestico,P006,Hortalizas,consumo_gobierno,0.0925034325580271,1,0.0925034325580271
domestico,P007,Sandías y melones,consumo_gobierno,0,1,0
domestico,P008,Ejotes y arvejas,consumo_gobierno,0,1,0
domestico,P009,Raíces y tubérculos,consumo_gobierno,0,1,0
domestico,P010,Caña de azúcar y otras plantas azucareras,consumo_gobierno,0,1,0
domestico,P011,Tabaco y otras plantas no perennes,consumo_gobierno,2.21070267227216,1,2.21070267227216
domestico,P012,"Bananos, plátanos y otros",consumo_gobierno,0,1,0
domestico,P013,Frutas tropicales y subtropicales,consumo_gobierno,0,1,0
domestico,P014,"Berries, otras frutas y semillas de frutas",consumo_gobierno,0.0245136284194323,1,0.0245136284194323
domestico,P015,Palma africana,consumo_gobierno,0,1,0
domestico,P016,Café en grano,consumo_gobierno,0,1,0
domestico,P017,Cardamomo,consumo_gobierno,0,1,0
domestico,P018,Caucho natural,consumo_gobierno,0,1,0
domestico,P019,Propagación de plantas,consumo_gobierno,0,1,0
domestico,P020,"Otros frutos oleaginosos, otras plantas bebestibles y especias aromáticas",consumo_gobierno,0,1,0
domestico,P021,Ganado bovino,consumo_gobierno,0,1,0
domestico,P022,Ganado porcino y otro tipo de animales vivos n.c.p.,consumo_gobierno,2.44169486607143,1,2.44169486607143
domestico,P023,Aves de corral,consumo_gobierno,0.713021633928571,1,0.713021633928571
domestico,P024,Leche cruda,consumo_gobierno,0,1,0
domestico,P025,Huevos,consumo_gobierno,0,1,0
domestico,P026,Otros productos de animales vivos,consumo_gobierno,0,1,0
domestico,P027,Troncos de madera y leña,consumo_gobierno,0,1,0
domestico,P028,Productos forestales no madereros,consumo_gobierno,0,1,0
domestico,P029,"Peces vivos, frescos o refrigerados",consumo_gobierno,0,1,0
domestico,P030,Crustáceos sin congelar y otros productos de la pesca,consumo_gobierno,0,1,0
domestico,P031,Petróleo crudo y gas natural,consumo_gobierno,0,1,0
domestico,P032,Minerales metálicos,consumo_gobierno,0,1,0
domestico,P033,Minerales no metálicos,consumo_gobierno,0.962892959196284,1,0.962892959196284
domestico,P034,Carne y despojos comestibles de ganado bovino; cueros y pieles de bovino y de otros animales,consumo_gobierno,0.156031439119924,1,0.156031439119924
domestico,P035,Carne y despojos comestibles de ganado porcino,consumo_gobierno,0,1,0
domestico,P036,Carne y despojos comestibles de aves,consumo_gobierno,0.0314828976908754,1,0.0314828976908754
domestico,P037,Carne y despojos de otros animales y conservas y preparados de carne,consumo_gobierno,0,1,0
domestico,P038,"Pescado congelado, preparado o en conserva y sus productos",consumo_gobierno,0,1,0
domestico,P039,"Crustáceos, moluscos y demás invertebrados acuáticos congelados, preparados o en conserva y sus productos",consumo_gobierno,0,1,0
domestico,P040,"Vegetales preparados o en conserva, legumbres y papas",consumo_gobierno,0,1,0
domestico,P041,Preparaciones y conservas de frutas y nueces,consumo_gobierno,0,1,0
domestico,P042,Jugos de frutas,consumo_gobierno,0,1,0
domestico,P043,Aceites de origen vegetal,consumo_gobierno,12.3784039145882,1,12.3784039145882
domestico,P044,"Margarina, grasas y otros aceites de origen animal y vegetal",consumo_gobierno,0,1,0
domestico,P045,Leche líquida y crema procesada,consumo_gobierno,0,1,0
domestico,P046,Otros productos lácteos n.c.p.,consumo_gobierno,0,1,0
domestico,P047,Harina de trigo,consumo_gobierno,0,1,0
domestico,P048,Arroz sin cáscara,consumo_gobierno,25.0721921237764,1,25.0721921237764
domestico,P049,"Otros productos de molinería, almidones y productos de almidón",consumo_gobierno,37.3807999964496,1,37.3807999964496
domestico,P050,Pan y otros productos de panadería y repostería n.c.p.,consumo_gobierno,3.38767022446385,1,3.38767022446385
domestico,P051,"Tortillas de maíz, incluso tostadas, horneadas o fritas",consumo_gobierno,0.151413531187825,1,0.151413531187825
domestico,P052,"Azúcar de caña sin refinar y refinada, melaza y los demás azúcares n.c.p.",consumo_gobierno,4.85533436566412,1,4.85533436566412
domestico,P053,Productos alimenticios n.c.p.,consumo_gobierno,44.8870119526667,1,44.8870119526667
domestico,P054,Preparados para alimentación animal,consumo_gobierno,0,1,0
domestico,P055,"Aguardientes, licores, vinos, demás bebidas espirituosas y productos del tabaco",consumo_gobierno,0,1,0
domestico,P056,Malta y cerveza de malta,consumo_gobierno,0,1,0
domestico,P057,Bebidas no alcohólicas,consumo_gobierno,1.44228673320803,1,1.44228673320803
domestico,P058,Aguas minerales y otras aguas embotelladas,consumo_gobierno,0.598693963308287,1,0.598693963308287
domestico,P059,"Hilados, tejidos, telas y otros productos textiles excepto prendas de vestir",consumo_gobierno,0,1,0
domestico,P060,"Prendas de vestir, adobo y teñido de pieles",consumo_gobierno,0,1,0
domestico,P061,Cuero de piel curtida o adobada y cuero artificial o regenerado y artículos de cuero,consumo_gobierno,0.0269078464091906,1,0.0269078464091906
domestico,P062,"Calzado y sus partes, de cualquier material y de cualquier uso",consumo_gobierno,0,1,0
domestico,P063,"Madera aserrada y acepillada, productos de madera, corcho, paja y materiales trenzables",consumo_gobierno,0,1,0
domestico,P064,Pasta de papel y papel,consumo_gobierno,2.0866647037365,1,2.0866647037365
domestico,P065,Envases de papel y cartón,consumo_gobierno,0,1,0
domestico,P066,Productos de la edición,consumo_gobierno,0,1,0
domestico,P067,Productos de la impresión,consumo_gobierno,0,1,0
domestico,P068,"Gasolinas, diésel oil y fuel oils",consumo_gobierno,0,1,0
domestico,P069,"Aceites, grasas lubricantes y otros aceites preparados",consumo_gobierno,0,1,0
domestico,P070,"Gases de petróleo, otros productos de la refinación de petróleo n.c.p.",consumo_gobierno,0,1,0
domestico,P071,"Abonos, fertilizantes y pesticidas",consumo_gobierno,0,1,0
domestico,P072,"Pinturas, barnices, tintas y productos relacionados",consumo_gobierno,0,1,0
domestico,P073,"Jabón, preparados de limpieza, perfumes y preparados de toilet",consumo_gobierno,0,1,0
domestico,P074,Otros productos químicos,consumo_gobierno,0,1,0
domestico,P075,Productos farmacéuticos,consumo_gobierno,695.760881591571,1,695.760881591571
domestico,P076,Productos de caucho y plástico,consumo_gobierno,0,1,0
domestico,P077,Vidrio y productos de vidrio,consumo_gobierno,0,1,0
domestico,P078,Productos de cerámica y arcilla,consumo_gobierno,0,1,0
domestico,P079,"Cemento, cal y yeso",consumo_gobierno,0,1,0
domestico,P080,"Artículos de hormigón, cemento y yeso",consumo_gobierno,0,1,0
domestico,P081,Piedras talladas para construcción y otros productos minerales no metálicos n.c.p.,consumo_gobierno,0,1,0
domestico,P082,"Métales básicos de hierro y acero, productos primarios de metales preciosos y otros metales no ferrosos",consumo_gobierno,0,1,0
domestico,P083,Productos metálicos estructurales y sus partes de hierro o de acero,consumo_gobierno,0,1,0
domestico,P084,Otros productos elaborados de metal,consumo_gobierno,0.00508470798522671,1,0.00508470798522671
domestico,P085,"Maquinaria para usos generales y especiales, sus partes y piezas, excepto electrodomésticos",consumo_gobierno,0,1,0
domestico,P086,Electrodomésticos y sus partes,consumo_gobierno,0,1,0
domestico,P087,"Maquinaria de oficina, contabilidad e informática, sus partes y piezas",consumo_gobierno,0,1,0
domestico,P088,"Maquinaria y aparatos eléctricos, sus partes y piezas",consumo_gobierno,0,1,0
domestico,P089,"Equipo y aparatos de radio, televisión y comunicaciones",consumo_gobierno,0,1,0
domestico,P090,"Aparatos médicos, instrumentos ópticos y de precisión, relojes",consumo_gobierno,0.37727340248404,1,0.37727340248404
domestico,P091,Equipo de transporte,consumo_gobierno,0,1,0
domestico,P092,Muebles,consumo_gobierno,0,1,0
domestico,P093,Otros artículos n.c.p.,consumo_gobierno,2.36125285141585,1,2.36125285141585
domestico,P094,Residuos y desechos,consumo_gobierno,0,1,0
domestico,P095,"Generación y distribución de energía eléctrica, gas, vapor y aire acondicionado",consumo_gobierno,0,1,0
domestico,P096,Agua natural y distribución de agua natural,consumo_gobierno,0,1,0
domestico,P097,"Evacuación de aguas residuales, recogida, tratamiento y eliminación de desechos",consumo_gobierno,0,1,0
domestico,P098,Edificaciones residenciales,consumo_gobierno,0,1,0
domestico,P099,Edificaciones no residenciales,consumo_gobierno,0,1,0
domestico,P100,Obras de ingeniería civil,consumo_gobierno,0,1,0
domestico,P101,Servicios generales y especializados de construcción,consumo_gobierno,0,1,0
domestico,P102,Servicios de comercio,consumo_gobierno,255.804029105864,1,255.804029105864
domestico,P103,Mantenimiento y reparación de vehículos automotores y motocicletas,consumo_gobierno,0,1,0
domestico,P104,Servicio de transporte de pasajeros por vía terrestre,consumo_gobierno,0,1,0
domestico,P105,Servicio de transporte de carga por vía terrestre,consumo_gobierno,3.77450267178849,1,3.77450267178849
domestico,P106,Otros tipos de transporte,consumo_gobierno,0,1,0
domestico,P107,Servicios de almacenamiento y depósito,consumo_gobierno,0,1,0
domestico,P108,Otros servicios de apoyo al transporte,consumo_gobierno,0,1,0
domestico,P109,Servicios postales y de mensajería,consumo_gobierno,0,1,0
domestico,P110,Servicio de alojamiento,consumo_gobierno,0,1,0
domestico,P111,Servicio de suministro de comidas y bebidas,consumo_gobierno,1110.81745745091,1,1110.81745745091
domestico,P112,"Servicios de información, telecomunicaciones y radiodifusión",consumo_gobierno,0,1,0
domestico,P113,Servicios de banco central,consumo_gobierno,696.027746796241,1,696.027746796241
domestico,P114,Otros servicios financieros y servicios de banca de inversión,consumo_gobierno,0,1,0
domestico,P115,Servicios de Intermediación Financiera Medidos Indirectamente (SIFMI),consumo_gobierno,0,1,0
domestico,P116,"Servicios de seguro, reaseguro y fondos de pensiones",consumo_gobierno,0,1,0
domestico,P117,Servicios auxiliares de la intermediación financiera,consumo_gobierno,0,1,0
domestico,P118,Servicios de alquiler de vivienda,consumo_gobierno,0,1,0
domestico,P119,"Otros servicios inmobiliarios, excepto alquiler de vivienda",consumo_gobierno,0,1,0
domestico,P120,"Servicios jurídicos, de contabilidad, auditoría, teneduría de libros y consultoría fiscal",consumo_gobierno,0,1,0
domestico,P121,Servicios de tecnología de la información,consumo_gobierno,0,1,0
domestico,P122,"Servicios de arquitectura e ingeniería, ensayos y análisis técnicos",consumo_gobierno,0,1,0
domestico,P123,"Otros servicios profesionales, científicos y técnicos",consumo_gobierno,0,1,0
domestico,P124,Servicios de publicidad y estudios de mercado,consumo_gobierno,0,1,0
domestico,P125,Servicios de arrendamiento o alquiler sin operador,consumo_gobierno,0,1,0
domestico,P126,Servicios  de agencias de empleo y de dotación de recursos humanos,consumo_gobierno,0,1,0
domestico,P127,"Servicios de agencias de viajes, operadores turísticos y actividades conexas",consumo_gobierno,0,1,0
domestico,P128,"Servicios de seguridad, sistemas de seguridad e investigación privada",consumo_gobierno,0,1,0
domestico,P129,Servicios de limpieza,consumo_gobierno,0,1,0
domestico,P130,Servicios telefónicos de centros de llamadas,consumo_gobierno,0,1,0
domestico,P131,"Servicios administrativos, de apoyo de oficina y otros servicios de apoyo a las empresas",consumo_gobierno,0,1,0
domestico,P132,"Servicios de mantenimiento, reparación e instalación de productos metálicos elaborados, maquinaria y equipo",consumo_gobierno,0,1,0
domestico,P133,Servicios de reparación de otros bienes,consumo_gobierno,0,1,0
domestico,P134,"Servicios de apoyo a la agricultura, caza, silvicultura y pesca",consumo_gobierno,0,1,0
domestico,P135,"Servicios de apoyo a la explotación de minas y canteras y los relacionados con la distribución de electricidad, gas y agua",consumo_gobierno,0,1,0
domestico,P136,Servicios de manufactura,consumo_gobierno,0,1,0
domestico,P137,Servicios públicos del gobierno general,consumo_gobierno,9777.32776304799,1,9777.32776304799
domestico,P138,"Servicios públicos administrativos relacionados con la provisión de servicios educativos, de salud, servicios sociales, culturales y otros, sin contar los servicios de seguridad social",consumo_gobierno,1831.73182290829,1,1831.73182290829
domestico,P139,Otros servicios administrativos,consumo_gobierno,4076.91747388409,1,4076.91747388409
domestico,P140,Servicios públicos administrativos prestados a la comunidad en su conjunto,consumo_gobierno,8415.50628584077,1,8415.50628584077
domestico,P141,Servicios administrativos relacionados con los sistemas de seguridad social de afiliación obligatoria,consumo_gobierno,738.013700865825,1,738.013700865825
domestico,P142,Servicios de enseñanza,consumo_gobierno,11648.6137462666,1,11648.6137462666
domestico,P143,Servicios de hospitalización,consumo_gobierno,4727.9121114786,1,4727.9121114786
domestico,P144,Servicios médicos y dentales,consumo_gobierno,734.778282418819,1,734.778282418819
domestico,P145,Otros servicios de atención de la salud humana,consumo_gobierno,185.5939351,1,185.5939351
domestico,P146,"Servicios audiovisuales, recreativos, culturales y deportivos",consumo_gobierno,190.230807254919,1,190.230807254919
domestico,P147,Servicios de asociaciones que sirven a las empresas,consumo_gobierno,0,1,0
domestico,P148,Servicios de asociaciones que sirven a los hogares,consumo_gobierno,0,1,0
domestico,P149,Otros servicios,consumo_gobierno,0,1,0
domestico,P150,Servicios domésticos,consumo_gobierno,0,1,0
domestico,P151,Compras directas en el exterior por residentes,consumo_gobierno,0,1,0
domestico,P152,Compras directas en el territorio nacional por no residentes,consumo_gobierno,0,1,0
domestico,P001,Maíz,formacion_bruta_capital_fijo,0,1,0
domestico,P002,Frijoles,formacion_bruta_capital_fijo,0,1,0
domestico,P003,Leguminosas (legumbres secas) y semillas oleaginosas,formacion_bruta_capital_fijo,0,1,0
domestico,P004,Arroz,formacion_bruta_capital_fijo,0,1,0
domestico,P005,Otros cereales,formacion_bruta_capital_fijo,0,1,0
domestico,P006,Hortalizas,formacion_bruta_capital_fijo,0,1,0
domestico,P007,Sandías y melones,formacion_bruta_capital_fijo,0,1,0
domestico,P008,Ejotes y arvejas,formacion_bruta_capital_fijo,0,1,0
domestico,P009,Raíces y tubérculos,formacion_bruta_capital_fijo,0,1,0
domestico,P010,Caña de azúcar y otras plantas azucareras,formacion_bruta_capital_fijo,0,1,0
domestico,P011,Tabaco y otras plantas no perennes,formacion_bruta_capital_fijo,0,1,0
domestico,P012,"Bananos, plátanos y otros",formacion_bruta_capital_fijo,243.873553640323,1,243.873553640323
domestico,P013,Frutas tropicales y subtropicales,formacion_bruta_capital_fijo,124.56664949384,1,124.56664949384
domestico,P014,"Berries, otras frutas y semillas de frutas",formacion_bruta_capital_fijo,148.44569214862,1,148.44569214862
domestico,P015,Palma africana,formacion_bruta_capital_fijo,609.055414886086,1,609.055414886086
domestico,P016,Café en grano,formacion_bruta_capital_fijo,51.9562679487228,1,51.9562679487228
domestico,P017,Cardamomo,formacion_bruta_capital_fijo,19.7105168118086,1,19.7105168118086
domestico,P018,Caucho natural,formacion_bruta_capital_fijo,17.1857799697041,1,17.1857799697041
domestico,P019,Propagación de plantas,formacion_bruta_capital_fijo,0,1,0
domestico,P020,"Otros frutos oleaginosos, otras plantas bebestibles y especias aromáticas",formacion_bruta_capital_fijo,6.52705179633994,1,6.52705179633994
domestico,P021,Ganado bovino,formacion_bruta_capital_fijo,44.488079316462,1,44.488079316462
domestico,P022,Ganado porcino y otro tipo de animales vivos n.c.p.,formacion_bruta_capital_fijo,24.434255,1,24.434255
domestico,P023,Aves de corral,formacion_bruta_capital_fijo,485.931895257472,1,485.931895257472
domestico,P024,Leche cruda,formacion_bruta_capital_fijo,0,1,0
domestico,P025,Huevos,formacion_bruta_capital_fijo,0,1,0
domestico,P026,Otros productos de animales vivos,formacion_bruta_capital_fijo,0,1,0
domestico,P027,Troncos de madera y leña,formacion_bruta_capital_fijo,0,1,0
domestico,P028,Productos forestales no madereros,formacion_bruta_capital_fijo,0,1,0
domestico,P029,"Peces vivos, frescos o refrigerados",formacion_bruta_capital_fijo,0,1,0
domestico,P030,Crustáceos sin congelar y otros productos de la pesca,formacion_bruta_capital_fijo,0,1,0
domestico,P031,Petróleo crudo y gas natural,formacion_bruta_capital_fijo,0,1,0
domestico,P032,Minerales metálicos,formacion_bruta_capital_fijo,0,1,0
domestico,P033,Minerales no metálicos,formacion_bruta_capital_fijo,0,1,0
domestico,P034,Carne y despojos comestibles de ganado bovino; cueros y pieles de bovino y de otros animales,formacion_bruta_capital_fijo,0,1,0
domestico,P035,Carne y despojos comestibles de ganado porcino,formacion_bruta_capital_fijo,0,1,0
domestico,P036,Carne y despojos comestibles de aves,formacion_bruta_capital_fijo,0,1,0
domestico,P037,Carne y despojos de otros animales y conservas y preparados de carne,formacion_bruta_capital_fijo,0,1,0
domestico,P038,"Pescado congelado, preparado o en conserva y sus productos",formacion_bruta_capital_fijo,0,1,0
domestico,P039,"Crustáceos, moluscos y demás invertebrados acuáticos congelados, preparados o en conserva y sus productos",formacion_bruta_capital_fijo,0,1,0
domestico,P040,"Vegetales preparados o en conserva, legumbres y papas",formacion_bruta_capital_fijo,0,1,0
domestico,P041,Preparaciones y conservas de frutas y nueces,formacion_bruta_capital_fijo,0,1,0
domestico,P042,Jugos de frutas,formacion_bruta_capital_fijo,0,1,0
domestico,P043,Aceites de origen vegetal,formacion_bruta_capital_fijo,0,1,0
domestico,P044,"Margarina, grasas y otros aceites de origen animal y vegetal",formacion_bruta_capital_fijo,0,1,0
domestico,P045,Leche líquida y crema procesada,formacion_bruta_capital_fijo,0,1,0
domestico,P046,Otros productos lácteos n.c.p.,formacion_bruta_capital_fijo,0,1,0
domestico,P047,Harina de trigo,formacion_bruta_capital_fijo,0,1,0
domestico,P048,Arroz sin cáscara,formacion_bruta_capital_fijo,0,1,0
domestico,P049,"Otros productos de molinería, almidones y productos de almidón",formacion_bruta_capital_fijo,0,1,0
domestico,P050,Pan y otros productos de panadería y repostería n.c.p.,formacion_bruta_capital_fijo,0,1,0
domestico,P051,"Tortillas de maíz, incluso tostadas, horneadas o fritas",formacion_bruta_capital_fijo,0,1,0
domestico,P052,"Azúcar de caña sin refinar y refinada, melaza y los demás azúcares n.c.p.",formacion_bruta_capital_fijo,0,1,0
domestico,P053,Productos alimenticios n.c.p.,formacion_bruta_capital_fijo,0,1,0
domestico,P054,Preparados para alimentación animal,formacion_bruta_capital_fijo,0,1,0
domestico,P055,"Aguardientes, licores, vinos, demás bebidas espirituosas y productos del tabaco",formacion_bruta_capital_fijo,0,1,0
domestico,P056,Malta y cerveza de malta,formacion_bruta_capital_fijo,0,1,0
domestico,P057,Bebidas no alcohólicas,formacion_bruta_capital_fijo,0,1,0
domestico,P058,Aguas minerales y otras aguas embotelladas,formacion_bruta_capital_fijo,0,1,0
domestico,P059,"Hilados, tejidos, telas y otros productos textiles excepto prendas de vestir",formacion_bruta_capital_fijo,0,1,0
domestico,P060,"Prendas de vestir, adobo y teñido de pieles",formacion_bruta_capital_fijo,0,1,0
domestico,P061,Cuero de piel curtida o adobada y cuero artificial o regenerado y artículos de cuero,formacion_bruta_capital_fijo,0,1,0
domestico,P062,"Calzado y sus partes, de cualquier material y de cualquier uso",formacion_bruta_capital_fijo,0,1,0
domestico,P063,"Madera aserrada y acepillada, productos de madera, corcho, paja y materiales trenzables",formacion_bruta_capital_fijo,0,1,0
domestico,P064,Pasta de papel y papel,formacion_bruta_capital_fijo,0,1,0
domestico,P065,Envases de papel y cartón,formacion_bruta_capital_fijo,0,1,0
domestico,P066,Productos de la edición,formacion_bruta_capital_fijo,0,1,0
domestico,P067,Productos de la impresión,formacion_bruta_capital_fijo,0,1,0
domestico,P068,"Gasolinas, diésel oil y fuel oils",formacion_bruta_capital_fijo,0,1,0
domestico,P069,"Aceites, grasas lubricantes y otros aceites preparados",formacion_bruta_capital_fijo,0,1,0
domestico,P070,"Gases de petróleo, otros productos de la refinación de petróleo n.c.p.",formacion_bruta_capital_fijo,0,1,0
domestico,P071,"Abonos, fertilizantes y pesticidas",formacion_bruta_capital_fijo,0,1,0
domestico,P072,"Pinturas, barnices, tintas y productos relacionados",formacion_bruta_capital_fijo,0,1,0
domestico,P073,"Jabón, preparados de limpieza, perfumes y preparados de toilet",formacion_bruta_capital_fijo,0,1,0
domestico,P074,Otros productos químicos,formacion_bruta_capital_fijo,0,1,0
domestico,P075,Productos farmacéuticos,formacion_bruta_capital_fijo,0,1,0
domestico,P076,Productos de caucho y plástico,formacion_bruta_capital_fijo,0,1,0
domestico,P077,Vidrio y productos de vidrio,formacion_bruta_capital_fijo,0,1,0
domestico,P078,Productos de cerámica y arcilla,formacion_bruta_capital_fijo,0,1,0
domestico,P079,"Cemento, cal y yeso",formacion_bruta_capital_fijo,0,1,0
domestico,P080,"Artículos de hormigón, cemento y yeso",formacion_bruta_capital_fijo,0,1,0
domestico,P081,Piedras talladas para construcción y otros productos minerales no metálicos n.c.p.,formacion_bruta_capital_fijo,0,1,0
domestico,P082,"Métales básicos de hierro y acero, productos primarios de metales preciosos y otros metales no ferrosos",formacion_bruta_capital_fijo,0,1,0
domestico,P083,Productos metálicos estructurales y sus partes de hierro o de acero,formacion_bruta_capital_fijo,0,1,0
domestico,P084,Otros productos elaborados de metal,formacion_bruta_capital_fijo,153.1579968145,1,153.1579968145
domestico,P085,"Maquinaria para usos generales y especiales, sus partes y piezas, excepto electrodomésticos",formacion_bruta_capital_fijo,1414.91864915173,1,1414.91864915173
domestico,P086,Electrodomésticos y sus partes,formacion_bruta_capital_fijo,0,1,0
domestico,P087,"Maquinaria de oficina, contabilidad e informática, sus partes y piezas",formacion_bruta_capital_fijo,0,1,0
domestico,P088,"Maquinaria y aparatos eléctricos, sus partes y piezas",formacion_bruta_capital_fijo,1048.98512286279,1,1048.98512286279
domestico,P089,"Equipo y aparatos de radio, televisión y comunicaciones",formacion_bruta_capital_fijo,0,1,0
domestico,P090,"Aparatos médicos, instrumentos ópticos y de precisión, relojes",formacion_bruta_capital_fijo,0,1,0
domestico,P091,Equipo de transporte,formacion_bruta_capital_fijo,191.573261755335,1,191.573261755335
domestico,P092,Muebles,formacion_bruta_capital_fijo,2227.28135317482,1,2227.28135317482
domestico,P093,Otros artículos n.c.p.,formacion_bruta_capital_fijo,23.1391358490566,1,23.1391358490566
domestico,P094,Residuos y desechos,formacion_bruta_capital_fijo,0,1,0
domestico,P095,"Generación y distribución de energía eléctrica, gas, vapor y aire acondicionado",formacion_bruta_capital_fijo,0,1,0
domestico,P096,Agua natural y distribución de agua natural,formacion_bruta_capital_fijo,0,1,0
domestico,P097,"Evacuación de aguas residuales, recogida, tratamiento y eliminación de desechos",formacion_bruta_capital_fijo,0,1,0
domestico,P098,Edificaciones residenciales,formacion_bruta_capital_fijo,14873.3727593345,1,14873.3727593345
domestico,P099,Edificaciones no residenciales,formacion_bruta_capital_fijo,6325.24224247114,1,6325.24224247114
domestico,P100,Obras de ingeniería civil,formacion_bruta_capital_fijo,11112.924307115,1,11112.924307115
domestico,P101,Servicios generales y especializados de construcción,formacion_bruta_capital_fijo,0,1,0
domestico,P102,Servicios de comercio,formacion_bruta_capital_fijo,4893.13768986704,1,4893.13768986704
domestico,P103,Mantenimiento y reparación de vehículos automotores y motocicletas,formacion_bruta_capital_fijo,0,1,0
domestico,P104,Servicio de transporte de pasajeros por vía terrestre,formacion_bruta_capital_fijo,0,1,0
domestico,P105,Servicio de transporte de carga por vía terrestre,formacion_bruta_capital_fijo,139.384113530434,1,139.384113530434
domestico,P106,Otros tipos de transporte,formacion_bruta_capital_fijo,0,1,0
domestico,P107,Servicios de almacenamiento y depósito,formacion_bruta_capital_fijo,0,1,0
domestico,P108,Otros servicios de apoyo al transporte,formacion_bruta_capital_fijo,0,1,0
domestico,P109,Servicios postales y de mensajería,formacion_bruta_capital_fijo,0,1,0
domestico,P110,Servicio de alojamiento,formacion_bruta_capital_fijo,0,1,0
domestico,P111,Servicio de suministro de comidas y bebidas,formacion_bruta_capital_fijo,0,1,0
domestico,P112,"Servicios de información, telecomunicaciones y radiodifusión",formacion_bruta_capital_fijo,0,1,0
domestico,P113,Servicios de banco central,formacion_bruta_capital_fijo,0,1,0
domestico,P114,Otros servicios financieros y servicios de banca de inversión,formacion_bruta_capital_fijo,0,1,0
domestico,P115,Servicios de Intermediación Financiera Medidos Indirectamente (SIFMI),formacion_bruta_capital_fijo,0,1,0
domestico,P116,"Servicios de seguro, reaseguro y fondos de pensiones",formacion_bruta_capital_fijo,0,1,0
domestico,P117,Servicios auxiliares de la intermediación financiera,formacion_bruta_capital_fijo,0,1,0
domestico,P118,Servicios de alquiler de vivienda,formacion_bruta_capital_fijo,0,1,0
domestico,P119,"Otros servicios inmobiliarios, excepto alquiler de vivienda",formacion_bruta_capital_fijo,0,1,0
domestico,P120,"Servicios jurídicos, de contabilidad, auditoría, teneduría de libros y consultoría fiscal",formacion_bruta_capital_fijo,0,1,0
domestico,P121,Servicios de tecnología de la información,formacion_bruta_capital_fijo,344.91096411466,1,344.91096411466
domestico,P122,"Servicios de arquitectura e ingeniería, ensayos y análisis técnicos",formacion_bruta_capital_fijo,354.253434189628,1,354.253434189628
domestico,P123,"Otros servicios profesionales, científicos y técnicos",formacion_bruta_capital_fijo,240.75053077723,1,240.75053077723
domestico,P124,Servicios de publicidad y estudios de mercado,formacion_bruta_capital_fijo,0,1,0
domestico,P125,Servicios de arrendamiento o alquiler sin operador,formacion_bruta_capital_fijo,0,1,0
domestico,P126,Servicios  de agencias de empleo y de dotación de recursos humanos,formacion_bruta_capital_fijo,0,1,0
domestico,P127,"Servicios de agencias de viajes, operadores turísticos y actividades conexas",formacion_bruta_capital_fijo,0,1,0
domestico,P128,"Servicios de seguridad, sistemas de seguridad e investigación privada",formacion_bruta_capital_fijo,0,1,0
domestico,P129,Servicios de limpieza,formacion_bruta_capital_fijo,0,1,0
domestico,P130,Servicios telefónicos de centros de llamadas,formacion_bruta_capital_fijo,0,1,0
domestico,P131,"Servicios administrativos, de apoyo de oficina y otros servicios de apoyo a las empresas",formacion_bruta_capital_fijo,0,1,0
domestico,P132,"Servicios de mantenimiento, reparación e instalación de productos metálicos elaborados, maquinaria y equipo",formacion_bruta_capital_fijo,0,1,0
domestico,P133,Servicios de reparación de otros bienes,formacion_bruta_capital_fijo,0,1,0
domestico,P134,"Servicios de apoyo a la agricultura, caza, silvicultura y pesca",formacion_bruta_capital_fijo,0,1,0
domestico,P135,"Servicios de apoyo a la explotación de minas y canteras y los relacionados con la distribución de electricidad, gas y agua",formacion_bruta_capital_fijo,0,1,0
domestico,P136,Servicios de manufactura,formacion_bruta_capital_fijo,0,1,0
domestico,P137,Servicios públicos del gobierno general,formacion_bruta_capital_fijo,0,1,0
domestico,P138,"Servicios públicos administrativos relacionados con la provisión de servicios educativos, de salud, servicios sociales, culturales y otros, sin contar los servicios de seguridad social",formacion_bruta_capital_fijo,0,1,0
domestico,P139,Otros servicios administrativos,formacion_bruta_capital_fijo,0,1,0
domestico,P140,Servicios públicos administrativos prestados a la comunidad en su conjunto,formacion_bruta_capital_fijo,0,1,0
domestico,P141,Servicios administrativos relacionados con los sistemas de seguridad social de afiliación obligatoria,formacion_bruta_capital_fijo,0,1,0
domestico,P142,Servicios de enseñanza,formacion_bruta_capital_fijo,0,1,0
domestico,P143,Servicios de hospitalización,formacion_bruta_capital_fijo,0,1,0
domestico,P144,Servicios médicos y dentales,formacion_bruta_capital_fijo,0,1,0
domestico,P145,Otros servicios de atención de la salud humana,formacion_bruta_capital_fijo,0,1,0
domestico,P146,"Servicios audiovisuales, recreativos, culturales y deportivos",formacion_bruta_capital_fijo,0,1,0
domestico,P147,Servicios de asociaciones que sirven a las empresas,formacion_bruta_capital_fijo,0,1,0
domestico,P148,Servicios de asociaciones que sirven a los hogares,formacion_bruta_capital_fijo,0,1,0
domestico,P149,Otros servicios,formacion_bruta_capital_fijo,0,1,0
domestico,P150,Servicios domésticos,formacion_bruta_capital_fijo,0,1,0
domestico,P151,Compras directas en el exterior por residentes,formacion_bruta_capital_fijo,0,1,0
domestico,P152,Compras directas en el territorio nacional por no residentes,formacion_bruta_capital_fijo,0,1,0
domestico,P001,Maíz,variacion_existencias,25.0807263958937,1,25.0807263958937
domestico,P002,Frijoles,variacion_existencias,2.30938159195463,1,2.30938159195463
domestico,P003,Leguminosas (legumbres secas) y semillas oleaginosas,variacion_existencias,29.0093651115822,1,29.0093651115822
domestico,P004,Arroz,variacion_existencias,1.35657614482212,1,1.35657614482212
domestico,P005,Otros cereales,variacion_existencias,0,1,0
domestico,P006,Hortalizas,variacion_existencias,0,1,0
domestico,P007,Sandías y melones,variacion_existencias,17.736939,1,17.736939
domestico,P008,Ejotes y arvejas,variacion_existencias,0,1,0
domestico,P009,Raíces y tubérculos,variacion_existencias,0,1,0
domestico,P010,Caña de azúcar y otras plantas azucareras,variacion_existencias,47.6609499825284,1,47.6609499825284
domestico,P011,Tabaco y otras plantas no perennes,variacion_existencias,33.2806157448065,1,33.2806157448065
domestico,P012,"Bananos, plátanos y otros",variacion_existencias,0,1,0
domestico,P013,Frutas tropicales y subtropicales,variacion_existencias,0,1,0
domestico,P014,"Berries, otras frutas y semillas de frutas",variacion_existencias,0,1,0
domestico,P015,Palma africana,variacion_existencias,0,1,0
domestico,P016,Café en grano,variacion_existencias,-93.7291442618525,1,-93.7291442618525
domestico,P017,Cardamomo,variacion_existencias,-108.194101979185,1,-108.194101979185
domestico,P018,Caucho natural,variacion_existencias,0,1,0
domestico,P019,Propagación de plantas,variacion_existencias,0,1,0
domestico,P020,"Otros frutos oleaginosos, otras plantas bebestibles y especias aromáticas",variacion_existencias,0,1,0
domestico,P021,Ganado bovino,variacion_existencias,43.2319472864116,1,43.2319472864116
domestico,P022,Ganado porcino y otro tipo de animales vivos n.c.p.,variacion_existencias,0.564502799999952,1,0.564502799999952
domestico,P023,Aves de corral,variacion_existencias,24.36727872054,1,24.36727872054
domestico,P024,Leche cruda,variacion_existencias,0,1,0
domestico,P025,Huevos,variacion_existencias,0,1,0
domestico,P026,Otros productos de animales vivos,variacion_existencias,0,1,0
domestico,P027,Troncos de madera y leña,variacion_existencias,0,1,0
domestico,P028,Productos forestales no madereros,variacion_existencias,0,1,0
domestico,P029,"Peces vivos, frescos o refrigerados",variacion_existencias,0,1,0
domestico,P030,Crustáceos sin congelar y otros productos de la pesca,variacion_existencias,92.1261817868274,1,92.1261817868274
domestico,P031,Petróleo crudo y gas natural,variacion_existencias,23.0718289324649,1,23.0718289324649
domestico,P032,Minerales metálicos,variacion_existencias,10.8984400464014,1,10.8984400464014
domestico,P033,Minerales no metálicos,variacion_existencias,22.5811393898203,1,22.5811393898203
domestico,P034,Carne y despojos comestibles de ganado bovino; cueros y pieles de bovino y de otros animales,variacion_existencias,-4.36506273852231,1,-4.36506273852231
domestico,P035,Carne y despojos comestibles de ganado porcino,variacion_existencias,-5.87673807703142,1,-5.87673807703142
domestico,P036,Carne y despojos comestibles de aves,variacion_existencias,-26.8431401205717,1,-26.8431401205717
domestico,P037,Carne y despojos de otros animales y conservas y preparados de carne,variacion_existencias,-13.2313648764973,1,-13.2313648764973
domestico,P038,"Pescado congelado, preparado o en conserva y sus productos",variacion_existencias,-0.237959609348789,1,-0.237959609348789
domestico,P039,"Crustáceos, moluscos y demás invertebrados acuáticos congelados, preparados o en conserva y sus productos",variacion_existencias,-4.25072325410193,1,-4.25072325410193
domestico,P040,"Vegetales preparados o en conserva, legumbres y papas",variacion_existencias,6.68454618109905,1,6.68454618109905
domestico,P041,Preparaciones y conservas de frutas y nueces,variacion_existencias,4.91377345094531,1,4.91377345094531
domestico,P042,Jugos de frutas,variacion_existencias,4.77239618561532,1,4.77239618561532
domestico,P043,Aceites de origen vegetal,variacion_existencias,40.0493447217148,1,40.0493447217148
domestico,P044,"Margarina, grasas y otros aceites de origen animal y vegetal",variacion_existencias,1.71864422929293,1,1.71864422929293
domestico,P045,Leche líquida y crema procesada,variacion_existencias,4.57586340263564,1,4.57586340263564
domestico,P046,Otros productos lácteos n.c.p.,variacion_existencias,5.08937123689525,1,5.08937123689525
domestico,P047,Harina de trigo,variacion_existencias,8.76380412654343,1,8.76380412654343
domestico,P048,Arroz sin cáscara,variacion_existencias,7.44429635059126,1,7.44429635059126
domestico,P049,"Otros productos de molinería, almidones y productos de almidón",variacion_existencias,8.97298388049515,1,8.97298388049515
domestico,P050,Pan y otros productos de panadería y repostería n.c.p.,variacion_existencias,0.841144547415498,1,0.841144547415498
domestico,P051,"Tortillas de maíz, incluso tostadas, horneadas o fritas",variacion_existencias,0.22238324064372,1,0.22238324064372
domestico,P052,"Azúcar de caña sin refinar y refinada, melaza y los demás azúcares n.c.p.",variacion_existencias,187.509436578943,1,187.509436578943
domestico,P053,Productos alimenticios n.c.p.,variacion_existencias,7.75856246104126,1,7.75856246104126
domestico,P054,Preparados para alimentación animal,variacion_existencias,-50.9244434369304,1,-50.9244434369304
domestico,P055,"Aguardientes, licores, vinos, demás bebidas espirituosas y productos del tabaco",variacion_existencias,45.0080152404279,1,45.0080152404279
domestico,P056,Malta y cerveza de malta,variacion_existencias,-5.34028208305768,1,-5.34028208305768
domestico,P057,Bebidas no alcohólicas,variacion_existencias,92.4790126058784,1,92.4790126058784
domestico,P058,Aguas minerales y otras aguas embotelladas,variacion_existencias,-1.5600683417931,1,-1.5600683417931
domestico,P059,"Hilados, tejidos, telas y otros productos textiles excepto prendas de vestir",variacion_existencias,119.411656715364,1,119.411656715364
domestico,P060,"Prendas de vestir, adobo y teñido de pieles",variacion_existencias,63.08589721228,1,63.08589721228
domestico,P061,Cuero de piel curtida o adobada y cuero artificial o regenerado y artículos de cuero,variacion_existencias,16.9157757563243,1,16.9157757563243
domestico,P062,"Calzado y sus partes, de cualquier material y de cualquier uso",variacion_existencias,4.96473116888412,1,4.96473116888412
domestico,P063,"Madera aserrada y acepillada, productos de madera, corcho, paja y materiales trenzables",variacion_existencias,45.5310263304184,1,45.5310263304184
domestico,P064,Pasta de papel y papel,variacion_existencias,20.3480006610956,1,20.3480006610956
domestico,P065,Envases de papel y cartón,variacion_existencias,27.8473967578313,1,27.8473967578313
domestico,P066,Productos de la edición,variacion_existencias,-123.152288527577,1,-123.152288527577
domestico,P067,Productos de la impresión,variacion_existencias,13.7666305579008,1,13.7666305579008
domestico,P068,"Gasolinas, diésel oil y fuel oils",variacion_existencias,0,1,0
domestico,P069,"Aceites, grasas lubricantes y otros aceites preparados",variacion_existencias,0,1,0
domestico,P070,"Gases de petróleo, otros productos de la refinación de petróleo n.c.p.",variacion_existencias,5.43565192856477e-13,1,5.43565192856477e-13
domestico,P071,"Abonos, fertilizantes y pesticidas",variacion_existencias,47.7187856625894,1,47.7187856625894
domestico,P072,"Pinturas, barnices, tintas y productos relacionados",variacion_existencias,4.34293268337146,1,4.34293268337146
domestico,P073,"Jabón, preparados de limpieza, perfumes y preparados de toilet",variacion_existencias,-8.54845877962855,1,-8.54845877962855
domestico,P074,Otros productos químicos,variacion_existencias,105.177957247791,1,105.177957247791
domestico,P075,Productos farmacéuticos,variacion_existencias,14.9921588627901,1,14.9921588627901
domestico,P076,Productos de caucho y plástico,variacion_existencias,-57.3788161311414,1,-57.3788161311414
domestico,P077,Vidrio y productos de vidrio,variacion_existencias,3.81476906679869,1,3.81476906679869
domestico,P078,Productos de cerámica y arcilla,variacion_existencias,19.0280792259564,1,19.0280792259564
domestico,P079,"Cemento, cal y yeso",variacion_existencias,42.6802098138729,1,42.6802098138729
domestico,P080,"Artículos de hormigón, cemento y yeso",variacion_existencias,20.4823131150526,1,20.4823131150526
domestico,P081,Piedras talladas para construcción y otros productos minerales no metálicos n.c.p.,variacion_existencias,9.09790995488884,1,9.09790995488884
domestico,P082,"Métales básicos de hierro y acero, productos primarios de metales preciosos y otros metales no ferrosos",variacion_existencias,215.272035507898,1,215.272035507898
domestico,P083,Productos metálicos estructurales y sus partes de hierro o de acero,variacion_existencias,17.9176018392089,1,17.9176018392089
domestico,P084,Otros productos elaborados de metal,variacion_existencias,87.5657598734888,1,87.5657598734888
domestico,P085,"Maquinaria para usos generales y especiales, sus partes y piezas, excepto electrodomésticos",variacion_existencias,14.6949317049121,1,14.6949317049121
domestico,P086,Electrodomésticos y sus partes,variacion_existencias,0,1,0
domestico,P087,"Maquinaria de oficina, contabilidad e informática, sus partes y piezas",variacion_existencias,0,1,0
domestico,P088,"Maquinaria y aparatos eléctricos, sus partes y piezas",variacion_existencias,13.6886220495805,1,13.6886220495805
domestico,P089,"Equipo y aparatos de radio, televisión y comunicaciones",variacion_existencias,0,1,0
domestico,P090,"Aparatos médicos, instrumentos ópticos y de precisión, relojes",variacion_existencias,3.93770308732832,1,3.93770308732832
domestico,P091,Equipo de transporte,variacion_existencias,-3.77885211630998,1,-3.77885211630998
domestico,P092,Muebles,variacion_existencias,17.587447374565,1,17.587447374565
domestico,P093,Otros artículos n.c.p.,variacion_existencias,7.59450695566452,1,7.59450695566452
domestico,P094,Residuos y desechos,variacion_existencias,3.62329323021713,1,3.62329323021713
domestico,P095,"Generación y distribución de energía eléctrica, gas, vapor y aire acondicionado",variacion_existencias,0,1,0
domestico,P096,Agua natural y distribución de agua natural,variacion_existencias,0,1,0
domestico,P097,"Evacuación de aguas residuales, recogida, tratamiento y eliminación de desechos",variacion_existencias,0,1,0
domestico,P098,Edificaciones residenciales,variacion_existencias,435.862471880769,1,435.862471880769
domestico,P099,Edificaciones no residenciales,variacion_existencias,16.6166182726731,1,16.6166182726731
domestico,P100,Obras de ingeniería civil,variacion_existencias,0,1,0
domestico,P101,Servicios generales y especializados de construcción,variacion_existencias,0,1,0
domestico,P102,Servicios de comercio,variacion_existencias,211.584582745435,1,211.584582745435
domestico,P103,Mantenimiento y reparación de vehículos automotores y motocicletas,variacion_existencias,0,1,0
domestico,P104,Servicio de transporte de pasajeros por vía terrestre,variacion_existencias,0,1,0
domestico,P105,Servicio de transporte de carga por vía terrestre,variacion_existencias,22.6200825542407,1,22.6200825542407
domestico,P106,Otros tipos de transporte,variacion_existencias,0,1,0
domestico,P107,Servicios de almacenamiento y depósito,variacion_existencias,0,1,0
domestico,P108,Otros servicios de apoyo al transporte,variacion_existencias,0,1,0
domestico,P109,Servicios postales y de mensajería,variacion_existencias,0,1,0
domestico,P110,Servicio de alojamiento,variacion_existencias,0,1,0
domestico,P111,Servicio de suministro de comidas y bebidas,variacion_existencias,0,1,0
domestico,P112,"Servicios de información, telecomunicaciones y radiodifusión",variacion_existencias,0,1,0
domestico,P113,Servicios de banco central,variacion_existencias,0,1,0
domestico,P114,Otros servicios financieros y servicios de banca de inversión,variacion_existencias,0,1,0
domestico,P115,Servicios de Intermediación Financiera Medidos Indirectamente (SIFMI),variacion_existencias,0,1,0
domestico,P116,"Servicios de seguro, reaseguro y fondos de pensiones",variacion_existencias,0,1,0
domestico,P117,Servicios auxiliares de la intermediación financiera,variacion_existencias,0,1,0
domestico,P118,Servicios de alquiler de vivienda,variacion_existencias,0,1,0
domestico,P119,"Otros servicios inmobiliarios, excepto alquiler de vivienda",variacion_existencias,0,1,0
domestico,P120,"Servicios jurídicos, de contabilidad, auditoría, teneduría de libros y consultoría fiscal",variacion_existencias,0,1,0
domestico,P121,Servicios de tecnología de la información,variacion_existencias,0,1,0
domestico,P122,"Servicios de arquitectura e ingeniería, ensayos y análisis técnicos",variacion_existencias,0,1,0
domestico,P123,"Otros servicios profesionales, científicos y técnicos",variacion_existencias,0,1,0
domestico,P124,Servicios de publicidad y estudios de mercado,variacion_existencias,0,1,0
domestico,P125,Servicios de arrendamiento o alquiler sin operador,variacion_existencias,0,1,0
domestico,P126,Servicios  de agencias de empleo y de dotación de recursos humanos,variacion_existencias,0,1,0
domestico,P127,"Servicios de agencias de viajes, operadores turísticos y actividades conexas",variacion_existencias,0,1,0
domestico,P128,"Servicios de seguridad, sistemas de seguridad e investigación privada",variacion_existencias,0,1,0
domestico,P129,Servicios de limpieza,variacion_existencias,0,1,0
domestico,P130,Servicios telefónicos de centros de llamadas,variacion_existencias,0,1,0
domestico,P131,"Servicios administrativos, de apoyo de oficina y otros servicios de apoyo a las empresas",variacion_existencias,0,1,0
domestico,P132,"Servicios de mantenimiento, reparación e instalación de productos metálicos elaborados, maquinaria y equipo",variacion_existencias,0,1,0
domestico,P133,Servicios de reparación de otros bienes,variacion_existencias,0,1,0
domestico,P134,"Servicios de apoyo a la agricultura, caza, silvicultura y pesca",variacion_existencias,0,1,0
domestico,P135,"Servicios de apoyo a la explotación de minas y canteras y los relacionados con la distribución de electricidad, gas y agua",variacion_existencias,0,1,0
domestico,P136,Servicios de manufactura,variacion_existencias,0,1,0
domestico,P137,Servicios públicos del gobierno general,variacion_existencias,0,1,0
domestico,P138,"Servicios públicos administrativos relacionados con la provisión de servicios educativos, de salud, servicios sociales, culturales y otros, sin contar los servicios de seguridad social",variacion_existencias,0,1,0
domestico,P139,Otros servicios administrativos,variacion_existencias,0,1,0
domestico,P140,Servicios públicos administrativos prestados a la comunidad en su conjunto,variacion_existencias,0,1,0
domestico,P141,Servicios administrativos relacionados con los sistemas de seguridad social de afiliación obligatoria,variacion_existencias,0,1,0
domestico,P142,Servicios de enseñanza,variacion_existencias,0,1,0
domestico,P143,Servicios de hospitalización,variacion_existencias,0,1,0
domestico,P144,Servicios médicos y dentales,variacion_existencias,0,1,0
domestico,P145,Otros servicios de atención de la salud humana,variacion_existencias,0,1,0
domestico,P146,"Servicios audiovisuales, recreativos, culturales y deportivos",variacion_existencias,0,1,0
domestico,P147,Servicios de asociaciones que sirven a las empresas,variacion_existencias,0,1,0
domestico,P148,Servicios de asociaciones que sirven a los hogares,variacion_existencias,0,1,0
domestico,P149,Otros servicios,variacion_existencias,0,1,0
domestico,P150,Servicios domésticos,variacion_existencias,0,1,0
domestico,P151,Compras directas en el exterior por residentes,variacion_existencias,0,1,0
domestico,P152,Compras directas en el territorio nacional por no residentes,variacion_existencias,0,1,0
domestico,P001,Maíz,ajuste_cif_fob,0,-1,-0
domestico,P002,Frijoles,ajuste_cif_fob,0,-1,-0
domestico,P003,Leguminosas (legumbres secas) y semillas oleaginosas,ajuste_cif_fob,0,-1,-0
domestico,P004,Arroz,ajuste_cif_fob,0,-1,-0
domestico,P005,Otros cereales,ajuste_cif_fob,0,-1,-0
domestico,P006,Hortalizas,ajuste_cif_fob,0,-1,-0
domestico,P007,Sandías y melones,ajuste_cif_fob,0,-1,-0
domestico,P008,Ejotes y arvejas,ajuste_cif_fob,0,-1,-0
domestico,P009,Raíces y tubérculos,ajuste_cif_fob,0,-1,-0
domestico,P010,Caña de azúcar y otras plantas azucareras,ajuste_cif_fob,0,-1,-0
domestico,P011,Tabaco y otras plantas no perennes,ajuste_cif_fob,0,-1,-0
domestico,P012,"Bananos, plátanos y otros",ajuste_cif_fob,0,-1,-0
domestico,P013,Frutas tropicales y subtropicales,ajuste_cif_fob,0,-1,-0
domestico,P014,"Berries, otras frutas y semillas de frutas",ajuste_cif_fob,0,-1,-0
domestico,P015,Palma africana,ajuste_cif_fob,0,-1,-0
domestico,P016,Café en grano,ajuste_cif_fob,0,-1,-0
domestico,P017,Cardamomo,ajuste_cif_fob,0,-1,-0
domestico,P018,Caucho natural,ajuste_cif_fob,0,-1,-0
domestico,P019,Propagación de plantas,ajuste_cif_fob,0,-1,-0
domestico,P020,"Otros frutos oleaginosos, otras plantas bebestibles y especias aromáticas",ajuste_cif_fob,0,-1,-0
domestico,P021,Ganado bovino,ajuste_cif_fob,0,-1,-0
domestico,P022,Ganado porcino y otro tipo de animales vivos n.c.p.,ajuste_cif_fob,0,-1,-0
domestico,P023,Aves de corral,ajuste_cif_fob,0,-1,-0
domestico,P024,Leche cruda,ajuste_cif_fob,0,-1,-0
domestico,P025,Huevos,ajuste_cif_fob,0,-1,-0
domestico,P026,Otros productos de animales vivos,ajuste_cif_fob,0,-1,-0
domestico,P027,Troncos de madera y leña,ajuste_cif_fob,0,-1,-0
domestico,P028,Productos forestales no madereros,ajuste_cif_fob,0,-1,-0
domestico,P029,"Peces vivos, frescos o refrigerados",ajuste_cif_fob,0,-1,-0
domestico,P030,Crustáceos sin congelar y otros productos de la pesca,ajuste_cif_fob,0,-1,-0
domestico,P031,Petróleo crudo y gas natural,ajuste_cif_fob,0,-1,-0
domestico,P032,Minerales metálicos,ajuste_cif_fob,0,-1,-0
domestico,P033,Minerales no metálicos,ajuste_cif_fob,0,-1,-0
domestico,P034,Carne y despojos comestibles de ganado bovino; cueros y pieles de bovino y de otros animales,ajuste_cif_fob,0,-1,-0
domestico,P035,Carne y despojos comestibles de ganado porcino,ajuste_cif_fob,0,-1,-0
domestico,P036,Carne y despojos comestibles de aves,ajuste_cif_fob,0,-1,-0
domestico,P037,Carne y despojos de otros animales y conservas y preparados de carne,ajuste_cif_fob,0,-1,-0
domestico,P038,"Pescado congelado, preparado o en conserva y sus productos",ajuste_cif_fob,0,-1,-0
domestico,P039,"Crustáceos, moluscos y demás invertebrados acuáticos congelados, preparados o en conserva y sus productos",ajuste_cif_fob,0,-1,-0
domestico,P040,"Vegetales preparados o en conserva, legumbres y papas",ajuste_cif_fob,0,-1,-0
domestico,P041,Preparaciones y conservas de frutas y nueces,ajuste_cif_fob,0,-1,-0
domestico,P042,Jugos de frutas,ajuste_cif_fob,0,-1,-0
domestico,P043,Aceites de origen vegetal,ajuste_cif_fob,0,-1,-0
domestico,P044,"Margarina, grasas y otros aceites de origen animal y vegetal",ajuste_cif_fob,0,-1,-0
domestico,P045,Leche líquida y crema procesada,ajuste_cif_fob,0,-1,-0
domestico,P046,Otros productos lácteos n.c.p.,ajuste_cif_fob,0,-1,-0
domestico,P047,Harina de trigo,ajuste_cif_fob,0,-1,-0
domestico,P048,Arroz sin cáscara,ajuste_cif_fob,0,-1,-0
domestico,P049,"Otros productos de molinería, almidones y productos de almidón",ajuste_cif_fob,0,-1,-0
domestico,P050,Pan y otros productos de panadería y repostería n.c.p.,ajuste_cif_fob,0,-1,-0
domestico,P051,"Tortillas de maíz, incluso tostadas, horneadas o fritas",ajuste_cif_fob,0,-1,-0
domestico,P052,"Azúcar de caña sin refinar y refinada, melaza y los demás azúcares n.c.p.",ajuste_cif_fob,0,-1,-0
domestico,P053,Productos alimenticios n.c.p.,ajuste_cif_fob,0,-1,-0
domestico,P054,Preparados para alimentación animal,ajuste_cif_fob,0,-1,-0
domestico,P055,"Aguardientes, licores, vinos, demás bebidas espirituosas y productos del tabaco",ajuste_cif_fob,0,-1,-0
domestico,P056,Malta y cerveza de malta,ajuste_cif_fob,0,-1,-0
domestico,P057,Bebidas no alcohólicas,ajuste_cif_fob,0,-1,-0
domestico,P058,Aguas minerales y otras aguas embotelladas,ajuste_cif_fob,0,-1,-0
domestico,P059,"Hilados, tejidos, telas y otros productos textiles excepto prendas de vestir",ajuste_cif_fob,0,-1,-0
domestico,P060,"Prendas de vestir, adobo y teñido de pieles",ajuste_cif_fob,0,-1,-0
domestico,P061,Cuero de piel curtida o adobada y cuero artificial o regenerado y artículos de cuero,ajuste_cif_fob,0,-1,-0
domestico,P062,"Calzado y sus partes, de cualquier material y de cualquier uso",ajuste_cif_fob,0,-1,-0
domestico,P063,"Madera aserrada y acepillada, productos de madera, corcho, paja y materiales trenzables",ajuste_cif_fob,0,-1,-0
domestico,P064,Pasta de papel y papel,ajuste_cif_fob,0,-1,-0
domestico,P065,Envases de papel y cartón,ajuste_cif_fob,0,-1,-0
domestico,P066,Productos de la edición,ajuste_cif_fob,0,-1,-0
domestico,P067,Productos de la impresión,ajuste_cif_fob,0,-1,-0
domestico,P068,"Gasolinas, diésel oil y fuel oils",ajuste_cif_fob,0,-1,-0
domestico,P069,"Aceites, grasas lubricantes y otros aceites preparados",ajuste_cif_fob,0,-1,-0
domestico,P070,"Gases de petróleo, otros productos de la refinación de petróleo n.c.p.",ajuste_cif_fob,0,-1,-0
domestico,P071,"Abonos, fertilizantes y pesticidas",ajuste_cif_fob,0,-1,-0
domestico,P072,"Pinturas, barnices, tintas y productos relacionados",ajuste_cif_fob,0,-1,-0
domestico,P073,"Jabón, preparados de limpieza, perfumes y preparados de toilet",ajuste_cif_fob,0,-1,-0
domestico,P074,Otros productos químicos,ajuste_cif_fob,0,-1,-0
domestico,P075,Productos farmacéuticos,ajuste_cif_fob,0,-1,-0
domestico,P076,Productos de caucho y plástico,ajuste_cif_fob,0,-1,-0
domestico,P077,Vidrio y productos de vidrio,ajuste_cif_fob,0,-1,-0
domestico,P078,Productos de cerámica y arcilla,ajuste_cif_fob,0,-1,-0
domestico,P079,"Cemento, cal y yeso",ajuste_cif_fob,0,-1,-0
domestico,P080,"Artículos de hormigón, cemento y yeso",ajuste_cif_fob,0,-1,-0
domestico,P081,Piedras talladas para construcción y otros productos minerales no metálicos n.c.p.,ajuste_cif_fob,0,-1,-0
domestico,P082,"Métales básicos de hierro y acero, productos primarios de metales preciosos y otros metales no ferrosos",ajuste_cif_fob,0,-1,-0
domestico,P083,Productos metálicos estructurales y sus partes de hierro o de acero,ajuste_cif_fob,0,-1,-0
domestico,P084,Otros productos elaborados de metal,ajuste_cif_fob,0,-1,-0
domestico,P085,"Maquinaria para usos generales y especiales, sus partes y piezas, excepto electrodomésticos",ajuste_cif_fob,0,-1,-0
domestico,P086,Electrodomésticos y sus partes,ajuste_cif_fob,0,-1,-0
domestico,P087,"Maquinaria de oficina, contabilidad e informática, sus partes y piezas",ajuste_cif_fob,0,-1,-0
domestico,P088,"Maquinaria y aparatos eléctricos, sus partes y piezas",ajuste_cif_fob,0,-1,-0
domestico,P089,"Equipo y aparatos de radio, televisión y comunicaciones",ajuste_cif_fob,0,-1,-0
domestico,P090,"Aparatos médicos, instrumentos ópticos y de precisión, relojes",ajuste_cif_fob,0,-1,-0
domestico,P091,Equipo de transporte,ajuste_cif_fob,0,-1,-0
domestico,P092,Muebles,ajuste_cif_fob,0,-1,-0
domestico,P093,Otros artículos n.c.p.,ajuste_cif_fob,0,-1,-0
domestico,P094,Residuos y desechos,ajuste_cif_fob,0,-1,-0
domestico,P095,"Generación y distribución de energía eléctrica, gas, vapor y aire acondicionado",ajuste_cif_fob,0,-1,-0
domestico,P096,Agua natural y distribución de agua natural,ajuste_cif_fob,0,-1,-0
domestico,P097,"Evacuación de aguas residuales, recogida, tratamiento y eliminación de desechos",ajuste_cif_fob,0,-1,-0
domestico,P098,Edificaciones residenciales,ajuste_cif_fob,0,-1,-0
domestico,P099,Edificaciones no residenciales,ajuste_cif_fob,0,-1,-0
domestico,P100,Obras de ingeniería civil,ajuste_cif_fob,0,-1,-0
domestico,P101,Servicios generales y especializados de construcción,ajuste_cif_fob,0,-1,-0
domestico,P102,Servicios de comercio,ajuste_cif_fob,0,-1,-0
domestico,P103,Mantenimiento y reparación de vehículos automotores y motocicletas,ajuste_cif_fob,0,-1,-0
domestico,P104,Servicio de transporte de pasajeros por vía terrestre,ajuste_cif_fob,0,-1,-0
domestico,P105,Servicio de transporte de carga por vía terrestre,ajuste_cif_fob,-23.9879956546108,-1,23.9879956546108
domestico,P106,Otros tipos de transporte,ajuste_cif_fob,0,-1,-0
domestico,P107,Servicios de almacenamiento y depósito,ajuste_cif_fob,0,-1,-0
domestico,P108,Otros servicios de apoyo al transporte,ajuste_cif_fob,0,-1,-0
domestico,P109,Servicios postales y de mensajería,ajuste_cif_fob,0,-1,-0
domestico,P110,Servicio de alojamiento,ajuste_cif_fob,0,-1,-0
domestico,P111,Servicio de suministro de comidas y bebidas,ajuste_cif_fob,0,-1,-0
domestico,P112,"Servicios de información, telecomunicaciones y radiodifusión",ajuste_cif_fob,0,-1,-0
domestico,P113,Servicios de banco central,ajuste_cif_fob,0,-1,-0
domestico,P114,Otros servicios financieros y servicios de banca de inversión,ajuste_cif_fob,0,-1,-0
domestico,P115,Servicios de Intermediación Financiera Medidos Indirectamente (SIFMI),ajuste_cif_fob,0,-1,-0
domestico,P116,"Servicios de seguro, reaseguro y fondos de pensiones",ajuste_cif_fob,0,-1,-0
domestico,P117,Servicios auxiliares de la intermediación financiera,ajuste_cif_fob,0,-1,-0
domestico,P118,Servicios de alquiler de vivienda,ajuste_cif_fob,0,-1,-0
domestico,P119,"Otros servicios inmobiliarios, excepto alquiler de vivienda",ajuste_cif_fob,0,-1,-0
domestico,P120,"Servicios jurídicos, de contabilidad, auditoría, teneduría de libros y consultoría fiscal",ajuste_cif_fob,0,-1,-0
domestico,P121,Servicios de tecnología de la información,ajuste_cif_fob,0,-1,-0
domestico,P122,"Servicios de arquitectura e ingeniería, ensayos y análisis técnicos",ajuste_cif_fob,0,-1,-0
domestico,P123,"Otros servicios profesionales, científicos y técnicos",ajuste_cif_fob,0,-1,-0
domestico,P124,Servicios de publicidad y estudios de mercado,ajuste_cif_fob,0,-1,-0
domestico,P125,Servicios de arrendamiento o alquiler sin operador,ajuste_cif_fob,0,-1,-0
domestico,P126,Servicios  de agencias de empleo y de dotación de recursos humanos,ajuste_cif_fob,0,-1,-0
domestico,P127,"Servicios de agencias de viajes, operadores turísticos y actividades conexas",ajuste_cif_fob,0,-1,-0
domestico,P128,"Servicios de seguridad, sistemas de seguridad e investigación privada",ajuste_cif_fob,0,-1,-0
domestico,P129,Servicios de limpieza,ajuste_cif_fob,0,-1,-0
domestico,P130,Servicios telefónicos de centros de llamadas,ajuste_cif_fob,0,-1,-0
domestico,P131,"Servicios administrativos, de apoyo de oficina y otros servicios de apoyo a las empresas",ajuste_cif_fob,0,-1,-0
domestico,P132,"Servicios de mantenimiento, reparación e instalación de productos metálicos elaborados, maquinaria y equipo",ajuste_cif_fob,0,-1,-0
domestico,P133,Servicios de reparación de otros bienes,ajuste_cif_fob,0,-1,-0
domestico,P134,"Servicios de apoyo a la agricultura, caza, silvicultura y pesca",ajuste_cif_fob,0,-1,-0
domestico,P135,"Servicios de apoyo a la explotación de minas y canteras y los relacionados con la distribución de electricidad, gas y agua",ajuste_cif_fob,0,-1,-0
domestico,P136,Servicios de manufactura,ajuste_cif_fob,0,-1,-0
domestico,P137,Servicios públicos del gobierno general,ajuste_cif_fob,0,-1,-0
domestico,P138,"Servicios públicos administrativos relacionados con la provisión de servicios educativos, de salud, servicios sociales, culturales y otros, sin contar los servicios de seguridad social",ajuste_cif_fob,0,-1,-0
domestico,P139,Otros servicios administrativos,ajuste_cif_fob,0,-1,-0
domestico,P140,Servicios públicos administrativos prestados a la comunidad en su conjunto,ajuste_cif_fob,0,-1,-0
domestico,P141,Servicios administrativos relacionados con los sistemas de seguridad social de afiliación obligatoria,ajuste_cif_fob,0,-1,-0
domestico,P142,Servicios de enseñanza,ajuste_cif_fob,0,-1,-0
domestico,P143,Servicios de hospitalización,ajuste_cif_fob,0,-1,-0
domestico,P144,Servicios médicos y dentales,ajuste_cif_fob,0,-1,-0
domestico,P145,Otros servicios de atención de la salud humana,ajuste_cif_fob,0,-1,-0
domestico,P146,"Servicios audiovisuales, recreativos, culturales y deportivos",ajuste_cif_fob,0,-1,-0
domestico,P147,Servicios de asociaciones que sirven a las empresas,ajuste_cif_fob,0,-1,-0
domestico,P148,Servicios de asociaciones que sirven a los hogares,ajuste_cif_fob,0,-1,-0
domestico,P149,Otros servicios,ajuste_cif_fob,0,-1,-0
domestico,P150,Servicios domésticos,ajuste_cif_fob,0,-1,-0
domestico,P151,Compras directas en el exterior por residentes,ajuste_cif_fob,0,-1,-0
domestico,P152,Compras directas en el territorio nacional por no residentes,ajuste_cif_fob,0,-1,-0
importado,P001,Maíz,exportaciones_fob,16.9603359103098,1,16.9603359103098
importado,P002,Frijoles,exportaciones_fob,0,1,0
importado,P003,Leguminosas (legumbres secas) y semillas oleaginosas,exportaciones_fob,0,1,0
importado,P004,Arroz,exportaciones_fob,0,1,0
importado,P005,Otros cereales,exportaciones_fob,3.2813407429157,1,3.2813407429157
importado,P006,Hortalizas,exportaciones_fob,0,1,0
importado,P007,Sandías y melones,exportaciones_fob,0.179127722,1,0.179127722
importado,P008,Ejotes y arvejas,exportaciones_fob,0,1,0
importado,P009,Raíces y tubérculos,exportaciones_fob,0,1,0
importado,P010,Caña de azúcar y otras plantas azucareras,exportaciones_fob,0,1,0
importado,P011,Tabaco y otras plantas no perennes,exportaciones_fob,0,1,0
importado,P012,"Bananos, plátanos y otros",exportaciones_fob,1.8728408776632,1,1.8728408776632
importado,P013,Frutas tropicales y subtropicales,exportaciones_fob,0,1,0
importado,P014,"Berries, otras frutas y semillas de frutas",exportaciones_fob,0,1,0
importado,P015,Palma africana,exportaciones_fob,0,1,0
importado,P016,Café en grano,exportaciones_fob,0,1,0
importado,P017,Cardamomo,exportaciones_fob,0,1,0
importado,P018,Caucho natural,exportaciones_fob,0,1,0
importado,P019,Propagación de plantas,exportaciones_fob,0,1,0
importado,P020,"Otros frutos oleaginosos, otras plantas bebestibles y especias aromáticas",exportaciones_fob,0,1,0
importado,P021,Ganado bovino,exportaciones_fob,0,1,0
importado,P022,Ganado porcino y otro tipo de animales vivos n.c.p.,exportaciones_fob,0,1,0
importado,P023,Aves de corral,exportaciones_fob,0,1,0
importado,P024,Leche cruda,exportaciones_fob,0,1,0
importado,P025,Huevos,exportaciones_fob,0,1,0
importado,P026,Otros productos de animales vivos,exportaciones_fob,0,1,0
importado,P027,Troncos de madera y leña,exportaciones_fob,0,1,0
importado,P028,Productos forestales no madereros,exportaciones_fob,0,1,0
importado,P029,"Peces vivos, frescos o refrigerados",exportaciones_fob,0,1,0
importado,P030,Crustáceos sin congelar y otros productos de la pesca,exportaciones_fob,0,1,0
importado,P031,Petróleo crudo y gas natural,exportaciones_fob,0,1,0
importado,P032,Minerales metálicos,exportaciones_fob,0,1,0
importado,P033,Minerales no metálicos,exportaciones_fob,0.063141415,1,0.063141415
importado,P034,Carne y despojos comestibles de ganado bovino; cueros y pieles de bovino y de otros animales,exportaciones_fob,0,1,0
importado,P035,Carne y despojos comestibles de ganado porcino,exportaciones_fob,0,1,0
importado,P036,Carne y despojos comestibles de aves,exportaciones_fob,0,1,0
importado,P037,Carne y despojos de otros animales y conservas y preparados de carne,exportaciones_fob,0,1,0
importado,P038,"Pescado congelado, preparado o en conserva y sus productos",exportaciones_fob,0,1,0
importado,P039,"Crustáceos, moluscos y demás invertebrados acuáticos congelados, preparados o en conserva y sus productos",exportaciones_fob,0,1,0
importado,P040,"Vegetales preparados o en conserva, legumbres y papas",exportaciones_fob,0,1,0
importado,P041,Preparaciones y conservas de frutas y nueces,exportaciones_fob,0,1,0
importado,P042,Jugos de frutas,exportaciones_fob,0,1,0
importado,P043,Aceites de origen vegetal,exportaciones_fob,0,1,0
importado,P044,"Margarina, grasas y otros aceites de origen animal y vegetal",exportaciones_fob,0,1,0
importado,P045,Leche líquida y crema procesada,exportaciones_fob,0,1,0
importado,P046,Otros productos lácteos n.c.p.,exportaciones_fob,0.808288844877424,1,0.808288844877424
importado,P047,Harina de trigo,exportaciones_fob,0,1,0
importado,P048,Arroz sin cáscara,exportaciones_fob,0,1,0
importado,P049,"Otros productos de molinería, almidones y productos de almidón",exportaciones_fob,0,1,0
importado,P050,Pan y otros productos de panadería y repostería n.c.p.,exportaciones_fob,0,1,0
importado,P051,"Tortillas de maíz, incluso tostadas, horneadas o fritas",exportaciones_fob,0,1,0
importado,P052,"Azúcar de caña sin refinar y refinada, melaza y los demás azúcares n.c.p.",exportaciones_fob,0,1,0
importado,P053,Productos alimenticios n.c.p.,exportaciones_fob,0,1,0
importado,P054,Preparados para alimentación animal,exportaciones_fob,0,1,0
importado,P055,"Aguardientes, licores, vinos, demás bebidas espirituosas y productos del tabaco",exportaciones_fob,0,1,0
importado,P056,Malta y cerveza de malta,exportaciones_fob,0,1,0
importado,P057,Bebidas no alcohólicas,exportaciones_fob,0,1,0
importado,P058,Aguas minerales y otras aguas embotelladas,exportaciones_fob,0,1,0
importado,P059,"Hilados, tejidos, telas y otros productos textiles excepto prendas de vestir",exportaciones_fob,0,1,0
importado,P060,"Prendas de vestir, adobo y teñido de pieles",exportaciones_fob,0,1,0
importado,P061,Cuero de piel curtida o adobada y cuero artificial o regenerado y artículos de cuero,exportaciones_fob,0,1,0
importado,P062,"Calzado y sus partes, de cualquier material y de cualquier uso",exportaciones_fob,0,1,0
importado,P063,"Madera aserrada y acepillada, productos de madera, corcho, paja y materiales trenzables",exportaciones_fob,0,1,0
importado,P064,Pasta de papel y papel,exportaciones_fob,0,1,0
importado,P065,Envases de papel y cartón,exportaciones_fob,0,1,0
importado,P066,Productos de la edición,exportaciones_fob,0,1,0
importado,P067,Productos de la impresión,exportaciones_fob,0,1,0
importado,P068,"Gasolinas, diésel oil y fuel oils",exportaciones_fob,921.76585411806,1,921.76585411806
importado,P069,"Aceites, grasas lubricantes y otros aceites preparados",exportaciones_fob,4.41639082227831,1,4.41639082227831
importado,P070,"Gases de petróleo, otros productos de la refinación de petróleo n.c.p.",exportaciones_fob,1254.52007312461,1,1254.52007312461
importado,P071,"Abonos, fertilizantes y pesticidas",exportaciones_fob,0,1,0
importado,P072,"Pinturas, barnices, tintas y productos relacionados",exportaciones_fob,0,1,0
importado,P073,"Jabón, preparados de limpieza, perfumes y preparados de toilet",exportaciones_fob,0,1,0
importado,P074,Otros productos químicos,exportaciones_fob,205.039543234673,1,205.039543234673
importado,P075,Productos farmacéuticos,exportaciones_fob,0,1,0
importado,P076,Productos de caucho y plástico,exportaciones_fob,0,1,0
importado,P077,Vidrio y productos de vidrio,exportaciones_fob,0,1,0
importado,P078,Productos de cerámica y arcilla,exportaciones_fob,0,1,0
importado,P079,"Cemento, cal y yeso",exportaciones_fob,0,1,0
importado,P080,"Artículos de hormigón, cemento y yeso",exportaciones_fob,0,1,0
importado,P081,Piedras talladas para construcción y otros productos minerales no metálicos n.c.p.,exportaciones_fob,8.4439546455,1,8.4439546455
importado,P082,"Métales básicos de hierro y acero, productos primarios de metales preciosos y otros metales no ferrosos",exportaciones_fob,43.71922,1,43.71922
importado,P083,Productos metálicos estructurales y sus partes de hierro o de acero,exportaciones_fob,0,1,0
importado,P084,Otros productos elaborados de metal,exportaciones_fob,0,1,0
importado,P085,"Maquinaria para usos generales y especiales, sus partes y piezas, excepto electrodomésticos",exportaciones_fob,447.262552137963,1,447.262552137963
importado,P086,Electrodomésticos y sus partes,exportaciones_fob,25.7316463870096,1,25.7316463870096
importado,P087,"Maquinaria de oficina, contabilidad e informática, sus partes y piezas",exportaciones_fob,28.8035822138619,1,28.8035822138619
importado,P088,"Maquinaria y aparatos eléctricos, sus partes y piezas",exportaciones_fob,60.3407354925744,1,60.3407354925744
importado,P089,"Equipo y aparatos de radio, televisión y comunicaciones",exportaciones_fob,114.580748828586,1,114.580748828586
importado,P090,"Aparatos médicos, instrumentos ópticos y de precisión, relojes",exportaciones_fob,54.2429717831771,1,54.2429717831771
importado,P091,Equipo de transporte,exportaciones_fob,40.24520136407,1,40.24520136407
importado,P092,Muebles,exportaciones_fob,0,1,0
importado,P093,Otros artículos n.c.p.,exportaciones_fob,119.868795503584,1,119.868795503584
importado,P094,Residuos y desechos,exportaciones_fob,0,1,0
importado,P095,"Generación y distribución de energía eléctrica, gas, vapor y aire acondicionado",exportaciones_fob,0,1,0
importado,P096,Agua natural y distribución de agua natural,exportaciones_fob,0,1,0
importado,P097,"Evacuación de aguas residuales, recogida, tratamiento y eliminación de desechos",exportaciones_fob,0,1,0
importado,P098,Edificaciones residenciales,exportaciones_fob,0,1,0
importado,P099,Edificaciones no residenciales,exportaciones_fob,0,1,0
importado,P100,Obras de ingeniería civil,exportaciones_fob,0,1,0
importado,P101,Servicios generales y especializados de construcción,exportaciones_fob,0,1,0
importado,P102,Servicios de comercio,exportaciones_fob,0,1,0
importado,P103,Mantenimiento y reparación de vehículos automotores y motocicletas,exportaciones_fob,0,1,0
importado,P104,Servicio de transporte de pasajeros por vía terrestre,exportaciones_fob,0,1,0
importado,P105,Servicio de transporte de carga por vía terrestre,exportaciones_fob,0,1,0
importado,P106,Otros tipos de transporte,exportaciones_fob,0,1,0
importado,P107,Servicios de almacenamiento y depósito,exportaciones_fob,0,1,0
importado,P108,Otros servicios de apoyo al transporte,exportaciones_fob,0,1,0
importado,P109,Servicios postales y de mensajería,exportaciones_fob,0,1,0
importado,P110,Servicio de alojamiento,exportaciones_fob,0,1,0
importado,P111,Servicio de suministro de comidas y bebidas,exportaciones_fob,0,1,0
importado,P112,"Servicios de información, telecomunicaciones y radiodifusión",exportaciones_fob,0,1,0
importado,P113,Servicios de banco central,exportaciones_fob,0,1,0
importado,P114,Otros servicios financieros y servicios de banca de inversión,exportaciones_fob,0,1,0
importado,P115,Servicios de Intermediación Financiera Medidos Indirectamente (SIFMI),exportaciones_fob,0,1,0
importado,P116,"Servicios de seguro, reaseguro y fondos de pensiones",exportaciones_fob,0,1,0
importado,P117,Servicios auxiliares de la intermediación financiera,exportaciones_fob,0,1,0
importado,P118,Servicios de alquiler de vivienda,exportaciones_fob,0,1,0
importado,P119,"Otros servicios inmobiliarios, excepto alquiler de vivienda",exportaciones_fob,0,1,0
importado,P120,"Servicios jurídicos, de contabilidad, auditoría, teneduría de libros y consultoría fiscal",exportaciones_fob,0,1,0
importado,P121,Servicios de tecnología de la información,exportaciones_fob,0,1,0
importado,P122,"Servicios de arquitectura e ingeniería, ensayos y análisis técnicos",exportaciones_fob,0,1,0
importado,P123,"Otros servicios profesionales, científicos y técnicos",exportaciones_fob,0,1,0
importado,P124,Servicios de publicidad y estudios de mercado,exportaciones_fob,0,1,0
importado,P125,Servicios de arrendamiento o alquiler sin operador,exportaciones_fob,0,1,0
importado,P126,Servicios  de agencias de empleo y de dotación de recursos humanos,exportaciones_fob,0,1,0
importado,P127,"Servicios de agencias de viajes, operadores turísticos y actividades conexas",exportaciones_fob,0,1,0
importado,P128,"Servicios de seguridad, sistemas de seguridad e investigación privada",exportaciones_fob,0,1,0
importado,P129,Servicios de limpieza,exportaciones_fob,0,1,0
importado,P130,Servicios telefónicos de centros de llamadas,exportaciones_fob,0,1,0
importado,P131,"Servicios administrativos, de apoyo de oficina y otros servicios de apoyo a las empresas",exportaciones_fob,0,1,0
importado,P132,"Servicios de mantenimiento, reparación e instalación de productos metálicos elaborados, maquinaria y equipo",exportaciones_fob,0,1,0
importado,P133,Servicios de reparación de otros bienes,exportaciones_fob,0,1,0
importado,P134,"Servicios de apoyo a la agricultura, caza, silvicultura y pesca",exportaciones_fob,0,1,0
importado,P135,"Servicios de apoyo a la explotación de minas y canteras y los relacionados con la distribución de electricidad, gas y agua",exportaciones_fob,0,1,0
importado,P136,Servicios de manufactura,exportaciones_fob,0,1,0
importado,P137,Servicios públicos del gobierno general,exportaciones_fob,0,1,0
importado,P138,"Servicios públicos administrativos relacionados con la provisión de servicios educativos, de salud, servicios sociales, culturales y otros, sin contar los servicios de seguridad social",exportaciones_fob,0,1,0
importado,P139,Otros servicios administrativos,exportaciones_fob,0,1,0
importado,P140,Servicios públicos administrativos prestados a la comunidad en su conjunto,exportaciones_fob,0,1,0
importado,P141,Servicios administrativos relacionados con los sistemas de seguridad social de afiliación obligatoria,exportaciones_fob,0,1,0
importado,P142,Servicios de enseñanza,exportaciones_fob,0,1,0
importado,P143,Servicios de hospitalización,exportaciones_fob,0,1,0
importado,P144,Servicios médicos y dentales,exportaciones_fob,0,1,0
importado,P145,Otros servicios de atención de la salud humana,exportaciones_fob,0,1,0
importado,P146,"Servicios audiovisuales, recreativos, culturales y deportivos",exportaciones_fob,0,1,0
importado,P147,Servicios de asociaciones que sirven a las empresas,exportaciones_fob,0,1,0
importado,P148,Servicios de asociaciones que sirven a los hogares,exportaciones_fob,0,1,0
importado,P149,Otros servicios,exportaciones_fob,0,1,0
importado,P150,Servicios domésticos,exportaciones_fob,0,1,0
importado,P151,Compras directas en el exterior por residentes,exportaciones_fob,0,1,0
importado,P152,Compras directas en el territorio nacional por no residentes,exportaciones_fob,0,1,0
importado,P001,Maíz,consumo_hogares,309.619005224696,1,309.619005224696
importado,P002,Frijoles,consumo_hogares,29.7878265217945,1,29.7878265217945
importado,P003,Leguminosas (legumbres secas) y semillas oleaginosas,consumo_hogares,14.6358989727671,1,14.6358989727671
importado,P004,Arroz,consumo_hogares,0,1,0
importado,P005,Otros cereales,consumo_hogares,5.33895288641943,1,5.33895288641943
importado,P006,Hortalizas,consumo_hogares,75.88972488237,1,75.88972488237
importado,P007,Sandías y melones,consumo_hogares,1.02290721248747,1,1.02290721248747
importado,P008,Ejotes y arvejas,consumo_hogares,2.17362945133074,1,2.17362945133074
importado,P009,Raíces y tubérculos,consumo_hogares,3.72592299863724,1,3.72592299863724
importado,P010,Caña de azúcar y otras plantas azucareras,consumo_hogares,1.13620885674299e-07,1,1.13620885674299e-07
importado,P011,Tabaco y otras plantas no perennes,consumo_hogares,9.03902474860454,1,9.03902474860454
importado,P012,"Bananos, plátanos y otros",consumo_hogares,9.32980215021015,1,9.32980215021015
importado,P013,Frutas tropicales y subtropicales,consumo_hogares,13.3275193143403,1,13.3275193143403
importado,P014,"Berries, otras frutas y semillas de frutas",consumo_hogares,363.332983126795,1,363.332983126795
importado,P015,Palma africana,consumo_hogares,0,1,0
importado,P016,Café en grano,consumo_hogares,0,1,0
importado,P017,Cardamomo,consumo_hogares,0,1,0
importado,P018,Caucho natural,consumo_hogares,0,1,0
importado,P019,Propagación de plantas,consumo_hogares,10.1824415832454,1,10.1824415832454
importado,P020,"Otros frutos oleaginosos, otras plantas bebestibles y especias aromáticas",consumo_hogares,30.9454746626395,1,30.9454746626395
importado,P021,Ganado bovino,consumo_hogares,0,1,0
importado,P022,Ganado porcino y otro tipo de animales vivos n.c.p.,consumo_hogares,0,1,0
importado,P023,Aves de corral,consumo_hogares,0,1,0
importado,P024,Leche cruda,consumo_hogares,0,1,0
importado,P025,Huevos,consumo_hogares,560.768378788243,1,560.768378788243
importado,P026,Otros productos de animales vivos,consumo_hogares,0.00191743,1,0.00191743
importado,P027,Troncos de madera y leña,consumo_hogares,0,1,0
importado,P028,Productos forestales no madereros,consumo_hogares,16.836217303885,1,16.836217303885
importado,P029,"Peces vivos, frescos o refrigerados",consumo_hogares,5.1893349742044,1,5.1893349742044
importado,P030,Crustáceos sin congelar y otros productos de la pesca,consumo_hogares,2.24085973725069,1,2.24085973725069
importado,P031,Petróleo crudo y gas natural,consumo_hogares,0,1,0
importado,P032,Minerales metálicos,consumo_hogares,0,1,0
importado,P033,Minerales no metálicos,consumo_hogares,4.64250451760005,1,4.64250451760005
importado,P034,Carne y despojos comestibles de ganado bovino; cueros y pieles de bovino y de otros animales,consumo_hogares,122.566845482742,1,122.566845482742
importado,P035,Carne y despojos comestibles de ganado porcino,consumo_hogares,18.9600549746644,1,18.9600549746644
importado,P036,Carne y despojos comestibles de aves,consumo_hogares,321.699286016936,1,321.699286016936
importado,P037,Carne y despojos de otros animales y conservas y preparados de carne,consumo_hogares,227.194871191051,1,227.194871191051
importado,P038,"Pescado congelado, preparado o en conserva y sus productos",consumo_hogares,81.4751628525065,1,81.4751628525065
importado,P039,"Crustáceos, moluscos y demás invertebrados acuáticos congelados, preparados o en conserva y sus productos",consumo_hogares,10.3257718370644,1,10.3257718370644
importado,P040,"Vegetales preparados o en conserva, legumbres y papas",consumo_hogares,99.9835765939993,1,99.9835765939993
importado,P041,Preparaciones y conservas de frutas y nueces,consumo_hogares,259.068513872172,1,259.068513872172
importado,P042,Jugos de frutas,consumo_hogares,29.7335245297111,1,29.7335245297111
importado,P043,Aceites de origen vegetal,consumo_hogares,462.333066085726,1,462.333066085726
importado,P044,"Margarina, grasas y otros aceites de origen animal y vegetal",consumo_hogares,230.045325601844,1,230.045325601844
importado,P045,Leche líquida y crema procesada,consumo_hogares,186.797670721952,1,186.797670721952
importado,P046,Otros productos lácteos n.c.p.,consumo_hogares,653.722495745563,1,653.722495745563
importado,P047,Harina de trigo,consumo_hogares,9.07587055568422,1,9.07587055568422
importado,P048,Arroz sin cáscara,consumo_hogares,23.0073689854856,1,23.0073689854856
importado,P049,"Otros productos de molinería, almidones y productos de almidón",consumo_hogares,499.650404683484,1,499.650404683484
importado,P050,Pan y otros productos de panadería y repostería n.c.p.,consumo_hogares,290.127172547831,1,290.127172547831
importado,P051,"Tortillas de maíz, incluso tostadas, horneadas o fritas",consumo_hogares,0,1,0
importado,P052,"Azúcar de caña sin refinar y refinada, melaza y los demás azúcares n.c.p.",consumo_hogares,0,1,0
importado,P053,Productos alimenticios n.c.p.,consumo_hogares,2104.53942072134,1,2104.53942072134
importado,P054,Preparados para alimentación animal,consumo_hogares,181.40109139187,1,181.40109139187
importado,P055,"Aguardientes, licores, vinos, demás bebidas espirituosas y productos del tabaco",consumo_hogares,345.030719726518,1,345.030719726518
importado,P056,Malta y cerveza de malta,consumo_hogares,86.8912813649002,1,86.8912813649002
importado,P057,Bebidas no alcohólicas,consumo_hogares,510.742388571586,1,510.742388571586
importado,P058,Aguas minerales y otras aguas embotelladas,consumo_hogares,5.54932375432106,1,5.54932375432106
importado,P059,"Hilados, tejidos, telas y otros productos textiles excepto prendas de vestir",consumo_hogares,352.324863327821,1,352.324863327821
importado,P060,"Prendas de vestir, adobo y teñido de pieles",consumo_hogares,1796.44091650829,1,1796.44091650829
importado,P061,Cuero de piel curtida o adobada y cuero artificial o regenerado y artículos de cuero,consumo_hogares,211.539184031014,1,211.539184031014
importado,P062,"Calzado y sus partes, de cualquier material y de cualquier uso",consumo_hogares,1134.50067505732,1,1134.50067505732
importado,P063,"Madera aserrada y acepillada, productos de madera, corcho, paja y materiales trenzables",consumo_hogares,7.88564955040037,1,7.88564955040037
importado,P064,Pasta de papel y papel,consumo_hogares,1619.0118735249,1,1619.0118735249
importado,P065,Envases de papel y cartón,consumo_hogares,0.965560099111361,1,0.965560099111361
importado,P066,Productos de la edición,consumo_hogares,283.263094029696,1,283.263094029696
importado,P067,Productos de la impresión,consumo_hogares,14.9936599922449,1,14.9936599922449
importado,P068,"Gasolinas, diésel oil y fuel oils",consumo_hogares,7004.80605076969,1,7004.80605076969
importado,P069,"Aceites, grasas lubricantes y otros aceites preparados",consumo_hogares,47.3890824852331,1,47.3890824852331
importado,P070,"Gases de petróleo, otros productos de la refinación de petróleo n.c.p.",consumo_hogares,1167.04799007674,1,1167.04799007674
importado,P071,"Abonos, fertilizantes y pesticidas",consumo_hogares,5.5940367295078,1,5.5940367295078
importado,P072,"Pinturas, barnices, tintas y productos relacionados",consumo_hogares,45.8694962792841,1,45.8694962792841
importado,P073,"Jabón, preparados de limpieza, perfumes y preparados de toilet",consumo_hogares,2096.12203074159,1,2096.12203074159
importado,P074,Otros productos químicos,consumo_hogares,394.830548233483,1,394.830548233483
importado,P075,Productos farmacéuticos,consumo_hogares,2013.8136742489,1,2013.8136742489
importado,P076,Productos de caucho y plástico,consumo_hogares,1208.93243359117,1,1208.93243359117
importado,P077,Vidrio y productos de vidrio,consumo_hogares,56.977035817301,1,56.977035817301
importado,P078,Productos de cerámica y arcilla,consumo_hogares,75.7777164883488,1,75.7777164883488
importado,P079,"Cemento, cal y yeso",consumo_hogares,4.19941114080763,1,4.19941114080763
importado,P080,"Artículos de hormigón, cemento y yeso",consumo_hogares,0.00262967656352612,1,0.00262967656352612
importado,P081,Piedras talladas para construcción y otros productos minerales no metálicos n.c.p.,consumo_hogares,13.7752186417395,1,13.7752186417395
importado,P082,"Métales básicos de hierro y acero, productos primarios de metales preciosos y otros metales no ferrosos",consumo_hogares,0.0348164775019113,1,0.0348164775019113
importado,P083,Productos metálicos estructurales y sus partes de hierro o de acero,consumo_hogares,101.925394348427,1,101.925394348427
importado,P084,Otros productos elaborados de metal,consumo_hogares,478.677036201148,1,478.677036201148
importado,P085,"Maquinaria para usos generales y especiales, sus partes y piezas, excepto electrodomésticos",consumo_hogares,64.4090835089312,1,64.4090835089312
importado,P086,Electrodomésticos y sus partes,consumo_hogares,738.665821245398,1,738.665821245398
importado,P087,"Maquinaria de oficina, contabilidad e informática, sus partes y piezas",consumo_hogares,385.674466727112,1,385.674466727112
importado,P088,"Maquinaria y aparatos eléctricos, sus partes y piezas",consumo_hogares,217.539163065463,1,217.539163065463
importado,P089,"Equipo y aparatos de radio, televisión y comunicaciones",consumo_hogares,4258.20014859108,1,4258.20014859108
importado,P090,"Aparatos médicos, instrumentos ópticos y de precisión, relojes",consumo_hogares,154.538611114237,1,154.538611114237
importado,P091,Equipo de transporte,consumo_hogares,2728.01032020631,1,2728.01032020631
importado,P092,Muebles,consumo_hogares,352.399346316234,1,352.399346316234
importado,P093,Otros artículos n.c.p.,consumo_hogares,628.722854225478,1,628.722854225478
importado,P094,Residuos y desechos,consumo_hogares,0,1,0
importado,P095,"Generación y distribución de energía eléctrica, gas, vapor y aire acondicionado",consumo_hogares,136.555813,1,136.555813
importado,P096,Agua natural y distribución de agua natural,consumo_hogares,0,1,0
importado,P097,"Evacuación de aguas residuales, recogida, tratamiento y eliminación de desechos",consumo_hogares,0,1,0
importado,P098,Edificaciones residenciales,consumo_hogares,0,1,0
importado,P099,Edificaciones no residenciales,consumo_hogares,0,1,0
importado,P100,Obras de ingeniería civil,consumo_hogares,0,1,0
importado,P101,Servicios generales y especializados de construcción,consumo_hogares,0,1,0
importado,P102,Servicios de comercio,consumo_hogares,0,1,0
importado,P103,Mantenimiento y reparación de vehículos automotores y motocicletas,consumo_hogares,0,1,0
importado,P104,Servicio de transporte de pasajeros por vía terrestre,consumo_hogares,43.4009146595445,1,43.4009146595445
importado,P105,Servicio de transporte de carga por vía terrestre,consumo_hogares,0,1,0
importado,P106,Otros tipos de transporte,consumo_hogares,1191.38700657126,1,1191.38700657126
importado,P107,Servicios de almacenamiento y depósito,consumo_hogares,0,1,0
importado,P108,Otros servicios de apoyo al transporte,consumo_hogares,0,1,0
importado,P109,Servicios postales y de mensajería,consumo_hogares,0,1,0
importado,P110,Servicio de alojamiento,consumo_hogares,0,1,0
importado,P111,Servicio de suministro de comidas y bebidas,consumo_hogares,0,1,0
importado,P112,"Servicios de información, telecomunicaciones y radiodifusión",consumo_hogares,0,1,0
importado,P113,Servicios de banco central,consumo_hogares,0,1,0
importado,P114,Otros servicios financieros y servicios de banca de inversión,consumo_hogares,0.0596754610191113,1,0.0596754610191113
importado,P115,Servicios de Intermediación Financiera Medidos Indirectamente (SIFMI),consumo_hogares,44.2903514471672,1,44.2903514471672
importado,P116,"Servicios de seguro, reaseguro y fondos de pensiones",consumo_hogares,0.223259412876246,1,0.223259412876246
importado,P117,Servicios auxiliares de la intermediación financiera,consumo_hogares,0,1,0
importado,P118,Servicios de alquiler de vivienda,consumo_hogares,0,1,0
importado,P119,"Otros servicios inmobiliarios, excepto alquiler de vivienda",consumo_hogares,0,1,0
importado,P120,"Servicios jurídicos, de contabilidad, auditoría, teneduría de libros y consultoría fiscal",consumo_hogares,0.000480647073377583,1,0.000480647073377583
importado,P121,Servicios de tecnología de la información,consumo_hogares,0,1,0
importado,P122,"Servicios de arquitectura e ingeniería, ensayos y análisis técnicos",consumo_hogares,0,1,0
importado,P123,"Otros servicios profesionales, científicos y técnicos",consumo_hogares,0,1,0
importado,P124,Servicios de publicidad y estudios de mercado,consumo_hogares,0,1,0
importado,P125,Servicios de arrendamiento o alquiler sin operador,consumo_hogares,0,1,0
importado,P126,Servicios  de agencias de empleo y de dotación de recursos humanos,consumo_hogares,0,1,0
importado,P127,"Servicios de agencias de viajes, operadores turísticos y actividades conexas",consumo_hogares,0,1,0
importado,P128,"Servicios de seguridad, sistemas de seguridad e investigación privada",consumo_hogares,0,1,0
importado,P129,Servicios de limpieza,consumo_hogares,0,1,0
importado,P130,Servicios telefónicos de centros de llamadas,consumo_hogares,0,1,0
importado,P131,"Servicios administrativos, de apoyo de oficina y otros servicios de apoyo a las empresas",consumo_hogares,0,1,0
importado,P132,"Servicios de mantenimiento, reparación e instalación de productos metálicos elaborados, maquinaria y equipo",consumo_hogares,7.13799300688292e-05,1,7.13799300688292e-05
importado,P133,Servicios de reparación de otros bienes,consumo_hogares,0,1,0
importado,P134,"Servicios de apoyo a la agricultura, caza, silvicultura y pesca",consumo_hogares,0,1,0
importado,P135,"Servicios de apoyo a la explotación de minas y canteras y los relacionados con la distribución de electricidad, gas y agua",consumo_hogares,0,1,0
importado,P136,Servicios de manufactura,consumo_hogares,0,1,0
importado,P137,Servicios públicos del gobierno general,consumo_hogares,0,1,0
importado,P138,"Servicios públicos administrativos relacionados con la provisión de servicios educativos, de salud, servicios sociales, culturales y otros, sin contar los servicios de seguridad social",consumo_hogares,0,1,0
importado,P139,Otros servicios administrativos,consumo_hogares,0,1,0
importado,P140,Servicios públicos administrativos prestados a la comunidad en su conjunto,consumo_hogares,252.573702488836,1,252.573702488836
importado,P141,Servicios administrativos relacionados con los sistemas de seguridad social de afiliación obligatoria,consumo_hogares,0,1,0
importado,P142,Servicios de enseñanza,consumo_hogares,0,1,0
importado,P143,Servicios de hospitalización,consumo_hogares,0,1,0
importado,P144,Servicios médicos y dentales,consumo_hogares,0,1,0
importado,P145,Otros servicios de atención de la salud humana,consumo_hogares,0,1,0
importado,P146,"Servicios audiovisuales, recreativos, culturales y deportivos",consumo_hogares,0,1,0
importado,P147,Servicios de asociaciones que sirven a las empresas,consumo_hogares,0,1,0
importado,P148,Servicios de asociaciones que sirven a los hogares,consumo_hogares,0,1,0
importado,P149,Otros servicios,consumo_hogares,0,1,0
importado,P150,Servicios domésticos,consumo_hogares,0,1,0
importado,P151,Compras directas en el exterior por residentes,consumo_hogares,79.46640774,1,79.46640774
importado,P152,Compras directas en el territorio nacional por no residentes,consumo_hogares,6042.4467160802,1,6042.4467160802
importado,P001,Maíz,consumo_isflsh,0,1,0
importado,P002,Frijoles,consumo_isflsh,24.7634956648451,1,24.7634956648451
importado,P003,Leguminosas (legumbres secas) y semillas oleaginosas,consumo_isflsh,0,1,0
importado,P004,Arroz,consumo_isflsh,0,1,0
importado,P005,Otros cereales,consumo_isflsh,0,1,0
importado,P006,Hortalizas,consumo_isflsh,0,1,0
importado,P007,Sandías y melones,consumo_isflsh,0,1,0
importado,P008,Ejotes y arvejas,consumo_isflsh,0,1,0
importado,P009,Raíces y tubérculos,consumo_isflsh,0,1,0
importado,P010,Caña de azúcar y otras plantas azucareras,consumo_isflsh,0,1,0
importado,P011,Tabaco y otras plantas no perennes,consumo_isflsh,0,1,0
importado,P012,"Bananos, plátanos y otros",consumo_isflsh,0,1,0
importado,P013,Frutas tropicales y subtropicales,consumo_isflsh,0.0246873778537832,1,0.0246873778537832
importado,P014,"Berries, otras frutas y semillas de frutas",consumo_isflsh,0,1,0
importado,P015,Palma africana,consumo_isflsh,0,1,0
importado,P016,Café en grano,consumo_isflsh,0,1,0
importado,P017,Cardamomo,consumo_isflsh,0,1,0
importado,P018,Caucho natural,consumo_isflsh,0,1,0
importado,P019,Propagación de plantas,consumo_isflsh,0,1,0
importado,P020,"Otros frutos oleaginosos, otras plantas bebestibles y especias aromáticas",consumo_isflsh,0,1,0
importado,P021,Ganado bovino,consumo_isflsh,0,1,0
importado,P022,Ganado porcino y otro tipo de animales vivos n.c.p.,consumo_isflsh,0,1,0
importado,P023,Aves de corral,consumo_isflsh,0,1,0
importado,P024,Leche cruda,consumo_isflsh,0,1,0
importado,P025,Huevos,consumo_isflsh,0,1,0
importado,P026,Otros productos de animales vivos,consumo_isflsh,0,1,0
importado,P027,Troncos de madera y leña,consumo_isflsh,0,1,0
importado,P028,Productos forestales no madereros,consumo_isflsh,0,1,0
importado,P029,"Peces vivos, frescos o refrigerados",consumo_isflsh,0,1,0
importado,P030,Crustáceos sin congelar y otros productos de la pesca,consumo_isflsh,0,1,0
importado,P031,Petróleo crudo y gas natural,consumo_isflsh,0,1,0
importado,P032,Minerales metálicos,consumo_isflsh,0,1,0
importado,P033,Minerales no metálicos,consumo_isflsh,0,1,0
importado,P034,Carne y despojos comestibles de ganado bovino; cueros y pieles de bovino y de otros animales,consumo_isflsh,0.000967285377482282,1,0.000967285377482282
importado,P035,Carne y despojos comestibles de ganado porcino,consumo_isflsh,0,1,0
importado,P036,Carne y despojos comestibles de aves,consumo_isflsh,0.0195509461503101,1,0.0195509461503101
importado,P037,Carne y despojos de otros animales y conservas y preparados de carne,consumo_isflsh,0,1,0
importado,P038,"Pescado congelado, preparado o en conserva y sus productos",consumo_isflsh,0,1,0
importado,P039,"Crustáceos, moluscos y demás invertebrados acuáticos congelados, preparados o en conserva y sus productos",consumo_isflsh,0,1,0
importado,P040,"Vegetales preparados o en conserva, legumbres y papas",consumo_isflsh,0.00699385943105229,1,0.00699385943105229
importado,P041,Preparaciones y conservas de frutas y nueces,consumo_isflsh,0,1,0
importado,P042,Jugos de frutas,consumo_isflsh,0,1,0
importado,P043,Aceites de origen vegetal,consumo_isflsh,4.05522092251179,1,4.05522092251179
importado,P044,"Margarina, grasas y otros aceites de origen animal y vegetal",consumo_isflsh,0,1,0
importado,P045,Leche líquida y crema procesada,consumo_isflsh,0.0351335300102965,1,0.0351335300102965
importado,P046,Otros productos lácteos n.c.p.,consumo_isflsh,0.00931196362001971,1,0.00931196362001971
importado,P047,Harina de trigo,consumo_isflsh,0.0110764816265099,1,0.0110764816265099
importado,P048,Arroz sin cáscara,consumo_isflsh,21.1258753904547,1,21.1258753904547
importado,P049,"Otros productos de molinería, almidones y productos de almidón",consumo_isflsh,6.70753419891234,1,6.70753419891234
importado,P050,Pan y otros productos de panadería y repostería n.c.p.,consumo_isflsh,0.0120842753026396,1,0.0120842753026396
importado,P051,"Tortillas de maíz, incluso tostadas, horneadas o fritas",consumo_isflsh,0,1,0
importado,P052,"Azúcar de caña sin refinar y refinada, melaza y los demás azúcares n.c.p.",consumo_isflsh,9.64135252212207e-19,1,9.64135252212207e-19
importado,P053,Productos alimenticios n.c.p.,consumo_isflsh,8.71328204180938,1,8.71328204180938
importado,P054,Preparados para alimentación animal,consumo_isflsh,0.00354286215544887,1,0.00354286215544887
importado,P055,"Aguardientes, licores, vinos, demás bebidas espirituosas y productos del tabaco",consumo_isflsh,0,1,0
importado,P056,Malta y cerveza de malta,consumo_isflsh,0,1,0
importado,P057,Bebidas no alcohólicas,consumo_isflsh,0.867219814721516,1,0.867219814721516
importado,P058,Aguas minerales y otras aguas embotelladas,consumo_isflsh,0.00218600062709247,1,0.00218600062709247
importado,P059,"Hilados, tejidos, telas y otros productos textiles excepto prendas de vestir",consumo_isflsh,0.00356292106260382,1,0.00356292106260382
importado,P060,"Prendas de vestir, adobo y teñido de pieles",consumo_isflsh,2.21163982351532,1,2.21163982351532
importado,P061,Cuero de piel curtida o adobada y cuero artificial o regenerado y artículos de cuero,consumo_isflsh,0,1,0
importado,P062,"Calzado y sus partes, de cualquier material y de cualquier uso",consumo_isflsh,0,1,0
importado,P063,"Madera aserrada y acepillada, productos de madera, corcho, paja y materiales trenzables",consumo_isflsh,0,1,0
importado,P064,Pasta de papel y papel,consumo_isflsh,6.25820844792883,1,6.25820844792883
importado,P065,Envases de papel y cartón,consumo_isflsh,0,1,0
importado,P066,Productos de la edición,consumo_isflsh,1.08920248304402,1,1.08920248304402
importado,P067,Productos de la impresión,consumo_isflsh,0,1,0
importado,P068,"Gasolinas, diésel oil y fuel oils",consumo_isflsh,0,1,0
importado,P069,"Aceites, grasas lubricantes y otros aceites preparados",consumo_isflsh,0,1,0
importado,P070,"Gases de petróleo, otros productos de la refinación de petróleo n.c.p.",consumo_isflsh,0,1,0
importado,P071,"Abonos, fertilizantes y pesticidas",consumo_isflsh,0,1,0
importado,P072,"Pinturas, barnices, tintas y productos relacionados",consumo_isflsh,3.22247522933776,1,3.22247522933776
importado,P073,"Jabón, preparados de limpieza, perfumes y preparados de toilet",consumo_isflsh,0,1,0
importado,P074,Otros productos químicos,consumo_isflsh,0,1,0
importado,P075,Productos farmacéuticos,consumo_isflsh,131.432273433539,1,131.432273433539
importado,P076,Productos de caucho y plástico,consumo_isflsh,3.7452745492198,1,3.7452745492198
importado,P077,Vidrio y productos de vidrio,consumo_isflsh,0,1,0
importado,P078,Productos de cerámica y arcilla,consumo_isflsh,0,1,0
importado,P079,"Cemento, cal y yeso",consumo_isflsh,0,1,0
importado,P080,"Artículos de hormigón, cemento y yeso",consumo_isflsh,0,1,0
importado,P081,Piedras talladas para construcción y otros productos minerales no metálicos n.c.p.,consumo_isflsh,0,1,0
importado,P082,"Métales básicos de hierro y acero, productos primarios de metales preciosos y otros metales no ferrosos",consumo_isflsh,0,1,0
importado,P083,Productos metálicos estructurales y sus partes de hierro o de acero,consumo_isflsh,0,1,0
importado,P084,Otros productos elaborados de metal,consumo_isflsh,0,1,0
importado,P085,"Maquinaria para usos generales y especiales, sus partes y piezas, excepto electrodomésticos",consumo_isflsh,0,1,0
importado,P086,Electrodomésticos y sus partes,consumo_isflsh,0,1,0
importado,P087,"Maquinaria de oficina, contabilidad e informática, sus partes y piezas",consumo_isflsh,0,1,0
importado,P088,"Maquinaria y aparatos eléctricos, sus partes y piezas",consumo_isflsh,0,1,0
importado,P089,"Equipo y aparatos de radio, televisión y comunicaciones",consumo_isflsh,0,1,0
importado,P090,"Aparatos médicos, instrumentos ópticos y de precisión, relojes",consumo_isflsh,11.356683118266,1,11.356683118266
importado,P091,Equipo de transporte,consumo_isflsh,0.149206238329023,1,0.149206238329023
importado,P092,Muebles,consumo_isflsh,0,1,0
importado,P093,Otros artículos n.c.p.,consumo_isflsh,6.96245970660681,1,6.96245970660681
importado,P094,Residuos y desechos,consumo_isflsh,0,1,0
importado,P095,"Generación y distribución de energía eléctrica, gas, vapor y aire acondicionado",consumo_isflsh,0,1,0
importado,P096,Agua natural y distribución de agua natural,consumo_isflsh,0,1,0
importado,P097,"Evacuación de aguas residuales, recogida, tratamiento y eliminación de desechos",consumo_isflsh,0,1,0
importado,P098,Edificaciones residenciales,consumo_isflsh,0,1,0
importado,P099,Edificaciones no residenciales,consumo_isflsh,0,1,0
importado,P100,Obras de ingeniería civil,consumo_isflsh,0,1,0
importado,P101,Servicios generales y especializados de construcción,consumo_isflsh,0,1,0
importado,P102,Servicios de comercio,consumo_isflsh,0,1,0
importado,P103,Mantenimiento y reparación de vehículos automotores y motocicletas,consumo_isflsh,0,1,0
importado,P104,Servicio de transporte de pasajeros por vía terrestre,consumo_isflsh,0,1,0
importado,P105,Servicio de transporte de carga por vía terrestre,consumo_isflsh,0,1,0
importado,P106,Otros tipos de transporte,consumo_isflsh,0,1,0
importado,P107,Servicios de almacenamiento y depósito,consumo_isflsh,0,1,0
importado,P108,Otros servicios de apoyo al transporte,consumo_isflsh,0,1,0
importado,P109,Servicios postales y de mensajería,consumo_isflsh,0,1,0
importado,P110,Servicio de alojamiento,consumo_isflsh,0,1,0
importado,P111,Servicio de suministro de comidas y bebidas,consumo_isflsh,0,1,0
importado,P112,"Servicios de información, telecomunicaciones y radiodifusión",consumo_isflsh,0,1,0
importado,P113,Servicios de banco central,consumo_isflsh,0,1,0
importado,P114,Otros servicios financieros y servicios de banca de inversión,consumo_isflsh,0,1,0
importado,P115,Servicios de Intermediación Financiera Medidos Indirectamente (SIFMI),consumo_isflsh,0,1,0
importado,P116,"Servicios de seguro, reaseguro y fondos de pensiones",consumo_isflsh,0,1,0
importado,P117,Servicios auxiliares de la intermediación financiera,consumo_isflsh,0,1,0
importado,P118,Servicios de alquiler de vivienda,consumo_isflsh,0,1,0
importado,P119,"Otros servicios inmobiliarios, excepto alquiler de vivienda",consumo_isflsh,0,1,0
importado,P120,"Servicios jurídicos, de contabilidad, auditoría, teneduría de libros y consultoría fiscal",consumo_isflsh,0,1,0
importado,P121,Servicios de tecnología de la información,consumo_isflsh,0,1,0
importado,P122,"Servicios de arquitectura e ingeniería, ensayos y análisis técnicos",consumo_isflsh,0,1,0
importado,P123,"Otros servicios profesionales, científicos y técnicos",consumo_isflsh,0,1,0
importado,P124,Servicios de publicidad y estudios de mercado,consumo_isflsh,0,1,0
importado,P125,Servicios de arrendamiento o alquiler sin operador,consumo_isflsh,0,1,0
importado,P126,Servicios  de agencias de empleo y de dotación de recursos humanos,consumo_isflsh,0,1,0
importado,P127,"Servicios de agencias de viajes, operadores turísticos y actividades conexas",consumo_isflsh,0,1,0
importado,P128,"Servicios de seguridad, sistemas de seguridad e investigación privada",consumo_isflsh,0,1,0
importado,P129,Servicios de limpieza,consumo_isflsh,0,1,0
importado,P130,Servicios telefónicos de centros de llamadas,consumo_isflsh,0,1,0
importado,P131,"Servicios administrativos, de apoyo de oficina y otros servicios de apoyo a las empresas",consumo_isflsh,0,1,0
importado,P132,"Servicios de mantenimiento, reparación e instalación de productos metálicos elaborados, maquinaria y equipo",consumo_isflsh,0,1,0
importado,P133,Servicios de reparación de otros bienes,consumo_isflsh,0,1,0
importado,P134,"Servicios de apoyo a la agricultura, caza, silvicultura y pesca",consumo_isflsh,0,1,0
importado,P135,"Servicios de apoyo a la explotación de minas y canteras y los relacionados con la distribución de electricidad, gas y agua",consumo_isflsh,0,1,0
importado,P136,Servicios de manufactura,consumo_isflsh,0,1,0
importado,P137,Servicios públicos del gobierno general,consumo_isflsh,0,1,0
importado,P138,"Servicios públicos administrativos relacionados con la provisión de servicios educativos, de salud, servicios sociales, culturales y otros, sin contar los servicios de seguridad social",consumo_isflsh,0,1,0
importado,P139,Otros servicios administrativos,consumo_isflsh,0,1,0
importado,P140,Servicios públicos administrativos prestados a la comunidad en su conjunto,consumo_isflsh,0,1,0
importado,P141,Servicios administrativos relacionados con los sistemas de seguridad social de afiliación obligatoria,consumo_isflsh,0,1,0
importado,P142,Servicios de enseñanza,consumo_isflsh,0,1,0
importado,P143,Servicios de hospitalización,consumo_isflsh,0,1,0
importado,P144,Servicios médicos y dentales,consumo_isflsh,0,1,0
importado,P145,Otros servicios de atención de la salud humana,consumo_isflsh,0,1,0
importado,P146,"Servicios audiovisuales, recreativos, culturales y deportivos",consumo_isflsh,0,1,0
importado,P147,Servicios de asociaciones que sirven a las empresas,consumo_isflsh,0,1,0
importado,P148,Servicios de asociaciones que sirven a los hogares,consumo_isflsh,0,1,0
importado,P149,Otros servicios,consumo_isflsh,0,1,0
importado,P150,Servicios domésticos,consumo_isflsh,0,1,0
importado,P151,Compras directas en el exterior por residentes,consumo_isflsh,0,1,0
importado,P152,Compras directas en el territorio nacional por no residentes,consumo_isflsh,0,1,0
importado,P001,Maíz,consumo_gobierno,0,1,0
importado,P002,Frijoles,consumo_gobierno,0,1,0
importado,P003,Leguminosas (legumbres secas) y semillas oleaginosas,consumo_gobierno,0,1,0
importado,P004,Arroz,consumo_gobierno,0,1,0
importado,P005,Otros cereales,consumo_gobierno,0,1,0
importado,P006,Hortalizas,consumo_gobierno,0,1,0
importado,P007,Sandías y melones,consumo_gobierno,0,1,0
importado,P008,Ejotes y arvejas,consumo_gobierno,0,1,0
importado,P009,Raíces y tubérculos,consumo_gobierno,0,1,0
importado,P010,Caña de azúcar y otras plantas azucareras,consumo_gobierno,0,1,0
importado,P011,Tabaco y otras plantas no perennes,consumo_gobierno,1.89960853225513,1,1.89960853225513
importado,P012,"Bananos, plátanos y otros",consumo_gobierno,0,1,0
importado,P013,Frutas tropicales y subtropicales,consumo_gobierno,0,1,0
importado,P014,"Berries, otras frutas y semillas de frutas",consumo_gobierno,0,1,0
importado,P015,Palma africana,consumo_gobierno,0,1,0
importado,P016,Café en grano,consumo_gobierno,0,1,0
importado,P017,Cardamomo,consumo_gobierno,0,1,0
importado,P018,Caucho natural,consumo_gobierno,0,1,0
importado,P019,Propagación de plantas,consumo_gobierno,0,1,0
importado,P020,"Otros frutos oleaginosos, otras plantas bebestibles y especias aromáticas",consumo_gobierno,0,1,0
importado,P021,Ganado bovino,consumo_gobierno,0,1,0
importado,P022,Ganado porcino y otro tipo de animales vivos n.c.p.,consumo_gobierno,0,1,0
importado,P023,Aves de corral,consumo_gobierno,0,1,0
importado,P024,Leche cruda,consumo_gobierno,0,1,0
importado,P025,Huevos,consumo_gobierno,0,1,0
importado,P026,Otros productos de animales vivos,consumo_gobierno,0,1,0
importado,P027,Troncos de madera y leña,consumo_gobierno,0,1,0
importado,P028,Productos forestales no madereros,consumo_gobierno,0,1,0
importado,P029,"Peces vivos, frescos o refrigerados",consumo_gobierno,0,1,0
importado,P030,Crustáceos sin congelar y otros productos de la pesca,consumo_gobierno,0,1,0
importado,P031,Petróleo crudo y gas natural,consumo_gobierno,0,1,0
importado,P032,Minerales metálicos,consumo_gobierno,0,1,0
importado,P033,Minerales no metálicos,consumo_gobierno,0.251002043837044,1,0.251002043837044
importado,P034,Carne y despojos comestibles de ganado bovino; cueros y pieles de bovino y de otros animales,consumo_gobierno,0.0050381489134905,1,0.0050381489134905
importado,P035,Carne y despojos comestibles de ganado porcino,consumo_gobierno,0,1,0
importado,P036,Carne y despojos comestibles de aves,consumo_gobierno,0.00236009519593298,1,0.00236009519593298
importado,P037,Carne y despojos de otros animales y conservas y preparados de carne,consumo_gobierno,0,1,0
importado,P038,"Pescado congelado, preparado o en conserva y sus productos",consumo_gobierno,0,1,0
importado,P039,"Crustáceos, moluscos y demás invertebrados acuáticos congelados, preparados o en conserva y sus productos",consumo_gobierno,0,1,0
importado,P040,"Vegetales preparados o en conserva, legumbres y papas",consumo_gobierno,0,1,0
importado,P041,Preparaciones y conservas de frutas y nueces,consumo_gobierno,0,1,0
importado,P042,Jugos de frutas,consumo_gobierno,0,1,0
importado,P043,Aceites de origen vegetal,consumo_gobierno,3.84502764133536,1,3.84502764133536
importado,P044,"Margarina, grasas y otros aceites de origen animal y vegetal",consumo_gobierno,0,1,0
importado,P045,Leche líquida y crema procesada,consumo_gobierno,0,1,0
importado,P046,Otros productos lácteos n.c.p.,consumo_gobierno,10.7564708602997,1,10.7564708602997
importado,P047,Harina de trigo,consumo_gobierno,0,1,0
importado,P048,Arroz sin cáscara,consumo_gobierno,3.80188544501701,1,3.80188544501701
importado,P049,"Otros productos de molinería, almidones y productos de almidón",consumo_gobierno,38.564377910336,1,38.564377910336
importado,P050,Pan y otros productos de panadería y repostería n.c.p.,consumo_gobierno,0.114344625855562,1,0.114344625855562
importado,P051,"Tortillas de maíz, incluso tostadas, horneadas o fritas",consumo_gobierno,0,1,0
importado,P052,"Azúcar de caña sin refinar y refinada, melaza y los demás azúcares n.c.p.",consumo_gobierno,0,1,0
importado,P053,Productos alimenticios n.c.p.,consumo_gobierno,39.5880033744797,1,39.5880033744797
importado,P054,Preparados para alimentación animal,consumo_gobierno,0,1,0
importado,P055,"Aguardientes, licores, vinos, demás bebidas espirituosas y productos del tabaco",consumo_gobierno,0,1,0
importado,P056,Malta y cerveza de malta,consumo_gobierno,0,1,0
importado,P057,Bebidas no alcohólicas,consumo_gobierno,0.126613872971256,1,0.126613872971256
importado,P058,Aguas minerales y otras aguas embotelladas,consumo_gobierno,0.00378318224633059,1,0.00378318224633059
importado,P059,"Hilados, tejidos, telas y otros productos textiles excepto prendas de vestir",consumo_gobierno,0,1,0
importado,P060,"Prendas de vestir, adobo y teñido de pieles",consumo_gobierno,0,1,0
importado,P061,Cuero de piel curtida o adobada y cuero artificial o regenerado y artículos de cuero,consumo_gobierno,0.0268527056422262,1,0.0268527056422262
importado,P062,"Calzado y sus partes, de cualquier material y de cualquier uso",consumo_gobierno,0,1,0
importado,P063,"Madera aserrada y acepillada, productos de madera, corcho, paja y materiales trenzables",consumo_gobierno,0,1,0
importado,P064,Pasta de papel y papel,consumo_gobierno,8.20816888940148,1,8.20816888940148
importado,P065,Envases de papel y cartón,consumo_gobierno,0,1,0
importado,P066,Productos de la edición,consumo_gobierno,0,1,0
importado,P067,Productos de la impresión,consumo_gobierno,0,1,0
importado,P068,"Gasolinas, diésel oil y fuel oils",consumo_gobierno,0,1,0
importado,P069,"Aceites, grasas lubricantes y otros aceites preparados",consumo_gobierno,0,1,0
importado,P070,"Gases de petróleo, otros productos de la refinación de petróleo n.c.p.",consumo_gobierno,0,1,0
importado,P071,"Abonos, fertilizantes y pesticidas",consumo_gobierno,0,1,0
importado,P072,"Pinturas, barnices, tintas y productos relacionados",consumo_gobierno,0,1,0
importado,P073,"Jabón, preparados de limpieza, perfumes y preparados de toilet",consumo_gobierno,0,1,0
importado,P074,Otros productos químicos,consumo_gobierno,0,1,0
importado,P075,Productos farmacéuticos,consumo_gobierno,1260.18863896096,1,1260.18863896096
importado,P076,Productos de caucho y plástico,consumo_gobierno,0,1,0
importado,P077,Vidrio y productos de vidrio,consumo_gobierno,0,1,0
importado,P078,Productos de cerámica y arcilla,consumo_gobierno,0,1,0
importado,P079,"Cemento, cal y yeso",consumo_gobierno,0,1,0
importado,P080,"Artículos de hormigón, cemento y yeso",consumo_gobierno,0,1,0
importado,P081,Piedras talladas para construcción y otros productos minerales no metálicos n.c.p.,consumo_gobierno,0,1,0
importado,P082,"Métales básicos de hierro y acero, productos primarios de metales preciosos y otros metales no ferrosos",consumo_gobierno,0,1,0
importado,P083,Productos metálicos estructurales y sus partes de hierro o de acero,consumo_gobierno,0,1,0
importado,P084,Otros productos elaborados de metal,consumo_gobierno,0.0101029467184498,1,0.0101029467184498
importado,P085,"Maquinaria para usos generales y especiales, sus partes y piezas, excepto electrodomésticos",consumo_gobierno,0,1,0
importado,P086,Electrodomésticos y sus partes,consumo_gobierno,0.00193768604936293,1,0.00193768604936293
importado,P087,"Maquinaria de oficina, contabilidad e informática, sus partes y piezas",consumo_gobierno,0,1,0
importado,P088,"Maquinaria y aparatos eléctricos, sus partes y piezas",consumo_gobierno,0,1,0
importado,P089,"Equipo y aparatos de radio, televisión y comunicaciones",consumo_gobierno,0,1,0
importado,P090,"Aparatos médicos, instrumentos ópticos y de precisión, relojes",consumo_gobierno,4.00114537433194,1,4.00114537433194
importado,P091,Equipo de transporte,consumo_gobierno,0,1,0
importado,P092,Muebles,consumo_gobierno,0,1,0
importado,P093,Otros artículos n.c.p.,consumo_gobierno,2.80467123910031,1,2.80467123910031
importado,P094,Residuos y desechos,consumo_gobierno,0,1,0
importado,P095,"Generación y distribución de energía eléctrica, gas, vapor y aire acondicionado",consumo_gobierno,0,1,0
importado,P096,Agua natural y distribución de agua natural,consumo_gobierno,0,1,0
importado,P097,"Evacuación de aguas residuales, recogida, tratamiento y eliminación de desechos",consumo_gobierno,0,1,0
importado,P098,Edificaciones residenciales,consumo_gobierno,0,1,0
importado,P099,Edificaciones no residenciales,consumo_gobierno,0,1,0
importado,P100,Obras de ingeniería civil,consumo_gobierno,0,1,0
importado,P101,Servicios generales y especializados de construcción,consumo_gobierno,0,1,0
importado,P102,Servicios de comercio,consumo_gobierno,0,1,0
importado,P103,Mantenimiento y reparación de vehículos automotores y motocicletas,consumo_gobierno,0,1,0
importado,P104,Servicio de transporte de pasajeros por vía terrestre,consumo_gobierno,0,1,0
importado,P105,Servicio de transporte de carga por vía terrestre,consumo_gobierno,0,1,0
importado,P106,Otros tipos de transporte,consumo_gobierno,0,1,0
importado,P107,Servicios de almacenamiento y depósito,consumo_gobierno,0,1,0
importado,P108,Otros servicios de apoyo al transporte,consumo_gobierno,0,1,0
importado,P109,Servicios postales y de mensajería,consumo_gobierno,0,1,0
importado,P110,Servicio de alojamiento,consumo_gobierno,0,1,0
importado,P111,Servicio de suministro de comidas y bebidas,consumo_gobierno,0,1,0
importado,P112,"Servicios de información, telecomunicaciones y radiodifusión",consumo_gobierno,0,1,0
importado,P113,Servicios de banco central,consumo_gobierno,0,1,0
importado,P114,Otros servicios financieros y servicios de banca de inversión,consumo_gobierno,0,1,0
importado,P115,Servicios de Intermediación Financiera Medidos Indirectamente (SIFMI),consumo_gobierno,0,1,0
importado,P116,"Servicios de seguro, reaseguro y fondos de pensiones",consumo_gobierno,0,1,0
importado,P117,Servicios auxiliares de la intermediación financiera,consumo_gobierno,0,1,0
importado,P118,Servicios de alquiler de vivienda,consumo_gobierno,0,1,0
importado,P119,"Otros servicios inmobiliarios, excepto alquiler de vivienda",consumo_gobierno,0,1,0
importado,P120,"Servicios jurídicos, de contabilidad, auditoría, teneduría de libros y consultoría fiscal",consumo_gobierno,0,1,0
importado,P121,Servicios de tecnología de la información,consumo_gobierno,0,1,0
importado,P122,"Servicios de arquitectura e ingeniería, ensayos y análisis técnicos",consumo_gobierno,0,1,0
importado,P123,"Otros servicios profesionales, científicos y técnicos",consumo_gobierno,0,1,0
importado,P124,Servicios de publicidad y estudios de mercado,consumo_gobierno,0,1,0
importado,P125,Servicios de arrendamiento o alquiler sin operador,consumo_gobierno,0,1,0
importado,P126,Servicios  de agencias de empleo y de dotación de recursos humanos,consumo_gobierno,0,1,0
importado,P127,"Servicios de agencias de viajes, operadores turísticos y actividades conexas",consumo_gobierno,0,1,0
importado,P128,"Servicios de seguridad, sistemas de seguridad e investigación privada",consumo_gobierno,0,1,0
importado,P129,Servicios de limpieza,consumo_gobierno,0,1,0
importado,P130,Servicios telefónicos de centros de llamadas,consumo_gobierno,0,1,0
importado,P131,"Servicios administrativos, de apoyo de oficina y otros servicios de apoyo a las empresas",consumo_gobierno,0,1,0
importado,P132,"Servicios de mantenimiento, reparación e instalación de productos metálicos elaborados, maquinaria y equipo",consumo_gobierno,0,1,0
importado,P133,Servicios de reparación de otros bienes,consumo_gobierno,0,1,0
importado,P134,"Servicios de apoyo a la agricultura, caza, silvicultura y pesca",consumo_gobierno,0,1,0
importado,P135,"Servicios de apoyo a la explotación de minas y canteras y los relacionados con la distribución de electricidad, gas y agua",consumo_gobierno,0,1,0
importado,P136,Servicios de manufactura,consumo_gobierno,0,1,0
importado,P137,Servicios públicos del gobierno general,consumo_gobierno,0,1,0
importado,P138,"Servicios públicos administrativos relacionados con la provisión de servicios educativos, de salud, servicios sociales, culturales y otros, sin contar los servicios de seguridad social",consumo_gobierno,0,1,0
importado,P139,Otros servicios administrativos,consumo_gobierno,0,1,0
importado,P140,Servicios públicos administrativos prestados a la comunidad en su conjunto,consumo_gobierno,0,1,0
importado,P141,Servicios administrativos relacionados con los sistemas de seguridad social de afiliación obligatoria,consumo_gobierno,0,1,0
importado,P142,Servicios de enseñanza,consumo_gobierno,0,1,0
importado,P143,Servicios de hospitalización,consumo_gobierno,0,1,0
importado,P144,Servicios médicos y dentales,consumo_gobierno,0,1,0
importado,P145,Otros servicios de atención de la salud humana,consumo_gobierno,0,1,0
importado,P146,"Servicios audiovisuales, recreativos, culturales y deportivos",consumo_gobierno,0,1,0
importado,P147,Servicios de asociaciones que sirven a las empresas,consumo_gobierno,0,1,0
importado,P148,Servicios de asociaciones que sirven a los hogares,consumo_gobierno,0,1,0
importado,P149,Otros servicios,consumo_gobierno,0,1,0
importado,P150,Servicios domésticos,consumo_gobierno,0,1,0
importado,P151,Compras directas en el exterior por residentes,consumo_gobierno,0,1,0
importado,P152,Compras directas en el territorio nacional por no residentes,consumo_gobierno,0,1,0
importado,P001,Maíz,formacion_bruta_capital_fijo,0,1,0
importado,P002,Frijoles,formacion_bruta_capital_fijo,0,1,0
importado,P003,Leguminosas (legumbres secas) y semillas oleaginosas,formacion_bruta_capital_fijo,0,1,0
importado,P004,Arroz,formacion_bruta_capital_fijo,0,1,0
importado,P005,Otros cereales,formacion_bruta_capital_fijo,0,1,0
importado,P006,Hortalizas,formacion_bruta_capital_fijo,0,1,0
importado,P007,Sandías y melones,formacion_bruta_capital_fijo,0,1,0
importado,P008,Ejotes y arvejas,formacion_bruta_capital_fijo,0,1,0
importado,P009,Raíces y tubérculos,formacion_bruta_capital_fijo,0,1,0
importado,P010,Caña de azúcar y otras plantas azucareras,formacion_bruta_capital_fijo,0,1,0
importado,P011,Tabaco y otras plantas no perennes,formacion_bruta_capital_fijo,0,1,0
importado,P012,"Bananos, plátanos y otros",formacion_bruta_capital_fijo,0,1,0
importado,P013,Frutas tropicales y subtropicales,formacion_bruta_capital_fijo,0,1,0
importado,P014,"Berries, otras frutas y semillas de frutas",formacion_bruta_capital_fijo,0,1,0
importado,P015,Palma africana,formacion_bruta_capital_fijo,0,1,0
importado,P016,Café en grano,formacion_bruta_capital_fijo,0,1,0
importado,P017,Cardamomo,formacion_bruta_capital_fijo,0,1,0
importado,P018,Caucho natural,formacion_bruta_capital_fijo,0,1,0
importado,P019,Propagación de plantas,formacion_bruta_capital_fijo,0,1,0
importado,P020,"Otros frutos oleaginosos, otras plantas bebestibles y especias aromáticas",formacion_bruta_capital_fijo,0,1,0
importado,P021,Ganado bovino,formacion_bruta_capital_fijo,5.7247305343,1,5.7247305343
importado,P022,Ganado porcino y otro tipo de animales vivos n.c.p.,formacion_bruta_capital_fijo,2.079646,1,2.079646
importado,P023,Aves de corral,formacion_bruta_capital_fijo,0,1,0
importado,P024,Leche cruda,formacion_bruta_capital_fijo,0,1,0
importado,P025,Huevos,formacion_bruta_capital_fijo,0,1,0
importado,P026,Otros productos de animales vivos,formacion_bruta_capital_fijo,0,1,0
importado,P027,Troncos de madera y leña,formacion_bruta_capital_fijo,0,1,0
importado,P028,Productos forestales no madereros,formacion_bruta_capital_fijo,0,1,0
importado,P029,"Peces vivos, frescos o refrigerados",formacion_bruta_capital_fijo,0,1,0
importado,P030,Crustáceos sin congelar y otros productos de la pesca,formacion_bruta_capital_fijo,0,1,0
importado,P031,Petróleo crudo y gas natural,formacion_bruta_capital_fijo,0,1,0
importado,P032,Minerales metálicos,formacion_bruta_capital_fijo,0,1,0
importado,P033,Minerales no metálicos,formacion_bruta_capital_fijo,0,1,0
importado,P034,Carne y despojos comestibles de ganado bovino; cueros y pieles de bovino y de otros animales,formacion_bruta_capital_fijo,0,1,0
importado,P035,Carne y despojos comestibles de ganado porcino,formacion_bruta_capital_fijo,0,1,0
importado,P036,Carne y despojos comestibles de aves,formacion_bruta_capital_fijo,0,1,0
importado,P037,Carne y despojos de otros animales y conservas y preparados de carne,formacion_bruta_capital_fijo,0,1,0
importado,P038,"Pescado congelado, preparado o en conserva y sus productos",formacion_bruta_capital_fijo,0,1,0
importado,P039,"Crustáceos, moluscos y demás invertebrados acuáticos congelados, preparados o en conserva y sus productos",formacion_bruta_capital_fijo,0,1,0
importado,P040,"Vegetales preparados o en conserva, legumbres y papas",formacion_bruta_capital_fijo,0,1,0
importado,P041,Preparaciones y conservas de frutas y nueces,formacion_bruta_capital_fijo,0,1,0
importado,P042,Jugos de frutas,formacion_bruta_capital_fijo,0,1,0
importado,P043,Aceites de origen vegetal,formacion_bruta_capital_fijo,0,1,0
importado,P044,"Margarina, grasas y otros aceites de origen animal y vegetal",formacion_bruta_capital_fijo,0,1,0
importado,P045,Leche líquida y crema procesada,formacion_bruta_capital_fijo,0,1,0
importado,P046,Otros productos lácteos n.c.p.,formacion_bruta_capital_fijo,0,1,0
importado,P047,Harina de trigo,formacion_bruta_capital_fijo,0,1,0
importado,P048,Arroz sin cáscara,formacion_bruta_capital_fijo,0,1,0
importado,P049,"Otros productos de molinería, almidones y productos de almidón",formacion_bruta_capital_fijo,0,1,0
importado,P050,Pan y otros productos de panadería y repostería n.c.p.,formacion_bruta_capital_fijo,0,1,0
importado,P051,"Tortillas de maíz, incluso tostadas, horneadas o fritas",formacion_bruta_capital_fijo,0,1,0
importado,P052,"Azúcar de caña sin refinar y refinada, melaza y los demás azúcares n.c.p.",formacion_bruta_capital_fijo,0,1,0
importado,P053,Productos alimenticios n.c.p.,formacion_bruta_capital_fijo,0,1,0
importado,P054,Preparados para alimentación animal,formacion_bruta_capital_fijo,0,1,0
importado,P055,"Aguardientes, licores, vinos, demás bebidas espirituosas y productos del tabaco",formacion_bruta_capital_fijo,0,1,0
importado,P056,Malta y cerveza de malta,formacion_bruta_capital_fijo,0,1,0
importado,P057,Bebidas no alcohólicas,formacion_bruta_capital_fijo,0,1,0
importado,P058,Aguas minerales y otras aguas embotelladas,formacion_bruta_capital_fijo,0,1,0
importado,P059,"Hilados, tejidos, telas y otros productos textiles excepto prendas de vestir",formacion_bruta_capital_fijo,0,1,0
importado,P060,"Prendas de vestir, adobo y teñido de pieles",formacion_bruta_capital_fijo,0,1,0
importado,P061,Cuero de piel curtida o adobada y cuero artificial o regenerado y artículos de cuero,formacion_bruta_capital_fijo,0,1,0
importado,P062,"Calzado y sus partes, de cualquier material y de cualquier uso",formacion_bruta_capital_fijo,0,1,0
importado,P063,"Madera aserrada y acepillada, productos de madera, corcho, paja y materiales trenzables",formacion_bruta_capital_fijo,39.7606197584,1,39.7606197584
importado,P064,Pasta de papel y papel,formacion_bruta_capital_fijo,0,1,0
importado,P065,Envases de papel y cartón,formacion_bruta_capital_fijo,0,1,0
importado,P066,Productos de la edición,formacion_bruta_capital_fijo,0,1,0
importado,P067,Productos de la impresión,formacion_bruta_capital_fijo,0,1,0
importado,P068,"Gasolinas, diésel oil y fuel oils",formacion_bruta_capital_fijo,0,1,0
importado,P069,"Aceites, grasas lubricantes y otros aceites preparados",formacion_bruta_capital_fijo,0,1,0
importado,P070,"Gases de petróleo, otros productos de la refinación de petróleo n.c.p.",formacion_bruta_capital_fijo,0,1,0
importado,P071,"Abonos, fertilizantes y pesticidas",formacion_bruta_capital_fijo,0,1,0
importado,P072,"Pinturas, barnices, tintas y productos relacionados",formacion_bruta_capital_fijo,0,1,0
importado,P073,"Jabón, preparados de limpieza, perfumes y preparados de toilet",formacion_bruta_capital_fijo,0,1,0
importado,P074,Otros productos químicos,formacion_bruta_capital_fijo,0,1,0
importado,P075,Productos farmacéuticos,formacion_bruta_capital_fijo,0,1,0
importado,P076,Productos de caucho y plástico,formacion_bruta_capital_fijo,0,1,0
importado,P077,Vidrio y productos de vidrio,formacion_bruta_capital_fijo,0,1,0
importado,P078,Productos de cerámica y arcilla,formacion_bruta_capital_fijo,0,1,0
importado,P079,"Cemento, cal y yeso",formacion_bruta_capital_fijo,0,1,0
importado,P080,"Artículos de hormigón, cemento y yeso",formacion_bruta_capital_fijo,0,1,0
importado,P081,Piedras talladas para construcción y otros productos minerales no metálicos n.c.p.,formacion_bruta_capital_fijo,0,1,0
importado,P082,"Métales básicos de hierro y acero, productos primarios de metales preciosos y otros metales no ferrosos",formacion_bruta_capital_fijo,0,1,0
importado,P083,Productos metálicos estructurales y sus partes de hierro o de acero,formacion_bruta_capital_fijo,0,1,0
importado,P084,Otros productos elaborados de metal,formacion_bruta_capital_fijo,510.432917064997,1,510.432917064997
importado,P085,"Maquinaria para usos generales y especiales, sus partes y piezas, excepto electrodomésticos",formacion_bruta_capital_fijo,5706.14238977481,1,5706.14238977481
importado,P086,Electrodomésticos y sus partes,formacion_bruta_capital_fijo,162.688160139955,1,162.688160139955
importado,P087,"Maquinaria de oficina, contabilidad e informática, sus partes y piezas",formacion_bruta_capital_fijo,1222.02801955513,1,1222.02801955513
importado,P088,"Maquinaria y aparatos eléctricos, sus partes y piezas",formacion_bruta_capital_fijo,1535.72859890414,1,1535.72859890414
importado,P089,"Equipo y aparatos de radio, televisión y comunicaciones",formacion_bruta_capital_fijo,1437.31303446783,1,1437.31303446783
importado,P090,"Aparatos médicos, instrumentos ópticos y de precisión, relojes",formacion_bruta_capital_fijo,1058.23738036996,1,1058.23738036996
importado,P091,Equipo de transporte,formacion_bruta_capital_fijo,4094.1578450585,1,4094.1578450585
importado,P092,Muebles,formacion_bruta_capital_fijo,206.1636394213,1,206.1636394213
importado,P093,Otros artículos n.c.p.,formacion_bruta_capital_fijo,151.36922033837,1,151.36922033837
importado,P094,Residuos y desechos,formacion_bruta_capital_fijo,0,1,0
importado,P095,"Generación y distribución de energía eléctrica, gas, vapor y aire acondicionado",formacion_bruta_capital_fijo,0,1,0
importado,P096,Agua natural y distribución de agua natural,formacion_bruta_capital_fijo,0,1,0
importado,P097,"Evacuación de aguas residuales, recogida, tratamiento y eliminación de desechos",formacion_bruta_capital_fijo,0,1,0
importado,P098,Edificaciones residenciales,formacion_bruta_capital_fijo,0,1,0
importado,P099,Edificaciones no residenciales,formacion_bruta_capital_fijo,0,1,0
importado,P100,Obras de ingeniería civil,formacion_bruta_capital_fijo,0,1,0
importado,P101,Servicios generales y especializados de construcción,formacion_bruta_capital_fijo,0,1,0
importado,P102,Servicios de comercio,formacion_bruta_capital_fijo,0,1,0
importado,P103,Mantenimiento y reparación de vehículos automotores y motocicletas,formacion_bruta_capital_fijo,0,1,0
importado,P104,Servicio de transporte de pasajeros por vía terrestre,formacion_bruta_capital_fijo,0,1,0
importado,P105,Servicio de transporte de carga por vía terrestre,formacion_bruta_capital_fijo,0,1,0
importado,P106,Otros tipos de transporte,formacion_bruta_capital_fijo,0,1,0
importado,P107,Servicios de almacenamiento y depósito,formacion_bruta_capital_fijo,0,1,0
importado,P108,Otros servicios de apoyo al transporte,formacion_bruta_capital_fijo,0,1,0
importado,P109,Servicios postales y de mensajería,formacion_bruta_capital_fijo,0,1,0
importado,P110,Servicio de alojamiento,formacion_bruta_capital_fijo,0,1,0
importado,P111,Servicio de suministro de comidas y bebidas,formacion_bruta_capital_fijo,0,1,0
importado,P112,"Servicios de información, telecomunicaciones y radiodifusión",formacion_bruta_capital_fijo,0,1,0
importado,P113,Servicios de banco central,formacion_bruta_capital_fijo,0,1,0
importado,P114,Otros servicios financieros y servicios de banca de inversión,formacion_bruta_capital_fijo,0,1,0
importado,P115,Servicios de Intermediación Financiera Medidos Indirectamente (SIFMI),formacion_bruta_capital_fijo,0,1,0
importado,P116,"Servicios de seguro, reaseguro y fondos de pensiones",formacion_bruta_capital_fijo,0,1,0
importado,P117,Servicios auxiliares de la intermediación financiera,formacion_bruta_capital_fijo,0,1,0
importado,P118,Servicios de alquiler de vivienda,formacion_bruta_capital_fijo,0,1,0
importado,P119,"Otros servicios inmobiliarios, excepto alquiler de vivienda",formacion_bruta_capital_fijo,0,1,0
importado,P120,"Servicios jurídicos, de contabilidad, auditoría, teneduría de libros y consultoría fiscal",formacion_bruta_capital_fijo,0,1,0
importado,P121,Servicios de tecnología de la información,formacion_bruta_capital_fijo,147.231420167118,1,147.231420167118
importado,P122,"Servicios de arquitectura e ingeniería, ensayos y análisis técnicos",formacion_bruta_capital_fijo,0,1,0
importado,P123,"Otros servicios profesionales, científicos y técnicos",formacion_bruta_capital_fijo,0,1,0
importado,P124,Servicios de publicidad y estudios de mercado,formacion_bruta_capital_fijo,0,1,0
importado,P125,Servicios de arrendamiento o alquiler sin operador,formacion_bruta_capital_fijo,0,1,0
importado,P126,Servicios  de agencias de empleo y de dotación de recursos humanos,formacion_bruta_capital_fijo,0,1,0
importado,P127,"Servicios de agencias de viajes, operadores turísticos y actividades conexas",formacion_bruta_capital_fijo,0,1,0
importado,P128,"Servicios de seguridad, sistemas de seguridad e investigación privada",formacion_bruta_capital_fijo,0,1,0
importado,P129,Servicios de limpieza,formacion_bruta_capital_fijo,0,1,0
importado,P130,Servicios telefónicos de centros de llamadas,formacion_bruta_capital_fijo,0,1,0
importado,P131,"Servicios administrativos, de apoyo de oficina y otros servicios de apoyo a las empresas",formacion_bruta_capital_fijo,0,1,0
importado,P132,"Servicios de mantenimiento, reparación e instalación de productos metálicos elaborados, maquinaria y equipo",formacion_bruta_capital_fijo,0,1,0
importado,P133,Servicios de reparación de otros bienes,formacion_bruta_capital_fijo,0,1,0
importado,P134,"Servicios de apoyo a la agricultura, caza, silvicultura y pesca",formacion_bruta_capital_fijo,0,1,0
importado,P135,"Servicios de apoyo a la explotación de minas y canteras y los relacionados con la distribución de electricidad, gas y agua",formacion_bruta_capital_fijo,0,1,0
importado,P136,Servicios de manufactura,formacion_bruta_capital_fijo,0,1,0
importado,P137,Servicios públicos del gobierno general,formacion_bruta_capital_fijo,0,1,0
importado,P138,"Servicios públicos administrativos relacionados con la provisión de servicios educativos, de salud, servicios sociales, culturales y otros, sin contar los servicios de seguridad social",formacion_bruta_capital_fijo,0,1,0
importado,P139,Otros servicios administrativos,formacion_bruta_capital_fijo,0,1,0
importado,P140,Servicios públicos administrativos prestados a la comunidad en su conjunto,formacion_bruta_capital_fijo,0,1,0
importado,P141,Servicios administrativos relacionados con los sistemas de seguridad social de afiliación obligatoria,formacion_bruta_capital_fijo,0,1,0
importado,P142,Servicios de enseñanza,formacion_bruta_capital_fijo,0,1,0
importado,P143,Servicios de hospitalización,formacion_bruta_capital_fijo,0,1,0
importado,P144,Servicios médicos y dentales,formacion_bruta_capital_fijo,0,1,0
importado,P145,Otros servicios de atención de la salud humana,formacion_bruta_capital_fijo,0,1,0
importado,P146,"Servicios audiovisuales, recreativos, culturales y deportivos",formacion_bruta_capital_fijo,0,1,0
importado,P147,Servicios de asociaciones que sirven a las empresas,formacion_bruta_capital_fijo,0,1,0
importado,P148,Servicios de asociaciones que sirven a los hogares,formacion_bruta_capital_fijo,0,1,0
importado,P149,Otros servicios,formacion_bruta_capital_fijo,0,1,0
importado,P150,Servicios domésticos,formacion_bruta_capital_fijo,0,1,0
importado,P151,Compras directas en el exterior por residentes,formacion_bruta_capital_fijo,18.44182685,1,18.44182685
importado,P152,Compras directas en el territorio nacional por no residentes,formacion_bruta_capital_fijo,0,1,0
importado,P001,Maíz,variacion_existencias,13.4415852991602,1,13.4415852991602
importado,P002,Frijoles,variacion_existencias,0,1,0
importado,P003,Leguminosas (legumbres secas) y semillas oleaginosas,variacion_existencias,-49.1254984803987,1,-49.1254984803987
importado,P004,Arroz,variacion_existencias,3.19068799093872,1,3.19068799093872
importado,P005,Otros cereales,variacion_existencias,-47.8141944952053,1,-47.8141944952053
importado,P006,Hortalizas,variacion_existencias,0,1,0
importado,P007,Sandías y melones,variacion_existencias,0,1,0
importado,P008,Ejotes y arvejas,variacion_existencias,0,1,0
importado,P009,Raíces y tubérculos,variacion_existencias,0,1,0
importado,P010,Caña de azúcar y otras plantas azucareras,variacion_existencias,0,1,0
importado,P011,Tabaco y otras plantas no perennes,variacion_existencias,15.7076276699455,1,15.7076276699455
importado,P012,"Bananos, plátanos y otros",variacion_existencias,0,1,0
importado,P013,Frutas tropicales y subtropicales,variacion_existencias,0,1,0
importado,P014,"Berries, otras frutas y semillas de frutas",variacion_existencias,0,1,0
importado,P015,Palma africana,variacion_existencias,0,1,0
importado,P016,Café en grano,variacion_existencias,0,1,0
importado,P017,Cardamomo,variacion_existencias,0,1,0
importado,P018,Caucho natural,variacion_existencias,0,1,0
importado,P019,Propagación de plantas,variacion_existencias,0,1,0
importado,P020,"Otros frutos oleaginosos, otras plantas bebestibles y especias aromáticas",variacion_existencias,0,1,0
importado,P021,Ganado bovino,variacion_existencias,0,1,0
importado,P022,Ganado porcino y otro tipo de animales vivos n.c.p.,variacion_existencias,0,1,0
importado,P023,Aves de corral,variacion_existencias,0,1,0
importado,P024,Leche cruda,variacion_existencias,0,1,0
importado,P025,Huevos,variacion_existencias,0,1,0
importado,P026,Otros productos de animales vivos,variacion_existencias,0,1,0
importado,P027,Troncos de madera y leña,variacion_existencias,0,1,0
importado,P028,Productos forestales no madereros,variacion_existencias,0,1,0
importado,P029,"Peces vivos, frescos o refrigerados",variacion_existencias,0,1,0
importado,P030,Crustáceos sin congelar y otros productos de la pesca,variacion_existencias,0,1,0
importado,P031,Petróleo crudo y gas natural,variacion_existencias,0,1,0
importado,P032,Minerales metálicos,variacion_existencias,-0.228695167136007,1,-0.228695167136007
importado,P033,Minerales no metálicos,variacion_existencias,-6.47645123572155,1,-6.47645123572155
importado,P034,Carne y despojos comestibles de ganado bovino; cueros y pieles de bovino y de otros animales,variacion_existencias,-0.107282311093408,1,-0.107282311093408
importado,P035,Carne y despojos comestibles de ganado porcino,variacion_existencias,0.246786028242276,1,0.246786028242276
importado,P036,Carne y despojos comestibles de aves,variacion_existencias,-1.08633798307135,1,-1.08633798307135
importado,P037,Carne y despojos de otros animales y conservas y preparados de carne,variacion_existencias,-0.654569549160712,1,-0.654569549160712
importado,P038,"Pescado congelado, preparado o en conserva y sus productos",variacion_existencias,4.25919082230511,1,4.25919082230511
importado,P039,"Crustáceos, moluscos y demás invertebrados acuáticos congelados, preparados o en conserva y sus productos",variacion_existencias,-3.11446296671255,1,-3.11446296671255
importado,P040,"Vegetales preparados o en conserva, legumbres y papas",variacion_existencias,3.42372883490283,1,3.42372883490283
importado,P041,Preparaciones y conservas de frutas y nueces,variacion_existencias,2.47955035957045,1,2.47955035957045
importado,P042,Jugos de frutas,variacion_existencias,0.262030602574166,1,0.262030602574166
importado,P043,Aceites de origen vegetal,variacion_existencias,3.24543547655846,1,3.24543547655846
importado,P044,"Margarina, grasas y otros aceites de origen animal y vegetal",variacion_existencias,-2.49554716328447,1,-2.49554716328447
importado,P045,Leche líquida y crema procesada,variacion_existencias,0.323065147745826,1,0.323065147745826
importado,P046,Otros productos lácteos n.c.p.,variacion_existencias,0.380886262746049,1,0.380886262746049
importado,P047,Harina de trigo,variacion_existencias,0.569812537588787,1,0.569812537588787
importado,P048,Arroz sin cáscara,variacion_existencias,0.41650060304457,1,0.41650060304457
importado,P049,"Otros productos de molinería, almidones y productos de almidón",variacion_existencias,13.0257863769423,1,13.0257863769423
importado,P050,Pan y otros productos de panadería y repostería n.c.p.,variacion_existencias,-0.106524552980774,1,-0.106524552980774
importado,P051,"Tortillas de maíz, incluso tostadas, horneadas o fritas",variacion_existencias,0,1,0
importado,P052,"Azúcar de caña sin refinar y refinada, melaza y los demás azúcares n.c.p.",variacion_existencias,-0.0491052629474605,1,-0.0491052629474605
importado,P053,Productos alimenticios n.c.p.,variacion_existencias,-1.33004048737701,1,-1.33004048737701
importado,P054,Preparados para alimentación animal,variacion_existencias,-2.0704711613979,1,-2.0704711613979
importado,P055,"Aguardientes, licores, vinos, demás bebidas espirituosas y productos del tabaco",variacion_existencias,2.20564740040845,1,2.20564740040845
importado,P056,Malta y cerveza de malta,variacion_existencias,49.2556079692453,1,49.2556079692453
importado,P057,Bebidas no alcohólicas,variacion_existencias,4.09288253900113,1,4.09288253900113
importado,P058,Aguas minerales y otras aguas embotelladas,variacion_existencias,-0.00135834295029277,1,-0.00135834295029277
importado,P059,"Hilados, tejidos, telas y otros productos textiles excepto prendas de vestir",variacion_existencias,58.4266226840089,1,58.4266226840089
importado,P060,"Prendas de vestir, adobo y teñido de pieles",variacion_existencias,12.5101274919302,1,12.5101274919302
importado,P061,Cuero de piel curtida o adobada y cuero artificial o regenerado y artículos de cuero,variacion_existencias,1.24017091891995,1,1.24017091891995
importado,P062,"Calzado y sus partes, de cualquier material y de cualquier uso",variacion_existencias,1.5384172550069,1,1.5384172550069
importado,P063,"Madera aserrada y acepillada, productos de madera, corcho, paja y materiales trenzables",variacion_existencias,2.83824853424889,1,2.83824853424889
importado,P064,Pasta de papel y papel,variacion_existencias,18.1126474186738,1,18.1126474186738
importado,P065,Envases de papel y cartón,variacion_existencias,1.373942762946,1,1.373942762946
importado,P066,Productos de la edición,variacion_existencias,168.754183432456,1,168.754183432456
importado,P067,Productos de la impresión,variacion_existencias,0.329193524445272,1,0.329193524445272
importado,P068,"Gasolinas, diésel oil y fuel oils",variacion_existencias,240.349142019216,1,240.349142019216
importado,P069,"Aceites, grasas lubricantes y otros aceites preparados",variacion_existencias,26.9472476697958,1,26.9472476697958
importado,P070,"Gases de petróleo, otros productos de la refinación de petróleo n.c.p.",variacion_existencias,97.3367021486102,1,97.3367021486102
importado,P071,"Abonos, fertilizantes y pesticidas",variacion_existencias,4.52348829741534,1,4.52348829741534
importado,P072,"Pinturas, barnices, tintas y productos relacionados",variacion_existencias,1.37570108119315,1,1.37570108119315
importado,P073,"Jabón, preparados de limpieza, perfumes y preparados de toilet",variacion_existencias,-1.66603719571622,1,-1.66603719571622
importado,P074,Otros productos químicos,variacion_existencias,95.1557561075024,1,95.1557561075024
importado,P075,Productos farmacéuticos,variacion_existencias,25.114144048869,1,25.114144048869
importado,P076,Productos de caucho y plástico,variacion_existencias,6.45520916846004,1,6.45520916846004
importado,P077,Vidrio y productos de vidrio,variacion_existencias,2.02737774959598,1,2.02737774959598
importado,P078,Productos de cerámica y arcilla,variacion_existencias,2.45408062719782,1,2.45408062719782
importado,P079,"Cemento, cal y yeso",variacion_existencias,1.38384197751104,1,1.38384197751104
importado,P080,"Artículos de hormigón, cemento y yeso",variacion_existencias,0.483541942371339,1,0.483541942371339
importado,P081,Piedras talladas para construcción y otros productos minerales no metálicos n.c.p.,variacion_existencias,6.78743390150109,1,6.78743390150109
importado,P082,"Métales básicos de hierro y acero, productos primarios de metales preciosos y otros metales no ferrosos",variacion_existencias,34.936780427105,1,34.936780427105
importado,P083,Productos metálicos estructurales y sus partes de hierro o de acero,variacion_existencias,2.4455716393985,1,2.4455716393985
importado,P084,Otros productos elaborados de metal,variacion_existencias,21.2670663673099,1,21.2670663673099
importado,P085,"Maquinaria para usos generales y especiales, sus partes y piezas, excepto electrodomésticos",variacion_existencias,41.3046352812337,1,41.3046352812337
importado,P086,Electrodomésticos y sus partes,variacion_existencias,5.34203732609542,1,5.34203732609542
importado,P087,"Maquinaria de oficina, contabilidad e informática, sus partes y piezas",variacion_existencias,2.02836645305874,1,2.02836645305874
importado,P088,"Maquinaria y aparatos eléctricos, sus partes y piezas",variacion_existencias,82.1144065379673,1,82.1144065379673
importado,P089,"Equipo y aparatos de radio, televisión y comunicaciones",variacion_existencias,127.230340818913,1,127.230340818913
importado,P090,"Aparatos médicos, instrumentos ópticos y de precisión, relojes",variacion_existencias,30.2418689499349,1,30.2418689499349
importado,P091,Equipo de transporte,variacion_existencias,33.1471364227219,1,33.1471364227219
importado,P092,Muebles,variacion_existencias,1.07144587234989,1,1.07144587234989
importado,P093,Otros artículos n.c.p.,variacion_existencias,1.72818038408192,1,1.72818038408192
importado,P094,Residuos y desechos,variacion_existencias,2.5614677139658,1,2.5614677139658
importado,P095,"Generación y distribución de energía eléctrica, gas, vapor y aire acondicionado",variacion_existencias,0,1,0
importado,P096,Agua natural y distribución de agua natural,variacion_existencias,0,1,0
importado,P097,"Evacuación de aguas residuales, recogida, tratamiento y eliminación de desechos",variacion_existencias,0,1,0
importado,P098,Edificaciones residenciales,variacion_existencias,0,1,0
importado,P099,Edificaciones no residenciales,variacion_existencias,0,1,0
importado,P100,Obras de ingeniería civil,variacion_existencias,0,1,0
importado,P101,Servicios generales y especializados de construcción,variacion_existencias,0,1,0
importado,P102,Servicios de comercio,variacion_existencias,0,1,0
importado,P103,Mantenimiento y reparación de vehículos automotores y motocicletas,variacion_existencias,0,1,0
importado,P104,Servicio de transporte de pasajeros por vía terrestre,variacion_existencias,0,1,0
importado,P105,Servicio de transporte de carga por vía terrestre,variacion_existencias,0,1,0
importado,P106,Otros tipos de transporte,variacion_existencias,0,1,0
importado,P107,Servicios de almacenamiento y depósito,variacion_existencias,0,1,0
importado,P108,Otros servicios de apoyo al transporte,variacion_existencias,0,1,0
importado,P109,Servicios postales y de mensajería,variacion_existencias,0,1,0
importado,P110,Servicio de alojamiento,variacion_existencias,0,1,0
importado,P111,Servicio de suministro de comidas y bebidas,variacion_existencias,0,1,0
importado,P112,"Servicios de información, telecomunicaciones y radiodifusión",variacion_existencias,0,1,0
importado,P113,Servicios de banco central,variacion_existencias,0,1,0
importado,P114,Otros servicios financieros y servicios de banca de inversión,variacion_existencias,0,1,0
importado,P115,Servicios de Intermediación Financiera Medidos Indirectamente (SIFMI),variacion_existencias,0,1,0
importado,P116,"Servicios de seguro, reaseguro y fondos de pensiones",variacion_existencias,0,1,0
importado,P117,Servicios auxiliares de la intermediación financiera,variacion_existencias,0,1,0
importado,P118,Servicios de alquiler de vivienda,variacion_existencias,0,1,0
importado,P119,"Otros servicios inmobiliarios, excepto alquiler de vivienda",variacion_existencias,0,1,0
importado,P120,"Servicios jurídicos, de contabilidad, auditoría, teneduría de libros y consultoría fiscal",variacion_existencias,0,1,0
importado,P121,Servicios de tecnología de la información,variacion_existencias,0,1,0
importado,P122,"Servicios de arquitectura e ingeniería, ensayos y análisis técnicos",variacion_existencias,0,1,0
importado,P123,"Otros servicios profesionales, científicos y técnicos",variacion_existencias,0,1,0
importado,P124,Servicios de publicidad y estudios de mercado,variacion_existencias,0,1,0
importado,P125,Servicios de arrendamiento o alquiler sin operador,variacion_existencias,0,1,0
importado,P126,Servicios  de agencias de empleo y de dotación de recursos humanos,variacion_existencias,0,1,0
importado,P127,"Servicios de agencias de viajes, operadores turísticos y actividades conexas",variacion_existencias,0,1,0
importado,P128,"Servicios de seguridad, sistemas de seguridad e investigación privada",variacion_existencias,0,1,0
importado,P129,Servicios de limpieza,variacion_existencias,0,1,0
importado,P130,Servicios telefónicos de centros de llamadas,variacion_existencias,0,1,0
importado,P131,"Servicios administrativos, de apoyo de oficina y otros servicios de apoyo a las empresas",variacion_existencias,0,1,0
importado,P132,"Servicios de mantenimiento, reparación e instalación de productos metálicos elaborados, maquinaria y equipo",variacion_existencias,0,1,0
importado,P133,Servicios de reparación de otros bienes,variacion_existencias,0,1,0
importado,P134,"Servicios de apoyo a la agricultura, caza, silvicultura y pesca",variacion_existencias,0,1,0
importado,P135,"Servicios de apoyo a la explotación de minas y canteras y los relacionados con la distribución de electricidad, gas y agua",variacion_existencias,0,1,0
importado,P136,Servicios de manufactura,variacion_existencias,0,1,0
importado,P137,Servicios públicos del gobierno general,variacion_existencias,0,1,0
importado,P138,"Servicios públicos administrativos relacionados con la provisión de servicios educativos, de salud, servicios sociales, culturales y otros, sin contar los servicios de seguridad social",variacion_existencias,0,1,0
importado,P139,Otros servicios administrativos,variacion_existencias,0,1,0
importado,P140,Servicios públicos administrativos prestados a la comunidad en su conjunto,variacion_existencias,0,1,0
importado,P141,Servicios administrativos relacionados con los sistemas de seguridad social de afiliación obligatoria,variacion_existencias,0,1,0
importado,P142,Servicios de enseñanza,variacion_existencias,0,1,0
importado,P143,Servicios de hospitalización,variacion_existencias,0,1,0
importado,P144,Servicios médicos y dentales,variacion_existencias,0,1,0
importado,P145,Otros servicios de atención de la salud humana,variacion_existencias,0,1,0
importado,P146,"Servicios audiovisuales, recreativos, culturales y deportivos",variacion_existencias,0,1,0
importado,P147,Servicios de asociaciones que sirven a las empresas,variacion_existencias,0,1,0
importado,P148,Servicios de asociaciones que sirven a los hogares,variacion_existencias,0,1,0
importado,P149,Otros servicios,variacion_existencias,0,1,0
importado,P150,Servicios domésticos,variacion_existencias,0,1,0
importado,P151,Compras directas en el exterior por residentes,variacion_existencias,0,1,0
importado,P152,Compras directas en el territorio nacional por no residentes,variacion_existencias,0,1,0
importado,P001,Maíz,ajuste_cif_fob,0,-1,-0
importado,P002,Frijoles,ajuste_cif_fob,0,-1,-0
importado,P003,Leguminosas (legumbres secas) y semillas oleaginosas,ajuste_cif_fob,0,-1,-0
importado,P004,Arroz,ajuste_cif_fob,0,-1,-0
importado,P005,Otros cereales,ajuste_cif_fob,0,-1,-0
importado,P006,Hortalizas,ajuste_cif_fob,0,-1,-0
importado,P007,Sandías y melones,ajuste_cif_fob,0,-1,-0
importado,P008,Ejotes y arvejas,ajuste_cif_fob,0,-1,-0
importado,P009,Raíces y tubérculos,ajuste_cif_fob,0,-1,-0
importado,P010,Caña de azúcar y otras plantas azucareras,ajuste_cif_fob,0,-1,-0
importado,P011,Tabaco y otras plantas no perennes,ajuste_cif_fob,0,-1,-0
importado,P012,"Bananos, plátanos y otros",ajuste_cif_fob,0,-1,-0
importado,P013,Frutas tropicales y subtropicales,ajuste_cif_fob,0,-1,-0
importado,P014,"Berries, otras frutas y semillas de frutas",ajuste_cif_fob,0,-1,-0
importado,P015,Palma africana,ajuste_cif_fob,0,-1,-0
importado,P016,Café en grano,ajuste_cif_fob,0,-1,-0
importado,P017,Cardamomo,ajuste_cif_fob,0,-1,-0
importado,P018,Caucho natural,ajuste_cif_fob,0,-1,-0
importado,P019,Propagación de plantas,ajuste_cif_fob,0,-1,-0
importado,P020,"Otros frutos oleaginosos, otras plantas bebestibles y especias aromáticas",ajuste_cif_fob,0,-1,-0
importado,P021,Ganado bovino,ajuste_cif_fob,0,-1,-0
importado,P022,Ganado porcino y otro tipo de animales vivos n.c.p.,ajuste_cif_fob,0,-1,-0
importado,P023,Aves de corral,ajuste_cif_fob,0,-1,-0
importado,P024,Leche cruda,ajuste_cif_fob,0,-1,-0
importado,P025,Huevos,ajuste_cif_fob,0,-1,-0
importado,P026,Otros productos de animales vivos,ajuste_cif_fob,0,-1,-0
importado,P027,Troncos de madera y leña,ajuste_cif_fob,0,-1,-0
importado,P028,Productos forestales no madereros,ajuste_cif_fob,0,-1,-0
importado,P029,"Peces vivos, frescos o refrigerados",ajuste_cif_fob,0,-1,-0
importado,P030,Crustáceos sin congelar y otros productos de la pesca,ajuste_cif_fob,0,-1,-0
importado,P031,Petróleo crudo y gas natural,ajuste_cif_fob,0,-1,-0
importado,P032,Minerales metálicos,ajuste_cif_fob,0,-1,-0
importado,P033,Minerales no metálicos,ajuste_cif_fob,0,-1,-0
importado,P034,Carne y despojos comestibles de ganado bovino; cueros y pieles de bovino y de otros animales,ajuste_cif_fob,0,-1,-0
importado,P035,Carne y despojos comestibles de ganado porcino,ajuste_cif_fob,0,-1,-0
importado,P036,Carne y despojos comestibles de aves,ajuste_cif_fob,0,-1,-0
importado,P037,Carne y despojos de otros animales y conservas y preparados de carne,ajuste_cif_fob,0,-1,-0
importado,P038,"Pescado congelado, preparado o en conserva y sus productos",ajuste_cif_fob,0,-1,-0
importado,P039,"Crustáceos, moluscos y demás invertebrados acuáticos congelados, preparados o en conserva y sus productos",ajuste_cif_fob,0,-1,-0
importado,P040,"Vegetales preparados o en conserva, legumbres y papas",ajuste_cif_fob,0,-1,-0
importado,P041,Preparaciones y conservas de frutas y nueces,ajuste_cif_fob,0,-1,-0
importado,P042,Jugos de frutas,ajuste_cif_fob,0,-1,-0
importado,P043,Aceites de origen vegetal,ajuste_cif_fob,0,-1,-0
importado,P044,"Margarina, grasas y otros aceites de origen animal y vegetal",ajuste_cif_fob,0,-1,-0
importado,P045,Leche líquida y crema procesada,ajuste_cif_fob,0,-1,-0
importado,P046,Otros productos lácteos n.c.p.,ajuste_cif_fob,0,-1,-0
importado,P047,Harina de trigo,ajuste_cif_fob,0,-1,-0
importado,P048,Arroz sin cáscara,ajuste_cif_fob,0,-1,-0
importado,P049,"Otros productos de molinería, almidones y productos de almidón",ajuste_cif_fob,0,-1,-0
importado,P050,Pan y otros productos de panadería y repostería n.c.p.,ajuste_cif_fob,0,-1,-0
importado,P051,"Tortillas de maíz, incluso tostadas, horneadas o fritas",ajuste_cif_fob,0,-1,-0
importado,P052,"Azúcar de caña sin refinar y refinada, melaza y los demás azúcares n.c.p.",ajuste_cif_fob,0,-1,-0
importado,P053,Productos alimenticios n.c.p.,ajuste_cif_fob,0,-1,-0
importado,P054,Preparados para alimentación animal,ajuste_cif_fob,0,-1,-0
importado,P055,"Aguardientes, licores, vinos, demás bebidas espirituosas y productos del tabaco",ajuste_cif_fob,0,-1,-0
importado,P056,Malta y cerveza de malta,ajuste_cif_fob,0,-1,-0
importado,P057,Bebidas no alcohólicas,ajuste_cif_fob,0,-1,-0
importado,P058,Aguas minerales y otras aguas embotelladas,ajuste_cif_fob,0,-1,-0
importado,P059,"Hilados, tejidos, telas y otros productos textiles excepto prendas de vestir",ajuste_cif_fob,0,-1,-0
importado,P060,"Prendas de vestir, adobo y teñido de pieles",ajuste_cif_fob,0,-1,-0
importado,P061,Cuero de piel curtida o adobada y cuero artificial o regenerado y artículos de cuero,ajuste_cif_fob,0,-1,-0
importado,P062,"Calzado y sus partes, de cualquier material y de cualquier uso",ajuste_cif_fob,0,-1,-0
importado,P063,"Madera aserrada y acepillada, productos de madera, corcho, paja y materiales trenzables",ajuste_cif_fob,0,-1,-0
importado,P064,Pasta de papel y papel,ajuste_cif_fob,0,-1,-0
importado,P065,Envases de papel y cartón,ajuste_cif_fob,0,-1,-0
importado,P066,Productos de la edición,ajuste_cif_fob,0,-1,-0
importado,P067,Productos de la impresión,ajuste_cif_fob,0,-1,-0
importado,P068,"Gasolinas, diésel oil y fuel oils",ajuste_cif_fob,0,-1,-0
importado,P069,"Aceites, grasas lubricantes y otros aceites preparados",ajuste_cif_fob,0,-1,-0
importado,P070,"Gases de petróleo, otros productos de la refinación de petróleo n.c.p.",ajuste_cif_fob,0,-1,-0
importado,P071,"Abonos, fertilizantes y pesticidas",ajuste_cif_fob,0,-1,-0
importado,P072,"Pinturas, barnices, tintas y productos relacionados",ajuste_cif_fob,0,-1,-0
importado,P073,"Jabón, preparados de limpieza, perfumes y preparados de toilet",ajuste_cif_fob,0,-1,-0
importado,P074,Otros productos químicos,ajuste_cif_fob,0,-1,-0
importado,P075,Productos farmacéuticos,ajuste_cif_fob,0,-1,-0
importado,P076,Productos de caucho y plástico,ajuste_cif_fob,0,-1,-0
importado,P077,Vidrio y productos de vidrio,ajuste_cif_fob,0,-1,-0
importado,P078,Productos de cerámica y arcilla,ajuste_cif_fob,0,-1,-0
importado,P079,"Cemento, cal y yeso",ajuste_cif_fob,0,-1,-0
importado,P080,"Artículos de hormigón, cemento y yeso",ajuste_cif_fob,0,-1,-0
importado,P081,Piedras talladas para construcción y otros productos minerales no metálicos n.c.p.,ajuste_cif_fob,0,-1,-0
importado,P082,"Métales básicos de hierro y acero, productos primarios de metales preciosos y otros metales no ferrosos",ajuste_cif_fob,0,-1,-0
importado,P083,Productos metálicos estructurales y sus partes de hierro o de acero,ajuste_cif_fob,0,-1,-0
importado,P084,Otros productos elaborados de metal,ajuste_cif_fob,0,-1,-0
importado,P085,"Maquinaria para usos generales y especiales, sus partes y piezas, excepto electrodomésticos",ajuste_cif_fob,0,-1,-0
importado,P086,Electrodomésticos y sus partes,ajuste_cif_fob,0,-1,-0
importado,P087,"Maquinaria de oficina, contabilidad e informática, sus partes y piezas",ajuste_cif_fob,0,-1,-0
importado,P088,"Maquinaria y aparatos eléctricos, sus partes y piezas",ajuste_cif_fob,0,-1,-0
importado,P089,"Equipo y aparatos de radio, televisión y comunicaciones",ajuste_cif_fob,0,-1,-0
importado,P090,"Aparatos médicos, instrumentos ópticos y de precisión, relojes",ajuste_cif_fob,0,-1,-0
importado,P091,Equipo de transporte,ajuste_cif_fob,0,-1,-0
importado,P092,Muebles,ajuste_cif_fob,0,-1,-0
importado,P093,Otros artículos n.c.p.,ajuste_cif_fob,0,-1,-0
importado,P094,Residuos y desechos,ajuste_cif_fob,0,-1,-0
importado,P095,"Generación y distribución de energía eléctrica, gas, vapor y aire acondicionado",ajuste_cif_fob,0,-1,-0
importado,P096,Agua natural y distribución de agua natural,ajuste_cif_fob,0,-1,-0
importado,P097,"Evacuación de aguas residuales, recogida, tratamiento y eliminación de desechos",ajuste_cif_fob,0,-1,-0
importado,P098,Edificaciones residenciales,ajuste_cif_fob,0,-1,-0
importado,P099,Edificaciones no residenciales,ajuste_cif_fob,0,-1,-0
importado,P100,Obras de ingeniería civil,ajuste_cif_fob,0,-1,-0
importado,P101,Servicios generales y especializados de construcción,ajuste_cif_fob,0,-1,-0
importado,P102,Servicios de comercio,ajuste_cif_fob,0,-1,-0
importado,P103,Mantenimiento y reparación de vehículos automotores y motocicletas,ajuste_cif_fob,0,-1,-0
importado,P104,Servicio de transporte de pasajeros por vía terrestre,ajuste_cif_fob,0,-1,-0
importado,P105,Servicio de transporte de carga por vía terrestre,ajuste_cif_fob,23.9879956546108,-1,-23.9879956546108
importado,P106,Otros tipos de transporte,ajuste_cif_fob,0,-1,-0
importado,P107,Servicios de almacenamiento y depósito,ajuste_cif_fob,0,-1,-0
importado,P108,Otros servicios de apoyo al transporte,ajuste_cif_fob,0,-1,-0
importado,P109,Servicios postales y de mensajería,ajuste_cif_fob,0,-1,-0
importado,P110,Servicio de alojamiento,ajuste_cif_fob,0,-1,-0
importado,P111,Servicio de suministro de comidas y bebidas,ajuste_cif_fob,0,-1,-0
importado,P112,"Servicios de información, telecomunicaciones y radiodifusión",ajuste_cif_fob,0,-1,-0
importado,P113,Servicios de banco central,ajuste_cif_fob,0,-1,-0
importado,P114,Otros servicios financieros y servicios de banca de inversión,ajuste_cif_fob,0,-1,-0
importado,P115,Servicios de Intermediación Financiera Medidos Indirectamente (SIFMI),ajuste_cif_fob,0,-1,-0
importado,P116,"Servicios de seguro, reaseguro y fondos de pensiones",ajuste_cif_fob,0,-1,-0
importado,P117,Servicios auxiliares de la intermediación financiera,ajuste_cif_fob,0,-1,-0
importado,P118,Servicios de alquiler de vivienda,ajuste_cif_fob,0,-1,-0
importado,P119,"Otros servicios inmobiliarios, excepto alquiler de vivienda",ajuste_cif_fob,0,-1,-0
importado,P120,"Servicios jurídicos, de contabilidad, auditoría, teneduría de libros y consultoría fiscal",ajuste_cif_fob,0,-1,-0
importado,P121,Servicios de tecnología de la información,ajuste_cif_fob,0,-1,-0
importado,P122,"Servicios de arquitectura e ingeniería, ensayos y análisis técnicos",ajuste_cif_fob,0,-1,-0
importado,P123,"Otros servicios profesionales, científicos y técnicos",ajuste_cif_fob,0,-1,-0
importado,P124,Servicios de publicidad y estudios de mercado,ajuste_cif_fob,0,-1,-0
importado,P125,Servicios de arrendamiento o alquiler sin operador,ajuste_cif_fob,0,-1,-0
importado,P126,Servicios  de agencias de empleo y de dotación de recursos humanos,ajuste_cif_fob,0,-1,-0
importado,P127,"Servicios de agencias de viajes, operadores turísticos y actividades conexas",ajuste_cif_fob,0,-1,-0
importado,P128,"Servicios de seguridad, sistemas de seguridad e investigación privada",ajuste_cif_fob,0,-1,-0
importado,P129,Servicios de limpieza,ajuste_cif_fob,0,-1,-0
importado,P130,Servicios telefónicos de centros de llamadas,ajuste_cif_fob,0,-1,-0
importado,P131,"Servicios administrativos, de apoyo de oficina y otros servicios de apoyo a las empresas",ajuste_cif_fob,0,-1,-0
importado,P132,"Servicios de mantenimiento, reparación e instalación de productos metálicos elaborados, maquinaria y equipo",ajuste_cif_fob,0,-1,-0
importado,P133,Servicios de reparación de otros bienes,ajuste_cif_fob,0,-1,-0
importado,P134,"Servicios de apoyo a la agricultura, caza, silvicultura y pesca",ajuste_cif_fob,0,-1,-0
importado,P135,"Servicios de apoyo a la explotación de minas y canteras y los relacionados con la distribución de electricidad, gas y agua",ajuste_cif_fob,0,-1,-0
importado,P136,Servicios de manufactura,ajuste_cif_fob,0,-1,-0
importado,P137,Servicios públicos del gobierno general,ajuste_cif_fob,0,-1,-0
importado,P138,"Servicios públicos administrativos relacionados con la provisión de servicios educativos, de salud, servicios sociales, culturales y otros, sin contar los servicios de seguridad social",ajuste_cif_fob,0,-1,-0
importado,P139,Otros servicios administrativos,ajuste_cif_fob,0,-1,-0
importado,P140,Servicios públicos administrativos prestados a la comunidad en su conjunto,ajuste_cif_fob,0,-1,-0
importado,P141,Servicios administrativos relacionados con los sistemas de seguridad social de afiliación obligatoria,ajuste_cif_fob,0,-1,-0
importado,P142,Servicios de enseñanza,ajuste_cif_fob,0,-1,-0
importado,P143,Servicios de hospitalización,ajuste_cif_fob,0,-1,-0
importado,P144,Servicios médicos y dentales,ajuste_cif_fob,0,-1,-0
importado,P145,Otros servicios de atención de la salud humana,ajuste_cif_fob,0,-1,-0
importado,P146,"Servicios audiovisuales, recreativos, culturales y deportivos",ajuste_cif_fob,0,-1,-0
importado,P147,Servicios de asociaciones que sirven a las empresas,ajuste_cif_fob,0,-1,-0
importado,P148,Servicios de asociaciones que sirven a los hogares,ajuste_cif_fob,0,-1,-0
importado,P149,Otros servicios,ajuste_cif_fob,0,-1,-0
importado,P150,Servicios domésticos,ajuste_cif_fob,0,-1,-0
importado,P151,Compras directas en el exterior por residentes,ajuste_cif_fob,0,-1,-0
importado,P152,Compras directas en el territorio nacional por no residentes,ajuste_cif_fob,0,-1,-0
